Fitter report for FMC_Demo
Wed Jul 29 16:06:49 2026
Quartus II 64-Bit Version 14.1.0 Build 186 12/03/2014 SJ Full Version


---------------------
; Table of Contents ;
---------------------
  1. Legal Notice
  2. Fitter Summary
  3. Fitter Settings
  4. Parallel Compilation
  5. I/O Assignment Warnings
  6. Incremental Compilation Preservation Summary
  7. Incremental Compilation Partition Settings
  8. Incremental Compilation Placement Preservation
  9. Pin-Out File
 10. Fitter Resource Usage Summary
 11. Fitter Partition Statistics
 12. Input Pins
 13. Output Pins
 14. Bidir Pins
 15. Dual Purpose and Dedicated Pins
 16. I/O Bank Usage
 17. All Package Pins
 18. PLL Summary
 19. PLL Usage
 20. Fitter Resource Utilization by Entity
 21. Delay Chain Summary
 22. Pad To Core Delay Chain Fanout
 23. Control Signals
 24. Global & Other Fast Signals
 25. Non-Global High Fan-Out Signals
 26. Fitter RAM Summary
 27. Fitter DSP Block Usage Summary
 28. DSP Block Details
 29. Routing Usage Summary
 30. LAB Logic Elements
 31. LAB-wide Signals
 32. LAB Signals Sourced
 33. LAB Signals Sourced Out
 34. LAB Distinct Inputs
 35. I/O Rules Summary
 36. I/O Rules Details
 37. I/O Rules Matrix
 38. Fitter Device Options
 39. Operating Settings and Conditions
 40. Fitter Messages
 41. Fitter Suppressed Messages



----------------
; Legal Notice ;
----------------
Copyright (C) 1991-2014 Altera Corporation. All rights reserved.
Your use of Altera Corporation's design tools, logic functions 
and other software and tools, and its AMPP partner logic 
functions, and any output files from any of the foregoing 
(including device programming or simulation files), and any 
associated documentation or information are expressly subject 
to the terms and conditions of the Altera Program License 
Subscription Agreement, the Altera Quartus II License Agreement,
the Altera MegaCore Function License Agreement, or other 
applicable license agreement, including, without limitation, 
that your use is for the sole purpose of programming logic 
devices manufactured by Altera and sold by Altera or its 
authorized distributors.  Please refer to the applicable 
agreement for further details.



+----------------------------------------------------------------------------------+
; Fitter Summary                                                                   ;
+------------------------------------+---------------------------------------------+
; Fitter Status                      ; Successful - Wed Jul 29 16:06:49 2026       ;
; Quartus II 64-Bit Version          ; 14.1.0 Build 186 12/03/2014 SJ Full Version ;
; Revision Name                      ; FMC_Demo                                    ;
; Top-level Entity Name              ; FMC_Demo                                    ;
; Family                             ; Cyclone IV E                                ;
; Device                             ; EP4CE10E22I7                                ;
; Timing Models                      ; Final                                       ;
; Total logic elements               ; 2,031 / 10,320 ( 20 % )                     ;
;     Total combinational functions  ; 1,555 / 10,320 ( 15 % )                     ;
;     Dedicated logic registers      ; 1,714 / 10,320 ( 17 % )                     ;
; Total registers                    ; 1714                                        ;
; Total pins                         ; 70 / 92 ( 76 % )                            ;
; Total virtual pins                 ; 0                                           ;
; Total memory bits                  ; 171,916 / 423,936 ( 41 % )                  ;
; Embedded Multiplier 9-bit elements ; 26 / 46 ( 57 % )                            ;
; Total PLLs                         ; 1 / 2 ( 50 % )                              ;
+------------------------------------+---------------------------------------------+


+------------------------------------------------------------------------------------------------------------------------------------------------------------+
; Fitter Settings                                                                                                                                            ;
+----------------------------------------------------------------------------+---------------------------------------+---------------------------------------+
; Option                                                                     ; Setting                               ; Default Value                         ;
+----------------------------------------------------------------------------+---------------------------------------+---------------------------------------+
; Device                                                                     ; EP4CE10E22I7                          ;                                       ;
; Minimum Core Junction Temperature                                          ; -40                                   ;                                       ;
; Maximum Core Junction Temperature                                          ; 100                                   ;                                       ;
; Fit Attempts to Skip                                                       ; 0                                     ; 0.0                                   ;
; Device I/O Standard                                                        ; 2.5 V                                 ;                                       ;
; Use smart compilation                                                      ; Off                                   ; Off                                   ;
; Enable parallel Assembler and TimeQuest Timing Analyzer during compilation ; On                                    ; On                                    ;
; Enable compact report table                                                ; Off                                   ; Off                                   ;
; Auto Merge PLLs                                                            ; On                                    ; On                                    ;
; Router Timing Optimization Level                                           ; Normal                                ; Normal                                ;
; Perform Clocking Topology Analysis During Routing                          ; Off                                   ; Off                                   ;
; Placement Effort Multiplier                                                ; 1.0                                   ; 1.0                                   ;
; Router Effort Multiplier                                                   ; 1.0                                   ; 1.0                                   ;
; Optimize Hold Timing                                                       ; All Paths                             ; All Paths                             ;
; Optimize Multi-Corner Timing                                               ; On                                    ; On                                    ;
; PowerPlay Power Optimization During Fitting                                ; Normal compilation                    ; Normal compilation                    ;
; SSN Optimization                                                           ; Off                                   ; Off                                   ;
; Optimize Timing                                                            ; Normal compilation                    ; Normal compilation                    ;
; Optimize Timing for ECOs                                                   ; Off                                   ; Off                                   ;
; Regenerate Full Fit Report During ECO Compiles                             ; Off                                   ; Off                                   ;
; Optimize IOC Register Placement for Timing                                 ; Normal                                ; Normal                                ;
; Limit to One Fitting Attempt                                               ; Off                                   ; Off                                   ;
; Final Placement Optimizations                                              ; Automatically                         ; Automatically                         ;
; Fitter Aggressive Routability Optimizations                                ; Automatically                         ; Automatically                         ;
; Fitter Initial Placement Seed                                              ; 1                                     ; 1                                     ;
; PCI I/O                                                                    ; Off                                   ; Off                                   ;
; Weak Pull-Up Resistor                                                      ; Off                                   ; Off                                   ;
; Enable Bus-Hold Circuitry                                                  ; Off                                   ; Off                                   ;
; Auto Packed Registers                                                      ; Auto                                  ; Auto                                  ;
; Auto Delay Chains                                                          ; On                                    ; On                                    ;
; Auto Delay Chains for High Fanout Input Pins                               ; Off                                   ; Off                                   ;
; Allow Single-ended Buffer for Differential-XSTL Input                      ; Off                                   ; Off                                   ;
; Treat Bidirectional Pin as Output Pin                                      ; Off                                   ; Off                                   ;
; Perform Physical Synthesis for Combinational Logic for Fitting             ; Off                                   ; Off                                   ;
; Perform Physical Synthesis for Combinational Logic for Performance         ; Off                                   ; Off                                   ;
; Perform Register Duplication for Performance                               ; Off                                   ; Off                                   ;
; Perform Logic to Memory Mapping for Fitting                                ; Off                                   ; Off                                   ;
; Perform Register Retiming for Performance                                  ; Off                                   ; Off                                   ;
; Perform Asynchronous Signal Pipelining                                     ; Off                                   ; Off                                   ;
; Fitter Effort                                                              ; Auto Fit                              ; Auto Fit                              ;
; Physical Synthesis Effort Level                                            ; Normal                                ; Normal                                ;
; Logic Cell Insertion - Logic Duplication                                   ; Auto                                  ; Auto                                  ;
; Auto Register Duplication                                                  ; Auto                                  ; Auto                                  ;
; Auto Global Clock                                                          ; On                                    ; On                                    ;
; Auto Global Register Control Signals                                       ; On                                    ; On                                    ;
; Reserve all unused pins                                                    ; As input tri-stated with weak pull-up ; As input tri-stated with weak pull-up ;
; Synchronizer Identification                                                ; Off                                   ; Off                                   ;
; Enable Beneficial Skew Optimization                                        ; On                                    ; On                                    ;
; Optimize Design for Metastability                                          ; On                                    ; On                                    ;
; Force Fitter to Avoid Periphery Placement Warnings                         ; Off                                   ; Off                                   ;
; Enable input tri-state on active configuration pins in user mode           ; Off                                   ; Off                                   ;
+----------------------------------------------------------------------------+---------------------------------------+---------------------------------------+


+------------------------------------------+
; Parallel Compilation                     ;
+----------------------------+-------------+
; Processors                 ; Number      ;
+----------------------------+-------------+
; Number detected on machine ; 16          ;
; Maximum allowed            ; 16          ;
;                            ;             ;
; Average used               ; 2.67        ;
; Maximum used               ; 16          ;
;                            ;             ;
; Usage by Processor         ; % Time Used ;
;     Processor 1            ; 100.0%      ;
;     Processors 2-16        ;  11.1%      ;
+----------------------------+-------------+


+------------------------------------+
; I/O Assignment Warnings            ;
+-----------+------------------------+
; Pin Name  ; Reason                 ;
+-----------+------------------------+
; DAC_CLK   ; Missing drive strength ;
; DAC2_CLK  ; Missing drive strength ;
; DAC_D[0]  ; Missing drive strength ;
; DAC_D[1]  ; Missing drive strength ;
; DAC_D[2]  ; Missing drive strength ;
; DAC_D[3]  ; Missing drive strength ;
; DAC_D[4]  ; Missing drive strength ;
; DAC_D[5]  ; Missing drive strength ;
; DAC_D[6]  ; Missing drive strength ;
; DAC_D[7]  ; Missing drive strength ;
; DAC_D[8]  ; Missing drive strength ;
; DAC_D[9]  ; Missing drive strength ;
; DAC2_D[0] ; Missing drive strength ;
; DAC2_D[1] ; Missing drive strength ;
; DAC2_D[2] ; Missing drive strength ;
; DAC2_D[3] ; Missing drive strength ;
; DAC2_D[4] ; Missing drive strength ;
; DAC2_D[5] ; Missing drive strength ;
; DAC2_D[6] ; Missing drive strength ;
; DAC2_D[7] ; Missing drive strength ;
; DAC2_D[8] ; Missing drive strength ;
; DAC2_D[9] ; Missing drive strength ;
; ADCCLK    ; Missing drive strength ;
; FMC_D[0]  ; Missing drive strength ;
; FMC_D[1]  ; Missing drive strength ;
; FMC_D[2]  ; Missing drive strength ;
; FMC_D[3]  ; Missing drive strength ;
; FMC_D[4]  ; Missing drive strength ;
; FMC_D[5]  ; Missing drive strength ;
; FMC_D[6]  ; Missing drive strength ;
; FMC_D[7]  ; Missing drive strength ;
; FMC_D[8]  ; Missing drive strength ;
; FMC_D[9]  ; Missing drive strength ;
; FMC_D[10] ; Missing drive strength ;
; FMC_D[11] ; Missing drive strength ;
; FMC_D[12] ; Missing drive strength ;
; FMC_D[13] ; Missing drive strength ;
; FMC_D[14] ; Missing drive strength ;
; FMC_D[15] ; Missing drive strength ;
+-----------+------------------------+


+---------------------------------------------------------------------------------------------------+
; Incremental Compilation Preservation Summary                                                      ;
+---------------------+---------------------+----------------------------+--------------------------+
; Type                ; Total [A + B]       ; From Design Partitions [A] ; From Rapid Recompile [B] ;
+---------------------+---------------------+----------------------------+--------------------------+
; Placement (by node) ;                     ;                            ;                          ;
;     -- Requested    ; 0.00 % ( 0 / 3835 ) ; 0.00 % ( 0 / 3835 )        ; 0.00 % ( 0 / 3835 )      ;
;     -- Achieved     ; 0.00 % ( 0 / 3835 ) ; 0.00 % ( 0 / 3835 )        ; 0.00 % ( 0 / 3835 )      ;
;                     ;                     ;                            ;                          ;
; Routing (by net)    ;                     ;                            ;                          ;
;     -- Requested    ; 0.00 % ( 0 / 0 )    ; 0.00 % ( 0 / 0 )           ; 0.00 % ( 0 / 0 )         ;
;     -- Achieved     ; 0.00 % ( 0 / 0 )    ; 0.00 % ( 0 / 0 )           ; 0.00 % ( 0 / 0 )         ;
+---------------------+---------------------+----------------------------+--------------------------+


+----------------------------------------------------------------------------------------------------------------------------------------------------------------------------------------+
; Incremental Compilation Partition Settings                                                                                                                                             ;
+--------------------------------+----------------+-------------------+-------------------------+------------------------+------------------------------+--------------------------------+
; Partition Name                 ; Partition Type ; Netlist Type Used ; Preservation Level Used ; Netlist Type Requested ; Preservation Level Requested ; Contents                       ;
+--------------------------------+----------------+-------------------+-------------------------+------------------------+------------------------------+--------------------------------+
; Top                            ; User-created   ; Source File       ; N/A                     ; Source File            ; N/A                          ;                                ;
; sld_hub:auto_hub               ; Auto-generated ; Post-Synthesis    ; N/A                     ; Post-Synthesis         ; N/A                          ; sld_hub:auto_hub               ;
; sld_signaltap:auto_signaltap_0 ; Auto-generated ; Post-Synthesis    ; N/A                     ; Post-Synthesis         ; N/A                          ; sld_signaltap:auto_signaltap_0 ;
; hard_block:auto_generated_inst ; Auto-generated ; Source File       ; N/A                     ; Source File            ; N/A                          ; hard_block:auto_generated_inst ;
+--------------------------------+----------------+-------------------+-------------------------+------------------------+------------------------------+--------------------------------+


+------------------------------------------------------------------------------------------------------------------------------------+
; Incremental Compilation Placement Preservation                                                                                     ;
+--------------------------------+-----------------------+-------------------------+-------------------+---------------------+-------+
; Partition Name                 ; Preservation Achieved ; Preservation Level Used ; Netlist Type Used ; Preservation Method ; Notes ;
+--------------------------------+-----------------------+-------------------------+-------------------+---------------------+-------+
; Top                            ; 0.00 % ( 0 / 2746 )   ; N/A                     ; Source File       ; N/A                 ;       ;
; sld_hub:auto_hub               ; 0.00 % ( 0 / 251 )    ; N/A                     ; Post-Synthesis    ; N/A                 ;       ;
; sld_signaltap:auto_signaltap_0 ; 0.00 % ( 0 / 825 )    ; N/A                     ; Post-Synthesis    ; N/A                 ;       ;
; hard_block:auto_generated_inst ; 0.00 % ( 0 / 13 )     ; N/A                     ; Source File       ; N/A                 ;       ;
+--------------------------------+-----------------------+-------------------------+-------------------+---------------------+-------+


+--------------+
; Pin-Out File ;
+--------------+
The pin-out file can be found in D:/File/CubeMX/STM-FPGA/DDS_AD9959_(double)AD9740_AD9220/FPGA/output_files/FMC_Demo.pin.


+--------------------------------------------------------------------------+
; Fitter Resource Usage Summary                                            ;
+---------------------------------------------+----------------------------+
; Resource                                    ; Usage                      ;
+---------------------------------------------+----------------------------+
; Total logic elements                        ; 2,031 / 10,320 ( 20 % )    ;
;     -- Combinational with no register       ; 317                        ;
;     -- Register only                        ; 476                        ;
;     -- Combinational with a register        ; 1238                       ;
;                                             ;                            ;
; Logic element usage by number of LUT inputs ;                            ;
;     -- 4 input functions                    ; 397                        ;
;     -- 3 input functions                    ; 823                        ;
;     -- <=2 input functions                  ; 335                        ;
;     -- Register only                        ; 476                        ;
;                                             ;                            ;
; Logic elements by mode                      ;                            ;
;     -- normal mode                          ; 830                        ;
;     -- arithmetic mode                      ; 725                        ;
;                                             ;                            ;
; Total registers*                            ; 1,714 / 10,732 ( 16 % )    ;
;     -- Dedicated logic registers            ; 1,714 / 10,320 ( 17 % )    ;
;     -- I/O registers                        ; 0 / 412 ( 0 % )            ;
;                                             ;                            ;
; Total LABs:  partially or completely used   ; 173 / 645 ( 27 % )         ;
; Virtual pins                                ; 0                          ;
; I/O pins                                    ; 70 / 92 ( 76 % )           ;
;     -- Clock pins                           ; 2 / 3 ( 67 % )             ;
;     -- Dedicated input pins                 ; 3 / 9 ( 33 % )             ;
;                                             ;                            ;
; Global signals                              ; 8                          ;
; M9Ks                                        ; 31 / 46 ( 67 % )           ;
; Total block memory bits                     ; 171,916 / 423,936 ( 41 % ) ;
; Total block memory implementation bits      ; 285,696 / 423,936 ( 67 % ) ;
; Embedded Multiplier 9-bit elements          ; 26 / 46 ( 57 % )           ;
; PLLs                                        ; 1 / 2 ( 50 % )             ;
; Global clocks                               ; 8 / 10 ( 80 % )            ;
; JTAGs                                       ; 1 / 1 ( 100 % )            ;
; CRC blocks                                  ; 0 / 1 ( 0 % )              ;
; ASMI blocks                                 ; 0 / 1 ( 0 % )              ;
; Oscillator blocks                           ; 0 / 1 ( 0 % )              ;
; Impedance control blocks                    ; 0 / 4 ( 0 % )              ;
; Average interconnect usage (total/H/V)      ; 9.3% / 9.1% / 9.6%         ;
; Peak interconnect usage (total/H/V)         ; 18.3% / 16.7% / 20.5%      ;
; Maximum fan-out                             ; 1186                       ;
; Highest non-global fan-out                  ; 59                         ;
; Total fan-out                               ; 11924                      ;
; Average fan-out                             ; 3.11                       ;
+---------------------------------------------+----------------------------+
*  Register count does not include registers inside RAM blocks or DSP blocks.



+---------------------------------------------------------------------------------------------------------------------------------------------------------------+
; Fitter Partition Statistics                                                                                                                                   ;
+---------------------------------------------+-----------------------+-----------------------+--------------------------------+--------------------------------+
; Statistic                                   ; Top                   ; sld_hub:auto_hub      ; sld_signaltap:auto_signaltap_0 ; hard_block:auto_generated_inst ;
+---------------------------------------------+-----------------------+-----------------------+--------------------------------+--------------------------------+
; Difficulty Clustering Region                ; Low                   ; Low                   ; Low                            ; Low                            ;
;                                             ;                       ;                       ;                                ;                                ;
; Total logic elements                        ; 1309 / 10320 ( 13 % ) ; 163 / 10320 ( 2 % )   ; 559 / 10320 ( 5 % )            ; 0 / 10320 ( 0 % )              ;
;     -- Combinational with no register       ; 149                   ; 63                    ; 105                            ; 0                              ;
;     -- Register only                        ; 265                   ; 12                    ; 199                            ; 0                              ;
;     -- Combinational with a register        ; 895                   ; 88                    ; 255                            ; 0                              ;
;                                             ;                       ;                       ;                                ;                                ;
; Logic element usage by number of LUT inputs ;                       ;                       ;                                ;                                ;
;     -- 4 input functions                    ; 205                   ; 59                    ; 133                            ; 0                              ;
;     -- 3 input functions                    ; 663                   ; 53                    ; 107                            ; 0                              ;
;     -- <=2 input functions                  ; 176                   ; 39                    ; 120                            ; 0                              ;
;     -- Register only                        ; 265                   ; 12                    ; 199                            ; 0                              ;
;                                             ;                       ;                       ;                                ;                                ;
; Logic elements by mode                      ;                       ;                       ;                                ;                                ;
;     -- normal mode                          ; 401                   ; 143                   ; 286                            ; 0                              ;
;     -- arithmetic mode                      ; 643                   ; 8                     ; 74                             ; 0                              ;
;                                             ;                       ;                       ;                                ;                                ;
; Total registers                             ; 1160                  ; 100                   ; 454                            ; 0                              ;
;     -- Dedicated logic registers            ; 1160 / 10320 ( 11 % ) ; 100 / 10320 ( < 1 % ) ; 454 / 10320 ( 4 % )            ; 0 / 10320 ( 0 % )              ;
;     -- I/O registers                        ; 0                     ; 0                     ; 0                              ; 0                              ;
;                                             ;                       ;                       ;                                ;                                ;
; Total LABs:  partially or completely used   ; 107 / 645 ( 17 % )    ; 14 / 645 ( 2 % )      ; 60 / 645 ( 9 % )               ; 0 / 645 ( 0 % )                ;
;                                             ;                       ;                       ;                                ;                                ;
; Virtual pins                                ; 0                     ; 0                     ; 0                              ; 0                              ;
; I/O pins                                    ; 70                    ; 0                     ; 0                              ; 0                              ;
; Embedded Multiplier 9-bit elements          ; 26 / 46 ( 57 % )      ; 0 / 46 ( 0 % )        ; 0 / 46 ( 0 % )                 ; 0 / 46 ( 0 % )                 ;
; Total memory bits                           ; 165772                ; 0                     ; 6144                           ; 0                              ;
; Total RAM block bits                        ; 276480                ; 0                     ; 9216                           ; 0                              ;
; JTAG                                        ; 1 / 1 ( 100 % )       ; 0 / 1 ( 0 % )         ; 0 / 1 ( 0 % )                  ; 0 / 1 ( 0 % )                  ;
; PLL                                         ; 0 / 2 ( 0 % )         ; 0 / 2 ( 0 % )         ; 0 / 2 ( 0 % )                  ; 1 / 2 ( 50 % )                 ;
; M9K                                         ; 30 / 46 ( 65 % )      ; 0 / 46 ( 0 % )        ; 1 / 46 ( 2 % )                 ; 0 / 46 ( 0 % )                 ;
; Clock control block                         ; 3 / 12 ( 25 % )       ; 0 / 12 ( 0 % )        ; 1 / 12 ( 8 % )                 ; 4 / 12 ( 33 % )                ;
;                                             ;                       ;                       ;                                ;                                ;
; Connections                                 ;                       ;                       ;                                ;                                ;
;     -- Input Connections                    ; 1243                  ; 143                   ; 653                            ; 1                              ;
;     -- Registered Input Connections         ; 1173                  ; 111                   ; 494                            ; 0                              ;
;     -- Output Connections                   ; 415                   ; 146                   ; 34                             ; 1445                           ;
;     -- Registered Output Connections        ; 0                     ; 145                   ; 0                              ; 0                              ;
;                                             ;                       ;                       ;                                ;                                ;
; Internal Connections                        ;                       ;                       ;                                ;                                ;
;     -- Total Connections                    ; 9637                  ; 953                   ; 2728                           ; 1455                           ;
;     -- Registered Connections               ; 4735                  ; 683                   ; 1302                           ; 0                              ;
;                                             ;                       ;                       ;                                ;                                ;
; External Connections                        ;                       ;                       ;                                ;                                ;
;     -- Top                                  ; 32                    ; 132                   ; 267                            ; 1227                           ;
;     -- sld_hub:auto_hub                     ; 132                   ; 20                    ; 137                            ; 0                              ;
;     -- sld_signaltap:auto_signaltap_0       ; 267                   ; 137                   ; 64                             ; 219                            ;
;     -- hard_block:auto_generated_inst       ; 1227                  ; 0                     ; 219                            ; 0                              ;
;                                             ;                       ;                       ;                                ;                                ;
; Partition Interface                         ;                       ;                       ;                                ;                                ;
;     -- Input Ports                          ; 34                    ; 44                    ; 104                            ; 1                              ;
;     -- Output Ports                         ; 24                    ; 62                    ; 39                             ; 4                              ;
;     -- Bidir Ports                          ; 16                    ; 0                     ; 0                              ; 0                              ;
;                                             ;                       ;                       ;                                ;                                ;
; Registered Ports                            ;                       ;                       ;                                ;                                ;
;     -- Registered Input Ports               ; 0                     ; 4                     ; 18                             ; 0                              ;
;     -- Registered Output Ports              ; 0                     ; 28                    ; 25                             ; 0                              ;
;                                             ;                       ;                       ;                                ;                                ;
; Port Connectivity                           ;                       ;                       ;                                ;                                ;
;     -- Input Ports driven by GND            ; 0                     ; 0                     ; 13                             ; 0                              ;
;     -- Output Ports driven by GND           ; 0                     ; 28                    ; 2                              ; 0                              ;
;     -- Input Ports driven by VCC            ; 0                     ; 0                     ; 19                             ; 0                              ;
;     -- Output Ports driven by VCC           ; 0                     ; 0                     ; 1                              ; 0                              ;
;     -- Input Ports with no Source           ; 0                     ; 24                    ; 15                             ; 0                              ;
;     -- Output Ports with no Source          ; 0                     ; 0                     ; 0                              ; 0                              ;
;     -- Input Ports with no Fanout           ; 0                     ; 29                    ; 29                             ; 0                              ;
;     -- Output Ports with no Fanout          ; 0                     ; 29                    ; 27                             ; 0                              ;
+---------------------------------------------+-----------------------+-----------------------+--------------------------------+--------------------------------+


+--------------------------------------------------------------------------------------------------------------------------------------------------------------------------------------------------------------------------------------------------------------------------------+
; Input Pins                                                                                                                                                                                                                                                                     ;
+-----------+-------+----------+--------------+--------------+--------------+-----------------------+--------------------+--------+----------------+---------------+-----------------+----------+--------------+--------------+---------------------------+----------------------+
; Name      ; Pin # ; I/O Bank ; X coordinate ; Y coordinate ; Z coordinate ; Combinational Fan-Out ; Registered Fan-Out ; Global ; Input Register ; Power Up High ; PCI I/O Enabled ; Bus Hold ; Weak Pull Up ; I/O Standard ; Termination Control Block ; Location assigned by ;
+-----------+-------+----------+--------------+--------------+--------------+-----------------------+--------------------+--------+----------------+---------------+-----------------+----------+--------------+--------------+---------------------------+----------------------+
; ADC_D[0]  ; 137   ; 8        ; 7            ; 24           ; 0            ; 3                     ; 0                  ; no     ; no             ; no            ; yes             ; no       ; Off          ; 3.3-V LVCMOS ; --                        ; User                 ;
; ADC_D[10] ; 121   ; 7        ; 23           ; 24           ; 14           ; 3                     ; 0                  ; no     ; no             ; no            ; yes             ; no       ; Off          ; 3.3-V LVCMOS ; --                        ; User                 ;
; ADC_D[11] ; 91    ; 6        ; 34           ; 12           ; 0            ; 3                     ; 0                  ; no     ; no             ; no            ; yes             ; no       ; Off          ; 3.3-V LVCMOS ; --                        ; User                 ;
; ADC_D[1]  ; 135   ; 8        ; 11           ; 24           ; 14           ; 3                     ; 0                  ; no     ; no             ; no            ; yes             ; no       ; Off          ; 3.3-V LVCMOS ; --                        ; User                 ;
; ADC_D[2]  ; 136   ; 8        ; 9            ; 24           ; 7            ; 3                     ; 0                  ; no     ; no             ; no            ; yes             ; no       ; Off          ; 3.3-V LVCMOS ; --                        ; User                 ;
; ADC_D[3]  ; 132   ; 8        ; 13           ; 24           ; 14           ; 3                     ; 0                  ; no     ; no             ; no            ; yes             ; no       ; Off          ; 3.3-V LVCMOS ; --                        ; User                 ;
; ADC_D[4]  ; 133   ; 8        ; 13           ; 24           ; 21           ; 3                     ; 0                  ; no     ; no             ; no            ; yes             ; no       ; Off          ; 3.3-V LVCMOS ; --                        ; User                 ;
; ADC_D[5]  ; 128   ; 8        ; 16           ; 24           ; 14           ; 3                     ; 0                  ; no     ; no             ; no            ; yes             ; no       ; Off          ; 3.3-V LVCMOS ; --                        ; User                 ;
; ADC_D[6]  ; 126   ; 7        ; 16           ; 24           ; 0            ; 3                     ; 0                  ; no     ; no             ; no            ; yes             ; no       ; Off          ; 3.3-V LVCMOS ; --                        ; User                 ;
; ADC_D[7]  ; 127   ; 7        ; 16           ; 24           ; 7            ; 3                     ; 0                  ; no     ; no             ; no            ; yes             ; no       ; Off          ; 3.3-V LVCMOS ; --                        ; User                 ;
; ADC_D[8]  ; 124   ; 7        ; 18           ; 24           ; 14           ; 3                     ; 0                  ; no     ; no             ; no            ; yes             ; no       ; Off          ; 3.3-V LVCMOS ; --                        ; User                 ;
; ADC_D[9]  ; 125   ; 7        ; 18           ; 24           ; 21           ; 3                     ; 0                  ; no     ; no             ; no            ; yes             ; no       ; Off          ; 3.3-V LVCMOS ; --                        ; User                 ;
; CLK_50M   ; 23    ; 1        ; 0            ; 11           ; 7            ; 11                    ; 0                  ; yes    ; no             ; no            ; yes             ; no       ; Off          ; 3.3-V LVCMOS ; --                        ; User                 ;
; FMC_A[0]  ; 120   ; 7        ; 23           ; 24           ; 7            ; 1                     ; 0                  ; no     ; no             ; no            ; yes             ; no       ; Off          ; 3.3-V LVCMOS ; --                        ; User                 ;
; FMC_A[10] ; 104   ; 6        ; 34           ; 18           ; 0            ; 1                     ; 0                  ; no     ; no             ; no            ; yes             ; no       ; Off          ; 3.3-V LVCMOS ; --                        ; User                 ;
; FMC_A[11] ; 103   ; 6        ; 34           ; 18           ; 14           ; 1                     ; 0                  ; no     ; no             ; no            ; yes             ; no       ; Off          ; 3.3-V LVCMOS ; --                        ; User                 ;
; FMC_A[12] ; 67    ; 4        ; 30           ; 0            ; 21           ; 1                     ; 0                  ; no     ; no             ; no            ; yes             ; no       ; Off          ; 3.3-V LVCMOS ; --                        ; User                 ;
; FMC_A[13] ; 66    ; 4        ; 28           ; 0            ; 0            ; 1                     ; 0                  ; no     ; no             ; no            ; yes             ; no       ; Off          ; 3.3-V LVCMOS ; --                        ; User                 ;
; FMC_A[14] ; 73    ; 5        ; 34           ; 2            ; 21           ; 1                     ; 0                  ; no     ; no             ; no            ; yes             ; no       ; Off          ; 3.3-V LVCMOS ; --                        ; User                 ;
; FMC_A[1]  ; 119   ; 7        ; 23           ; 24           ; 0            ; 1                     ; 0                  ; no     ; no             ; no            ; yes             ; no       ; Off          ; 3.3-V LVCMOS ; --                        ; User                 ;
; FMC_A[2]  ; 115   ; 7        ; 28           ; 24           ; 21           ; 1                     ; 0                  ; no     ; no             ; no            ; yes             ; no       ; Off          ; 3.3-V LVCMOS ; --                        ; User                 ;
; FMC_A[3]  ; 114   ; 7        ; 28           ; 24           ; 14           ; 1                     ; 0                  ; no     ; no             ; no            ; yes             ; no       ; Off          ; 3.3-V LVCMOS ; --                        ; User                 ;
; FMC_A[4]  ; 113   ; 7        ; 28           ; 24           ; 7            ; 1                     ; 0                  ; no     ; no             ; no            ; yes             ; no       ; Off          ; 3.3-V LVCMOS ; --                        ; User                 ;
; FMC_A[5]  ; 112   ; 7        ; 28           ; 24           ; 0            ; 1                     ; 0                  ; no     ; no             ; no            ; yes             ; no       ; Off          ; 3.3-V LVCMOS ; --                        ; User                 ;
; FMC_A[6]  ; 110   ; 7        ; 30           ; 24           ; 0            ; 1                     ; 0                  ; no     ; no             ; no            ; yes             ; no       ; Off          ; 3.3-V LVCMOS ; --                        ; User                 ;
; FMC_A[7]  ; 111   ; 7        ; 30           ; 24           ; 21           ; 1                     ; 0                  ; no     ; no             ; no            ; yes             ; no       ; Off          ; 3.3-V LVCMOS ; --                        ; User                 ;
; FMC_A[8]  ; 106   ; 6        ; 34           ; 20           ; 7            ; 1                     ; 0                  ; no     ; no             ; no            ; yes             ; no       ; Off          ; 3.3-V LVCMOS ; --                        ; User                 ;
; FMC_A[9]  ; 105   ; 6        ; 34           ; 19           ; 14           ; 1                     ; 0                  ; no     ; no             ; no            ; yes             ; no       ; Off          ; 3.3-V LVCMOS ; --                        ; User                 ;
; FMC_NE1   ; 74    ; 5        ; 34           ; 2            ; 14           ; 1                     ; 0                  ; no     ; no             ; no            ; yes             ; no       ; Off          ; 3.3-V LVCMOS ; --                        ; User                 ;
; FMC_NOE   ; 77    ; 5        ; 34           ; 4            ; 14           ; 1                     ; 0                  ; no     ; no             ; no            ; yes             ; no       ; Off          ; 3.3-V LVCMOS ; --                        ; User                 ;
; FMC_NWE   ; 80    ; 5        ; 34           ; 7            ; 7            ; 1                     ; 0                  ; no     ; no             ; no            ; yes             ; no       ; Off          ; 3.3-V LVCMOS ; --                        ; User                 ;
+-----------+-------+----------+--------------+--------------+--------------+-----------------------+--------------------+--------+----------------+---------------+-----------------+----------+--------------+--------------+---------------------------+----------------------+


+--------------------------------------------------------------------------------------------------------------------------------------------------------------------------------------------------------------------------------------------------------------------------------------------------------------------------------------------------------------------------------------------------------------------------------------+
; Output Pins                                                                                                                                                                                                                                                                                                                                                                                                                          ;
+-----------+-------+----------+--------------+--------------+--------------+-----------------+------------------------+---------------+-----------+-----------------+------------+---------------+----------+--------------+--------------+------------------+-------------+---------------------------+----------------------------+-----------------------------+----------------------+----------------------+---------------------+
; Name      ; Pin # ; I/O Bank ; X coordinate ; Y coordinate ; Z coordinate ; Output Register ; Output Enable Register ; Power Up High ; Slew Rate ; PCI I/O Enabled ; Open Drain ; TRI Primitive ; Bus Hold ; Weak Pull Up ; I/O Standard ; Current Strength ; Termination ; Termination Control Block ; Output Buffer Pre-emphasis ; Voltage Output Differential ; Location assigned by ; Output Enable Source ; Output Enable Group ;
+-----------+-------+----------+--------------+--------------+--------------+-----------------+------------------------+---------------+-----------+-----------------+------------+---------------+----------+--------------+--------------+------------------+-------------+---------------------------+----------------------------+-----------------------------+----------------------+----------------------+---------------------+
; ADCCLK    ; 138   ; 8        ; 7            ; 24           ; 7            ; no              ; no                     ; no            ; 2         ; no              ; no         ; no            ; no       ; Off          ; 3.3-V LVCMOS ; 2mA              ; Off         ; --                        ; no                         ; no                          ; User                 ; -                    ; -                   ;
; DAC2_CLK  ; 30    ; 2        ; 0            ; 8            ; 14           ; no              ; no                     ; no            ; 2         ; no              ; no         ; no            ; no       ; Off          ; 3.3-V LVCMOS ; 2mA              ; Off         ; --                        ; no                         ; no                          ; User                 ; -                    ; -                   ;
; DAC2_D[0] ; 141   ; 8        ; 5            ; 24           ; 7            ; no              ; no                     ; no            ; 2         ; no              ; no         ; no            ; no       ; Off          ; 3.3-V LVCMOS ; 2mA              ; Off         ; --                        ; no                         ; no                          ; User                 ; -                    ; -                   ;
; DAC2_D[1] ; 142   ; 8        ; 3            ; 24           ; 21           ; no              ; no                     ; no            ; 2         ; no              ; no         ; no            ; no       ; Off          ; 3.3-V LVCMOS ; 2mA              ; Off         ; --                        ; no                         ; no                          ; User                 ; -                    ; -                   ;
; DAC2_D[2] ; 143   ; 8        ; 1            ; 24           ; 0            ; no              ; no                     ; no            ; 2         ; no              ; no         ; no            ; no       ; Off          ; 3.3-V LVCMOS ; 2mA              ; Off         ; --                        ; no                         ; no                          ; User                 ; -                    ; -                   ;
; DAC2_D[3] ; 144   ; 8        ; 1            ; 24           ; 7            ; no              ; no                     ; no            ; 2         ; no              ; no         ; no            ; no       ; Off          ; 3.3-V LVCMOS ; 2mA              ; Off         ; --                        ; no                         ; no                          ; User                 ; -                    ; -                   ;
; DAC2_D[4] ; 42    ; 3        ; 3            ; 0            ; 0            ; no              ; no                     ; no            ; 2         ; no              ; no         ; no            ; no       ; Off          ; 3.3-V LVCMOS ; 2mA              ; Off         ; --                        ; no                         ; no                          ; User                 ; -                    ; -                   ;
; DAC2_D[5] ; 39    ; 3        ; 1            ; 0            ; 14           ; no              ; no                     ; no            ; 2         ; no              ; no         ; no            ; no       ; Off          ; 3.3-V LVCMOS ; 2mA              ; Off         ; --                        ; no                         ; no                          ; User                 ; -                    ; -                   ;
; DAC2_D[6] ; 2     ; 1        ; 0            ; 23           ; 7            ; no              ; no                     ; no            ; 2         ; no              ; no         ; no            ; no       ; Off          ; 3.3-V LVCMOS ; 2mA              ; Off         ; --                        ; no                         ; no                          ; User                 ; -                    ; -                   ;
; DAC2_D[7] ; 7     ; 1        ; 0            ; 21           ; 7            ; no              ; no                     ; no            ; 2         ; no              ; no         ; no            ; no       ; Off          ; 3.3-V LVCMOS ; 2mA              ; Off         ; --                        ; no                         ; no                          ; User                 ; -                    ; -                   ;
; DAC2_D[8] ; 11    ; 1        ; 0            ; 18           ; 21           ; no              ; no                     ; no            ; 2         ; no              ; no         ; no            ; no       ; Off          ; 3.3-V LVCMOS ; 2mA              ; Off         ; --                        ; no                         ; no                          ; User                 ; -                    ; -                   ;
; DAC2_D[9] ; 31    ; 2        ; 0            ; 7            ; 0            ; no              ; no                     ; no            ; 2         ; no              ; no         ; no            ; no       ; Off          ; 3.3-V LVCMOS ; 2mA              ; Off         ; --                        ; no                         ; no                          ; User                 ; -                    ; -                   ;
; DAC_CLK   ; 34    ; 2        ; 0            ; 5            ; 14           ; no              ; no                     ; no            ; 2         ; no              ; no         ; no            ; no       ; Off          ; 3.3-V LVCMOS ; 2mA              ; Off         ; --                        ; no                         ; no                          ; User                 ; -                    ; -                   ;
; DAC_D[0]  ; 49    ; 3        ; 13           ; 0            ; 14           ; no              ; no                     ; no            ; 2         ; no              ; no         ; no            ; no       ; Off          ; 3.3-V LVCMOS ; 2mA              ; Off         ; --                        ; no                         ; no                          ; User                 ; -                    ; -                   ;
; DAC_D[1]  ; 50    ; 3        ; 13           ; 0            ; 0            ; no              ; no                     ; no            ; 2         ; no              ; no         ; no            ; no       ; Off          ; 3.3-V LVCMOS ; 2mA              ; Off         ; --                        ; no                         ; no                          ; User                 ; -                    ; -                   ;
; DAC_D[2]  ; 44    ; 3        ; 5            ; 0            ; 14           ; no              ; no                     ; no            ; 2         ; no              ; no         ; no            ; no       ; Off          ; 3.3-V LVCMOS ; 2mA              ; Off         ; --                        ; no                         ; no                          ; User                 ; -                    ; -                   ;
; DAC_D[3]  ; 46    ; 3        ; 7            ; 0            ; 0            ; no              ; no                     ; no            ; 2         ; no              ; no         ; no            ; no       ; Off          ; 3.3-V LVCMOS ; 2mA              ; Off         ; --                        ; no                         ; no                          ; User                 ; -                    ; -                   ;
; DAC_D[4]  ; 38    ; 3        ; 1            ; 0            ; 21           ; no              ; no                     ; no            ; 2         ; no              ; no         ; no            ; no       ; Off          ; 3.3-V LVCMOS ; 2mA              ; Off         ; --                        ; no                         ; no                          ; User                 ; -                    ; -                   ;
; DAC_D[5]  ; 43    ; 3        ; 5            ; 0            ; 21           ; no              ; no                     ; no            ; 2         ; no              ; no         ; no            ; no       ; Off          ; 3.3-V LVCMOS ; 2mA              ; Off         ; --                        ; no                         ; no                          ; User                 ; -                    ; -                   ;
; DAC_D[6]  ; 1     ; 1        ; 0            ; 23           ; 0            ; no              ; no                     ; no            ; 2         ; no              ; no         ; no            ; no       ; Off          ; 3.3-V LVCMOS ; 2mA              ; Off         ; --                        ; no                         ; no                          ; User                 ; -                    ; -                   ;
; DAC_D[7]  ; 3     ; 1        ; 0            ; 23           ; 14           ; no              ; no                     ; no            ; 2         ; no              ; no         ; no            ; no       ; Off          ; 3.3-V LVCMOS ; 2mA              ; Off         ; --                        ; no                         ; no                          ; User                 ; -                    ; -                   ;
; DAC_D[8]  ; 10    ; 1        ; 0            ; 18           ; 14           ; no              ; no                     ; no            ; 2         ; no              ; no         ; no            ; no       ; Off          ; 3.3-V LVCMOS ; 2mA              ; Off         ; --                        ; no                         ; no                          ; User                 ; -                    ; -                   ;
; DAC_D[9]  ; 33    ; 2        ; 0            ; 6            ; 21           ; no              ; no                     ; no            ; 2         ; no              ; no         ; no            ; no       ; Off          ; 3.3-V LVCMOS ; 2mA              ; Off         ; --                        ; no                         ; no                          ; User                 ; -                    ; -                   ;
+-----------+-------+----------+--------------+--------------+--------------+-----------------+------------------------+---------------+-----------+-----------------+------------+---------------+----------+--------------+--------------+------------------+-------------+---------------------------+----------------------------+-----------------------------+----------------------+----------------------+---------------------+


+--------------------------------------------------------------------------------------------------------------------------------------------------------------------------------------------------------------------------------------------------------------------------------------------------------------------------------------------------------------------------------------------------------------------------------------------------------------------+
; Bidir Pins                                                                                                                                                                                                                                                                                                                                                                                                                                                         ;
+-----------+-------+----------+--------------+--------------+--------------+-----------------------+--------------------+--------+----------------+-----------------+------------------------+---------------+-----------+-----------------+------------+----------+--------------+--------------+------------------+--------------------+---------------------------+----------------------+----------------------+------------------------------------------------+
; Name      ; Pin # ; I/O Bank ; X coordinate ; Y coordinate ; Z coordinate ; Combinational Fan-Out ; Registered Fan-Out ; Global ; Input Register ; Output Register ; Output Enable Register ; Power Up High ; Slew Rate ; PCI I/O Enabled ; Open Drain ; Bus Hold ; Weak Pull Up ; I/O Standard ; Current Strength ; Output Termination ; Termination Control Block ; Location assigned by ; Output Enable Source ; Output Enable Group                            ;
+-----------+-------+----------+--------------+--------------+--------------+-----------------------+--------------------+--------+----------------+-----------------+------------------------+---------------+-----------+-----------------+------------+----------+--------------+--------------+------------------+--------------------+---------------------------+----------------------+----------------------+------------------------------------------------+
; FMC_D[0]  ; 69    ; 4        ; 30           ; 0            ; 0            ; 10                    ; 0                  ; no     ; no             ; no              ; no                     ; no            ; 2         ; yes             ; no         ; no       ; Off          ; 3.3-V LVCMOS ; 2mA              ; Off                ; --                        ; User                 ; 0 pF                 ; stm32_fmc_16bit:fmc_inst|user_rd_en (inverted) ;
; FMC_D[10] ; 85    ; 5        ; 34           ; 9            ; 7            ; 8                     ; 0                  ; no     ; no             ; no              ; no                     ; no            ; 2         ; yes             ; no         ; no       ; Off          ; 3.3-V LVCMOS ; 2mA              ; Off                ; --                        ; User                 ; 0 pF                 ; stm32_fmc_16bit:fmc_inst|user_rd_en (inverted) ;
; FMC_D[11] ; 84    ; 5        ; 34           ; 9            ; 14           ; 8                     ; 0                  ; no     ; no             ; no              ; no                     ; no            ; 2         ; yes             ; no         ; no       ; Off          ; 3.3-V LVCMOS ; 2mA              ; Off                ; --                        ; User                 ; 0 pF                 ; stm32_fmc_16bit:fmc_inst|user_rd_en (inverted) ;
; FMC_D[12] ; 83    ; 5        ; 34           ; 9            ; 21           ; 8                     ; 0                  ; no     ; no             ; no              ; no                     ; no            ; 2         ; yes             ; no         ; no       ; Off          ; 3.3-V LVCMOS ; 2mA              ; Off                ; --                        ; User                 ; 0 pF                 ; stm32_fmc_16bit:fmc_inst|user_rd_en (inverted) ;
; FMC_D[13] ; 70    ; 4        ; 32           ; 0            ; 21           ; 20                    ; 0                  ; no     ; no             ; no              ; no                     ; no            ; 2         ; yes             ; no         ; no       ; Off          ; 3.3-V LVCMOS ; 2mA              ; Off                ; --                        ; User                 ; 0 pF                 ; stm32_fmc_16bit:fmc_inst|user_rd_en (inverted) ;
; FMC_D[14] ; 71    ; 4        ; 32           ; 0            ; 14           ; 8                     ; 0                  ; no     ; no             ; no              ; no                     ; no            ; 2         ; yes             ; no         ; no       ; Off          ; 3.3-V LVCMOS ; 2mA              ; Off                ; --                        ; User                 ; 0 pF                 ; stm32_fmc_16bit:fmc_inst|user_rd_en (inverted) ;
; FMC_D[15] ; 72    ; 4        ; 32           ; 0            ; 7            ; 8                     ; 0                  ; no     ; no             ; no              ; no                     ; no            ; 2         ; yes             ; no         ; no       ; Off          ; 3.3-V LVCMOS ; 2mA              ; Off                ; --                        ; User                 ; 0 pF                 ; stm32_fmc_16bit:fmc_inst|user_rd_en (inverted) ;
; FMC_D[1]  ; 68    ; 4        ; 30           ; 0            ; 7            ; 10                    ; 0                  ; no     ; no             ; no              ; no                     ; no            ; 2         ; yes             ; no         ; no       ; Off          ; 3.3-V LVCMOS ; 2mA              ; Off                ; --                        ; User                 ; 0 pF                 ; stm32_fmc_16bit:fmc_inst|user_rd_en (inverted) ;
; FMC_D[2]  ; 75    ; 5        ; 34           ; 3            ; 21           ; 9                     ; 0                  ; no     ; no             ; no              ; no                     ; no            ; 2         ; yes             ; no         ; no       ; Off          ; 3.3-V LVCMOS ; 2mA              ; Off                ; --                        ; User                 ; 0 pF                 ; stm32_fmc_16bit:fmc_inst|user_rd_en (inverted) ;
; FMC_D[3]  ; 76    ; 5        ; 34           ; 4            ; 21           ; 8                     ; 0                  ; no     ; no             ; no              ; no                     ; no            ; 2         ; yes             ; no         ; no       ; Off          ; 3.3-V LVCMOS ; 2mA              ; Off                ; --                        ; User                 ; 0 pF                 ; stm32_fmc_16bit:fmc_inst|user_rd_en (inverted) ;
; FMC_D[4]  ; 101   ; 6        ; 34           ; 18           ; 21           ; 8                     ; 0                  ; no     ; no             ; no              ; no                     ; no            ; 2         ; yes             ; no         ; no       ; Off          ; 3.3-V LVCMOS ; 2mA              ; Off                ; --                        ; User                 ; 0 pF                 ; stm32_fmc_16bit:fmc_inst|user_rd_en (inverted) ;
; FMC_D[5]  ; 100   ; 6        ; 34           ; 17           ; 0            ; 8                     ; 0                  ; no     ; no             ; no              ; no                     ; no            ; 2         ; yes             ; no         ; no       ; Off          ; 3.3-V LVCMOS ; 2mA              ; Off                ; --                        ; User                 ; 0 pF                 ; stm32_fmc_16bit:fmc_inst|user_rd_en (inverted) ;
; FMC_D[6]  ; 99    ; 6        ; 34           ; 17           ; 14           ; 8                     ; 0                  ; no     ; no             ; no              ; no                     ; no            ; 2         ; yes             ; no         ; no       ; Off          ; 3.3-V LVCMOS ; 2mA              ; Off                ; --                        ; User                 ; 0 pF                 ; stm32_fmc_16bit:fmc_inst|user_rd_en (inverted) ;
; FMC_D[7]  ; 98    ; 6        ; 34           ; 17           ; 21           ; 8                     ; 0                  ; no     ; no             ; no              ; no                     ; no            ; 2         ; yes             ; no         ; no       ; Off          ; 3.3-V LVCMOS ; 2mA              ; Off                ; --                        ; User                 ; 0 pF                 ; stm32_fmc_16bit:fmc_inst|user_rd_en (inverted) ;
; FMC_D[8]  ; 87    ; 5        ; 34           ; 10           ; 7            ; 8                     ; 0                  ; no     ; no             ; no              ; no                     ; no            ; 2         ; yes             ; no         ; no       ; Off          ; 3.3-V LVCMOS ; 2mA              ; Off                ; --                        ; User                 ; 0 pF                 ; stm32_fmc_16bit:fmc_inst|user_rd_en (inverted) ;
; FMC_D[9]  ; 86    ; 5        ; 34           ; 9            ; 0            ; 8                     ; 0                  ; no     ; no             ; no              ; no                     ; no            ; 2         ; yes             ; no         ; no       ; Off          ; 3.3-V LVCMOS ; 2mA              ; Off                ; --                        ; User                 ; 0 pF                 ; stm32_fmc_16bit:fmc_inst|user_rd_en (inverted) ;
+-----------+-------+----------+--------------+--------------+--------------+-----------------------+--------------------+--------+----------------+-----------------+------------------------+---------------+-----------+-----------------+------------+----------+--------------+--------------+------------------+--------------------+---------------------------+----------------------+----------------------+------------------------------------------------+


+-------------------------------------------------------------------------------------------------------------------------+
; Dual Purpose and Dedicated Pins                                                                                         ;
+----------+-----------------------------+--------------------------+-------------------------+---------------------------+
; Location ; Pin Name                    ; Reserved As              ; User Signal Name        ; Pin Type                  ;
+----------+-----------------------------+--------------------------+-------------------------+---------------------------+
; 6        ; DIFFIO_L1n, DATA1, ASDO     ; As input tri-stated      ; ~ALTERA_ASDO_DATA1~     ; Dual Purpose Pin          ;
; 8        ; DIFFIO_L2p, FLASH_nCE, nCSO ; As input tri-stated      ; ~ALTERA_FLASH_nCE_nCSO~ ; Dual Purpose Pin          ;
; 9        ; nSTATUS                     ; -                        ; -                       ; Dedicated Programming Pin ;
; 12       ; DCLK                        ; As output driving ground ; ~ALTERA_DCLK~           ; Dual Purpose Pin          ;
; 13       ; DATA0                       ; As input tri-stated      ; ~ALTERA_DATA0~          ; Dual Purpose Pin          ;
; 14       ; nCONFIG                     ; -                        ; -                       ; Dedicated Programming Pin ;
; 15       ; TDI                         ; -                        ; altera_reserved_tdi     ; JTAG Pin                  ;
; 16       ; TCK                         ; -                        ; altera_reserved_tck     ; JTAG Pin                  ;
; 18       ; TMS                         ; -                        ; altera_reserved_tms     ; JTAG Pin                  ;
; 20       ; TDO                         ; -                        ; altera_reserved_tdo     ; JTAG Pin                  ;
; 21       ; nCE                         ; -                        ; -                       ; Dedicated Programming Pin ;
; 86       ; DIFFIO_R7n, DEV_OE          ; Use as regular IO        ; FMC_D[9]                ; Dual Purpose Pin          ;
; 87       ; DIFFIO_R7p, DEV_CLRn        ; Use as regular IO        ; FMC_D[8]                ; Dual Purpose Pin          ;
; 92       ; CONF_DONE                   ; -                        ; -                       ; Dedicated Programming Pin ;
; 94       ; MSEL0                       ; -                        ; -                       ; Dedicated Programming Pin ;
; 96       ; MSEL1                       ; -                        ; -                       ; Dedicated Programming Pin ;
; 97       ; MSEL2                       ; -                        ; -                       ; Dedicated Programming Pin ;
; 97       ; MSEL3                       ; -                        ; -                       ; Dedicated Programming Pin ;
; 98       ; DIFFIO_R4n, INIT_DONE       ; Use as regular IO        ; FMC_D[7]                ; Dual Purpose Pin          ;
; 99       ; DIFFIO_R4p, CRC_ERROR       ; Use as regular IO        ; FMC_D[6]                ; Dual Purpose Pin          ;
; 101      ; DIFFIO_R3n, nCEO            ; Use as programming pin   ; FMC_D[4]                ; Dual Purpose Pin          ;
; 103      ; DIFFIO_R3p, CLKUSR          ; Use as regular IO        ; FMC_A[11]               ; Dual Purpose Pin          ;
; 132      ; DIFFIO_T10n, DATA2          ; Use as regular IO        ; ADC_D[3]                ; Dual Purpose Pin          ;
; 133      ; DIFFIO_T10p, DATA3          ; Use as regular IO        ; ADC_D[4]                ; Dual Purpose Pin          ;
; 137      ; DATA5                       ; Use as regular IO        ; ADC_D[0]                ; Dual Purpose Pin          ;
; 138      ; DATA6                       ; Use as regular IO        ; ADCCLK                  ; Dual Purpose Pin          ;
+----------+-----------------------------+--------------------------+-------------------------+---------------------------+


+-------------------------------------------------------------+
; I/O Bank Usage                                              ;
+----------+-------------------+---------------+--------------+
; I/O Bank ; Usage             ; VCCIO Voltage ; VREF Voltage ;
+----------+-------------------+---------------+--------------+
; 1        ; 11 / 11 ( 100 % ) ; 3.3V          ; --           ;
; 2        ; 4 / 8 ( 50 % )    ; 3.3V          ; --           ;
; 3        ; 8 / 11 ( 73 % )   ; 3.3V          ; --           ;
; 4        ; 7 / 14 ( 50 % )   ; 3.3V          ; --           ;
; 5        ; 11 / 13 ( 85 % )  ; 3.3V          ; --           ;
; 6        ; 9 / 10 ( 90 % )   ; 3.3V          ; --           ;
; 7        ; 13 / 13 ( 100 % ) ; 3.3V          ; --           ;
; 8        ; 11 / 12 ( 92 % )  ; 3.3V          ; --           ;
+----------+-------------------+---------------+--------------+


+-----------------------------------------------------------------------------------------------------------------------------------------------------------------------------------------+
; All Package Pins                                                                                                                                                                        ;
+----------+------------+----------+-----------------------------------------------------------+--------+--------------+---------+------------+-----------------+----------+--------------+
; Location ; Pad Number ; I/O Bank ; Pin Name/Usage                                            ; Dir.   ; I/O Standard ; Voltage ; I/O Type   ; User Assignment ; Bus Hold ; Weak Pull Up ;
+----------+------------+----------+-----------------------------------------------------------+--------+--------------+---------+------------+-----------------+----------+--------------+
; 1        ; 0          ; 1        ; DAC_D[6]                                                  ; output ; 3.3-V LVCMOS ;         ; Row I/O    ; Y               ; no       ; Off          ;
; 2        ; 1          ; 1        ; DAC2_D[6]                                                 ; output ; 3.3-V LVCMOS ;         ; Row I/O    ; Y               ; no       ; Off          ;
; 3        ; 2          ; 1        ; DAC_D[7]                                                  ; output ; 3.3-V LVCMOS ;         ; Row I/O    ; Y               ; no       ; Off          ;
; 4        ;            ;          ; GND                                                       ; gnd    ;              ;         ; --         ;                 ; --       ; --           ;
; 5        ;            ;          ; VCCINT                                                    ; power  ;              ; 1.2V    ; --         ;                 ; --       ; --           ;
; 6        ; 5          ; 1        ; ~ALTERA_ASDO_DATA1~ / RESERVED_INPUT_WITH_WEAK_PULLUP     ; input  ; 3.3-V LVTTL  ;         ; Row I/O    ; N               ; no       ; On           ;
; 7        ; 6          ; 1        ; DAC2_D[7]                                                 ; output ; 3.3-V LVCMOS ;         ; Row I/O    ; Y               ; no       ; Off          ;
; 8        ; 7          ; 1        ; ~ALTERA_FLASH_nCE_nCSO~ / RESERVED_INPUT_WITH_WEAK_PULLUP ; input  ; 3.3-V LVTTL  ;         ; Row I/O    ; N               ; no       ; On           ;
; 9        ; 9          ; 1        ; ^nSTATUS                                                  ;        ;              ;         ; --         ;                 ; --       ; --           ;
; 10       ; 13         ; 1        ; DAC_D[8]                                                  ; output ; 3.3-V LVCMOS ;         ; Row I/O    ; Y               ; no       ; Off          ;
; 11       ; 14         ; 1        ; DAC2_D[8]                                                 ; output ; 3.3-V LVCMOS ;         ; Row I/O    ; Y               ; no       ; Off          ;
; 12       ; 15         ; 1        ; ~ALTERA_DCLK~                                             ; output ; 3.3-V LVTTL  ;         ; Row I/O    ; N               ; no       ; On           ;
; 13       ; 16         ; 1        ; ~ALTERA_DATA0~ / RESERVED_INPUT_WITH_WEAK_PULLUP          ; input  ; 3.3-V LVTTL  ;         ; Row I/O    ; N               ; no       ; On           ;
; 14       ; 17         ; 1        ; ^nCONFIG                                                  ;        ;              ;         ; --         ;                 ; --       ; --           ;
; 15       ; 18         ; 1        ; altera_reserved_tdi                                       ; input  ; 3.3-V LVTTL  ;         ; --         ; N               ; no       ; Off          ;
; 16       ; 19         ; 1        ; altera_reserved_tck                                       ; input  ; 3.3-V LVTTL  ;         ; --         ; N               ; no       ; Off          ;
; 17       ;            ; 1        ; VCCIO1                                                    ; power  ;              ; 3.3V    ; --         ;                 ; --       ; --           ;
; 18       ; 20         ; 1        ; altera_reserved_tms                                       ; input  ; 3.3-V LVTTL  ;         ; --         ; N               ; no       ; Off          ;
; 19       ;            ;          ; GND                                                       ; gnd    ;              ;         ; --         ;                 ; --       ; --           ;
; 20       ; 21         ; 1        ; altera_reserved_tdo                                       ; output ; 3.3-V LVTTL  ;         ; --         ; N               ; no       ; Off          ;
; 21       ; 22         ; 1        ; ^nCE                                                      ;        ;              ;         ; --         ;                 ; --       ; --           ;
; 22       ;            ;          ; GND                                                       ; gnd    ;              ;         ; --         ;                 ; --       ; --           ;
; 23       ; 24         ; 1        ; CLK_50M                                                   ; input  ; 3.3-V LVCMOS ;         ; Row I/O    ; Y               ; no       ; Off          ;
; 24       ; 25         ; 2        ; GND+                                                      ;        ;              ;         ; Row I/O    ;                 ; --       ; --           ;
; 25       ; 26         ; 2        ; GND+                                                      ;        ;              ;         ; Row I/O    ;                 ; --       ; --           ;
; 26       ;            ; 2        ; VCCIO2                                                    ; power  ;              ; 3.3V    ; --         ;                 ; --       ; --           ;
; 27       ;            ;          ; GND                                                       ; gnd    ;              ;         ; --         ;                 ; --       ; --           ;
; 28       ; 31         ; 2        ; RESERVED_INPUT_WITH_WEAK_PULLUP                           ;        ;              ;         ; Row I/O    ;                 ; no       ; On           ;
; 29       ;            ;          ; VCCINT                                                    ; power  ;              ; 1.2V    ; --         ;                 ; --       ; --           ;
; 30       ; 34         ; 2        ; DAC2_CLK                                                  ; output ; 3.3-V LVCMOS ;         ; Row I/O    ; Y               ; no       ; Off          ;
; 31       ; 36         ; 2        ; DAC2_D[9]                                                 ; output ; 3.3-V LVCMOS ;         ; Row I/O    ; Y               ; no       ; Off          ;
; 32       ; 39         ; 2        ; RESERVED_INPUT_WITH_WEAK_PULLUP                           ;        ;              ;         ; Row I/O    ;                 ; no       ; On           ;
; 33       ; 40         ; 2        ; DAC_D[9]                                                  ; output ; 3.3-V LVCMOS ;         ; Row I/O    ; Y               ; no       ; Off          ;
; 34       ; 41         ; 2        ; DAC_CLK                                                   ; output ; 3.3-V LVCMOS ;         ; Row I/O    ; Y               ; no       ; Off          ;
; 35       ;            ; --       ; VCCA1                                                     ; power  ;              ; 2.5V    ; --         ;                 ; --       ; --           ;
; 36       ;            ;          ; GNDA1                                                     ; gnd    ;              ;         ; --         ;                 ; --       ; --           ;
; 37       ;            ;          ; VCCD_PLL1                                                 ; power  ;              ; 1.2V    ; --         ;                 ; --       ; --           ;
; 38       ; 45         ; 3        ; DAC_D[4]                                                  ; output ; 3.3-V LVCMOS ;         ; Column I/O ; Y               ; no       ; Off          ;
; 39       ; 46         ; 3        ; DAC2_D[5]                                                 ; output ; 3.3-V LVCMOS ;         ; Column I/O ; Y               ; no       ; Off          ;
; 40       ;            ; 3        ; VCCIO3                                                    ; power  ;              ; 3.3V    ; --         ;                 ; --       ; --           ;
; 41       ;            ;          ; GND                                                       ; gnd    ;              ;         ; --         ;                 ; --       ; --           ;
; 42       ; 52         ; 3        ; DAC2_D[4]                                                 ; output ; 3.3-V LVCMOS ;         ; Column I/O ; Y               ; no       ; Off          ;
; 43       ; 53         ; 3        ; DAC_D[5]                                                  ; output ; 3.3-V LVCMOS ;         ; Column I/O ; Y               ; no       ; Off          ;
; 44       ; 54         ; 3        ; DAC_D[2]                                                  ; output ; 3.3-V LVCMOS ;         ; Column I/O ; Y               ; no       ; Off          ;
; 45       ;            ;          ; VCCINT                                                    ; power  ;              ; 1.2V    ; --         ;                 ; --       ; --           ;
; 46       ; 58         ; 3        ; DAC_D[3]                                                  ; output ; 3.3-V LVCMOS ;         ; Column I/O ; Y               ; no       ; Off          ;
; 47       ;            ; 3        ; VCCIO3                                                    ; power  ;              ; 3.3V    ; --         ;                 ; --       ; --           ;
; 48       ;            ;          ; GND                                                       ; gnd    ;              ;         ; --         ;                 ; --       ; --           ;
; 49       ; 68         ; 3        ; DAC_D[0]                                                  ; output ; 3.3-V LVCMOS ;         ; Column I/O ; Y               ; no       ; Off          ;
; 50       ; 69         ; 3        ; DAC_D[1]                                                  ; output ; 3.3-V LVCMOS ;         ; Column I/O ; Y               ; no       ; Off          ;
; 51       ; 70         ; 3        ; RESERVED_INPUT_WITH_WEAK_PULLUP                           ;        ;              ;         ; Column I/O ;                 ; no       ; On           ;
; 52       ; 72         ; 3        ; RESERVED_INPUT_WITH_WEAK_PULLUP                           ;        ;              ;         ; Column I/O ;                 ; no       ; On           ;
; 53       ; 73         ; 3        ; RESERVED_INPUT_WITH_WEAK_PULLUP                           ;        ;              ;         ; Column I/O ;                 ; no       ; On           ;
; 54       ; 74         ; 4        ; RESERVED_INPUT_WITH_WEAK_PULLUP                           ;        ;              ;         ; Column I/O ;                 ; no       ; On           ;
; 55       ; 75         ; 4        ; RESERVED_INPUT_WITH_WEAK_PULLUP                           ;        ;              ;         ; Column I/O ;                 ; no       ; On           ;
; 56       ;            ; 4        ; VCCIO4                                                    ; power  ;              ; 3.3V    ; --         ;                 ; --       ; --           ;
; 57       ;            ;          ; GND                                                       ; gnd    ;              ;         ; --         ;                 ; --       ; --           ;
; 58       ; 80         ; 4        ; RESERVED_INPUT_WITH_WEAK_PULLUP                           ;        ;              ;         ; Column I/O ;                 ; no       ; On           ;
; 59       ; 83         ; 4        ; RESERVED_INPUT_WITH_WEAK_PULLUP                           ;        ;              ;         ; Column I/O ;                 ; no       ; On           ;
; 60       ; 84         ; 4        ; RESERVED_INPUT_WITH_WEAK_PULLUP                           ;        ;              ;         ; Column I/O ;                 ; no       ; On           ;
; 61       ;            ;          ; VCCINT                                                    ; power  ;              ; 1.2V    ; --         ;                 ; --       ; --           ;
; 62       ;            ; 4        ; VCCIO4                                                    ; power  ;              ; 3.3V    ; --         ;                 ; --       ; --           ;
; 63       ;            ;          ; GND                                                       ; gnd    ;              ;         ; --         ;                 ; --       ; --           ;
; 64       ; 89         ; 4        ; RESERVED_INPUT_WITH_WEAK_PULLUP                           ;        ;              ;         ; Column I/O ;                 ; no       ; On           ;
; 65       ; 90         ; 4        ; RESERVED_INPUT_WITH_WEAK_PULLUP                           ;        ;              ;         ; Column I/O ;                 ; --       ; --           ;
; 66       ; 93         ; 4        ; FMC_A[13]                                                 ; input  ; 3.3-V LVCMOS ;         ; Column I/O ; Y               ; no       ; Off          ;
; 67       ; 94         ; 4        ; FMC_A[12]                                                 ; input  ; 3.3-V LVCMOS ;         ; Column I/O ; Y               ; no       ; Off          ;
; 68       ; 96         ; 4        ; FMC_D[1]                                                  ; bidir  ; 3.3-V LVCMOS ;         ; Column I/O ; Y               ; no       ; Off          ;
; 69       ; 97         ; 4        ; FMC_D[0]                                                  ; bidir  ; 3.3-V LVCMOS ;         ; Column I/O ; Y               ; no       ; Off          ;
; 70       ; 98         ; 4        ; FMC_D[13]                                                 ; bidir  ; 3.3-V LVCMOS ;         ; Column I/O ; Y               ; no       ; Off          ;
; 71       ; 99         ; 4        ; FMC_D[14]                                                 ; bidir  ; 3.3-V LVCMOS ;         ; Column I/O ; Y               ; no       ; Off          ;
; 72       ; 100        ; 4        ; FMC_D[15]                                                 ; bidir  ; 3.3-V LVCMOS ;         ; Column I/O ; Y               ; no       ; Off          ;
; 73       ; 102        ; 5        ; FMC_A[14]                                                 ; input  ; 3.3-V LVCMOS ;         ; Row I/O    ; Y               ; no       ; Off          ;
; 74       ; 103        ; 5        ; FMC_NE1                                                   ; input  ; 3.3-V LVCMOS ;         ; Row I/O    ; Y               ; no       ; Off          ;
; 75       ; 104        ; 5        ; FMC_D[2]                                                  ; bidir  ; 3.3-V LVCMOS ;         ; Row I/O    ; Y               ; no       ; Off          ;
; 76       ; 106        ; 5        ; FMC_D[3]                                                  ; bidir  ; 3.3-V LVCMOS ;         ; Row I/O    ; Y               ; no       ; Off          ;
; 77       ; 107        ; 5        ; FMC_NOE                                                   ; input  ; 3.3-V LVCMOS ;         ; Row I/O    ; Y               ; no       ; Off          ;
; 78       ;            ;          ; VCCINT                                                    ; power  ;              ; 1.2V    ; --         ;                 ; --       ; --           ;
; 79       ;            ;          ; GND                                                       ; gnd    ;              ;         ; --         ;                 ; --       ; --           ;
; 80       ; 113        ; 5        ; FMC_NWE                                                   ; input  ; 3.3-V LVCMOS ;         ; Row I/O    ; Y               ; no       ; Off          ;
; 81       ;            ; 5        ; VCCIO5                                                    ; power  ;              ; 3.3V    ; --         ;                 ; --       ; --           ;
; 82       ;            ;          ; GND                                                       ; gnd    ;              ;         ; --         ;                 ; --       ; --           ;
; 83       ; 117        ; 5        ; FMC_D[12]                                                 ; bidir  ; 3.3-V LVCMOS ;         ; Row I/O    ; Y               ; no       ; Off          ;
; 84       ; 118        ; 5        ; FMC_D[11]                                                 ; bidir  ; 3.3-V LVCMOS ;         ; Row I/O    ; Y               ; no       ; Off          ;
; 85       ; 119        ; 5        ; FMC_D[10]                                                 ; bidir  ; 3.3-V LVCMOS ;         ; Row I/O    ; Y               ; no       ; Off          ;
; 86       ; 120        ; 5        ; FMC_D[9]                                                  ; bidir  ; 3.3-V LVCMOS ;         ; Row I/O    ; Y               ; no       ; Off          ;
; 87       ; 121        ; 5        ; FMC_D[8]                                                  ; bidir  ; 3.3-V LVCMOS ;         ; Row I/O    ; Y               ; no       ; Off          ;
; 88       ; 125        ; 5        ; GND+                                                      ;        ;              ;         ; Row I/O    ;                 ; --       ; --           ;
; 89       ; 126        ; 5        ; GND+                                                      ;        ;              ;         ; Row I/O    ;                 ; --       ; --           ;
; 90       ; 127        ; 6        ; GND+                                                      ;        ;              ;         ; Row I/O    ;                 ; --       ; --           ;
; 91       ; 128        ; 6        ; ADC_D[11]                                                 ; input  ; 3.3-V LVCMOS ;         ; Row I/O    ; Y               ; no       ; Off          ;
; 92       ; 129        ; 6        ; ^CONF_DONE                                                ;        ;              ;         ; --         ;                 ; --       ; --           ;
; 93       ;            ; 6        ; VCCIO6                                                    ; power  ;              ; 3.3V    ; --         ;                 ; --       ; --           ;
; 94       ; 130        ; 6        ; ^MSEL0                                                    ;        ;              ;         ; --         ;                 ; --       ; --           ;
; 95       ;            ;          ; GND                                                       ; gnd    ;              ;         ; --         ;                 ; --       ; --           ;
; 96       ; 131        ; 6        ; ^MSEL1                                                    ;        ;              ;         ; --         ;                 ; --       ; --           ;
; 97       ; 132        ; 6        ; ^MSEL2                                                    ;        ;              ;         ; --         ;                 ; --       ; --           ;
; 97       ; 133        ; 6        ; ^MSEL3                                                    ;        ;              ;         ; --         ;                 ; --       ; --           ;
; 98       ; 136        ; 6        ; FMC_D[7]                                                  ; bidir  ; 3.3-V LVCMOS ;         ; Row I/O    ; Y               ; no       ; Off          ;
; 99       ; 137        ; 6        ; FMC_D[6]                                                  ; bidir  ; 3.3-V LVCMOS ;         ; Row I/O    ; Y               ; no       ; Off          ;
; 100      ; 138        ; 6        ; FMC_D[5]                                                  ; bidir  ; 3.3-V LVCMOS ;         ; Row I/O    ; Y               ; no       ; Off          ;
; 101      ; 139        ; 6        ; FMC_D[4]                                                  ; bidir  ; 3.3-V LVCMOS ;         ; Row I/O    ; Y               ; no       ; Off          ;
; 102      ;            ;          ; VCCINT                                                    ; power  ;              ; 1.2V    ; --         ;                 ; --       ; --           ;
; 103      ; 140        ; 6        ; FMC_A[11]                                                 ; input  ; 3.3-V LVCMOS ;         ; Row I/O    ; Y               ; no       ; Off          ;
; 104      ; 141        ; 6        ; FMC_A[10]                                                 ; input  ; 3.3-V LVCMOS ;         ; Row I/O    ; Y               ; no       ; Off          ;
; 105      ; 142        ; 6        ; FMC_A[9]                                                  ; input  ; 3.3-V LVCMOS ;         ; Row I/O    ; Y               ; no       ; Off          ;
; 106      ; 146        ; 6        ; FMC_A[8]                                                  ; input  ; 3.3-V LVCMOS ;         ; Row I/O    ; Y               ; no       ; Off          ;
; 107      ;            ; --       ; VCCA2                                                     ; power  ;              ; 2.5V    ; --         ;                 ; --       ; --           ;
; 108      ;            ;          ; GNDA2                                                     ; gnd    ;              ;         ; --         ;                 ; --       ; --           ;
; 109      ;            ;          ; VCCD_PLL2                                                 ; power  ;              ; 1.2V    ; --         ;                 ; --       ; --           ;
; 110      ; 152        ; 7        ; FMC_A[6]                                                  ; input  ; 3.3-V LVCMOS ;         ; Column I/O ; Y               ; no       ; Off          ;
; 111      ; 154        ; 7        ; FMC_A[7]                                                  ; input  ; 3.3-V LVCMOS ;         ; Column I/O ; Y               ; no       ; Off          ;
; 112      ; 155        ; 7        ; FMC_A[5]                                                  ; input  ; 3.3-V LVCMOS ;         ; Column I/O ; Y               ; no       ; Off          ;
; 113      ; 156        ; 7        ; FMC_A[4]                                                  ; input  ; 3.3-V LVCMOS ;         ; Column I/O ; Y               ; no       ; Off          ;
; 114      ; 157        ; 7        ; FMC_A[3]                                                  ; input  ; 3.3-V LVCMOS ;         ; Column I/O ; Y               ; no       ; Off          ;
; 115      ; 158        ; 7        ; FMC_A[2]                                                  ; input  ; 3.3-V LVCMOS ;         ; Column I/O ; Y               ; no       ; Off          ;
; 116      ;            ;          ; VCCINT                                                    ; power  ;              ; 1.2V    ; --         ;                 ; --       ; --           ;
; 117      ;            ; 7        ; VCCIO7                                                    ; power  ;              ; 3.3V    ; --         ;                 ; --       ; --           ;
; 118      ;            ;          ; GND                                                       ; gnd    ;              ;         ; --         ;                 ; --       ; --           ;
; 119      ; 163        ; 7        ; FMC_A[1]                                                  ; input  ; 3.3-V LVCMOS ;         ; Column I/O ; Y               ; no       ; Off          ;
; 120      ; 164        ; 7        ; FMC_A[0]                                                  ; input  ; 3.3-V LVCMOS ;         ; Column I/O ; Y               ; no       ; Off          ;
; 121      ; 165        ; 7        ; ADC_D[10]                                                 ; input  ; 3.3-V LVCMOS ;         ; Column I/O ; Y               ; no       ; Off          ;
; 122      ;            ; 7        ; VCCIO7                                                    ; power  ;              ; 3.3V    ; --         ;                 ; --       ; --           ;
; 123      ;            ;          ; GND                                                       ; gnd    ;              ;         ; --         ;                 ; --       ; --           ;
; 124      ; 173        ; 7        ; ADC_D[8]                                                  ; input  ; 3.3-V LVCMOS ;         ; Column I/O ; Y               ; no       ; Off          ;
; 125      ; 174        ; 7        ; ADC_D[9]                                                  ; input  ; 3.3-V LVCMOS ;         ; Column I/O ; Y               ; no       ; Off          ;
; 126      ; 175        ; 7        ; ADC_D[6]                                                  ; input  ; 3.3-V LVCMOS ;         ; Column I/O ; Y               ; no       ; Off          ;
; 127      ; 176        ; 7        ; ADC_D[7]                                                  ; input  ; 3.3-V LVCMOS ;         ; Column I/O ; Y               ; no       ; Off          ;
; 128      ; 177        ; 8        ; ADC_D[5]                                                  ; input  ; 3.3-V LVCMOS ;         ; Column I/O ; Y               ; no       ; Off          ;
; 129      ; 178        ; 8        ; RESERVED_INPUT_WITH_WEAK_PULLUP                           ;        ;              ;         ; Column I/O ;                 ; no       ; On           ;
; 130      ;            ; 8        ; VCCIO8                                                    ; power  ;              ; 3.3V    ; --         ;                 ; --       ; --           ;
; 131      ;            ;          ; GND                                                       ; gnd    ;              ;         ; --         ;                 ; --       ; --           ;
; 132      ; 181        ; 8        ; ADC_D[3]                                                  ; input  ; 3.3-V LVCMOS ;         ; Column I/O ; Y               ; no       ; Off          ;
; 133      ; 182        ; 8        ; ADC_D[4]                                                  ; input  ; 3.3-V LVCMOS ;         ; Column I/O ; Y               ; no       ; Off          ;
; 134      ;            ;          ; VCCINT                                                    ; power  ;              ; 1.2V    ; --         ;                 ; --       ; --           ;
; 135      ; 185        ; 8        ; ADC_D[1]                                                  ; input  ; 3.3-V LVCMOS ;         ; Column I/O ; Y               ; no       ; Off          ;
; 136      ; 187        ; 8        ; ADC_D[2]                                                  ; input  ; 3.3-V LVCMOS ;         ; Column I/O ; Y               ; no       ; Off          ;
; 137      ; 190        ; 8        ; ADC_D[0]                                                  ; input  ; 3.3-V LVCMOS ;         ; Column I/O ; Y               ; no       ; Off          ;
; 138      ; 191        ; 8        ; ADCCLK                                                    ; output ; 3.3-V LVCMOS ;         ; Column I/O ; Y               ; no       ; Off          ;
; 139      ;            ; 8        ; VCCIO8                                                    ; power  ;              ; 3.3V    ; --         ;                 ; --       ; --           ;
; 140      ;            ;          ; GND                                                       ; gnd    ;              ;         ; --         ;                 ; --       ; --           ;
; 141      ; 195        ; 8        ; DAC2_D[0]                                                 ; output ; 3.3-V LVCMOS ;         ; Column I/O ; Y               ; no       ; Off          ;
; 142      ; 201        ; 8        ; DAC2_D[1]                                                 ; output ; 3.3-V LVCMOS ;         ; Column I/O ; Y               ; no       ; Off          ;
; 143      ; 202        ; 8        ; DAC2_D[2]                                                 ; output ; 3.3-V LVCMOS ;         ; Column I/O ; Y               ; no       ; Off          ;
; 144      ; 203        ; 8        ; DAC2_D[3]                                                 ; output ; 3.3-V LVCMOS ;         ; Column I/O ; Y               ; no       ; Off          ;
; EPAD     ;            ;          ; GND                                                       ;        ;              ;         ; --         ;                 ; --       ; --           ;
+----------+------------+----------+-----------------------------------------------------------+--------+--------------+---------+------------+-----------------+----------+--------------+
Note: Pin directions (input, output or bidir) are based on device operating in user mode.


+---------------------------------------------------------------------------------------------------------+
; PLL Summary                                                                                             ;
+-------------------------------+-------------------------------------------------------------------------+
; Name                          ; pll1:pll1_inst|altpll:altpll_component|pll1_altpll1:auto_generated|pll1 ;
+-------------------------------+-------------------------------------------------------------------------+
; SDC pin name                  ; pll1_inst|altpll_component|auto_generated|pll1                          ;
; PLL mode                      ; Normal                                                                  ;
; Compensate clock              ; clock0                                                                  ;
; Compensated input/output pins ; --                                                                      ;
; Switchover type               ; --                                                                      ;
; Input frequency 0             ; 50.0 MHz                                                                ;
; Input frequency 1             ; --                                                                      ;
; Nominal PFD frequency         ; 50.0 MHz                                                                ;
; Nominal VCO frequency         ; 500.0 MHz                                                               ;
; VCO post scale K counter      ; 2                                                                       ;
; VCO frequency control         ; Auto                                                                    ;
; VCO phase shift step          ; 250 ps                                                                  ;
; VCO multiply                  ; --                                                                      ;
; VCO divide                    ; --                                                                      ;
; Freq min lock                 ; 30.0 MHz                                                                ;
; Freq max lock                 ; 65.02 MHz                                                               ;
; M VCO Tap                     ; 0                                                                       ;
; M Initial                     ; 1                                                                       ;
; M value                       ; 10                                                                      ;
; N value                       ; 1                                                                       ;
; Charge pump current           ; setting 1                                                               ;
; Loop filter resistance        ; setting 27                                                              ;
; Loop filter capacitance       ; setting 0                                                               ;
; Bandwidth                     ; 1.03 MHz to 1.97 MHz                                                    ;
; Bandwidth type                ; Medium                                                                  ;
; Real time reconfigurable      ; Off                                                                     ;
; Scan chain MIF file           ; --                                                                      ;
; Preserve PLL counter order    ; Off                                                                     ;
; PLL location                  ; PLL_1                                                                   ;
; Inclk0 signal                 ; CLK_50M                                                                 ;
; Inclk1 signal                 ; --                                                                      ;
; Inclk0 signal type            ; Dedicated Pin                                                           ;
; Inclk1 signal type            ; --                                                                      ;
+-------------------------------+-------------------------------------------------------------------------+


+----------------------------------------------------------------------------------------------------------------------------------------------------------------------------------------------------------------------------------------------------------------------------------------------------------------------+
; PLL Usage                                                                                                                                                                                                                                                                                                            ;
+-------------------------------------------------------------------------------------+--------------+------+-----+------------------+--------------+------------------+------------+---------+---------------+------------+---------------+---------+---------+-------------------------------------------------------+
; Name                                                                                ; Output Clock ; Mult ; Div ; Output Frequency ; Phase Shift  ; Phase Shift Step ; Duty Cycle ; Counter ; Counter Value ; High / Low ; Cascade Input ; Initial ; VCO Tap ; SDC Pin Name                                          ;
+-------------------------------------------------------------------------------------+--------------+------+-----+------------------+--------------+------------------+------------+---------+---------------+------------+---------------+---------+---------+-------------------------------------------------------+
; pll1:pll1_inst|altpll:altpll_component|pll1_altpll1:auto_generated|wire_pll1_clk[0] ; clock0       ; 5    ; 2   ; 125.0 MHz        ; 0 (0 ps)     ; 11.25 (250 ps)   ; 50/50      ; C0      ; 4             ; 2/2 Even   ; --            ; 1       ; 0       ; pll1_inst|altpll_component|auto_generated|pll1|clk[0] ;
; pll1:pll1_inst|altpll:altpll_component|pll1_altpll1:auto_generated|wire_pll1_clk[1] ; clock1       ; 5    ; 2   ; 125.0 MHz        ; 90 (2000 ps) ; 11.25 (250 ps)   ; 50/50      ; C3      ; 4             ; 2/2 Even   ; --            ; 2       ; 0       ; pll1_inst|altpll_component|auto_generated|pll1|clk[1] ;
; pll1:pll1_inst|altpll:altpll_component|pll1_altpll1:auto_generated|wire_pll1_clk[2] ; clock2       ; 1    ; 5   ; 10.0 MHz         ; 0 (0 ps)     ; 0.90 (250 ps)    ; 50/50      ; C2      ; 50            ; 25/25 Even ; --            ; 1       ; 0       ; pll1_inst|altpll_component|auto_generated|pll1|clk[2] ;
; pll1:pll1_inst|altpll:altpll_component|pll1_altpll1:auto_generated|wire_pll1_clk[3] ; clock3       ; 1    ; 1   ; 50.0 MHz         ; 0 (0 ps)     ; 4.50 (250 ps)    ; 50/50      ; C1      ; 10            ; 5/5 Even   ; --            ; 1       ; 0       ; pll1_inst|altpll_component|auto_generated|pll1|clk[3] ;
+-------------------------------------------------------------------------------------+--------------+------+-----+------------------+--------------+------------------+------------+---------+---------------+------------+---------------+---------+---------+-------------------------------------------------------+


+-------------------------------------------------------------------------------------------------------------------------------------------------------------------------------------------------------------------------------------------------------------------------------------------------------------------------------------------------------------------------------------------------------------------------------------------------------------------------------------------------------------------------------------------------------------------------------------------------------------------------------------------------------------------------+
; Fitter Resource Utilization by Entity                                                                                                                                                                                                                                                                                                                                                                                                                                                                                                                                                                                                                                   ;
+---------------------------------------------------------------------------------------------------------+-------------+---------------------------+---------------+-------------+------+--------------+---------+-----------+------+--------------+--------------+-------------------+------------------+------------------------------------------------------------------------------------------------------------------------------------------------------------------------------------------------------------------------------------------------------------------------------------------------------------------------------------------------+--------------+
; Compilation Hierarchy Node                                                                              ; Logic Cells ; Dedicated Logic Registers ; I/O Registers ; Memory Bits ; M9Ks ; DSP Elements ; DSP 9x9 ; DSP 18x18 ; Pins ; Virtual Pins ; LUT-Only LCs ; Register-Only LCs ; LUT/Register LCs ; Full Hierarchy Name                                                                                                                                                                                                                                                                                                                            ; Library Name ;
+---------------------------------------------------------------------------------------------------------+-------------+---------------------------+---------------+-------------+------+--------------+---------+-----------+------+--------------+--------------+-------------------+------------------+------------------------------------------------------------------------------------------------------------------------------------------------------------------------------------------------------------------------------------------------------------------------------------------------------------------------------------------------+--------------+
; |FMC_Demo                                                                                               ; 2031 (14)   ; 1714 (10)                 ; 0 (0)         ; 171916      ; 31   ; 26           ; 0       ; 13        ; 70   ; 0            ; 317 (4)      ; 476 (0)           ; 1238 (10)        ; |FMC_Demo                                                                                                                                                                                                                                                                                                                                      ; work         ;
;    |dac_control:dac_ctrl1_inst|                                                                         ; 10 (10)     ; 10 (10)                   ; 0 (0)         ; 0           ; 0    ; 0            ; 0       ; 0         ; 0    ; 0            ; 0 (0)        ; 0 (0)             ; 10 (10)          ; |FMC_Demo|dac_control:dac_ctrl1_inst                                                                                                                                                                                                                                                                                                           ; work         ;
;    |dac_control:dac_ctrl2_inst|                                                                         ; 10 (10)     ; 10 (10)                   ; 0 (0)         ; 0           ; 0    ; 0            ; 0       ; 0         ; 0    ; 0            ; 0 (0)        ; 0 (0)             ; 10 (10)          ; |FMC_Demo|dac_control:dac_ctrl2_inst                                                                                                                                                                                                                                                                                                           ; work         ;
;    |dds_core:dds1_inst|                                                                                 ; 32 (32)     ; 32 (32)                   ; 0 (0)         ; 0           ; 0    ; 0            ; 0       ; 0         ; 0    ; 0            ; 0 (0)        ; 0 (0)             ; 32 (32)          ; |FMC_Demo|dds_core:dds1_inst                                                                                                                                                                                                                                                                                                                   ; work         ;
;    |dds_core:dds2_inst|                                                                                 ; 32 (32)     ; 32 (32)                   ; 0 (0)         ; 0           ; 0    ; 0            ; 0       ; 0         ; 0    ; 0            ; 0 (0)        ; 0 (0)             ; 32 (32)          ; |FMC_Demo|dds_core:dds2_inst                                                                                                                                                                                                                                                                                                                   ; work         ;
;    |pll1:pll1_inst|                                                                                     ; 0 (0)       ; 0 (0)                     ; 0 (0)         ; 0           ; 0    ; 0            ; 0       ; 0         ; 0    ; 0            ; 0 (0)        ; 0 (0)             ; 0 (0)            ; |FMC_Demo|pll1:pll1_inst                                                                                                                                                                                                                                                                                                                       ; work         ;
;       |altpll:altpll_component|                                                                         ; 0 (0)       ; 0 (0)                     ; 0 (0)         ; 0           ; 0    ; 0            ; 0       ; 0         ; 0    ; 0            ; 0 (0)        ; 0 (0)             ; 0 (0)            ; |FMC_Demo|pll1:pll1_inst|altpll:altpll_component                                                                                                                                                                                                                                                                                               ; work         ;
;          |pll1_altpll1:auto_generated|                                                                  ; 0 (0)       ; 0 (0)                     ; 0 (0)         ; 0           ; 0    ; 0            ; 0       ; 0         ; 0    ; 0            ; 0 (0)        ; 0 (0)             ; 0 (0)            ; |FMC_Demo|pll1:pll1_inst|altpll:altpll_component|pll1_altpll1:auto_generated                                                                                                                                                                                                                                                                   ; work         ;
;    |ram_2port1:ram1_inst|                                                                               ; 0 (0)       ; 0 (0)                     ; 0 (0)         ; 16384       ; 2    ; 0            ; 0       ; 0         ; 0    ; 0            ; 0 (0)        ; 0 (0)             ; 0 (0)            ; |FMC_Demo|ram_2port1:ram1_inst                                                                                                                                                                                                                                                                                                                 ; work         ;
;       |altsyncram:mem_rtl_0|                                                                            ; 0 (0)       ; 0 (0)                     ; 0 (0)         ; 16384       ; 2    ; 0            ; 0       ; 0         ; 0    ; 0            ; 0 (0)        ; 0 (0)             ; 0 (0)            ; |FMC_Demo|ram_2port1:ram1_inst|altsyncram:mem_rtl_0                                                                                                                                                                                                                                                                                            ; work         ;
;          |altsyncram_fh02:auto_generated|                                                               ; 0 (0)       ; 0 (0)                     ; 0 (0)         ; 16384       ; 2    ; 0            ; 0       ; 0         ; 0    ; 0            ; 0 (0)        ; 0 (0)             ; 0 (0)            ; |FMC_Demo|ram_2port1:ram1_inst|altsyncram:mem_rtl_0|altsyncram_fh02:auto_generated                                                                                                                                                                                                                                                             ; work         ;
;    |ram_2port1:ram2_inst|                                                                               ; 0 (0)       ; 0 (0)                     ; 0 (0)         ; 16384       ; 2    ; 0            ; 0       ; 0         ; 0    ; 0            ; 0 (0)        ; 0 (0)             ; 0 (0)            ; |FMC_Demo|ram_2port1:ram2_inst                                                                                                                                                                                                                                                                                                                 ; work         ;
;       |altsyncram:mem_rtl_0|                                                                            ; 0 (0)       ; 0 (0)                     ; 0 (0)         ; 16384       ; 2    ; 0            ; 0       ; 0         ; 0    ; 0            ; 0 (0)        ; 0 (0)             ; 0 (0)            ; |FMC_Demo|ram_2port1:ram2_inst|altsyncram:mem_rtl_0                                                                                                                                                                                                                                                                                            ; work         ;
;          |altsyncram_fh02:auto_generated|                                                               ; 0 (0)       ; 0 (0)                     ; 0 (0)         ; 16384       ; 2    ; 0            ; 0       ; 0         ; 0    ; 0            ; 0 (0)        ; 0 (0)             ; 0 (0)            ; |FMC_Demo|ram_2port1:ram2_inst|altsyncram:mem_rtl_0|altsyncram_fh02:auto_generated                                                                                                                                                                                                                                                             ; work         ;
;    |sld_hub:auto_hub|                                                                                   ; 163 (1)     ; 100 (0)                   ; 0 (0)         ; 0           ; 0    ; 0            ; 0       ; 0         ; 0    ; 0            ; 63 (1)       ; 12 (0)            ; 88 (0)           ; |FMC_Demo|sld_hub:auto_hub                                                                                                                                                                                                                                                                                                                     ; work         ;
;       |alt_sld_fab:\instrumentation_fabric_with_node_gen:fabric_gen_new_way:instrumentation_fabric|     ; 162 (6)     ; 100 (5)                   ; 0 (0)         ; 0           ; 0    ; 0            ; 0       ; 0         ; 0    ; 0            ; 62 (1)       ; 12 (2)            ; 88 (0)           ; |FMC_Demo|sld_hub:auto_hub|alt_sld_fab:\instrumentation_fabric_with_node_gen:fabric_gen_new_way:instrumentation_fabric                                                                                                                                                                                                                         ; alt_sld_fab  ;
;          |alt_sld_fab_sldfabric:sldfabric|                                                              ; 159 (0)     ; 95 (0)                    ; 0 (0)         ; 0           ; 0    ; 0            ; 0       ; 0         ; 0    ; 0            ; 61 (0)       ; 10 (0)            ; 88 (0)           ; |FMC_Demo|sld_hub:auto_hub|alt_sld_fab:\instrumentation_fabric_with_node_gen:fabric_gen_new_way:instrumentation_fabric|alt_sld_fab_sldfabric:sldfabric                                                                                                                                                                                         ; alt_sld_fab  ;
;             |sld_jtag_hub:\jtag_hub_gen:real_sld_jtag_hub|                                              ; 159 (118)   ; 95 (67)                   ; 0 (0)         ; 0           ; 0    ; 0            ; 0       ; 0         ; 0    ; 0            ; 61 (48)      ; 10 (10)           ; 88 (62)          ; |FMC_Demo|sld_hub:auto_hub|alt_sld_fab:\instrumentation_fabric_with_node_gen:fabric_gen_new_way:instrumentation_fabric|alt_sld_fab_sldfabric:sldfabric|sld_jtag_hub:\jtag_hub_gen:real_sld_jtag_hub                                                                                                                                            ; work         ;
;                |sld_rom_sr:hub_info_reg|                                                                ; 21 (21)     ; 9 (9)                     ; 0 (0)         ; 0           ; 0    ; 0            ; 0       ; 0         ; 0    ; 0            ; 12 (12)      ; 0 (0)             ; 9 (9)            ; |FMC_Demo|sld_hub:auto_hub|alt_sld_fab:\instrumentation_fabric_with_node_gen:fabric_gen_new_way:instrumentation_fabric|alt_sld_fab_sldfabric:sldfabric|sld_jtag_hub:\jtag_hub_gen:real_sld_jtag_hub|sld_rom_sr:hub_info_reg                                                                                                                    ; work         ;
;                |sld_shadow_jsm:shadow_jsm|                                                              ; 20 (20)     ; 19 (19)                   ; 0 (0)         ; 0           ; 0    ; 0            ; 0       ; 0         ; 0    ; 0            ; 1 (1)        ; 0 (0)             ; 19 (19)          ; |FMC_Demo|sld_hub:auto_hub|alt_sld_fab:\instrumentation_fabric_with_node_gen:fabric_gen_new_way:instrumentation_fabric|alt_sld_fab_sldfabric:sldfabric|sld_jtag_hub:\jtag_hub_gen:real_sld_jtag_hub|sld_shadow_jsm:shadow_jsm                                                                                                                  ; work         ;
;    |sld_signaltap:auto_signaltap_0|                                                                     ; 559 (26)    ; 454 (24)                  ; 0 (0)         ; 6144        ; 1    ; 0            ; 0       ; 0         ; 0    ; 0            ; 105 (2)      ; 199 (24)          ; 255 (0)          ; |FMC_Demo|sld_signaltap:auto_signaltap_0                                                                                                                                                                                                                                                                                                       ; work         ;
;       |sld_signaltap_impl:sld_signaltap_body|                                                           ; 533 (0)     ; 430 (0)                   ; 0 (0)         ; 6144        ; 1    ; 0            ; 0       ; 0         ; 0    ; 0            ; 103 (0)      ; 175 (0)           ; 255 (0)          ; |FMC_Demo|sld_signaltap:auto_signaltap_0|sld_signaltap_impl:sld_signaltap_body                                                                                                                                                                                                                                                                 ; work         ;
;          |sld_signaltap_implb:sld_signaltap_body|                                                       ; 533 (158)   ; 430 (126)                 ; 0 (0)         ; 6144        ; 1    ; 0            ; 0       ; 0         ; 0    ; 0            ; 103 (32)     ; 175 (69)          ; 255 (57)         ; |FMC_Demo|sld_signaltap:auto_signaltap_0|sld_signaltap_impl:sld_signaltap_body|sld_signaltap_implb:sld_signaltap_body                                                                                                                                                                                                                          ; work         ;
;             |altdpram:\stp_non_zero_ram_gen:attribute_mem_gen:attribute_mem|                            ; 60 (58)     ; 58 (58)                   ; 0 (0)         ; 0           ; 0    ; 0            ; 0       ; 0         ; 0    ; 0            ; 1 (0)        ; 39 (39)           ; 20 (0)           ; |FMC_Demo|sld_signaltap:auto_signaltap_0|sld_signaltap_impl:sld_signaltap_body|sld_signaltap_implb:sld_signaltap_body|altdpram:\stp_non_zero_ram_gen:attribute_mem_gen:attribute_mem                                                                                                                                                           ; work         ;
;                |lpm_decode:wdecoder|                                                                    ; 2 (0)       ; 0 (0)                     ; 0 (0)         ; 0           ; 0    ; 0            ; 0       ; 0         ; 0    ; 0            ; 1 (0)        ; 0 (0)             ; 1 (0)            ; |FMC_Demo|sld_signaltap:auto_signaltap_0|sld_signaltap_impl:sld_signaltap_body|sld_signaltap_implb:sld_signaltap_body|altdpram:\stp_non_zero_ram_gen:attribute_mem_gen:attribute_mem|lpm_decode:wdecoder                                                                                                                                       ; work         ;
;                   |decode_dvf:auto_generated|                                                           ; 2 (2)       ; 0 (0)                     ; 0 (0)         ; 0           ; 0    ; 0            ; 0       ; 0         ; 0    ; 0            ; 1 (1)        ; 0 (0)             ; 1 (1)            ; |FMC_Demo|sld_signaltap:auto_signaltap_0|sld_signaltap_impl:sld_signaltap_body|sld_signaltap_implb:sld_signaltap_body|altdpram:\stp_non_zero_ram_gen:attribute_mem_gen:attribute_mem|lpm_decode:wdecoder|decode_dvf:auto_generated                                                                                                             ; work         ;
;                |lpm_mux:mux|                                                                            ; 19 (0)      ; 0 (0)                     ; 0 (0)         ; 0           ; 0    ; 0            ; 0       ; 0         ; 0    ; 0            ; 0 (0)        ; 0 (0)             ; 19 (0)           ; |FMC_Demo|sld_signaltap:auto_signaltap_0|sld_signaltap_impl:sld_signaltap_body|sld_signaltap_implb:sld_signaltap_body|altdpram:\stp_non_zero_ram_gen:attribute_mem_gen:attribute_mem|lpm_mux:mux                                                                                                                                               ; work         ;
;                   |mux_0tc:auto_generated|                                                              ; 19 (19)     ; 0 (0)                     ; 0 (0)         ; 0           ; 0    ; 0            ; 0       ; 0         ; 0    ; 0            ; 0 (0)        ; 0 (0)             ; 19 (19)          ; |FMC_Demo|sld_signaltap:auto_signaltap_0|sld_signaltap_impl:sld_signaltap_body|sld_signaltap_implb:sld_signaltap_body|altdpram:\stp_non_zero_ram_gen:attribute_mem_gen:attribute_mem|lpm_mux:mux|mux_0tc:auto_generated                                                                                                                        ; work         ;
;             |altsyncram:\stp_non_zero_ram_gen:stp_buffer_ram|                                           ; 0 (0)       ; 0 (0)                     ; 0 (0)         ; 6144        ; 1    ; 0            ; 0       ; 0         ; 0    ; 0            ; 0 (0)        ; 0 (0)             ; 0 (0)            ; |FMC_Demo|sld_signaltap:auto_signaltap_0|sld_signaltap_impl:sld_signaltap_body|sld_signaltap_implb:sld_signaltap_body|altsyncram:\stp_non_zero_ram_gen:stp_buffer_ram                                                                                                                                                                          ; work         ;
;                |altsyncram_au14:auto_generated|                                                         ; 0 (0)       ; 0 (0)                     ; 0 (0)         ; 6144        ; 1    ; 0            ; 0       ; 0         ; 0    ; 0            ; 0 (0)        ; 0 (0)             ; 0 (0)            ; |FMC_Demo|sld_signaltap:auto_signaltap_0|sld_signaltap_impl:sld_signaltap_body|sld_signaltap_implb:sld_signaltap_body|altsyncram:\stp_non_zero_ram_gen:stp_buffer_ram|altsyncram_au14:auto_generated                                                                                                                                           ; work         ;
;             |lpm_shiftreg:segment_offset_config_deserialize|                                            ; 9 (9)       ; 9 (9)                     ; 0 (0)         ; 0           ; 0    ; 0            ; 0       ; 0         ; 0    ; 0            ; 0 (0)        ; 9 (9)             ; 0 (0)            ; |FMC_Demo|sld_signaltap:auto_signaltap_0|sld_signaltap_impl:sld_signaltap_body|sld_signaltap_implb:sld_signaltap_body|lpm_shiftreg:segment_offset_config_deserialize                                                                                                                                                                           ; work         ;
;             |lpm_shiftreg:status_register|                                                              ; 18 (18)     ; 17 (17)                   ; 0 (0)         ; 0           ; 0    ; 0            ; 0       ; 0         ; 0    ; 0            ; 1 (1)        ; 0 (0)             ; 17 (17)          ; |FMC_Demo|sld_signaltap:auto_signaltap_0|sld_signaltap_impl:sld_signaltap_body|sld_signaltap_implb:sld_signaltap_body|lpm_shiftreg:status_register                                                                                                                                                                                             ; work         ;
;             |serial_crc_16:\tdo_crc_gen:tdo_crc_calc|                                                   ; 14 (14)     ; 13 (13)                   ; 0 (0)         ; 0           ; 0    ; 0            ; 0       ; 0         ; 0    ; 0            ; 1 (1)        ; 0 (0)             ; 13 (13)          ; |FMC_Demo|sld_signaltap:auto_signaltap_0|sld_signaltap_impl:sld_signaltap_body|sld_signaltap_implb:sld_signaltap_body|serial_crc_16:\tdo_crc_gen:tdo_crc_calc                                                                                                                                                                                  ; work         ;
;             |sld_buffer_manager:sld_buffer_manager_inst|                                                ; 82 (82)     ; 54 (54)                   ; 0 (0)         ; 0           ; 0    ; 0            ; 0       ; 0         ; 0    ; 0            ; 25 (25)      ; 9 (9)             ; 48 (48)          ; |FMC_Demo|sld_signaltap:auto_signaltap_0|sld_signaltap_impl:sld_signaltap_body|sld_signaltap_implb:sld_signaltap_body|sld_buffer_manager:sld_buffer_manager_inst                                                                                                                                                                               ; work         ;
;             |sld_ela_control:ela_control|                                                               ; 80 (1)      ; 76 (1)                    ; 0 (0)         ; 0           ; 0    ; 0            ; 0       ; 0         ; 0    ; 0            ; 4 (0)        ; 49 (0)            ; 27 (1)           ; |FMC_Demo|sld_signaltap:auto_signaltap_0|sld_signaltap_impl:sld_signaltap_body|sld_signaltap_implb:sld_signaltap_body|sld_ela_control:ela_control                                                                                                                                                                                              ; work         ;
;                |lpm_shiftreg:trigger_config_deserialize|                                                ; 4 (4)       ; 4 (4)                     ; 0 (0)         ; 0           ; 0    ; 0            ; 0       ; 0         ; 0    ; 0            ; 0 (0)        ; 4 (4)             ; 0 (0)            ; |FMC_Demo|sld_signaltap:auto_signaltap_0|sld_signaltap_impl:sld_signaltap_body|sld_signaltap_implb:sld_signaltap_body|sld_ela_control:ela_control|lpm_shiftreg:trigger_config_deserialize                                                                                                                                                      ; work         ;
;                |sld_ela_basic_multi_level_trigger:\basic_multi_level_mbpm_trigger_gen:multi_level_mbpm| ; 60 (0)      ; 60 (0)                    ; 0 (0)         ; 0           ; 0    ; 0            ; 0       ; 0         ; 0    ; 0            ; 0 (0)        ; 36 (0)            ; 24 (0)           ; |FMC_Demo|sld_signaltap:auto_signaltap_0|sld_signaltap_impl:sld_signaltap_body|sld_signaltap_implb:sld_signaltap_body|sld_ela_control:ela_control|sld_ela_basic_multi_level_trigger:\basic_multi_level_mbpm_trigger_gen:multi_level_mbpm                                                                                                       ; work         ;
;                   |lpm_shiftreg:trigger_condition_deserialize|                                          ; 36 (36)     ; 36 (36)                   ; 0 (0)         ; 0           ; 0    ; 0            ; 0       ; 0         ; 0    ; 0            ; 0 (0)        ; 24 (24)           ; 12 (12)          ; |FMC_Demo|sld_signaltap:auto_signaltap_0|sld_signaltap_impl:sld_signaltap_body|sld_signaltap_implb:sld_signaltap_body|sld_ela_control:ela_control|sld_ela_basic_multi_level_trigger:\basic_multi_level_mbpm_trigger_gen:multi_level_mbpm|lpm_shiftreg:trigger_condition_deserialize                                                            ; work         ;
;                   |sld_mbpmg:\trigger_modules_gen:0:trigger_match|                                      ; 36 (0)      ; 24 (0)                    ; 0 (0)         ; 0           ; 0    ; 0            ; 0       ; 0         ; 0    ; 0            ; 0 (0)        ; 12 (0)            ; 24 (0)           ; |FMC_Demo|sld_signaltap:auto_signaltap_0|sld_signaltap_impl:sld_signaltap_body|sld_signaltap_implb:sld_signaltap_body|sld_ela_control:ela_control|sld_ela_basic_multi_level_trigger:\basic_multi_level_mbpm_trigger_gen:multi_level_mbpm|sld_mbpmg:\trigger_modules_gen:0:trigger_match                                                        ; work         ;
;                      |sld_sbpmg:\gen_sbpmg_pipeline_less_than_two:sm0:0:sm1|                            ; 3 (3)       ; 2 (2)                     ; 0 (0)         ; 0           ; 0    ; 0            ; 0       ; 0         ; 0    ; 0            ; 0 (0)        ; 1 (1)             ; 2 (2)            ; |FMC_Demo|sld_signaltap:auto_signaltap_0|sld_signaltap_impl:sld_signaltap_body|sld_signaltap_implb:sld_signaltap_body|sld_ela_control:ela_control|sld_ela_basic_multi_level_trigger:\basic_multi_level_mbpm_trigger_gen:multi_level_mbpm|sld_mbpmg:\trigger_modules_gen:0:trigger_match|sld_sbpmg:\gen_sbpmg_pipeline_less_than_two:sm0:0:sm1  ; work         ;
;                      |sld_sbpmg:\gen_sbpmg_pipeline_less_than_two:sm0:10:sm1|                           ; 3 (3)       ; 2 (2)                     ; 0 (0)         ; 0           ; 0    ; 0            ; 0       ; 0         ; 0    ; 0            ; 0 (0)        ; 1 (1)             ; 2 (2)            ; |FMC_Demo|sld_signaltap:auto_signaltap_0|sld_signaltap_impl:sld_signaltap_body|sld_signaltap_implb:sld_signaltap_body|sld_ela_control:ela_control|sld_ela_basic_multi_level_trigger:\basic_multi_level_mbpm_trigger_gen:multi_level_mbpm|sld_mbpmg:\trigger_modules_gen:0:trigger_match|sld_sbpmg:\gen_sbpmg_pipeline_less_than_two:sm0:10:sm1 ; work         ;
;                      |sld_sbpmg:\gen_sbpmg_pipeline_less_than_two:sm0:11:sm1|                           ; 3 (3)       ; 2 (2)                     ; 0 (0)         ; 0           ; 0    ; 0            ; 0       ; 0         ; 0    ; 0            ; 0 (0)        ; 1 (1)             ; 2 (2)            ; |FMC_Demo|sld_signaltap:auto_signaltap_0|sld_signaltap_impl:sld_signaltap_body|sld_signaltap_implb:sld_signaltap_body|sld_ela_control:ela_control|sld_ela_basic_multi_level_trigger:\basic_multi_level_mbpm_trigger_gen:multi_level_mbpm|sld_mbpmg:\trigger_modules_gen:0:trigger_match|sld_sbpmg:\gen_sbpmg_pipeline_less_than_two:sm0:11:sm1 ; work         ;
;                      |sld_sbpmg:\gen_sbpmg_pipeline_less_than_two:sm0:1:sm1|                            ; 3 (3)       ; 2 (2)                     ; 0 (0)         ; 0           ; 0    ; 0            ; 0       ; 0         ; 0    ; 0            ; 0 (0)        ; 1 (1)             ; 2 (2)            ; |FMC_Demo|sld_signaltap:auto_signaltap_0|sld_signaltap_impl:sld_signaltap_body|sld_signaltap_implb:sld_signaltap_body|sld_ela_control:ela_control|sld_ela_basic_multi_level_trigger:\basic_multi_level_mbpm_trigger_gen:multi_level_mbpm|sld_mbpmg:\trigger_modules_gen:0:trigger_match|sld_sbpmg:\gen_sbpmg_pipeline_less_than_two:sm0:1:sm1  ; work         ;
;                      |sld_sbpmg:\gen_sbpmg_pipeline_less_than_two:sm0:2:sm1|                            ; 3 (3)       ; 2 (2)                     ; 0 (0)         ; 0           ; 0    ; 0            ; 0       ; 0         ; 0    ; 0            ; 0 (0)        ; 1 (1)             ; 2 (2)            ; |FMC_Demo|sld_signaltap:auto_signaltap_0|sld_signaltap_impl:sld_signaltap_body|sld_signaltap_implb:sld_signaltap_body|sld_ela_control:ela_control|sld_ela_basic_multi_level_trigger:\basic_multi_level_mbpm_trigger_gen:multi_level_mbpm|sld_mbpmg:\trigger_modules_gen:0:trigger_match|sld_sbpmg:\gen_sbpmg_pipeline_less_than_two:sm0:2:sm1  ; work         ;
;                      |sld_sbpmg:\gen_sbpmg_pipeline_less_than_two:sm0:3:sm1|                            ; 3 (3)       ; 2 (2)                     ; 0 (0)         ; 0           ; 0    ; 0            ; 0       ; 0         ; 0    ; 0            ; 0 (0)        ; 1 (1)             ; 2 (2)            ; |FMC_Demo|sld_signaltap:auto_signaltap_0|sld_signaltap_impl:sld_signaltap_body|sld_signaltap_implb:sld_signaltap_body|sld_ela_control:ela_control|sld_ela_basic_multi_level_trigger:\basic_multi_level_mbpm_trigger_gen:multi_level_mbpm|sld_mbpmg:\trigger_modules_gen:0:trigger_match|sld_sbpmg:\gen_sbpmg_pipeline_less_than_two:sm0:3:sm1  ; work         ;
;                      |sld_sbpmg:\gen_sbpmg_pipeline_less_than_two:sm0:4:sm1|                            ; 3 (3)       ; 2 (2)                     ; 0 (0)         ; 0           ; 0    ; 0            ; 0       ; 0         ; 0    ; 0            ; 0 (0)        ; 1 (1)             ; 2 (2)            ; |FMC_Demo|sld_signaltap:auto_signaltap_0|sld_signaltap_impl:sld_signaltap_body|sld_signaltap_implb:sld_signaltap_body|sld_ela_control:ela_control|sld_ela_basic_multi_level_trigger:\basic_multi_level_mbpm_trigger_gen:multi_level_mbpm|sld_mbpmg:\trigger_modules_gen:0:trigger_match|sld_sbpmg:\gen_sbpmg_pipeline_less_than_two:sm0:4:sm1  ; work         ;
;                      |sld_sbpmg:\gen_sbpmg_pipeline_less_than_two:sm0:5:sm1|                            ; 3 (3)       ; 2 (2)                     ; 0 (0)         ; 0           ; 0    ; 0            ; 0       ; 0         ; 0    ; 0            ; 0 (0)        ; 1 (1)             ; 2 (2)            ; |FMC_Demo|sld_signaltap:auto_signaltap_0|sld_signaltap_impl:sld_signaltap_body|sld_signaltap_implb:sld_signaltap_body|sld_ela_control:ela_control|sld_ela_basic_multi_level_trigger:\basic_multi_level_mbpm_trigger_gen:multi_level_mbpm|sld_mbpmg:\trigger_modules_gen:0:trigger_match|sld_sbpmg:\gen_sbpmg_pipeline_less_than_two:sm0:5:sm1  ; work         ;
;                      |sld_sbpmg:\gen_sbpmg_pipeline_less_than_two:sm0:6:sm1|                            ; 3 (3)       ; 2 (2)                     ; 0 (0)         ; 0           ; 0    ; 0            ; 0       ; 0         ; 0    ; 0            ; 0 (0)        ; 1 (1)             ; 2 (2)            ; |FMC_Demo|sld_signaltap:auto_signaltap_0|sld_signaltap_impl:sld_signaltap_body|sld_signaltap_implb:sld_signaltap_body|sld_ela_control:ela_control|sld_ela_basic_multi_level_trigger:\basic_multi_level_mbpm_trigger_gen:multi_level_mbpm|sld_mbpmg:\trigger_modules_gen:0:trigger_match|sld_sbpmg:\gen_sbpmg_pipeline_less_than_two:sm0:6:sm1  ; work         ;
;                      |sld_sbpmg:\gen_sbpmg_pipeline_less_than_two:sm0:7:sm1|                            ; 3 (3)       ; 2 (2)                     ; 0 (0)         ; 0           ; 0    ; 0            ; 0       ; 0         ; 0    ; 0            ; 0 (0)        ; 1 (1)             ; 2 (2)            ; |FMC_Demo|sld_signaltap:auto_signaltap_0|sld_signaltap_impl:sld_signaltap_body|sld_signaltap_implb:sld_signaltap_body|sld_ela_control:ela_control|sld_ela_basic_multi_level_trigger:\basic_multi_level_mbpm_trigger_gen:multi_level_mbpm|sld_mbpmg:\trigger_modules_gen:0:trigger_match|sld_sbpmg:\gen_sbpmg_pipeline_less_than_two:sm0:7:sm1  ; work         ;
;                      |sld_sbpmg:\gen_sbpmg_pipeline_less_than_two:sm0:8:sm1|                            ; 3 (3)       ; 2 (2)                     ; 0 (0)         ; 0           ; 0    ; 0            ; 0       ; 0         ; 0    ; 0            ; 0 (0)        ; 1 (1)             ; 2 (2)            ; |FMC_Demo|sld_signaltap:auto_signaltap_0|sld_signaltap_impl:sld_signaltap_body|sld_signaltap_implb:sld_signaltap_body|sld_ela_control:ela_control|sld_ela_basic_multi_level_trigger:\basic_multi_level_mbpm_trigger_gen:multi_level_mbpm|sld_mbpmg:\trigger_modules_gen:0:trigger_match|sld_sbpmg:\gen_sbpmg_pipeline_less_than_two:sm0:8:sm1  ; work         ;
;                      |sld_sbpmg:\gen_sbpmg_pipeline_less_than_two:sm0:9:sm1|                            ; 3 (3)       ; 2 (2)                     ; 0 (0)         ; 0           ; 0    ; 0            ; 0       ; 0         ; 0    ; 0            ; 0 (0)        ; 1 (1)             ; 2 (2)            ; |FMC_Demo|sld_signaltap:auto_signaltap_0|sld_signaltap_impl:sld_signaltap_body|sld_signaltap_implb:sld_signaltap_body|sld_ela_control:ela_control|sld_ela_basic_multi_level_trigger:\basic_multi_level_mbpm_trigger_gen:multi_level_mbpm|sld_mbpmg:\trigger_modules_gen:0:trigger_match|sld_sbpmg:\gen_sbpmg_pipeline_less_than_two:sm0:9:sm1  ; work         ;
;                |sld_ela_trigger_flow_mgr:\builtin:ela_trigger_flow_mgr_entity|                          ; 15 (5)      ; 11 (1)                    ; 0 (0)         ; 0           ; 0    ; 0            ; 0       ; 0         ; 0    ; 0            ; 4 (4)        ; 9 (0)             ; 2 (1)            ; |FMC_Demo|sld_signaltap:auto_signaltap_0|sld_signaltap_impl:sld_signaltap_body|sld_signaltap_implb:sld_signaltap_body|sld_ela_control:ela_control|sld_ela_trigger_flow_mgr:\builtin:ela_trigger_flow_mgr_entity                                                                                                                                ; work         ;
;                   |lpm_shiftreg:trigger_config_deserialize|                                             ; 10 (10)     ; 10 (10)                   ; 0 (0)         ; 0           ; 0    ; 0            ; 0       ; 0         ; 0    ; 0            ; 0 (0)        ; 9 (9)             ; 1 (1)            ; |FMC_Demo|sld_signaltap:auto_signaltap_0|sld_signaltap_impl:sld_signaltap_body|sld_signaltap_implb:sld_signaltap_body|sld_ela_control:ela_control|sld_ela_trigger_flow_mgr:\builtin:ela_trigger_flow_mgr_entity|lpm_shiftreg:trigger_config_deserialize                                                                                        ; work         ;
;             |sld_offload_buffer_mgr:\stp_non_zero_depth_offload_gen:stp_offload_buff_mgr_inst|          ; 86 (9)      ; 69 (0)                    ; 0 (0)         ; 0           ; 0    ; 0            ; 0       ; 0         ; 0    ; 0            ; 17 (9)       ; 0 (0)             ; 69 (0)           ; |FMC_Demo|sld_signaltap:auto_signaltap_0|sld_signaltap_impl:sld_signaltap_body|sld_signaltap_implb:sld_signaltap_body|sld_offload_buffer_mgr:\stp_non_zero_depth_offload_gen:stp_offload_buff_mgr_inst                                                                                                                                         ; work         ;
;                |lpm_counter:\adv_point_3_and_more:advance_pointer_counter|                              ; 6 (0)       ; 4 (0)                     ; 0 (0)         ; 0           ; 0    ; 0            ; 0       ; 0         ; 0    ; 0            ; 2 (0)        ; 0 (0)             ; 4 (0)            ; |FMC_Demo|sld_signaltap:auto_signaltap_0|sld_signaltap_impl:sld_signaltap_body|sld_signaltap_implb:sld_signaltap_body|sld_offload_buffer_mgr:\stp_non_zero_depth_offload_gen:stp_offload_buff_mgr_inst|lpm_counter:\adv_point_3_and_more:advance_pointer_counter                                                                               ; work         ;
;                   |cntr_bgi:auto_generated|                                                             ; 6 (6)       ; 4 (4)                     ; 0 (0)         ; 0           ; 0    ; 0            ; 0       ; 0         ; 0    ; 0            ; 2 (2)        ; 0 (0)             ; 4 (4)            ; |FMC_Demo|sld_signaltap:auto_signaltap_0|sld_signaltap_impl:sld_signaltap_body|sld_signaltap_implb:sld_signaltap_body|sld_offload_buffer_mgr:\stp_non_zero_depth_offload_gen:stp_offload_buff_mgr_inst|lpm_counter:\adv_point_3_and_more:advance_pointer_counter|cntr_bgi:auto_generated                                                       ; work         ;
;                |lpm_counter:read_pointer_counter|                                                       ; 9 (0)       ; 9 (0)                     ; 0 (0)         ; 0           ; 0    ; 0            ; 0       ; 0         ; 0    ; 0            ; 0 (0)        ; 0 (0)             ; 9 (0)            ; |FMC_Demo|sld_signaltap:auto_signaltap_0|sld_signaltap_impl:sld_signaltap_body|sld_signaltap_implb:sld_signaltap_body|sld_offload_buffer_mgr:\stp_non_zero_depth_offload_gen:stp_offload_buff_mgr_inst|lpm_counter:read_pointer_counter                                                                                                        ; work         ;
;                   |cntr_h6j:auto_generated|                                                             ; 9 (9)       ; 9 (9)                     ; 0 (0)         ; 0           ; 0    ; 0            ; 0       ; 0         ; 0    ; 0            ; 0 (0)        ; 0 (0)             ; 9 (9)            ; |FMC_Demo|sld_signaltap:auto_signaltap_0|sld_signaltap_impl:sld_signaltap_body|sld_signaltap_implb:sld_signaltap_body|sld_offload_buffer_mgr:\stp_non_zero_depth_offload_gen:stp_offload_buff_mgr_inst|lpm_counter:read_pointer_counter|cntr_h6j:auto_generated                                                                                ; work         ;
;                |lpm_counter:status_advance_pointer_counter|                                             ; 7 (0)       ; 5 (0)                     ; 0 (0)         ; 0           ; 0    ; 0            ; 0       ; 0         ; 0    ; 0            ; 2 (0)        ; 0 (0)             ; 5 (0)            ; |FMC_Demo|sld_signaltap:auto_signaltap_0|sld_signaltap_impl:sld_signaltap_body|sld_signaltap_implb:sld_signaltap_body|sld_offload_buffer_mgr:\stp_non_zero_depth_offload_gen:stp_offload_buff_mgr_inst|lpm_counter:status_advance_pointer_counter                                                                                              ; work         ;
;                   |cntr_jgi:auto_generated|                                                             ; 7 (7)       ; 5 (5)                     ; 0 (0)         ; 0           ; 0    ; 0            ; 0       ; 0         ; 0    ; 0            ; 2 (2)        ; 0 (0)             ; 5 (5)            ; |FMC_Demo|sld_signaltap:auto_signaltap_0|sld_signaltap_impl:sld_signaltap_body|sld_signaltap_implb:sld_signaltap_body|sld_offload_buffer_mgr:\stp_non_zero_depth_offload_gen:stp_offload_buff_mgr_inst|lpm_counter:status_advance_pointer_counter|cntr_jgi:auto_generated                                                                      ; work         ;
;                |lpm_counter:status_read_pointer_counter|                                                ; 3 (0)       ; 1 (0)                     ; 0 (0)         ; 0           ; 0    ; 0            ; 0       ; 0         ; 0    ; 0            ; 2 (0)        ; 0 (0)             ; 1 (0)            ; |FMC_Demo|sld_signaltap:auto_signaltap_0|sld_signaltap_impl:sld_signaltap_body|sld_signaltap_implb:sld_signaltap_body|sld_offload_buffer_mgr:\stp_non_zero_depth_offload_gen:stp_offload_buff_mgr_inst|lpm_counter:status_read_pointer_counter                                                                                                 ; work         ;
;                   |cntr_23j:auto_generated|                                                             ; 3 (3)       ; 1 (1)                     ; 0 (0)         ; 0           ; 0    ; 0            ; 0       ; 0         ; 0    ; 0            ; 2 (2)        ; 0 (0)             ; 1 (1)            ; |FMC_Demo|sld_signaltap:auto_signaltap_0|sld_signaltap_impl:sld_signaltap_body|sld_signaltap_implb:sld_signaltap_body|sld_offload_buffer_mgr:\stp_non_zero_depth_offload_gen:stp_offload_buff_mgr_inst|lpm_counter:status_read_pointer_counter|cntr_23j:auto_generated                                                                         ; work         ;
;                |lpm_shiftreg:info_data_shift_out|                                                       ; 20 (20)     ; 19 (19)                   ; 0 (0)         ; 0           ; 0    ; 0            ; 0       ; 0         ; 0    ; 0            ; 1 (1)        ; 0 (0)             ; 19 (19)          ; |FMC_Demo|sld_signaltap:auto_signaltap_0|sld_signaltap_impl:sld_signaltap_body|sld_signaltap_implb:sld_signaltap_body|sld_offload_buffer_mgr:\stp_non_zero_depth_offload_gen:stp_offload_buff_mgr_inst|lpm_shiftreg:info_data_shift_out                                                                                                        ; work         ;
;                |lpm_shiftreg:ram_data_shift_out|                                                        ; 12 (12)     ; 12 (12)                   ; 0 (0)         ; 0           ; 0    ; 0            ; 0       ; 0         ; 0    ; 0            ; 0 (0)        ; 0 (0)             ; 12 (12)          ; |FMC_Demo|sld_signaltap:auto_signaltap_0|sld_signaltap_impl:sld_signaltap_body|sld_signaltap_implb:sld_signaltap_body|sld_offload_buffer_mgr:\stp_non_zero_depth_offload_gen:stp_offload_buff_mgr_inst|lpm_shiftreg:ram_data_shift_out                                                                                                         ; work         ;
;                |lpm_shiftreg:status_data_shift_out|                                                     ; 20 (20)     ; 19 (19)                   ; 0 (0)         ; 0           ; 0    ; 0            ; 0       ; 0         ; 0    ; 0            ; 1 (1)        ; 0 (0)             ; 19 (19)          ; |FMC_Demo|sld_signaltap:auto_signaltap_0|sld_signaltap_impl:sld_signaltap_body|sld_signaltap_implb:sld_signaltap_body|sld_offload_buffer_mgr:\stp_non_zero_depth_offload_gen:stp_offload_buff_mgr_inst|lpm_shiftreg:status_data_shift_out                                                                                                      ; work         ;
;             |sld_rom_sr:crc_rom_sr|                                                                     ; 30 (30)     ; 8 (8)                     ; 0 (0)         ; 0           ; 0    ; 0            ; 0       ; 0         ; 0    ; 0            ; 22 (22)      ; 0 (0)             ; 8 (8)            ; |FMC_Demo|sld_signaltap:auto_signaltap_0|sld_signaltap_impl:sld_signaltap_body|sld_signaltap_implb:sld_signaltap_body|sld_rom_sr:crc_rom_sr                                                                                                                                                                                                    ; work         ;
;    |stm32_fmc_16bit:fmc_inst|                                                                           ; 1211 (420)  ; 1066 (301)                ; 0 (0)         ; 133004      ; 26   ; 26           ; 0       ; 13        ; 0    ; 0            ; 145 (119)    ; 265 (144)         ; 801 (159)        ; |FMC_Demo|stm32_fmc_16bit:fmc_inst                                                                                                                                                                                                                                                                                                             ; work         ;
;       |FIR1:u_fir|                                                                                      ; 791 (0)     ; 765 (0)                   ; 0 (0)         ; 1932        ; 10   ; 26           ; 0       ; 13        ; 0    ; 0            ; 26 (0)       ; 121 (0)           ; 644 (0)          ; |FMC_Demo|stm32_fmc_16bit:fmc_inst|FIR1:u_fir                                                                                                                                                                                                                                                                                                  ; FIR1         ;
;          |FIR1_0002:fir1_inst|                                                                          ; 791 (0)     ; 765 (0)                   ; 0 (0)         ; 1932        ; 10   ; 26           ; 0       ; 13        ; 0    ; 0            ; 26 (0)       ; 121 (0)           ; 644 (0)          ; |FMC_Demo|stm32_fmc_16bit:fmc_inst|FIR1:u_fir|FIR1_0002:fir1_inst                                                                                                                                                                                                                                                                              ; fir1         ;
;             |FIR1_0002_ast:FIR1_0002_ast_inst|                                                          ; 791 (0)     ; 765 (0)                   ; 0 (0)         ; 1932        ; 10   ; 26           ; 0       ; 13        ; 0    ; 0            ; 26 (0)       ; 121 (0)           ; 644 (0)          ; |FMC_Demo|stm32_fmc_16bit:fmc_inst|FIR1:u_fir|FIR1_0002:fir1_inst|FIR1_0002_ast:FIR1_0002_ast_inst                                                                                                                                                                                                                                             ; fir1         ;
;                |FIR1_0002_rtl:hpfircore|                                                                ; 774 (673)   ; 748 (647)                 ; 0 (0)         ; 1932        ; 10   ; 26           ; 0       ; 13        ; 0    ; 0            ; 26 (26)      ; 105 (10)          ; 643 (641)        ; |FMC_Demo|stm32_fmc_16bit:fmc_inst|FIR1:u_fir|FIR1_0002:fir1_inst|FIR1_0002_ast:FIR1_0002_ast_inst|FIR1_0002_rtl:hpfircore                                                                                                                                                                                                                     ; fir1         ;
;                   |altsyncram:u0_m0_wo0_wi0_delayr0_dmem|                                               ; 0 (0)       ; 0 (0)                     ; 0 (0)         ; 60          ; 1    ; 0            ; 0       ; 0         ; 0    ; 0            ; 0 (0)        ; 0 (0)             ; 0 (0)            ; |FMC_Demo|stm32_fmc_16bit:fmc_inst|FIR1:u_fir|FIR1_0002:fir1_inst|FIR1_0002_ast:FIR1_0002_ast_inst|FIR1_0002_rtl:hpfircore|altsyncram:u0_m0_wo0_wi0_delayr0_dmem                                                                                                                                                                               ; work         ;
;                      |altsyncram_a2o3:auto_generated|                                                   ; 0 (0)       ; 0 (0)                     ; 0 (0)         ; 60          ; 1    ; 0            ; 0       ; 0         ; 0    ; 0            ; 0 (0)        ; 0 (0)             ; 0 (0)            ; |FMC_Demo|stm32_fmc_16bit:fmc_inst|FIR1:u_fir|FIR1_0002:fir1_inst|FIR1_0002_ast:FIR1_0002_ast_inst|FIR1_0002_rtl:hpfircore|altsyncram:u0_m0_wo0_wi0_delayr0_dmem|altsyncram_a2o3:auto_generated                                                                                                                                                ; work         ;
;                   |altsyncram:u0_m0_wo0_wi0_delayr10_dmem|                                              ; 0 (0)       ; 0 (0)                     ; 0 (0)         ; 180         ; 1    ; 0            ; 0       ; 0         ; 0    ; 0            ; 0 (0)        ; 0 (0)             ; 0 (0)            ; |FMC_Demo|stm32_fmc_16bit:fmc_inst|FIR1:u_fir|FIR1_0002:fir1_inst|FIR1_0002_ast:FIR1_0002_ast_inst|FIR1_0002_rtl:hpfircore|altsyncram:u0_m0_wo0_wi0_delayr10_dmem                                                                                                                                                                              ; work         ;
;                      |altsyncram_m2o3:auto_generated|                                                   ; 0 (0)       ; 0 (0)                     ; 0 (0)         ; 180         ; 1    ; 0            ; 0       ; 0         ; 0    ; 0            ; 0 (0)        ; 0 (0)             ; 0 (0)            ; |FMC_Demo|stm32_fmc_16bit:fmc_inst|FIR1:u_fir|FIR1_0002:fir1_inst|FIR1_0002_ast:FIR1_0002_ast_inst|FIR1_0002_rtl:hpfircore|altsyncram:u0_m0_wo0_wi0_delayr10_dmem|altsyncram_m2o3:auto_generated                                                                                                                                               ; work         ;
;                   |altsyncram:u0_m0_wo0_wi0_delayr14_dmem|                                              ; 0 (0)       ; 0 (0)                     ; 0 (0)         ; 96          ; 1    ; 0            ; 0       ; 0         ; 0    ; 0            ; 0 (0)        ; 0 (0)             ; 0 (0)            ; |FMC_Demo|stm32_fmc_16bit:fmc_inst|FIR1:u_fir|FIR1_0002:fir1_inst|FIR1_0002_ast:FIR1_0002_ast_inst|FIR1_0002_rtl:hpfircore|altsyncram:u0_m0_wo0_wi0_delayr14_dmem                                                                                                                                                                              ; work         ;
;                      |altsyncram_g2o3:auto_generated|                                                   ; 0 (0)       ; 0 (0)                     ; 0 (0)         ; 96          ; 1    ; 0            ; 0       ; 0         ; 0    ; 0            ; 0 (0)        ; 0 (0)             ; 0 (0)            ; |FMC_Demo|stm32_fmc_16bit:fmc_inst|FIR1:u_fir|FIR1_0002:fir1_inst|FIR1_0002_ast:FIR1_0002_ast_inst|FIR1_0002_rtl:hpfircore|altsyncram:u0_m0_wo0_wi0_delayr14_dmem|altsyncram_g2o3:auto_generated                                                                                                                                               ; work         ;
;                   |altsyncram:u0_m0_wo0_wi0_delayr15_dmem|                                              ; 0 (0)       ; 0 (0)                     ; 0 (0)         ; 288         ; 1    ; 0            ; 0       ; 0         ; 0    ; 0            ; 0 (0)        ; 0 (0)             ; 0 (0)            ; |FMC_Demo|stm32_fmc_16bit:fmc_inst|FIR1:u_fir|FIR1_0002:fir1_inst|FIR1_0002_ast:FIR1_0002_ast_inst|FIR1_0002_rtl:hpfircore|altsyncram:u0_m0_wo0_wi0_delayr15_dmem                                                                                                                                                                              ; work         ;
;                      |altsyncram_s2o3:auto_generated|                                                   ; 0 (0)       ; 0 (0)                     ; 0 (0)         ; 288         ; 1    ; 0            ; 0       ; 0         ; 0    ; 0            ; 0 (0)        ; 0 (0)             ; 0 (0)            ; |FMC_Demo|stm32_fmc_16bit:fmc_inst|FIR1:u_fir|FIR1_0002:fir1_inst|FIR1_0002_ast:FIR1_0002_ast_inst|FIR1_0002_rtl:hpfircore|altsyncram:u0_m0_wo0_wi0_delayr15_dmem|altsyncram_s2o3:auto_generated                                                                                                                                               ; work         ;
;                   |altsyncram:u0_m0_wo0_wi0_delayr18_dmem|                                              ; 0 (0)       ; 0 (0)                     ; 0 (0)         ; 288         ; 1    ; 0            ; 0       ; 0         ; 0    ; 0            ; 0 (0)        ; 0 (0)             ; 0 (0)            ; |FMC_Demo|stm32_fmc_16bit:fmc_inst|FIR1:u_fir|FIR1_0002:fir1_inst|FIR1_0002_ast:FIR1_0002_ast_inst|FIR1_0002_rtl:hpfircore|altsyncram:u0_m0_wo0_wi0_delayr18_dmem                                                                                                                                                                              ; work         ;
;                      |altsyncram_s2o3:auto_generated|                                                   ; 0 (0)       ; 0 (0)                     ; 0 (0)         ; 288         ; 1    ; 0            ; 0       ; 0         ; 0    ; 0            ; 0 (0)        ; 0 (0)             ; 0 (0)            ; |FMC_Demo|stm32_fmc_16bit:fmc_inst|FIR1:u_fir|FIR1_0002:fir1_inst|FIR1_0002_ast:FIR1_0002_ast_inst|FIR1_0002_rtl:hpfircore|altsyncram:u0_m0_wo0_wi0_delayr18_dmem|altsyncram_s2o3:auto_generated                                                                                                                                               ; work         ;
;                   |altsyncram:u0_m0_wo0_wi0_delayr1_dmem|                                               ; 0 (0)       ; 0 (0)                     ; 0 (0)         ; 180         ; 1    ; 0            ; 0       ; 0         ; 0    ; 0            ; 0 (0)        ; 0 (0)             ; 0 (0)            ; |FMC_Demo|stm32_fmc_16bit:fmc_inst|FIR1:u_fir|FIR1_0002:fir1_inst|FIR1_0002_ast:FIR1_0002_ast_inst|FIR1_0002_rtl:hpfircore|altsyncram:u0_m0_wo0_wi0_delayr1_dmem                                                                                                                                                                               ; work         ;
;                      |altsyncram_m2o3:auto_generated|                                                   ; 0 (0)       ; 0 (0)                     ; 0 (0)         ; 180         ; 1    ; 0            ; 0       ; 0         ; 0    ; 0            ; 0 (0)        ; 0 (0)             ; 0 (0)            ; |FMC_Demo|stm32_fmc_16bit:fmc_inst|FIR1:u_fir|FIR1_0002:fir1_inst|FIR1_0002_ast:FIR1_0002_ast_inst|FIR1_0002_rtl:hpfircore|altsyncram:u0_m0_wo0_wi0_delayr1_dmem|altsyncram_m2o3:auto_generated                                                                                                                                                ; work         ;
;                   |altsyncram:u0_m0_wo0_wi0_delayr21_dmem|                                              ; 0 (0)       ; 0 (0)                     ; 0 (0)         ; 288         ; 2    ; 0            ; 0       ; 0         ; 0    ; 0            ; 0 (0)        ; 0 (0)             ; 0 (0)            ; |FMC_Demo|stm32_fmc_16bit:fmc_inst|FIR1:u_fir|FIR1_0002:fir1_inst|FIR1_0002_ast:FIR1_0002_ast_inst|FIR1_0002_rtl:hpfircore|altsyncram:u0_m0_wo0_wi0_delayr21_dmem                                                                                                                                                                              ; work         ;
;                      |altsyncram_s2o3:auto_generated|                                                   ; 0 (0)       ; 0 (0)                     ; 0 (0)         ; 288         ; 2    ; 0            ; 0       ; 0         ; 0    ; 0            ; 0 (0)        ; 0 (0)             ; 0 (0)            ; |FMC_Demo|stm32_fmc_16bit:fmc_inst|FIR1:u_fir|FIR1_0002:fir1_inst|FIR1_0002_ast:FIR1_0002_ast_inst|FIR1_0002_rtl:hpfircore|altsyncram:u0_m0_wo0_wi0_delayr21_dmem|altsyncram_s2o3:auto_generated                                                                                                                                               ; work         ;
;                   |altsyncram:u0_m0_wo0_wi0_delayr24_dmem|                                              ; 0 (0)       ; 0 (0)                     ; 0 (0)         ; 192         ; 0    ; 0            ; 0       ; 0         ; 0    ; 0            ; 0 (0)        ; 0 (0)             ; 0 (0)            ; |FMC_Demo|stm32_fmc_16bit:fmc_inst|FIR1:u_fir|FIR1_0002:fir1_inst|FIR1_0002_ast:FIR1_0002_ast_inst|FIR1_0002_rtl:hpfircore|altsyncram:u0_m0_wo0_wi0_delayr24_dmem                                                                                                                                                                              ; work         ;
;                      |altsyncram_n2o3:auto_generated|                                                   ; 0 (0)       ; 0 (0)                     ; 0 (0)         ; 192         ; 0    ; 0            ; 0       ; 0         ; 0    ; 0            ; 0 (0)        ; 0 (0)             ; 0 (0)            ; |FMC_Demo|stm32_fmc_16bit:fmc_inst|FIR1:u_fir|FIR1_0002:fir1_inst|FIR1_0002_ast:FIR1_0002_ast_inst|FIR1_0002_rtl:hpfircore|altsyncram:u0_m0_wo0_wi0_delayr24_dmem|altsyncram_n2o3:auto_generated                                                                                                                                               ; work         ;
;                   |altsyncram:u0_m0_wo0_wi0_delayr4_dmem|                                               ; 0 (0)       ; 0 (0)                     ; 0 (0)         ; 180         ; 1    ; 0            ; 0       ; 0         ; 0    ; 0            ; 0 (0)        ; 0 (0)             ; 0 (0)            ; |FMC_Demo|stm32_fmc_16bit:fmc_inst|FIR1:u_fir|FIR1_0002:fir1_inst|FIR1_0002_ast:FIR1_0002_ast_inst|FIR1_0002_rtl:hpfircore|altsyncram:u0_m0_wo0_wi0_delayr4_dmem                                                                                                                                                                               ; work         ;
;                      |altsyncram_m2o3:auto_generated|                                                   ; 0 (0)       ; 0 (0)                     ; 0 (0)         ; 180         ; 1    ; 0            ; 0       ; 0         ; 0    ; 0            ; 0 (0)        ; 0 (0)             ; 0 (0)            ; |FMC_Demo|stm32_fmc_16bit:fmc_inst|FIR1:u_fir|FIR1_0002:fir1_inst|FIR1_0002_ast:FIR1_0002_ast_inst|FIR1_0002_rtl:hpfircore|altsyncram:u0_m0_wo0_wi0_delayr4_dmem|altsyncram_m2o3:auto_generated                                                                                                                                                ; work         ;
;                   |altsyncram:u0_m0_wo0_wi0_delayr7_dmem|                                               ; 0 (0)       ; 0 (0)                     ; 0 (0)         ; 180         ; 1    ; 0            ; 0       ; 0         ; 0    ; 0            ; 0 (0)        ; 0 (0)             ; 0 (0)            ; |FMC_Demo|stm32_fmc_16bit:fmc_inst|FIR1:u_fir|FIR1_0002:fir1_inst|FIR1_0002_ast:FIR1_0002_ast_inst|FIR1_0002_rtl:hpfircore|altsyncram:u0_m0_wo0_wi0_delayr7_dmem                                                                                                                                                                               ; work         ;
;                      |altsyncram_m2o3:auto_generated|                                                   ; 0 (0)       ; 0 (0)                     ; 0 (0)         ; 180         ; 1    ; 0            ; 0       ; 0         ; 0    ; 0            ; 0 (0)        ; 0 (0)             ; 0 (0)            ; |FMC_Demo|stm32_fmc_16bit:fmc_inst|FIR1:u_fir|FIR1_0002:fir1_inst|FIR1_0002_ast:FIR1_0002_ast_inst|FIR1_0002_rtl:hpfircore|altsyncram:u0_m0_wo0_wi0_delayr7_dmem|altsyncram_m2o3:auto_generated                                                                                                                                                ; work         ;
;                   |dspba_delay:d_in0_m0_wi0_wo0_assign_sel_q_13|                                        ; 3 (3)       ; 3 (3)                     ; 0 (0)         ; 0           ; 0    ; 0            ; 0       ; 0         ; 0    ; 0            ; 0 (0)        ; 2 (2)             ; 1 (1)            ; |FMC_Demo|stm32_fmc_16bit:fmc_inst|FIR1:u_fir|FIR1_0002:fir1_inst|FIR1_0002_ast:FIR1_0002_ast_inst|FIR1_0002_rtl:hpfircore|dspba_delay:d_in0_m0_wi0_wo0_assign_sel_q_13                                                                                                                                                                        ; fir1         ;
;                   |dspba_delay:d_u0_m0_wo0_ca12_q_15|                                                   ; 3 (3)       ; 3 (3)                     ; 0 (0)         ; 0           ; 0    ; 0            ; 0       ; 0         ; 0    ; 0            ; 0 (0)        ; 3 (3)             ; 0 (0)            ; |FMC_Demo|stm32_fmc_16bit:fmc_inst|FIR1:u_fir|FIR1_0002:fir1_inst|FIR1_0002_ast:FIR1_0002_ast_inst|FIR1_0002_rtl:hpfircore|dspba_delay:d_u0_m0_wo0_ca12_q_15                                                                                                                                                                                   ; fir1         ;
;                   |dspba_delay:d_u0_m0_wo0_compute_q_19|                                                ; 6 (6)       ; 6 (6)                     ; 0 (0)         ; 0           ; 0    ; 0            ; 0       ; 0         ; 0    ; 0            ; 0 (0)        ; 5 (5)             ; 1 (1)            ; |FMC_Demo|stm32_fmc_16bit:fmc_inst|FIR1:u_fir|FIR1_0002:fir1_inst|FIR1_0002_ast:FIR1_0002_ast_inst|FIR1_0002_rtl:hpfircore|dspba_delay:d_u0_m0_wo0_compute_q_19                                                                                                                                                                                ; fir1         ;
;                   |dspba_delay:d_u0_m0_wo0_compute_q_20|                                                ; 1 (1)       ; 1 (1)                     ; 0 (0)         ; 0           ; 0    ; 0            ; 0       ; 0         ; 0    ; 0            ; 0 (0)        ; 1 (1)             ; 0 (0)            ; |FMC_Demo|stm32_fmc_16bit:fmc_inst|FIR1:u_fir|FIR1_0002:fir1_inst|FIR1_0002_ast:FIR1_0002_ast_inst|FIR1_0002_rtl:hpfircore|dspba_delay:d_u0_m0_wo0_compute_q_20                                                                                                                                                                                ; fir1         ;
;                   |dspba_delay:d_u0_m0_wo0_memread_q_13|                                                ; 1 (1)       ; 1 (1)                     ; 0 (0)         ; 0           ; 0    ; 0            ; 0       ; 0         ; 0    ; 0            ; 0 (0)        ; 0 (0)             ; 1 (1)            ; |FMC_Demo|stm32_fmc_16bit:fmc_inst|FIR1:u_fir|FIR1_0002:fir1_inst|FIR1_0002_ast:FIR1_0002_ast_inst|FIR1_0002_rtl:hpfircore|dspba_delay:d_u0_m0_wo0_memread_q_13                                                                                                                                                                                ; fir1         ;
;                   |dspba_delay:d_u0_m0_wo0_wi0_delayr0_q_15|                                            ; 24 (24)     ; 24 (24)                   ; 0 (0)         ; 0           ; 0    ; 0            ; 0       ; 0         ; 0    ; 0            ; 0 (0)        ; 24 (24)           ; 0 (0)            ; |FMC_Demo|stm32_fmc_16bit:fmc_inst|FIR1:u_fir|FIR1_0002:fir1_inst|FIR1_0002_ast:FIR1_0002_ast_inst|FIR1_0002_rtl:hpfircore|dspba_delay:d_u0_m0_wo0_wi0_delayr0_q_15                                                                                                                                                                            ; fir1         ;
;                   |dspba_delay:d_u0_m0_wo0_wi0_split24_c_15|                                            ; 24 (24)     ; 24 (24)                   ; 0 (0)         ; 0           ; 0    ; 0            ; 0       ; 0         ; 0    ; 0            ; 0 (0)        ; 24 (24)           ; 0 (0)            ; |FMC_Demo|stm32_fmc_16bit:fmc_inst|FIR1:u_fir|FIR1_0002:fir1_inst|FIR1_0002_ast:FIR1_0002_ast_inst|FIR1_0002_rtl:hpfircore|dspba_delay:d_u0_m0_wo0_wi0_split24_c_15                                                                                                                                                                            ; fir1         ;
;                   |dspba_delay:d_xIn_0_13|                                                              ; 36 (36)     ; 36 (36)                   ; 0 (0)         ; 0           ; 0    ; 0            ; 0       ; 0         ; 0    ; 0            ; 0 (0)        ; 35 (35)           ; 1 (1)            ; |FMC_Demo|stm32_fmc_16bit:fmc_inst|FIR1:u_fir|FIR1_0002:fir1_inst|FIR1_0002_ast:FIR1_0002_ast_inst|FIR1_0002_rtl:hpfircore|dspba_delay:d_xIn_0_13                                                                                                                                                                                              ; fir1         ;
;                   |dspba_delay:u0_m0_wo0_compute|                                                       ; 2 (2)       ; 2 (2)                     ; 0 (0)         ; 0           ; 0    ; 0            ; 0       ; 0         ; 0    ; 0            ; 0 (0)        ; 1 (1)             ; 1 (1)            ; |FMC_Demo|stm32_fmc_16bit:fmc_inst|FIR1:u_fir|FIR1_0002:fir1_inst|FIR1_0002_ast:FIR1_0002_ast_inst|FIR1_0002_rtl:hpfircore|dspba_delay:u0_m0_wo0_compute                                                                                                                                                                                       ; fir1         ;
;                   |dspba_delay:u0_m0_wo0_memread|                                                       ; 1 (1)       ; 1 (1)                     ; 0 (0)         ; 0           ; 0    ; 0            ; 0       ; 0         ; 0    ; 0            ; 0 (0)        ; 0 (0)             ; 1 (1)            ; |FMC_Demo|stm32_fmc_16bit:fmc_inst|FIR1:u_fir|FIR1_0002:fir1_inst|FIR1_0002_ast:FIR1_0002_ast_inst|FIR1_0002_rtl:hpfircore|dspba_delay:u0_m0_wo0_memread                                                                                                                                                                                       ; fir1         ;
;                   |lpm_mult:u0_m0_wo0_mtree_mult1_0_component|                                          ; 0 (0)       ; 0 (0)                     ; 0 (0)         ; 0           ; 0    ; 2            ; 0       ; 1         ; 0    ; 0            ; 0 (0)        ; 0 (0)             ; 0 (0)            ; |FMC_Demo|stm32_fmc_16bit:fmc_inst|FIR1:u_fir|FIR1_0002:fir1_inst|FIR1_0002_ast:FIR1_0002_ast_inst|FIR1_0002_rtl:hpfircore|lpm_mult:u0_m0_wo0_mtree_mult1_0_component                                                                                                                                                                          ; work         ;
;                      |mult_8eu:auto_generated|                                                          ; 0 (0)       ; 0 (0)                     ; 0 (0)         ; 0           ; 0    ; 2            ; 0       ; 1         ; 0    ; 0            ; 0 (0)        ; 0 (0)             ; 0 (0)            ; |FMC_Demo|stm32_fmc_16bit:fmc_inst|FIR1:u_fir|FIR1_0002:fir1_inst|FIR1_0002_ast:FIR1_0002_ast_inst|FIR1_0002_rtl:hpfircore|lpm_mult:u0_m0_wo0_mtree_mult1_0_component|mult_8eu:auto_generated                                                                                                                                                  ; work         ;
;                   |lpm_mult:u0_m0_wo0_mtree_mult1_10_component|                                         ; 0 (0)       ; 0 (0)                     ; 0 (0)         ; 0           ; 0    ; 2            ; 0       ; 1         ; 0    ; 0            ; 0 (0)        ; 0 (0)             ; 0 (0)            ; |FMC_Demo|stm32_fmc_16bit:fmc_inst|FIR1:u_fir|FIR1_0002:fir1_inst|FIR1_0002_ast:FIR1_0002_ast_inst|FIR1_0002_rtl:hpfircore|lpm_mult:u0_m0_wo0_mtree_mult1_10_component                                                                                                                                                                         ; work         ;
;                      |mult_8eu:auto_generated|                                                          ; 0 (0)       ; 0 (0)                     ; 0 (0)         ; 0           ; 0    ; 2            ; 0       ; 1         ; 0    ; 0            ; 0 (0)        ; 0 (0)             ; 0 (0)            ; |FMC_Demo|stm32_fmc_16bit:fmc_inst|FIR1:u_fir|FIR1_0002:fir1_inst|FIR1_0002_ast:FIR1_0002_ast_inst|FIR1_0002_rtl:hpfircore|lpm_mult:u0_m0_wo0_mtree_mult1_10_component|mult_8eu:auto_generated                                                                                                                                                 ; work         ;
;                   |lpm_mult:u0_m0_wo0_mtree_mult1_11_component|                                         ; 0 (0)       ; 0 (0)                     ; 0 (0)         ; 0           ; 0    ; 2            ; 0       ; 1         ; 0    ; 0            ; 0 (0)        ; 0 (0)             ; 0 (0)            ; |FMC_Demo|stm32_fmc_16bit:fmc_inst|FIR1:u_fir|FIR1_0002:fir1_inst|FIR1_0002_ast:FIR1_0002_ast_inst|FIR1_0002_rtl:hpfircore|lpm_mult:u0_m0_wo0_mtree_mult1_11_component                                                                                                                                                                         ; work         ;
;                      |mult_8eu:auto_generated|                                                          ; 0 (0)       ; 0 (0)                     ; 0 (0)         ; 0           ; 0    ; 2            ; 0       ; 1         ; 0    ; 0            ; 0 (0)        ; 0 (0)             ; 0 (0)            ; |FMC_Demo|stm32_fmc_16bit:fmc_inst|FIR1:u_fir|FIR1_0002:fir1_inst|FIR1_0002_ast:FIR1_0002_ast_inst|FIR1_0002_rtl:hpfircore|lpm_mult:u0_m0_wo0_mtree_mult1_11_component|mult_8eu:auto_generated                                                                                                                                                 ; work         ;
;                   |lpm_mult:u0_m0_wo0_mtree_mult1_12_component|                                         ; 0 (0)       ; 0 (0)                     ; 0 (0)         ; 0           ; 0    ; 2            ; 0       ; 1         ; 0    ; 0            ; 0 (0)        ; 0 (0)             ; 0 (0)            ; |FMC_Demo|stm32_fmc_16bit:fmc_inst|FIR1:u_fir|FIR1_0002:fir1_inst|FIR1_0002_ast:FIR1_0002_ast_inst|FIR1_0002_rtl:hpfircore|lpm_mult:u0_m0_wo0_mtree_mult1_12_component                                                                                                                                                                         ; work         ;
;                      |mult_8eu:auto_generated|                                                          ; 0 (0)       ; 0 (0)                     ; 0 (0)         ; 0           ; 0    ; 2            ; 0       ; 1         ; 0    ; 0            ; 0 (0)        ; 0 (0)             ; 0 (0)            ; |FMC_Demo|stm32_fmc_16bit:fmc_inst|FIR1:u_fir|FIR1_0002:fir1_inst|FIR1_0002_ast:FIR1_0002_ast_inst|FIR1_0002_rtl:hpfircore|lpm_mult:u0_m0_wo0_mtree_mult1_12_component|mult_8eu:auto_generated                                                                                                                                                 ; work         ;
;                   |lpm_mult:u0_m0_wo0_mtree_mult1_1_component|                                          ; 0 (0)       ; 0 (0)                     ; 0 (0)         ; 0           ; 0    ; 2            ; 0       ; 1         ; 0    ; 0            ; 0 (0)        ; 0 (0)             ; 0 (0)            ; |FMC_Demo|stm32_fmc_16bit:fmc_inst|FIR1:u_fir|FIR1_0002:fir1_inst|FIR1_0002_ast:FIR1_0002_ast_inst|FIR1_0002_rtl:hpfircore|lpm_mult:u0_m0_wo0_mtree_mult1_1_component                                                                                                                                                                          ; work         ;
;                      |mult_8eu:auto_generated|                                                          ; 0 (0)       ; 0 (0)                     ; 0 (0)         ; 0           ; 0    ; 2            ; 0       ; 1         ; 0    ; 0            ; 0 (0)        ; 0 (0)             ; 0 (0)            ; |FMC_Demo|stm32_fmc_16bit:fmc_inst|FIR1:u_fir|FIR1_0002:fir1_inst|FIR1_0002_ast:FIR1_0002_ast_inst|FIR1_0002_rtl:hpfircore|lpm_mult:u0_m0_wo0_mtree_mult1_1_component|mult_8eu:auto_generated                                                                                                                                                  ; work         ;
;                   |lpm_mult:u0_m0_wo0_mtree_mult1_2_component|                                          ; 0 (0)       ; 0 (0)                     ; 0 (0)         ; 0           ; 0    ; 2            ; 0       ; 1         ; 0    ; 0            ; 0 (0)        ; 0 (0)             ; 0 (0)            ; |FMC_Demo|stm32_fmc_16bit:fmc_inst|FIR1:u_fir|FIR1_0002:fir1_inst|FIR1_0002_ast:FIR1_0002_ast_inst|FIR1_0002_rtl:hpfircore|lpm_mult:u0_m0_wo0_mtree_mult1_2_component                                                                                                                                                                          ; work         ;
;                      |mult_8eu:auto_generated|                                                          ; 0 (0)       ; 0 (0)                     ; 0 (0)         ; 0           ; 0    ; 2            ; 0       ; 1         ; 0    ; 0            ; 0 (0)        ; 0 (0)             ; 0 (0)            ; |FMC_Demo|stm32_fmc_16bit:fmc_inst|FIR1:u_fir|FIR1_0002:fir1_inst|FIR1_0002_ast:FIR1_0002_ast_inst|FIR1_0002_rtl:hpfircore|lpm_mult:u0_m0_wo0_mtree_mult1_2_component|mult_8eu:auto_generated                                                                                                                                                  ; work         ;
;                   |lpm_mult:u0_m0_wo0_mtree_mult1_3_component|                                          ; 0 (0)       ; 0 (0)                     ; 0 (0)         ; 0           ; 0    ; 2            ; 0       ; 1         ; 0    ; 0            ; 0 (0)        ; 0 (0)             ; 0 (0)            ; |FMC_Demo|stm32_fmc_16bit:fmc_inst|FIR1:u_fir|FIR1_0002:fir1_inst|FIR1_0002_ast:FIR1_0002_ast_inst|FIR1_0002_rtl:hpfircore|lpm_mult:u0_m0_wo0_mtree_mult1_3_component                                                                                                                                                                          ; work         ;
;                      |mult_8eu:auto_generated|                                                          ; 0 (0)       ; 0 (0)                     ; 0 (0)         ; 0           ; 0    ; 2            ; 0       ; 1         ; 0    ; 0            ; 0 (0)        ; 0 (0)             ; 0 (0)            ; |FMC_Demo|stm32_fmc_16bit:fmc_inst|FIR1:u_fir|FIR1_0002:fir1_inst|FIR1_0002_ast:FIR1_0002_ast_inst|FIR1_0002_rtl:hpfircore|lpm_mult:u0_m0_wo0_mtree_mult1_3_component|mult_8eu:auto_generated                                                                                                                                                  ; work         ;
;                   |lpm_mult:u0_m0_wo0_mtree_mult1_4_component|                                          ; 0 (0)       ; 0 (0)                     ; 0 (0)         ; 0           ; 0    ; 2            ; 0       ; 1         ; 0    ; 0            ; 0 (0)        ; 0 (0)             ; 0 (0)            ; |FMC_Demo|stm32_fmc_16bit:fmc_inst|FIR1:u_fir|FIR1_0002:fir1_inst|FIR1_0002_ast:FIR1_0002_ast_inst|FIR1_0002_rtl:hpfircore|lpm_mult:u0_m0_wo0_mtree_mult1_4_component                                                                                                                                                                          ; work         ;
;                      |mult_8eu:auto_generated|                                                          ; 0 (0)       ; 0 (0)                     ; 0 (0)         ; 0           ; 0    ; 2            ; 0       ; 1         ; 0    ; 0            ; 0 (0)        ; 0 (0)             ; 0 (0)            ; |FMC_Demo|stm32_fmc_16bit:fmc_inst|FIR1:u_fir|FIR1_0002:fir1_inst|FIR1_0002_ast:FIR1_0002_ast_inst|FIR1_0002_rtl:hpfircore|lpm_mult:u0_m0_wo0_mtree_mult1_4_component|mult_8eu:auto_generated                                                                                                                                                  ; work         ;
;                   |lpm_mult:u0_m0_wo0_mtree_mult1_5_component|                                          ; 0 (0)       ; 0 (0)                     ; 0 (0)         ; 0           ; 0    ; 2            ; 0       ; 1         ; 0    ; 0            ; 0 (0)        ; 0 (0)             ; 0 (0)            ; |FMC_Demo|stm32_fmc_16bit:fmc_inst|FIR1:u_fir|FIR1_0002:fir1_inst|FIR1_0002_ast:FIR1_0002_ast_inst|FIR1_0002_rtl:hpfircore|lpm_mult:u0_m0_wo0_mtree_mult1_5_component                                                                                                                                                                          ; work         ;
;                      |mult_8eu:auto_generated|                                                          ; 0 (0)       ; 0 (0)                     ; 0 (0)         ; 0           ; 0    ; 2            ; 0       ; 1         ; 0    ; 0            ; 0 (0)        ; 0 (0)             ; 0 (0)            ; |FMC_Demo|stm32_fmc_16bit:fmc_inst|FIR1:u_fir|FIR1_0002:fir1_inst|FIR1_0002_ast:FIR1_0002_ast_inst|FIR1_0002_rtl:hpfircore|lpm_mult:u0_m0_wo0_mtree_mult1_5_component|mult_8eu:auto_generated                                                                                                                                                  ; work         ;
;                   |lpm_mult:u0_m0_wo0_mtree_mult1_6_component|                                          ; 0 (0)       ; 0 (0)                     ; 0 (0)         ; 0           ; 0    ; 2            ; 0       ; 1         ; 0    ; 0            ; 0 (0)        ; 0 (0)             ; 0 (0)            ; |FMC_Demo|stm32_fmc_16bit:fmc_inst|FIR1:u_fir|FIR1_0002:fir1_inst|FIR1_0002_ast:FIR1_0002_ast_inst|FIR1_0002_rtl:hpfircore|lpm_mult:u0_m0_wo0_mtree_mult1_6_component                                                                                                                                                                          ; work         ;
;                      |mult_8eu:auto_generated|                                                          ; 0 (0)       ; 0 (0)                     ; 0 (0)         ; 0           ; 0    ; 2            ; 0       ; 1         ; 0    ; 0            ; 0 (0)        ; 0 (0)             ; 0 (0)            ; |FMC_Demo|stm32_fmc_16bit:fmc_inst|FIR1:u_fir|FIR1_0002:fir1_inst|FIR1_0002_ast:FIR1_0002_ast_inst|FIR1_0002_rtl:hpfircore|lpm_mult:u0_m0_wo0_mtree_mult1_6_component|mult_8eu:auto_generated                                                                                                                                                  ; work         ;
;                   |lpm_mult:u0_m0_wo0_mtree_mult1_7_component|                                          ; 0 (0)       ; 0 (0)                     ; 0 (0)         ; 0           ; 0    ; 2            ; 0       ; 1         ; 0    ; 0            ; 0 (0)        ; 0 (0)             ; 0 (0)            ; |FMC_Demo|stm32_fmc_16bit:fmc_inst|FIR1:u_fir|FIR1_0002:fir1_inst|FIR1_0002_ast:FIR1_0002_ast_inst|FIR1_0002_rtl:hpfircore|lpm_mult:u0_m0_wo0_mtree_mult1_7_component                                                                                                                                                                          ; work         ;
;                      |mult_8eu:auto_generated|                                                          ; 0 (0)       ; 0 (0)                     ; 0 (0)         ; 0           ; 0    ; 2            ; 0       ; 1         ; 0    ; 0            ; 0 (0)        ; 0 (0)             ; 0 (0)            ; |FMC_Demo|stm32_fmc_16bit:fmc_inst|FIR1:u_fir|FIR1_0002:fir1_inst|FIR1_0002_ast:FIR1_0002_ast_inst|FIR1_0002_rtl:hpfircore|lpm_mult:u0_m0_wo0_mtree_mult1_7_component|mult_8eu:auto_generated                                                                                                                                                  ; work         ;
;                   |lpm_mult:u0_m0_wo0_mtree_mult1_8_component|                                          ; 0 (0)       ; 0 (0)                     ; 0 (0)         ; 0           ; 0    ; 2            ; 0       ; 1         ; 0    ; 0            ; 0 (0)        ; 0 (0)             ; 0 (0)            ; |FMC_Demo|stm32_fmc_16bit:fmc_inst|FIR1:u_fir|FIR1_0002:fir1_inst|FIR1_0002_ast:FIR1_0002_ast_inst|FIR1_0002_rtl:hpfircore|lpm_mult:u0_m0_wo0_mtree_mult1_8_component                                                                                                                                                                          ; work         ;
;                      |mult_8eu:auto_generated|                                                          ; 0 (0)       ; 0 (0)                     ; 0 (0)         ; 0           ; 0    ; 2            ; 0       ; 1         ; 0    ; 0            ; 0 (0)        ; 0 (0)             ; 0 (0)            ; |FMC_Demo|stm32_fmc_16bit:fmc_inst|FIR1:u_fir|FIR1_0002:fir1_inst|FIR1_0002_ast:FIR1_0002_ast_inst|FIR1_0002_rtl:hpfircore|lpm_mult:u0_m0_wo0_mtree_mult1_8_component|mult_8eu:auto_generated                                                                                                                                                  ; work         ;
;                   |lpm_mult:u0_m0_wo0_mtree_mult1_9_component|                                          ; 0 (0)       ; 0 (0)                     ; 0 (0)         ; 0           ; 0    ; 2            ; 0       ; 1         ; 0    ; 0            ; 0 (0)        ; 0 (0)             ; 0 (0)            ; |FMC_Demo|stm32_fmc_16bit:fmc_inst|FIR1:u_fir|FIR1_0002:fir1_inst|FIR1_0002_ast:FIR1_0002_ast_inst|FIR1_0002_rtl:hpfircore|lpm_mult:u0_m0_wo0_mtree_mult1_9_component                                                                                                                                                                          ; work         ;
;                      |mult_8eu:auto_generated|                                                          ; 0 (0)       ; 0 (0)                     ; 0 (0)         ; 0           ; 0    ; 2            ; 0       ; 1         ; 0    ; 0            ; 0 (0)        ; 0 (0)             ; 0 (0)            ; |FMC_Demo|stm32_fmc_16bit:fmc_inst|FIR1:u_fir|FIR1_0002:fir1_inst|FIR1_0002_ast:FIR1_0002_ast_inst|FIR1_0002_rtl:hpfircore|lpm_mult:u0_m0_wo0_mtree_mult1_9_component|mult_8eu:auto_generated                                                                                                                                                  ; work         ;
;                |auk_dspip_avalon_streaming_source_hpfir:source|                                         ; 17 (17)     ; 17 (17)                   ; 0 (0)         ; 0           ; 0    ; 0            ; 0       ; 0         ; 0    ; 0            ; 0 (0)        ; 16 (16)           ; 1 (1)            ; |FMC_Demo|stm32_fmc_16bit:fmc_inst|FIR1:u_fir|FIR1_0002:fir1_inst|FIR1_0002_ast:FIR1_0002_ast_inst|auk_dspip_avalon_streaming_source_hpfir:source                                                                                                                                                                                              ; fir1         ;
;       |altsyncram:adc1_ram_rtl_0|                                                                       ; 0 (0)       ; 0 (0)                     ; 0 (0)         ; 131072      ; 16   ; 0            ; 0       ; 0         ; 0    ; 0            ; 0 (0)        ; 0 (0)             ; 0 (0)            ; |FMC_Demo|stm32_fmc_16bit:fmc_inst|altsyncram:adc1_ram_rtl_0                                                                                                                                                                                                                                                                                   ; work         ;
;          |altsyncram_h5f1:auto_generated|                                                               ; 0 (0)       ; 0 (0)                     ; 0 (0)         ; 131072      ; 16   ; 0            ; 0       ; 0         ; 0    ; 0            ; 0 (0)        ; 0 (0)             ; 0 (0)            ; |FMC_Demo|stm32_fmc_16bit:fmc_inst|altsyncram:adc1_ram_rtl_0|altsyncram_h5f1:auto_generated                                                                                                                                                                                                                                                    ; work         ;
+---------------------------------------------------------------------------------------------------------+-------------+---------------------------+---------------+-------------+------+--------------+---------+-----------+------+--------------+--------------+-------------------+------------------+------------------------------------------------------------------------------------------------------------------------------------------------------------------------------------------------------------------------------------------------------------------------------------------------------------------------------------------------+--------------+
Note: For table entries with two numbers listed, the numbers in parentheses indicate the number of resources of the given type used by the specific entity alone. The numbers listed outside of parentheses indicate the total resources of the given type used by the specific entity and all of its sub-entities in the hierarchy.


+-------------------------------------------------------------------------------------------+
; Delay Chain Summary                                                                       ;
+-----------+----------+---------------+---------------+-----------------------+-----+------+
; Name      ; Pin Type ; Pad to Core 0 ; Pad to Core 1 ; Pad to Input Register ; TCO ; TCOE ;
+-----------+----------+---------------+---------------+-----------------------+-----+------+
; DAC_CLK   ; Output   ; --            ; --            ; --                    ; --  ; --   ;
; DAC2_CLK  ; Output   ; --            ; --            ; --                    ; --  ; --   ;
; DAC_D[0]  ; Output   ; --            ; --            ; --                    ; --  ; --   ;
; DAC_D[1]  ; Output   ; --            ; --            ; --                    ; --  ; --   ;
; DAC_D[2]  ; Output   ; --            ; --            ; --                    ; --  ; --   ;
; DAC_D[3]  ; Output   ; --            ; --            ; --                    ; --  ; --   ;
; DAC_D[4]  ; Output   ; --            ; --            ; --                    ; --  ; --   ;
; DAC_D[5]  ; Output   ; --            ; --            ; --                    ; --  ; --   ;
; DAC_D[6]  ; Output   ; --            ; --            ; --                    ; --  ; --   ;
; DAC_D[7]  ; Output   ; --            ; --            ; --                    ; --  ; --   ;
; DAC_D[8]  ; Output   ; --            ; --            ; --                    ; --  ; --   ;
; DAC_D[9]  ; Output   ; --            ; --            ; --                    ; --  ; --   ;
; DAC2_D[0] ; Output   ; --            ; --            ; --                    ; --  ; --   ;
; DAC2_D[1] ; Output   ; --            ; --            ; --                    ; --  ; --   ;
; DAC2_D[2] ; Output   ; --            ; --            ; --                    ; --  ; --   ;
; DAC2_D[3] ; Output   ; --            ; --            ; --                    ; --  ; --   ;
; DAC2_D[4] ; Output   ; --            ; --            ; --                    ; --  ; --   ;
; DAC2_D[5] ; Output   ; --            ; --            ; --                    ; --  ; --   ;
; DAC2_D[6] ; Output   ; --            ; --            ; --                    ; --  ; --   ;
; DAC2_D[7] ; Output   ; --            ; --            ; --                    ; --  ; --   ;
; DAC2_D[8] ; Output   ; --            ; --            ; --                    ; --  ; --   ;
; DAC2_D[9] ; Output   ; --            ; --            ; --                    ; --  ; --   ;
; ADCCLK    ; Output   ; --            ; --            ; --                    ; --  ; --   ;
; FMC_D[0]  ; Bidir    ; (6) 1211 ps   ; --            ; --                    ; --  ; --   ;
; FMC_D[1]  ; Bidir    ; --            ; (6) 1211 ps   ; --                    ; --  ; --   ;
; FMC_D[2]  ; Bidir    ; (6) 1209 ps   ; --            ; --                    ; --  ; --   ;
; FMC_D[3]  ; Bidir    ; (6) 1209 ps   ; --            ; --                    ; --  ; --   ;
; FMC_D[4]  ; Bidir    ; --            ; (6) 1209 ps   ; --                    ; --  ; --   ;
; FMC_D[5]  ; Bidir    ; (6) 1209 ps   ; --            ; --                    ; --  ; --   ;
; FMC_D[6]  ; Bidir    ; (6) 1209 ps   ; --            ; --                    ; --  ; --   ;
; FMC_D[7]  ; Bidir    ; (6) 1209 ps   ; --            ; --                    ; --  ; --   ;
; FMC_D[8]  ; Bidir    ; --            ; (6) 1209 ps   ; --                    ; --  ; --   ;
; FMC_D[9]  ; Bidir    ; (6) 1209 ps   ; --            ; --                    ; --  ; --   ;
; FMC_D[10] ; Bidir    ; --            ; (6) 1209 ps   ; --                    ; --  ; --   ;
; FMC_D[11] ; Bidir    ; (6) 1209 ps   ; --            ; --                    ; --  ; --   ;
; FMC_D[12] ; Bidir    ; (6) 1209 ps   ; --            ; --                    ; --  ; --   ;
; FMC_D[13] ; Bidir    ; (6) 1211 ps   ; --            ; --                    ; --  ; --   ;
; FMC_D[14] ; Bidir    ; (6) 1211 ps   ; --            ; --                    ; --  ; --   ;
; FMC_D[15] ; Bidir    ; --            ; (6) 1211 ps   ; --                    ; --  ; --   ;
; CLK_50M   ; Input    ; (0) 0 ps      ; --            ; --                    ; --  ; --   ;
; FMC_A[13] ; Input    ; (6) 1211 ps   ; --            ; --                    ; --  ; --   ;
; FMC_A[12] ; Input    ; (6) 1211 ps   ; --            ; --                    ; --  ; --   ;
; FMC_A[9]  ; Input    ; (6) 1209 ps   ; --            ; --                    ; --  ; --   ;
; FMC_A[8]  ; Input    ; --            ; (6) 1209 ps   ; --                    ; --  ; --   ;
; FMC_A[7]  ; Input    ; --            ; (6) 1211 ps   ; --                    ; --  ; --   ;
; FMC_A[6]  ; Input    ; (6) 1211 ps   ; --            ; --                    ; --  ; --   ;
; FMC_A[5]  ; Input    ; (6) 1211 ps   ; --            ; --                    ; --  ; --   ;
; FMC_A[4]  ; Input    ; (6) 1211 ps   ; --            ; --                    ; --  ; --   ;
; FMC_A[10] ; Input    ; --            ; (6) 1209 ps   ; --                    ; --  ; --   ;
; FMC_A[14] ; Input    ; --            ; (6) 1209 ps   ; --                    ; --  ; --   ;
; FMC_A[1]  ; Input    ; (6) 1211 ps   ; --            ; --                    ; --  ; --   ;
; FMC_A[3]  ; Input    ; (6) 1211 ps   ; --            ; --                    ; --  ; --   ;
; FMC_A[2]  ; Input    ; --            ; (6) 1211 ps   ; --                    ; --  ; --   ;
; FMC_A[11] ; Input    ; (6) 1209 ps   ; --            ; --                    ; --  ; --   ;
; FMC_A[0]  ; Input    ; (6) 1211 ps   ; --            ; --                    ; --  ; --   ;
; FMC_NE1   ; Input    ; --            ; (6) 1209 ps   ; --                    ; --  ; --   ;
; FMC_NWE   ; Input    ; --            ; (6) 1209 ps   ; --                    ; --  ; --   ;
; FMC_NOE   ; Input    ; (6) 1209 ps   ; --            ; --                    ; --  ; --   ;
; ADC_D[0]  ; Input    ; (6) 1211 ps   ; --            ; --                    ; --  ; --   ;
; ADC_D[1]  ; Input    ; (6) 1211 ps   ; --            ; --                    ; --  ; --   ;
; ADC_D[2]  ; Input    ; --            ; (6) 1211 ps   ; --                    ; --  ; --   ;
; ADC_D[3]  ; Input    ; (6) 1211 ps   ; --            ; --                    ; --  ; --   ;
; ADC_D[4]  ; Input    ; (6) 1211 ps   ; --            ; --                    ; --  ; --   ;
; ADC_D[5]  ; Input    ; (6) 1211 ps   ; --            ; --                    ; --  ; --   ;
; ADC_D[6]  ; Input    ; (6) 1211 ps   ; --            ; --                    ; --  ; --   ;
; ADC_D[7]  ; Input    ; (6) 1211 ps   ; --            ; --                    ; --  ; --   ;
; ADC_D[8]  ; Input    ; (6) 1211 ps   ; --            ; --                    ; --  ; --   ;
; ADC_D[9]  ; Input    ; (6) 1211 ps   ; --            ; --                    ; --  ; --   ;
; ADC_D[10] ; Input    ; (6) 1211 ps   ; --            ; --                    ; --  ; --   ;
; ADC_D[11] ; Input    ; (0) 0 ps      ; --            ; --                    ; --  ; --   ;
+-----------+----------+---------------+---------------+-----------------------+-----+------+


+----------------------------------------------------------------------------------------------------------------------------------------------------------------------------------------------------------+
; Pad To Core Delay Chain Fanout                                                                                                                                                                           ;
+----------------------------------------------------------------------------------------------------------------------------------------------------------------------------+-------------------+---------+
; Source Pin / Fanout                                                                                                                                                        ; Pad To Core Index ; Setting ;
+----------------------------------------------------------------------------------------------------------------------------------------------------------------------------+-------------------+---------+
; FMC_D[0]                                                                                                                                                                   ;                   ;         ;
;      - ram_2port1:ram2_inst|altsyncram:mem_rtl_0|altsyncram_fh02:auto_generated|ram_block1a0                                                                               ; 0                 ; 6       ;
;      - ram_2port1:ram1_inst|altsyncram:mem_rtl_0|altsyncram_fh02:auto_generated|ram_block1a0                                                                               ; 0                 ; 6       ;
;      - stm32_fmc_16bit:fmc_inst|dac1_enable_reg                                                                                                                            ; 0                 ; 6       ;
;      - stm32_fmc_16bit:fmc_inst|ftw1_shadow[0]                                                                                                                             ; 0                 ; 6       ;
;      - stm32_fmc_16bit:fmc_inst|ftw1_shadow[16]                                                                                                                            ; 0                 ; 6       ;
;      - stm32_fmc_16bit:fmc_inst|ftw2_shadow[16]                                                                                                                            ; 0                 ; 6       ;
;      - stm32_fmc_16bit:fmc_inst|ftw2_shadow[0]                                                                                                                             ; 0                 ; 6       ;
;      - stm32_fmc_16bit:fmc_inst|Equal17~3                                                                                                                                  ; 0                 ; 6       ;
;      - stm32_fmc_16bit:fmc_inst|adc_count_reg~0                                                                                                                            ; 0                 ; 6       ;
;      - stm32_fmc_16bit:fmc_inst|adc_start_toggle~0                                                                                                                         ; 0                 ; 6       ;
; FMC_D[1]                                                                                                                                                                   ;                   ;         ;
;      - stm32_fmc_16bit:fmc_inst|ftw1_shadow[17]                                                                                                                            ; 1                 ; 6       ;
;      - stm32_fmc_16bit:fmc_inst|ftw1_shadow[1]                                                                                                                             ; 1                 ; 6       ;
;      - stm32_fmc_16bit:fmc_inst|ftw2_shadow[17]                                                                                                                            ; 1                 ; 6       ;
;      - stm32_fmc_16bit:fmc_inst|ftw2_shadow[1]                                                                                                                             ; 1                 ; 6       ;
;      - stm32_fmc_16bit:fmc_inst|Equal17~2                                                                                                                                  ; 1                 ; 6       ;
;      - stm32_fmc_16bit:fmc_inst|adc_count_reg~2                                                                                                                            ; 1                 ; 6       ;
;      - stm32_fmc_16bit:fmc_inst|adc_stop_toggle~0                                                                                                                          ; 1                 ; 6       ;
;      - stm32_fmc_16bit:fmc_inst|dac2_enable_reg~feeder                                                                                                                     ; 1                 ; 6       ;
;      - ram_2port1:ram1_inst|altsyncram:mem_rtl_0|altsyncram_fh02:auto_generated|ram_block1a0                                                                               ; 1                 ; 6       ;
;      - ram_2port1:ram2_inst|altsyncram:mem_rtl_0|altsyncram_fh02:auto_generated|ram_block1a0                                                                               ; 1                 ; 6       ;
; FMC_D[2]                                                                                                                                                                   ;                   ;         ;
;      - stm32_fmc_16bit:fmc_inst|ftw2_shadow[18]                                                                                                                            ; 0                 ; 6       ;
;      - stm32_fmc_16bit:fmc_inst|ftw2_shadow[2]                                                                                                                             ; 0                 ; 6       ;
;      - stm32_fmc_16bit:fmc_inst|ftw1_shadow[2]                                                                                                                             ; 0                 ; 6       ;
;      - stm32_fmc_16bit:fmc_inst|Equal17~2                                                                                                                                  ; 0                 ; 6       ;
;      - stm32_fmc_16bit:fmc_inst|adc_count_reg~3                                                                                                                            ; 0                 ; 6       ;
;      - stm32_fmc_16bit:fmc_inst|adc_clear_toggle~0                                                                                                                         ; 0                 ; 6       ;
;      - stm32_fmc_16bit:fmc_inst|ftw1_shadow[18]~feeder                                                                                                                     ; 0                 ; 6       ;
;      - ram_2port1:ram1_inst|altsyncram:mem_rtl_0|altsyncram_fh02:auto_generated|ram_block1a0                                                                               ; 0                 ; 6       ;
;      - ram_2port1:ram2_inst|altsyncram:mem_rtl_0|altsyncram_fh02:auto_generated|ram_block1a0                                                                               ; 0                 ; 6       ;
; FMC_D[3]                                                                                                                                                                   ;                   ;         ;
;      - stm32_fmc_16bit:fmc_inst|ftw2_shadow[19]                                                                                                                            ; 0                 ; 6       ;
;      - stm32_fmc_16bit:fmc_inst|ftw2_shadow[3]                                                                                                                             ; 0                 ; 6       ;
;      - stm32_fmc_16bit:fmc_inst|ftw1_shadow[3]                                                                                                                             ; 0                 ; 6       ;
;      - stm32_fmc_16bit:fmc_inst|Equal17~2                                                                                                                                  ; 0                 ; 6       ;
;      - stm32_fmc_16bit:fmc_inst|adc_count_reg~4                                                                                                                            ; 0                 ; 6       ;
;      - stm32_fmc_16bit:fmc_inst|ftw1_shadow[19]~feeder                                                                                                                     ; 0                 ; 6       ;
;      - ram_2port1:ram1_inst|altsyncram:mem_rtl_0|altsyncram_fh02:auto_generated|ram_block1a0                                                                               ; 0                 ; 6       ;
;      - ram_2port1:ram2_inst|altsyncram:mem_rtl_0|altsyncram_fh02:auto_generated|ram_block1a0                                                                               ; 0                 ; 6       ;
; FMC_D[4]                                                                                                                                                                   ;                   ;         ;
;      - stm32_fmc_16bit:fmc_inst|ftw2_shadow[20]                                                                                                                            ; 1                 ; 6       ;
;      - stm32_fmc_16bit:fmc_inst|ftw2_shadow[4]                                                                                                                             ; 1                 ; 6       ;
;      - stm32_fmc_16bit:fmc_inst|ftw1_shadow[4]                                                                                                                             ; 1                 ; 6       ;
;      - stm32_fmc_16bit:fmc_inst|Equal17~2                                                                                                                                  ; 1                 ; 6       ;
;      - stm32_fmc_16bit:fmc_inst|adc_count_reg~5                                                                                                                            ; 1                 ; 6       ;
;      - stm32_fmc_16bit:fmc_inst|ftw1_shadow[20]~feeder                                                                                                                     ; 1                 ; 6       ;
;      - ram_2port1:ram1_inst|altsyncram:mem_rtl_0|altsyncram_fh02:auto_generated|ram_block1a0                                                                               ; 1                 ; 6       ;
;      - ram_2port1:ram2_inst|altsyncram:mem_rtl_0|altsyncram_fh02:auto_generated|ram_block1a0                                                                               ; 1                 ; 6       ;
; FMC_D[5]                                                                                                                                                                   ;                   ;         ;
;      - stm32_fmc_16bit:fmc_inst|ftw1_shadow[5]                                                                                                                             ; 0                 ; 6       ;
;      - stm32_fmc_16bit:fmc_inst|ftw2_shadow[21]                                                                                                                            ; 0                 ; 6       ;
;      - stm32_fmc_16bit:fmc_inst|ftw2_shadow[5]                                                                                                                             ; 0                 ; 6       ;
;      - stm32_fmc_16bit:fmc_inst|ftw1_shadow[21]                                                                                                                            ; 0                 ; 6       ;
;      - stm32_fmc_16bit:fmc_inst|Equal17~1                                                                                                                                  ; 0                 ; 6       ;
;      - stm32_fmc_16bit:fmc_inst|adc_count_reg~6                                                                                                                            ; 0                 ; 6       ;
;      - ram_2port1:ram1_inst|altsyncram:mem_rtl_0|altsyncram_fh02:auto_generated|ram_block1a0                                                                               ; 0                 ; 6       ;
;      - ram_2port1:ram2_inst|altsyncram:mem_rtl_0|altsyncram_fh02:auto_generated|ram_block1a0                                                                               ; 0                 ; 6       ;
; FMC_D[6]                                                                                                                                                                   ;                   ;         ;
;      - stm32_fmc_16bit:fmc_inst|ftw2_shadow[22]                                                                                                                            ; 0                 ; 6       ;
;      - stm32_fmc_16bit:fmc_inst|ftw2_shadow[6]                                                                                                                             ; 0                 ; 6       ;
;      - stm32_fmc_16bit:fmc_inst|ftw1_shadow[22]                                                                                                                            ; 0                 ; 6       ;
;      - stm32_fmc_16bit:fmc_inst|ftw1_shadow[6]                                                                                                                             ; 0                 ; 6       ;
;      - stm32_fmc_16bit:fmc_inst|Equal17~1                                                                                                                                  ; 0                 ; 6       ;
;      - stm32_fmc_16bit:fmc_inst|adc_count_reg~7                                                                                                                            ; 0                 ; 6       ;
;      - ram_2port1:ram1_inst|altsyncram:mem_rtl_0|altsyncram_fh02:auto_generated|ram_block1a0                                                                               ; 0                 ; 6       ;
;      - ram_2port1:ram2_inst|altsyncram:mem_rtl_0|altsyncram_fh02:auto_generated|ram_block1a0                                                                               ; 0                 ; 6       ;
; FMC_D[7]                                                                                                                                                                   ;                   ;         ;
;      - stm32_fmc_16bit:fmc_inst|ftw2_shadow[23]                                                                                                                            ; 0                 ; 6       ;
;      - stm32_fmc_16bit:fmc_inst|ftw2_shadow[7]                                                                                                                             ; 0                 ; 6       ;
;      - stm32_fmc_16bit:fmc_inst|ftw1_shadow[7]                                                                                                                             ; 0                 ; 6       ;
;      - stm32_fmc_16bit:fmc_inst|Equal17~1                                                                                                                                  ; 0                 ; 6       ;
;      - stm32_fmc_16bit:fmc_inst|adc_count_reg~8                                                                                                                            ; 0                 ; 6       ;
;      - stm32_fmc_16bit:fmc_inst|ftw1_shadow[23]~feeder                                                                                                                     ; 0                 ; 6       ;
;      - ram_2port1:ram1_inst|altsyncram:mem_rtl_0|altsyncram_fh02:auto_generated|ram_block1a0                                                                               ; 0                 ; 6       ;
;      - ram_2port1:ram2_inst|altsyncram:mem_rtl_0|altsyncram_fh02:auto_generated|ram_block1a0                                                                               ; 0                 ; 6       ;
; FMC_D[8]                                                                                                                                                                   ;                   ;         ;
;      - stm32_fmc_16bit:fmc_inst|ftw2_shadow[24]                                                                                                                            ; 1                 ; 6       ;
;      - stm32_fmc_16bit:fmc_inst|ftw2_shadow[8]                                                                                                                             ; 1                 ; 6       ;
;      - stm32_fmc_16bit:fmc_inst|ftw1_shadow[8]                                                                                                                             ; 1                 ; 6       ;
;      - stm32_fmc_16bit:fmc_inst|Equal17~1                                                                                                                                  ; 1                 ; 6       ;
;      - stm32_fmc_16bit:fmc_inst|adc_count_reg~9                                                                                                                            ; 1                 ; 6       ;
;      - stm32_fmc_16bit:fmc_inst|ftw1_shadow[24]~feeder                                                                                                                     ; 1                 ; 6       ;
;      - ram_2port1:ram1_inst|altsyncram:mem_rtl_0|altsyncram_fh02:auto_generated|ram_block1a0                                                                               ; 1                 ; 6       ;
;      - ram_2port1:ram2_inst|altsyncram:mem_rtl_0|altsyncram_fh02:auto_generated|ram_block1a0                                                                               ; 1                 ; 6       ;
; FMC_D[9]                                                                                                                                                                   ;                   ;         ;
;      - ram_2port1:ram2_inst|altsyncram:mem_rtl_0|altsyncram_fh02:auto_generated|ram_block1a9                                                                               ; 0                 ; 6       ;
;      - ram_2port1:ram1_inst|altsyncram:mem_rtl_0|altsyncram_fh02:auto_generated|ram_block1a9                                                                               ; 0                 ; 6       ;
;      - stm32_fmc_16bit:fmc_inst|ftw1_shadow[9]                                                                                                                             ; 0                 ; 6       ;
;      - stm32_fmc_16bit:fmc_inst|ftw2_shadow[25]                                                                                                                            ; 0                 ; 6       ;
;      - stm32_fmc_16bit:fmc_inst|ftw2_shadow[9]                                                                                                                             ; 0                 ; 6       ;
;      - stm32_fmc_16bit:fmc_inst|ftw1_shadow[25]                                                                                                                            ; 0                 ; 6       ;
;      - stm32_fmc_16bit:fmc_inst|Equal17~0                                                                                                                                  ; 0                 ; 6       ;
;      - stm32_fmc_16bit:fmc_inst|adc_count_reg~10                                                                                                                           ; 0                 ; 6       ;
; FMC_D[10]                                                                                                                                                                  ;                   ;         ;
;      - stm32_fmc_16bit:fmc_inst|ftw2_shadow[26]                                                                                                                            ; 1                 ; 6       ;
;      - stm32_fmc_16bit:fmc_inst|ftw2_shadow[10]                                                                                                                            ; 1                 ; 6       ;
;      - stm32_fmc_16bit:fmc_inst|ftw1_shadow[26]                                                                                                                            ; 1                 ; 6       ;
;      - stm32_fmc_16bit:fmc_inst|ftw1_shadow[10]                                                                                                                            ; 1                 ; 6       ;
;      - stm32_fmc_16bit:fmc_inst|Equal17~0                                                                                                                                  ; 1                 ; 6       ;
;      - stm32_fmc_16bit:fmc_inst|adc_count_reg~11                                                                                                                           ; 1                 ; 6       ;
;      - ram_2port1:ram1_inst|altsyncram:mem_rtl_0|altsyncram_fh02:auto_generated|ram_block1a9                                                                               ; 1                 ; 6       ;
;      - ram_2port1:ram2_inst|altsyncram:mem_rtl_0|altsyncram_fh02:auto_generated|ram_block1a9                                                                               ; 1                 ; 6       ;
; FMC_D[11]                                                                                                                                                                  ;                   ;         ;
;      - stm32_fmc_16bit:fmc_inst|ftw2_shadow[27]                                                                                                                            ; 0                 ; 6       ;
;      - stm32_fmc_16bit:fmc_inst|ftw2_shadow[11]                                                                                                                            ; 0                 ; 6       ;
;      - stm32_fmc_16bit:fmc_inst|ftw1_shadow[27]                                                                                                                            ; 0                 ; 6       ;
;      - stm32_fmc_16bit:fmc_inst|ftw1_shadow[11]                                                                                                                            ; 0                 ; 6       ;
;      - stm32_fmc_16bit:fmc_inst|Equal17~0                                                                                                                                  ; 0                 ; 6       ;
;      - stm32_fmc_16bit:fmc_inst|adc_count_reg~12                                                                                                                           ; 0                 ; 6       ;
;      - ram_2port1:ram1_inst|altsyncram:mem_rtl_0|altsyncram_fh02:auto_generated|ram_block1a9                                                                               ; 0                 ; 6       ;
;      - ram_2port1:ram2_inst|altsyncram:mem_rtl_0|altsyncram_fh02:auto_generated|ram_block1a9                                                                               ; 0                 ; 6       ;
; FMC_D[12]                                                                                                                                                                  ;                   ;         ;
;      - stm32_fmc_16bit:fmc_inst|ftw1_shadow[12]                                                                                                                            ; 0                 ; 6       ;
;      - stm32_fmc_16bit:fmc_inst|ftw2_shadow[28]                                                                                                                            ; 0                 ; 6       ;
;      - stm32_fmc_16bit:fmc_inst|ftw2_shadow[12]                                                                                                                            ; 0                 ; 6       ;
;      - stm32_fmc_16bit:fmc_inst|ftw1_shadow[28]                                                                                                                            ; 0                 ; 6       ;
;      - stm32_fmc_16bit:fmc_inst|Equal17~0                                                                                                                                  ; 0                 ; 6       ;
;      - stm32_fmc_16bit:fmc_inst|adc_count_reg~13                                                                                                                           ; 0                 ; 6       ;
;      - ram_2port1:ram1_inst|altsyncram:mem_rtl_0|altsyncram_fh02:auto_generated|ram_block1a9                                                                               ; 0                 ; 6       ;
;      - ram_2port1:ram2_inst|altsyncram:mem_rtl_0|altsyncram_fh02:auto_generated|ram_block1a9                                                                               ; 0                 ; 6       ;
; FMC_D[13]                                                                                                                                                                  ;                   ;         ;
;      - stm32_fmc_16bit:fmc_inst|ftw2_shadow[29]                                                                                                                            ; 0                 ; 6       ;
;      - stm32_fmc_16bit:fmc_inst|ftw2_shadow[13]                                                                                                                            ; 0                 ; 6       ;
;      - stm32_fmc_16bit:fmc_inst|ftw1_shadow[13]                                                                                                                            ; 0                 ; 6       ;
;      - stm32_fmc_16bit:fmc_inst|adc_count_reg~0                                                                                                                            ; 0                 ; 6       ;
;      - stm32_fmc_16bit:fmc_inst|adc_count_reg~2                                                                                                                            ; 0                 ; 6       ;
;      - stm32_fmc_16bit:fmc_inst|adc_count_reg~3                                                                                                                            ; 0                 ; 6       ;
;      - stm32_fmc_16bit:fmc_inst|adc_count_reg~4                                                                                                                            ; 0                 ; 6       ;
;      - stm32_fmc_16bit:fmc_inst|adc_count_reg~5                                                                                                                            ; 0                 ; 6       ;
;      - stm32_fmc_16bit:fmc_inst|adc_count_reg~6                                                                                                                            ; 0                 ; 6       ;
;      - stm32_fmc_16bit:fmc_inst|adc_count_reg~7                                                                                                                            ; 0                 ; 6       ;
;      - stm32_fmc_16bit:fmc_inst|adc_count_reg~8                                                                                                                            ; 0                 ; 6       ;
;      - stm32_fmc_16bit:fmc_inst|adc_count_reg~9                                                                                                                            ; 0                 ; 6       ;
;      - stm32_fmc_16bit:fmc_inst|adc_count_reg~10                                                                                                                           ; 0                 ; 6       ;
;      - stm32_fmc_16bit:fmc_inst|adc_count_reg~11                                                                                                                           ; 0                 ; 6       ;
;      - stm32_fmc_16bit:fmc_inst|adc_count_reg~12                                                                                                                           ; 0                 ; 6       ;
;      - stm32_fmc_16bit:fmc_inst|adc_count_reg~13                                                                                                                           ; 0                 ; 6       ;
;      - stm32_fmc_16bit:fmc_inst|Equal17~4                                                                                                                                  ; 0                 ; 6       ;
;      - stm32_fmc_16bit:fmc_inst|ftw1_shadow[29]~feeder                                                                                                                     ; 0                 ; 6       ;
;      - ram_2port1:ram1_inst|altsyncram:mem_rtl_0|altsyncram_fh02:auto_generated|ram_block1a9                                                                               ; 0                 ; 6       ;
;      - ram_2port1:ram2_inst|altsyncram:mem_rtl_0|altsyncram_fh02:auto_generated|ram_block1a9                                                                               ; 0                 ; 6       ;
; FMC_D[14]                                                                                                                                                                  ;                   ;         ;
;      - stm32_fmc_16bit:fmc_inst|ftw2_shadow[30]                                                                                                                            ; 0                 ; 6       ;
;      - stm32_fmc_16bit:fmc_inst|ftw2_shadow[14]                                                                                                                            ; 0                 ; 6       ;
;      - stm32_fmc_16bit:fmc_inst|ftw1_shadow[14]                                                                                                                            ; 0                 ; 6       ;
;      - stm32_fmc_16bit:fmc_inst|LessThan0~0                                                                                                                                ; 0                 ; 6       ;
;      - stm32_fmc_16bit:fmc_inst|Equal17~4                                                                                                                                  ; 0                 ; 6       ;
;      - stm32_fmc_16bit:fmc_inst|ftw1_shadow[30]~feeder                                                                                                                     ; 0                 ; 6       ;
;      - ram_2port1:ram1_inst|altsyncram:mem_rtl_0|altsyncram_fh02:auto_generated|ram_block1a9                                                                               ; 0                 ; 6       ;
;      - ram_2port1:ram2_inst|altsyncram:mem_rtl_0|altsyncram_fh02:auto_generated|ram_block1a9                                                                               ; 0                 ; 6       ;
; FMC_D[15]                                                                                                                                                                  ;                   ;         ;
;      - stm32_fmc_16bit:fmc_inst|ftw1_shadow[15]                                                                                                                            ; 1                 ; 6       ;
;      - stm32_fmc_16bit:fmc_inst|ftw2_shadow[31]                                                                                                                            ; 1                 ; 6       ;
;      - stm32_fmc_16bit:fmc_inst|ftw2_shadow[15]                                                                                                                            ; 1                 ; 6       ;
;      - stm32_fmc_16bit:fmc_inst|ftw1_shadow[31]                                                                                                                            ; 1                 ; 6       ;
;      - stm32_fmc_16bit:fmc_inst|LessThan0~0                                                                                                                                ; 1                 ; 6       ;
;      - stm32_fmc_16bit:fmc_inst|Equal17~4                                                                                                                                  ; 1                 ; 6       ;
;      - ram_2port1:ram1_inst|altsyncram:mem_rtl_0|altsyncram_fh02:auto_generated|ram_block1a9                                                                               ; 1                 ; 6       ;
;      - ram_2port1:ram2_inst|altsyncram:mem_rtl_0|altsyncram_fh02:auto_generated|ram_block1a9                                                                               ; 1                 ; 6       ;
; CLK_50M                                                                                                                                                                    ;                   ;         ;
; FMC_A[13]                                                                                                                                                                  ;                   ;         ;
;      - stm32_fmc_16bit:fmc_inst|addr_sync1[13]                                                                                                                             ; 0                 ; 6       ;
; FMC_A[12]                                                                                                                                                                  ;                   ;         ;
;      - stm32_fmc_16bit:fmc_inst|addr_sync1[12]~feeder                                                                                                                      ; 0                 ; 6       ;
; FMC_A[9]                                                                                                                                                                   ;                   ;         ;
;      - stm32_fmc_16bit:fmc_inst|addr_sync1[9]~feeder                                                                                                                       ; 0                 ; 6       ;
; FMC_A[8]                                                                                                                                                                   ;                   ;         ;
;      - stm32_fmc_16bit:fmc_inst|addr_sync1[8]                                                                                                                              ; 1                 ; 6       ;
; FMC_A[7]                                                                                                                                                                   ;                   ;         ;
;      - stm32_fmc_16bit:fmc_inst|addr_sync1[7]~feeder                                                                                                                       ; 1                 ; 6       ;
; FMC_A[6]                                                                                                                                                                   ;                   ;         ;
;      - stm32_fmc_16bit:fmc_inst|addr_sync1[6]~feeder                                                                                                                       ; 0                 ; 6       ;
; FMC_A[5]                                                                                                                                                                   ;                   ;         ;
;      - stm32_fmc_16bit:fmc_inst|addr_sync1[5]                                                                                                                              ; 0                 ; 6       ;
; FMC_A[4]                                                                                                                                                                   ;                   ;         ;
;      - stm32_fmc_16bit:fmc_inst|addr_sync1[4]~feeder                                                                                                                       ; 0                 ; 6       ;
; FMC_A[10]                                                                                                                                                                  ;                   ;         ;
;      - stm32_fmc_16bit:fmc_inst|addr_sync1[10]                                                                                                                             ; 1                 ; 6       ;
; FMC_A[14]                                                                                                                                                                  ;                   ;         ;
;      - stm32_fmc_16bit:fmc_inst|addr_sync1[14]                                                                                                                             ; 1                 ; 6       ;
; FMC_A[1]                                                                                                                                                                   ;                   ;         ;
;      - stm32_fmc_16bit:fmc_inst|addr_sync1[1]                                                                                                                              ; 0                 ; 6       ;
; FMC_A[3]                                                                                                                                                                   ;                   ;         ;
;      - stm32_fmc_16bit:fmc_inst|addr_sync1[3]~feeder                                                                                                                       ; 0                 ; 6       ;
; FMC_A[2]                                                                                                                                                                   ;                   ;         ;
;      - stm32_fmc_16bit:fmc_inst|addr_sync1[2]                                                                                                                              ; 1                 ; 6       ;
; FMC_A[11]                                                                                                                                                                  ;                   ;         ;
;      - stm32_fmc_16bit:fmc_inst|addr_sync1[11]~feeder                                                                                                                      ; 0                 ; 6       ;
; FMC_A[0]                                                                                                                                                                   ;                   ;         ;
;      - stm32_fmc_16bit:fmc_inst|addr_sync1[0]                                                                                                                              ; 0                 ; 6       ;
; FMC_NE1                                                                                                                                                                    ;                   ;         ;
;      - stm32_fmc_16bit:fmc_inst|ne1_sync1~0                                                                                                                                ; 1                 ; 6       ;
; FMC_NWE                                                                                                                                                                    ;                   ;         ;
;      - stm32_fmc_16bit:fmc_inst|nwe_sync1~0                                                                                                                                ; 1                 ; 6       ;
; FMC_NOE                                                                                                                                                                    ;                   ;         ;
;      - stm32_fmc_16bit:fmc_inst|noe_sync1~0                                                                                                                                ; 0                 ; 6       ;
; ADC_D[0]                                                                                                                                                                   ;                   ;         ;
;      - sld_signaltap:auto_signaltap_0|acq_trigger_in_reg[0]                                                                                                                ; 0                 ; 6       ;
;      - sld_signaltap:auto_signaltap_0|acq_data_in_reg[0]                                                                                                                   ; 0                 ; 6       ;
;      - stm32_fmc_16bit:fmc_inst|FIR1:u_fir|FIR1_0002:fir1_inst|FIR1_0002_ast:FIR1_0002_ast_inst|FIR1_0002_rtl:hpfircore|dspba_delay:d_xIn_0_13|delay_signals[2][0]~feeder  ; 0                 ; 6       ;
; ADC_D[1]                                                                                                                                                                   ;                   ;         ;
;      - sld_signaltap:auto_signaltap_0|acq_data_in_reg[3]                                                                                                                   ; 0                 ; 6       ;
;      - stm32_fmc_16bit:fmc_inst|FIR1:u_fir|FIR1_0002:fir1_inst|FIR1_0002_ast:FIR1_0002_ast_inst|FIR1_0002_rtl:hpfircore|dspba_delay:d_xIn_0_13|delay_signals[2][1]~feeder  ; 0                 ; 6       ;
;      - sld_signaltap:auto_signaltap_0|acq_trigger_in_reg[3]~feeder                                                                                                         ; 0                 ; 6       ;
; ADC_D[2]                                                                                                                                                                   ;                   ;         ;
;      - stm32_fmc_16bit:fmc_inst|FIR1:u_fir|FIR1_0002:fir1_inst|FIR1_0002_ast:FIR1_0002_ast_inst|FIR1_0002_rtl:hpfircore|dspba_delay:d_xIn_0_13|delay_signals[2][2]         ; 1                 ; 6       ;
;      - sld_signaltap:auto_signaltap_0|acq_trigger_in_reg[4]                                                                                                                ; 1                 ; 6       ;
;      - sld_signaltap:auto_signaltap_0|acq_data_in_reg[4]                                                                                                                   ; 1                 ; 6       ;
; ADC_D[3]                                                                                                                                                                   ;                   ;         ;
;      - stm32_fmc_16bit:fmc_inst|FIR1:u_fir|FIR1_0002:fir1_inst|FIR1_0002_ast:FIR1_0002_ast_inst|FIR1_0002_rtl:hpfircore|dspba_delay:d_xIn_0_13|delay_signals[2][3]~feeder  ; 0                 ; 6       ;
;      - sld_signaltap:auto_signaltap_0|acq_data_in_reg[5]~feeder                                                                                                            ; 0                 ; 6       ;
;      - sld_signaltap:auto_signaltap_0|acq_trigger_in_reg[5]~feeder                                                                                                         ; 0                 ; 6       ;
; ADC_D[4]                                                                                                                                                                   ;                   ;         ;
;      - sld_signaltap:auto_signaltap_0|acq_trigger_in_reg[6]                                                                                                                ; 0                 ; 6       ;
;      - sld_signaltap:auto_signaltap_0|acq_data_in_reg[6]                                                                                                                   ; 0                 ; 6       ;
;      - stm32_fmc_16bit:fmc_inst|FIR1:u_fir|FIR1_0002:fir1_inst|FIR1_0002_ast:FIR1_0002_ast_inst|FIR1_0002_rtl:hpfircore|dspba_delay:d_xIn_0_13|delay_signals[2][4]~feeder  ; 0                 ; 6       ;
; ADC_D[5]                                                                                                                                                                   ;                   ;         ;
;      - sld_signaltap:auto_signaltap_0|acq_trigger_in_reg[7]                                                                                                                ; 0                 ; 6       ;
;      - stm32_fmc_16bit:fmc_inst|FIR1:u_fir|FIR1_0002:fir1_inst|FIR1_0002_ast:FIR1_0002_ast_inst|FIR1_0002_rtl:hpfircore|dspba_delay:d_xIn_0_13|delay_signals[2][5]~feeder  ; 0                 ; 6       ;
;      - sld_signaltap:auto_signaltap_0|acq_data_in_reg[7]~feeder                                                                                                            ; 0                 ; 6       ;
; ADC_D[6]                                                                                                                                                                   ;                   ;         ;
;      - stm32_fmc_16bit:fmc_inst|FIR1:u_fir|FIR1_0002:fir1_inst|FIR1_0002_ast:FIR1_0002_ast_inst|FIR1_0002_rtl:hpfircore|dspba_delay:d_xIn_0_13|delay_signals[2][6]~feeder  ; 0                 ; 6       ;
;      - sld_signaltap:auto_signaltap_0|acq_data_in_reg[8]~feeder                                                                                                            ; 0                 ; 6       ;
;      - sld_signaltap:auto_signaltap_0|acq_trigger_in_reg[8]~feeder                                                                                                         ; 0                 ; 6       ;
; ADC_D[7]                                                                                                                                                                   ;                   ;         ;
;      - stm32_fmc_16bit:fmc_inst|FIR1:u_fir|FIR1_0002:fir1_inst|FIR1_0002_ast:FIR1_0002_ast_inst|FIR1_0002_rtl:hpfircore|dspba_delay:d_xIn_0_13|delay_signals[2][7]         ; 0                 ; 6       ;
;      - sld_signaltap:auto_signaltap_0|acq_trigger_in_reg[9]                                                                                                                ; 0                 ; 6       ;
;      - sld_signaltap:auto_signaltap_0|acq_data_in_reg[9]                                                                                                                   ; 0                 ; 6       ;
; ADC_D[8]                                                                                                                                                                   ;                   ;         ;
;      - sld_signaltap:auto_signaltap_0|acq_trigger_in_reg[10]                                                                                                               ; 0                 ; 6       ;
;      - stm32_fmc_16bit:fmc_inst|FIR1:u_fir|FIR1_0002:fir1_inst|FIR1_0002_ast:FIR1_0002_ast_inst|FIR1_0002_rtl:hpfircore|dspba_delay:d_xIn_0_13|delay_signals[2][8]~feeder  ; 0                 ; 6       ;
;      - sld_signaltap:auto_signaltap_0|acq_data_in_reg[10]~feeder                                                                                                           ; 0                 ; 6       ;
; ADC_D[9]                                                                                                                                                                   ;                   ;         ;
;      - sld_signaltap:auto_signaltap_0|acq_data_in_reg[11]~feeder                                                                                                           ; 0                 ; 6       ;
;      - sld_signaltap:auto_signaltap_0|acq_trigger_in_reg[11]~feeder                                                                                                        ; 0                 ; 6       ;
;      - stm32_fmc_16bit:fmc_inst|FIR1:u_fir|FIR1_0002:fir1_inst|FIR1_0002_ast:FIR1_0002_ast_inst|FIR1_0002_rtl:hpfircore|dspba_delay:d_xIn_0_13|delay_signals[2][9]~feeder  ; 0                 ; 6       ;
; ADC_D[10]                                                                                                                                                                  ;                   ;         ;
;      - sld_signaltap:auto_signaltap_0|acq_trigger_in_reg[1]~feeder                                                                                                         ; 0                 ; 6       ;
;      - sld_signaltap:auto_signaltap_0|acq_data_in_reg[1]~feeder                                                                                                            ; 0                 ; 6       ;
;      - stm32_fmc_16bit:fmc_inst|FIR1:u_fir|FIR1_0002:fir1_inst|FIR1_0002_ast:FIR1_0002_ast_inst|FIR1_0002_rtl:hpfircore|dspba_delay:d_xIn_0_13|delay_signals[2][10]~feeder ; 0                 ; 6       ;
; ADC_D[11]                                                                                                                                                                  ;                   ;         ;
+----------------------------------------------------------------------------------------------------------------------------------------------------------------------------+-------------------+---------+


+------------------------------------------------------------------------------------------------------------------------------------------------------------------------------------------------------------------------------------------------------------------------------------------------------------------------------------------------------------------------------------------------------------------------------------------------+
; Control Signals                                                                                                                                                                                                                                                                                                                                                                                                                                ;
+-----------------------------------------------------------------------------------------------------------------------------------------------------------------------------------------------------------------------------------------------------------------------------------------------------+--------------------+---------+----------------------------+--------+----------------------+------------------+---------------------------+
; Name                                                                                                                                                                                                                                                                                                ; Location           ; Fan-Out ; Usage                      ; Global ; Global Resource Used ; Global Line Name ; Enable Signal Source Name ;
+-----------------------------------------------------------------------------------------------------------------------------------------------------------------------------------------------------------------------------------------------------------------------------------------------------+--------------------+---------+----------------------------+--------+----------------------+------------------+---------------------------+
; CLK_50M                                                                                                                                                                                                                                                                                             ; PIN_23             ; 2       ; Clock                      ; no     ; --                   ; --               ; --                        ;
; CLK_50M                                                                                                                                                                                                                                                                                             ; PIN_23             ; 10      ; Clock                      ; yes    ; Global Clock         ; GCLK2            ; --                        ;
; Equal1~2                                                                                                                                                                                                                                                                                            ; LCCOMB_X33_Y12_N6  ; 11      ; Clock enable               ; no     ; --                   ; --               ; --                        ;
; Equal1~2                                                                                                                                                                                                                                                                                            ; LCCOMB_X33_Y12_N6  ; 1186    ; Async. clear               ; yes    ; Global Clock         ; GCLK9            ; --                        ;
; altera_internal_jtag~TCKUTAP                                                                                                                                                                                                                                                                        ; JTAG_X1_Y12_N0     ; 337     ; Clock                      ; yes    ; Global Clock         ; GCLK8            ; --                        ;
; altera_internal_jtag~TMSUTAP                                                                                                                                                                                                                                                                        ; JTAG_X1_Y12_N0     ; 23      ; Sync. clear                ; no     ; --                   ; --               ; --                        ;
; pll1:pll1_inst|altpll:altpll_component|pll1_altpll1:auto_generated|wire_pll1_clk[0]                                                                                                                                                                                                                 ; PLL_1              ; 322     ; Clock                      ; yes    ; Global Clock         ; GCLK3            ; --                        ;
; pll1:pll1_inst|altpll:altpll_component|pll1_altpll1:auto_generated|wire_pll1_clk[2]                                                                                                                                                                                                                 ; PLL_1              ; 221     ; Clock                      ; yes    ; Global Clock         ; GCLK0            ; --                        ;
; pll1:pll1_inst|altpll:altpll_component|pll1_altpll1:auto_generated|wire_pll1_clk[3]                                                                                                                                                                                                                 ; PLL_1              ; 900     ; Clock                      ; yes    ; Global Clock         ; GCLK4            ; --                        ;
; sld_hub:auto_hub|alt_sld_fab:\instrumentation_fabric_with_node_gen:fabric_gen_new_way:instrumentation_fabric|alt_sld_fab_sldfabric:sldfabric|sld_jtag_hub:\jtag_hub_gen:real_sld_jtag_hub|clr_reg                                                                                                   ; FF_X26_Y11_N23     ; 36      ; Async. clear               ; no     ; --                   ; --               ; --                        ;
; sld_hub:auto_hub|alt_sld_fab:\instrumentation_fabric_with_node_gen:fabric_gen_new_way:instrumentation_fabric|alt_sld_fab_sldfabric:sldfabric|sld_jtag_hub:\jtag_hub_gen:real_sld_jtag_hub|design_hash_proc~0                                                                                        ; LCCOMB_X24_Y10_N28 ; 4       ; Sync. load                 ; no     ; --                   ; --               ; --                        ;
; sld_hub:auto_hub|alt_sld_fab:\instrumentation_fabric_with_node_gen:fabric_gen_new_way:instrumentation_fabric|alt_sld_fab_sldfabric:sldfabric|sld_jtag_hub:\jtag_hub_gen:real_sld_jtag_hub|hub_info_reg_ena                                                                                          ; LCCOMB_X24_Y10_N22 ; 4       ; Clock enable               ; no     ; --                   ; --               ; --                        ;
; sld_hub:auto_hub|alt_sld_fab:\instrumentation_fabric_with_node_gen:fabric_gen_new_way:instrumentation_fabric|alt_sld_fab_sldfabric:sldfabric|sld_jtag_hub:\jtag_hub_gen:real_sld_jtag_hub|hub_info_reg_ena~0                                                                                        ; LCCOMB_X24_Y10_N18 ; 5       ; Clock enable               ; no     ; --                   ; --               ; --                        ;
; sld_hub:auto_hub|alt_sld_fab:\instrumentation_fabric_with_node_gen:fabric_gen_new_way:instrumentation_fabric|alt_sld_fab_sldfabric:sldfabric|sld_jtag_hub:\jtag_hub_gen:real_sld_jtag_hub|identity_contrib_shift_reg[0]~1                                                                           ; LCCOMB_X22_Y10_N20 ; 4       ; Clock enable               ; no     ; --                   ; --               ; --                        ;
; sld_hub:auto_hub|alt_sld_fab:\instrumentation_fabric_with_node_gen:fabric_gen_new_way:instrumentation_fabric|alt_sld_fab_sldfabric:sldfabric|sld_jtag_hub:\jtag_hub_gen:real_sld_jtag_hub|irf_reg[1][0]~3                                                                                           ; LCCOMB_X28_Y13_N2  ; 10      ; Clock enable               ; no     ; --                   ; --               ; --                        ;
; sld_hub:auto_hub|alt_sld_fab:\instrumentation_fabric_with_node_gen:fabric_gen_new_way:instrumentation_fabric|alt_sld_fab_sldfabric:sldfabric|sld_jtag_hub:\jtag_hub_gen:real_sld_jtag_hub|irf_reg[1][4]                                                                                             ; FF_X28_Y13_N17     ; 8       ; Clock enable               ; no     ; --                   ; --               ; --                        ;
; sld_hub:auto_hub|alt_sld_fab:\instrumentation_fabric_with_node_gen:fabric_gen_new_way:instrumentation_fabric|alt_sld_fab_sldfabric:sldfabric|sld_jtag_hub:\jtag_hub_gen:real_sld_jtag_hub|irf_reg[1][7]                                                                                             ; FF_X30_Y13_N19     ; 26      ; Clock enable               ; no     ; --                   ; --               ; --                        ;
; sld_hub:auto_hub|alt_sld_fab:\instrumentation_fabric_with_node_gen:fabric_gen_new_way:instrumentation_fabric|alt_sld_fab_sldfabric:sldfabric|sld_jtag_hub:\jtag_hub_gen:real_sld_jtag_hub|irsr_reg[0]~2                                                                                             ; LCCOMB_X28_Y11_N2  ; 9       ; Clock enable               ; no     ; --                   ; --               ; --                        ;
; sld_hub:auto_hub|alt_sld_fab:\instrumentation_fabric_with_node_gen:fabric_gen_new_way:instrumentation_fabric|alt_sld_fab_sldfabric:sldfabric|sld_jtag_hub:\jtag_hub_gen:real_sld_jtag_hub|mixer_addr_reg_internal[4]~15                                                                             ; LCCOMB_X23_Y10_N0  ; 5       ; Sync. load                 ; no     ; --                   ; --               ; --                        ;
; sld_hub:auto_hub|alt_sld_fab:\instrumentation_fabric_with_node_gen:fabric_gen_new_way:instrumentation_fabric|alt_sld_fab_sldfabric:sldfabric|sld_jtag_hub:\jtag_hub_gen:real_sld_jtag_hub|mixer_addr_reg_internal[4]~16                                                                             ; LCCOMB_X26_Y11_N2  ; 5       ; Clock enable               ; no     ; --                   ; --               ; --                        ;
; sld_hub:auto_hub|alt_sld_fab:\instrumentation_fabric_with_node_gen:fabric_gen_new_way:instrumentation_fabric|alt_sld_fab_sldfabric:sldfabric|sld_jtag_hub:\jtag_hub_gen:real_sld_jtag_hub|shadow_irf_reg[1][0]~2                                                                                    ; LCCOMB_X28_Y13_N14 ; 10      ; Clock enable               ; no     ; --                   ; --               ; --                        ;
; sld_hub:auto_hub|alt_sld_fab:\instrumentation_fabric_with_node_gen:fabric_gen_new_way:instrumentation_fabric|alt_sld_fab_sldfabric:sldfabric|sld_jtag_hub:\jtag_hub_gen:real_sld_jtag_hub|sld_rom_sr:hub_info_reg|WORD_SR[1]~17                                                                     ; LCCOMB_X28_Y11_N26 ; 4       ; Clock enable               ; no     ; --                   ; --               ; --                        ;
; sld_hub:auto_hub|alt_sld_fab:\instrumentation_fabric_with_node_gen:fabric_gen_new_way:instrumentation_fabric|alt_sld_fab_sldfabric:sldfabric|sld_jtag_hub:\jtag_hub_gen:real_sld_jtag_hub|sld_rom_sr:hub_info_reg|word_counter[3]~13                                                                ; LCCOMB_X24_Y11_N16 ; 5       ; Sync. clear                ; no     ; --                   ; --               ; --                        ;
; sld_hub:auto_hub|alt_sld_fab:\instrumentation_fabric_with_node_gen:fabric_gen_new_way:instrumentation_fabric|alt_sld_fab_sldfabric:sldfabric|sld_jtag_hub:\jtag_hub_gen:real_sld_jtag_hub|sld_rom_sr:hub_info_reg|word_counter[3]~20                                                                ; LCCOMB_X26_Y11_N4  ; 5       ; Clock enable               ; no     ; --                   ; --               ; --                        ;
; sld_hub:auto_hub|alt_sld_fab:\instrumentation_fabric_with_node_gen:fabric_gen_new_way:instrumentation_fabric|alt_sld_fab_sldfabric:sldfabric|sld_jtag_hub:\jtag_hub_gen:real_sld_jtag_hub|sld_shadow_jsm:shadow_jsm|state[0]                                                                        ; FF_X26_Y13_N23     ; 15      ; Async. clear               ; no     ; --                   ; --               ; --                        ;
; sld_hub:auto_hub|alt_sld_fab:\instrumentation_fabric_with_node_gen:fabric_gen_new_way:instrumentation_fabric|alt_sld_fab_sldfabric:sldfabric|sld_jtag_hub:\jtag_hub_gen:real_sld_jtag_hub|sld_shadow_jsm:shadow_jsm|state[11]                                                                       ; FF_X26_Y13_N17     ; 12      ; Clock enable               ; no     ; --                   ; --               ; --                        ;
; sld_hub:auto_hub|alt_sld_fab:\instrumentation_fabric_with_node_gen:fabric_gen_new_way:instrumentation_fabric|alt_sld_fab_sldfabric:sldfabric|sld_jtag_hub:\jtag_hub_gen:real_sld_jtag_hub|sld_shadow_jsm:shadow_jsm|state[3]                                                                        ; FF_X26_Y13_N9      ; 47      ; Sync. load                 ; no     ; --                   ; --               ; --                        ;
; sld_hub:auto_hub|alt_sld_fab:\instrumentation_fabric_with_node_gen:fabric_gen_new_way:instrumentation_fabric|alt_sld_fab_sldfabric:sldfabric|sld_jtag_hub:\jtag_hub_gen:real_sld_jtag_hub|sld_shadow_jsm:shadow_jsm|state[4]                                                                        ; FF_X26_Y11_N27     ; 30      ; Sync. load                 ; no     ; --                   ; --               ; --                        ;
; sld_hub:auto_hub|alt_sld_fab:\instrumentation_fabric_with_node_gen:fabric_gen_new_way:instrumentation_fabric|alt_sld_fab_sldfabric:sldfabric|sld_jtag_hub:\jtag_hub_gen:real_sld_jtag_hub|sld_shadow_jsm:shadow_jsm|state[8]                                                                        ; FF_X26_Y11_N31     ; 14      ; Async. clear               ; no     ; --                   ; --               ; --                        ;
; sld_hub:auto_hub|alt_sld_fab:\instrumentation_fabric_with_node_gen:fabric_gen_new_way:instrumentation_fabric|alt_sld_fab_sldfabric:sldfabric|sld_jtag_hub:\jtag_hub_gen:real_sld_jtag_hub|virtual_ir_dr_scan_proc~0                                                                                 ; LCCOMB_X26_Y13_N10 ; 3       ; Clock enable               ; no     ; --                   ; --               ; --                        ;
; sld_hub:auto_hub|alt_sld_fab:\instrumentation_fabric_with_node_gen:fabric_gen_new_way:instrumentation_fabric|alt_sld_fab_sldfabric:sldfabric|sld_jtag_hub:\jtag_hub_gen:real_sld_jtag_hub|virtual_ir_scan_reg                                                                                       ; FF_X26_Y12_N17     ; 31      ; Async. clear, Clock enable ; no     ; --                   ; --               ; --                        ;
; sld_hub:auto_hub|alt_sld_fab:\instrumentation_fabric_with_node_gen:fabric_gen_new_way:instrumentation_fabric|sldfabric_ident_writedata[0]~0                                                                                                                                                         ; LCCOMB_X22_Y10_N18 ; 4       ; Clock enable               ; no     ; --                   ; --               ; --                        ;
; sld_signaltap:auto_signaltap_0|sld_signaltap_impl:sld_signaltap_body|sld_signaltap_implb:sld_signaltap_body|altdpram:\stp_non_zero_ram_gen:attribute_mem_gen:attribute_mem|lpm_decode:wdecoder|decode_dvf:auto_generated|eq_node[0]~1                                                               ; LCCOMB_X25_Y16_N26 ; 19      ; Clock enable               ; no     ; --                   ; --               ; --                        ;
; sld_signaltap:auto_signaltap_0|sld_signaltap_impl:sld_signaltap_body|sld_signaltap_implb:sld_signaltap_body|altdpram:\stp_non_zero_ram_gen:attribute_mem_gen:attribute_mem|lpm_decode:wdecoder|decode_dvf:auto_generated|eq_node[1]~0                                                               ; LCCOMB_X25_Y16_N4  ; 19      ; Clock enable               ; no     ; --                   ; --               ; --                        ;
; sld_signaltap:auto_signaltap_0|sld_signaltap_impl:sld_signaltap_body|sld_signaltap_implb:sld_signaltap_body|buffer_write_enable_delayed                                                                                                                                                             ; FF_X25_Y16_N17     ; 4       ; Clock enable, Write enable ; no     ; --                   ; --               ; --                        ;
; sld_signaltap:auto_signaltap_0|sld_signaltap_impl:sld_signaltap_body|sld_signaltap_implb:sld_signaltap_body|collect_data                                                                                                                                                                            ; LCCOMB_X24_Y15_N16 ; 24      ; Clock enable               ; no     ; --                   ; --               ; --                        ;
; sld_signaltap:auto_signaltap_0|sld_signaltap_impl:sld_signaltap_body|sld_signaltap_implb:sld_signaltap_body|process_0~0                                                                                                                                                                             ; LCCOMB_X25_Y13_N2  ; 32      ; Sync. clear                ; no     ; --                   ; --               ; --                        ;
; sld_signaltap:auto_signaltap_0|sld_signaltap_impl:sld_signaltap_body|sld_signaltap_implb:sld_signaltap_body|process_0~1                                                                                                                                                                             ; LCCOMB_X25_Y13_N28 ; 32      ; Sync. load                 ; no     ; --                   ; --               ; --                        ;
; sld_signaltap:auto_signaltap_0|sld_signaltap_impl:sld_signaltap_body|sld_signaltap_implb:sld_signaltap_body|reset_all                                                                                                                                                                               ; FF_X25_Y14_N19     ; 166     ; Async. clear               ; yes    ; Global Clock         ; GCLK7            ; --                        ;
; sld_signaltap:auto_signaltap_0|sld_signaltap_impl:sld_signaltap_body|sld_signaltap_implb:sld_signaltap_body|serial_crc_16:\tdo_crc_gen:tdo_crc_calc|lfsr[6]~1                                                                                                                                       ; LCCOMB_X24_Y12_N16 ; 13      ; Clock enable               ; no     ; --                   ; --               ; --                        ;
; sld_signaltap:auto_signaltap_0|sld_signaltap_impl:sld_signaltap_body|sld_signaltap_implb:sld_signaltap_body|sld_buffer_manager:sld_buffer_manager_inst|final_trigger_set~4                                                                                                                          ; LCCOMB_X24_Y15_N30 ; 20      ; Clock enable               ; no     ; --                   ; --               ; --                        ;
; sld_signaltap:auto_signaltap_0|sld_signaltap_impl:sld_signaltap_body|sld_signaltap_implb:sld_signaltap_body|sld_buffer_manager:sld_buffer_manager_inst|last_buffer_write_address_sig[0]~0                                                                                                           ; LCCOMB_X24_Y15_N24 ; 9       ; Clock enable               ; no     ; --                   ; --               ; --                        ;
; sld_signaltap:auto_signaltap_0|sld_signaltap_impl:sld_signaltap_body|sld_signaltap_implb:sld_signaltap_body|sld_offload_buffer_mgr:\stp_non_zero_depth_offload_gen:stp_offload_buff_mgr_inst|Equal2~1                                                                                               ; LCCOMB_X29_Y14_N20 ; 1       ; Clock enable               ; no     ; --                   ; --               ; --                        ;
; sld_signaltap:auto_signaltap_0|sld_signaltap_impl:sld_signaltap_body|sld_signaltap_implb:sld_signaltap_body|sld_offload_buffer_mgr:\stp_non_zero_depth_offload_gen:stp_offload_buff_mgr_inst|acq_buf_read_reset                                                                                     ; LCCOMB_X25_Y14_N28 ; 9       ; Sync. load                 ; no     ; --                   ; --               ; --                        ;
; sld_signaltap:auto_signaltap_0|sld_signaltap_impl:sld_signaltap_body|sld_signaltap_implb:sld_signaltap_body|sld_offload_buffer_mgr:\stp_non_zero_depth_offload_gen:stp_offload_buff_mgr_inst|lpm_counter:\adv_point_3_and_more:advance_pointer_counter|cntr_bgi:auto_generated|counter_reg_bit[3]~0 ; LCCOMB_X25_Y14_N26 ; 4       ; Sync. load                 ; no     ; --                   ; --               ; --                        ;
; sld_signaltap:auto_signaltap_0|sld_signaltap_impl:sld_signaltap_body|sld_signaltap_implb:sld_signaltap_body|sld_offload_buffer_mgr:\stp_non_zero_depth_offload_gen:stp_offload_buff_mgr_inst|lpm_counter:status_advance_pointer_counter|cntr_jgi:auto_generated|counter_reg_bit[4]~0                ; LCCOMB_X29_Y14_N28 ; 5       ; Sync. load                 ; no     ; --                   ; --               ; --                        ;
; sld_signaltap:auto_signaltap_0|sld_signaltap_impl:sld_signaltap_body|sld_signaltap_implb:sld_signaltap_body|sld_offload_buffer_mgr:\stp_non_zero_depth_offload_gen:stp_offload_buff_mgr_inst|lpm_counter:status_read_pointer_counter|cntr_23j:auto_generated|counter_reg_bit[0]~0                   ; LCCOMB_X28_Y14_N2  ; 1       ; Sync. load                 ; no     ; --                   ; --               ; --                        ;
; sld_signaltap:auto_signaltap_0|sld_signaltap_impl:sld_signaltap_body|sld_signaltap_implb:sld_signaltap_body|sld_offload_buffer_mgr:\stp_non_zero_depth_offload_gen:stp_offload_buff_mgr_inst|read_pointer_counter_clk_ena                                                                           ; LCCOMB_X25_Y14_N30 ; 9       ; Clock enable               ; no     ; --                   ; --               ; --                        ;
; sld_signaltap:auto_signaltap_0|sld_signaltap_impl:sld_signaltap_body|sld_signaltap_implb:sld_signaltap_body|sld_rom_sr:crc_rom_sr|WORD_SR[3]~8                                                                                                                                                      ; LCCOMB_X18_Y11_N26 ; 4       ; Sync. clear                ; no     ; --                   ; --               ; --                        ;
; sld_signaltap:auto_signaltap_0|sld_signaltap_impl:sld_signaltap_body|sld_signaltap_implb:sld_signaltap_body|sld_rom_sr:crc_rom_sr|WORD_SR[3]~9                                                                                                                                                      ; LCCOMB_X18_Y11_N24 ; 4       ; Clock enable               ; no     ; --                   ; --               ; --                        ;
; sld_signaltap:auto_signaltap_0|sld_signaltap_impl:sld_signaltap_body|sld_signaltap_implb:sld_signaltap_body|sld_rom_sr:crc_rom_sr|word_counter[2]~5                                                                                                                                                 ; LCCOMB_X18_Y11_N0  ; 4       ; Clock enable               ; no     ; --                   ; --               ; --                        ;
; sld_signaltap:auto_signaltap_0|sld_signaltap_impl:sld_signaltap_body|sld_signaltap_implb:sld_signaltap_body|status_shift_enable~1                                                                                                                                                                   ; LCCOMB_X24_Y13_N2  ; 17      ; Clock enable               ; no     ; --                   ; --               ; --                        ;
; sld_signaltap:auto_signaltap_0|sld_signaltap_impl:sld_signaltap_body|sld_signaltap_implb:sld_signaltap_body|tdo_crc_len_reg[12]~34                                                                                                                                                                  ; LCCOMB_X25_Y13_N8  ; 32      ; Clock enable               ; no     ; --                   ; --               ; --                        ;
; sld_signaltap:auto_signaltap_0|sld_signaltap_impl:sld_signaltap_body|sld_signaltap_implb:sld_signaltap_body|tdo_crc_val_shift_reg[0]~1                                                                                                                                                              ; LCCOMB_X25_Y12_N0  ; 16      ; Clock enable               ; no     ; --                   ; --               ; --                        ;
; sld_signaltap:auto_signaltap_0|sld_signaltap_impl:sld_signaltap_body|sld_signaltap_implb:sld_signaltap_body|trigger_setup_ena                                                                                                                                                                       ; LCCOMB_X25_Y13_N26 ; 59      ; Clock enable               ; no     ; --                   ; --               ; --                        ;
; stm32_fmc_16bit:fmc_inst|FIR1:u_fir|FIR1_0002:fir1_inst|FIR1_0002_ast:FIR1_0002_ast_inst|FIR1_0002_rtl:hpfircore|\u0_m0_wo0_aseq:u0_m0_wo0_aseq_c[0]~0                                                                                                                                              ; LCCOMB_X13_Y5_N18  ; 2       ; Clock enable               ; no     ; --                   ; --               ; --                        ;
; stm32_fmc_16bit:fmc_inst|FIR1:u_fir|FIR1_0002:fir1_inst|FIR1_0002_ast:FIR1_0002_ast_inst|FIR1_0002_rtl:hpfircore|\u0_m0_wo0_aseq:u0_m0_wo0_aseq_c[4]                                                                                                                                                ; FF_X12_Y5_N27      ; 33      ; Sync. load                 ; no     ; --                   ; --               ; --                        ;
; stm32_fmc_16bit:fmc_inst|FIR1:u_fir|FIR1_0002:fir1_inst|FIR1_0002_ast:FIR1_0002_ast_inst|FIR1_0002_rtl:hpfircore|\u0_m0_wo0_oseq:u0_m0_wo0_oseq_c[0]~0                                                                                                                                              ; LCCOMB_X11_Y5_N14  ; 2       ; Clock enable               ; no     ; --                   ; --               ; --                        ;
; stm32_fmc_16bit:fmc_inst|FIR1:u_fir|FIR1_0002:fir1_inst|FIR1_0002_ast:FIR1_0002_ast_inst|FIR1_0002_rtl:hpfircore|\u0_m0_wo0_run:u0_m0_wo0_run_enable_c[1]~0                                                                                                                                         ; LCCOMB_X14_Y12_N22 ; 2       ; Clock enable               ; no     ; --                   ; --               ; --                        ;
; stm32_fmc_16bit:fmc_inst|FIR1:u_fir|FIR1_0002:fir1_inst|FIR1_0002_ast:FIR1_0002_ast_inst|FIR1_0002_rtl:hpfircore|dspba_delay:d_in0_m0_wi0_wo0_assign_sel_q_13|delay_signals[0][0]                                                                                                                   ; FF_X14_Y9_N9       ; 5       ; Clock enable, Write enable ; no     ; --                   ; --               ; --                        ;
; stm32_fmc_16bit:fmc_inst|FIR1:u_fir|FIR1_0002:fir1_inst|FIR1_0002_ast:FIR1_0002_ast_inst|FIR1_0002_rtl:hpfircore|dspba_delay:d_u0_m0_wo0_compute_q_19|delay_signals[0][0]                                                                                                                           ; FF_X13_Y5_N19      ; 11      ; Clock enable               ; no     ; --                   ; --               ; --                        ;
; stm32_fmc_16bit:fmc_inst|FIR1:u_fir|FIR1_0002:fir1_inst|FIR1_0002_ast:FIR1_0002_ast_inst|FIR1_0002_rtl:hpfircore|dspba_delay:d_u0_m0_wo0_compute_q_20|delay_signals[0][0]                                                                                                                           ; FF_X13_Y5_N3       ; 31      ; Clock enable               ; no     ; --                   ; --               ; --                        ;
; stm32_fmc_16bit:fmc_inst|FIR1:u_fir|FIR1_0002:fir1_inst|FIR1_0002_ast:FIR1_0002_ast_inst|FIR1_0002_rtl:hpfircore|dspba_delay:d_u0_m0_wo0_memread_q_13|delay_signals[0][0]                                                                                                                           ; FF_X13_Y15_N25     ; 8       ; Clock enable               ; no     ; --                   ; --               ; --                        ;
; stm32_fmc_16bit:fmc_inst|FIR1:u_fir|FIR1_0002:fir1_inst|FIR1_0002_ast:FIR1_0002_ast_inst|FIR1_0002_rtl:hpfircore|dspba_delay:u0_m0_wo0_compute|delay_signals[0][0]                                                                                                                                  ; FF_X14_Y15_N17     ; 28      ; Clock enable               ; no     ; --                   ; --               ; --                        ;
; stm32_fmc_16bit:fmc_inst|FIR1:u_fir|FIR1_0002:fir1_inst|FIR1_0002_ast:FIR1_0002_ast_inst|FIR1_0002_rtl:hpfircore|dspba_delay:u0_m0_wo0_memread|delay_signals[0][0]                                                                                                                                  ; FF_X12_Y12_N13     ; 13      ; Clock enable               ; no     ; --                   ; --               ; --                        ;
; stm32_fmc_16bit:fmc_inst|FIR1:u_fir|FIR1_0002:fir1_inst|FIR1_0002_ast:FIR1_0002_ast_inst|FIR1_0002_rtl:hpfircore|u0_m0_wo0_we14_q[0]                                                                                                                                                                ; LCCOMB_X14_Y15_N16 ; 10      ; Clock enable, Write enable ; no     ; --                   ; --               ; --                        ;
; stm32_fmc_16bit:fmc_inst|FIR1:u_fir|FIR1_0002:fir1_inst|FIR1_0002_ast:FIR1_0002_ast_inst|FIR1_0002_rtl:hpfircore|u0_m0_wo0_we25_q[0]                                                                                                                                                                ; LCCOMB_X14_Y15_N30 ; 5       ; Write enable               ; no     ; --                   ; --               ; --                        ;
; stm32_fmc_16bit:fmc_inst|FIR1:u_fir|FIR1_0002:fir1_inst|FIR1_0002_ast:FIR1_0002_ast_inst|FIR1_0002_rtl:hpfircore|u0_m0_wo0_wi0_ra12_count0_i[2]~0                                                                                                                                                   ; LCCOMB_X13_Y15_N24 ; 3       ; Clock enable               ; no     ; --                   ; --               ; --                        ;
; stm32_fmc_16bit:fmc_inst|FIR1:u_fir|FIR1_0002:fir1_inst|FIR1_0002_ast:FIR1_0002_ast_inst|FIR1_0002_rtl:hpfircore|u0_m0_wo0_wi0_ra25_count0_sc[1]~1                                                                                                                                                  ; LCCOMB_X12_Y12_N12 ; 2       ; Clock enable               ; no     ; --                   ; --               ; --                        ;
; stm32_fmc_16bit:fmc_inst|adc_count_reg[0]~1                                                                                                                                                                                                                                                         ; LCCOMB_X25_Y8_N20  ; 14      ; Clock enable               ; no     ; --                   ; --               ; --                        ;
; stm32_fmc_16bit:fmc_inst|adc_start_pulse                                                                                                                                                                                                                                                            ; LCCOMB_X14_Y5_N24  ; 17      ; Clock enable               ; no     ; --                   ; --               ; --                        ;
; stm32_fmc_16bit:fmc_inst|adc_wr_strobe~0                                                                                                                                                                                                                                                            ; LCCOMB_X13_Y5_N12  ; 16      ; Clock enable, Write enable ; no     ; --                   ; --               ; --                        ;
; stm32_fmc_16bit:fmc_inst|cap_busy~2                                                                                                                                                                                                                                                                 ; LCCOMB_X13_Y5_N16  ; 16      ; Clock enable               ; no     ; --                   ; --               ; --                        ;
; stm32_fmc_16bit:fmc_inst|cap_wr_addr[8]~19                                                                                                                                                                                                                                                          ; LCCOMB_X13_Y5_N22  ; 13      ; Clock enable               ; no     ; --                   ; --               ; --                        ;
; stm32_fmc_16bit:fmc_inst|cap_wr_addr[8]~44                                                                                                                                                                                                                                                          ; LCCOMB_X14_Y5_N26  ; 13      ; Sync. clear                ; no     ; --                   ; --               ; --                        ;
; stm32_fmc_16bit:fmc_inst|dac1_enable_reg~2                                                                                                                                                                                                                                                          ; LCCOMB_X28_Y6_N8   ; 2       ; Clock enable               ; no     ; --                   ; --               ; --                        ;
; stm32_fmc_16bit:fmc_inst|ftw1_active_reg[31]~0                                                                                                                                                                                                                                                      ; LCCOMB_X26_Y4_N22  ; 32      ; Clock enable               ; no     ; --                   ; --               ; --                        ;
; stm32_fmc_16bit:fmc_inst|ftw1_shadow[16]~2                                                                                                                                                                                                                                                          ; LCCOMB_X26_Y4_N12  ; 16      ; Clock enable               ; no     ; --                   ; --               ; --                        ;
; stm32_fmc_16bit:fmc_inst|ftw1_shadow[8]~0                                                                                                                                                                                                                                                           ; LCCOMB_X26_Y4_N0   ; 16      ; Clock enable               ; no     ; --                   ; --               ; --                        ;
; stm32_fmc_16bit:fmc_inst|ftw2_active_reg[31]~0                                                                                                                                                                                                                                                      ; LCCOMB_X26_Y8_N18  ; 32      ; Clock enable               ; no     ; --                   ; --               ; --                        ;
; stm32_fmc_16bit:fmc_inst|ftw2_shadow[0]~1                                                                                                                                                                                                                                                           ; LCCOMB_X23_Y7_N20  ; 16      ; Clock enable               ; no     ; --                   ; --               ; --                        ;
; stm32_fmc_16bit:fmc_inst|ftw2_shadow[16]~0                                                                                                                                                                                                                                                          ; LCCOMB_X23_Y7_N18  ; 16      ; Clock enable               ; no     ; --                   ; --               ; --                        ;
; stm32_fmc_16bit:fmc_inst|phase_rst1_reg                                                                                                                                                                                                                                                             ; FF_X26_Y8_N13      ; 32      ; Sync. clear                ; no     ; --                   ; --               ; --                        ;
; stm32_fmc_16bit:fmc_inst|phase_rst2_reg                                                                                                                                                                                                                                                             ; FF_X26_Y8_N31      ; 32      ; Sync. clear                ; no     ; --                   ; --               ; --                        ;
; stm32_fmc_16bit:fmc_inst|user_rd_en                                                                                                                                                                                                                                                                 ; LCCOMB_X28_Y6_N2   ; 16      ; Output enable              ; no     ; --                   ; --               ; --                        ;
; stm32_fmc_16bit:fmc_inst|wf1_wren                                                                                                                                                                                                                                                                   ; LCCOMB_X28_Y6_N24  ; 2       ; Write enable               ; no     ; --                   ; --               ; --                        ;
; stm32_fmc_16bit:fmc_inst|wf2_wren                                                                                                                                                                                                                                                                   ; LCCOMB_X28_Y6_N6   ; 2       ; Write enable               ; no     ; --                   ; --               ; --                        ;
+-----------------------------------------------------------------------------------------------------------------------------------------------------------------------------------------------------------------------------------------------------------------------------------------------------+--------------------+---------+----------------------------+--------+----------------------+------------------+---------------------------+


+------------------------------------------------------------------------------------------------------------------------------------------------------------------------------------------------------------------------------------------------------------------+
; Global & Other Fast Signals                                                                                                                                                                                                                                      ;
+-----------------------------------------------------------------------------------------------------------------------+-------------------+---------+--------------------------------------+----------------------+------------------+---------------------------+
; Name                                                                                                                  ; Location          ; Fan-Out ; Fan-Out Using Intentional Clock Skew ; Global Resource Used ; Global Line Name ; Enable Signal Source Name ;
+-----------------------------------------------------------------------------------------------------------------------+-------------------+---------+--------------------------------------+----------------------+------------------+---------------------------+
; CLK_50M                                                                                                               ; PIN_23            ; 10      ; 0                                    ; Global Clock         ; GCLK2            ; --                        ;
; Equal1~2                                                                                                              ; LCCOMB_X33_Y12_N6 ; 1186    ; 0                                    ; Global Clock         ; GCLK9            ; --                        ;
; altera_internal_jtag~TCKUTAP                                                                                          ; JTAG_X1_Y12_N0    ; 337     ; 0                                    ; Global Clock         ; GCLK8            ; --                        ;
; pll1:pll1_inst|altpll:altpll_component|pll1_altpll1:auto_generated|wire_pll1_clk[0]                                   ; PLL_1             ; 322     ; 0                                    ; Global Clock         ; GCLK3            ; --                        ;
; pll1:pll1_inst|altpll:altpll_component|pll1_altpll1:auto_generated|wire_pll1_clk[1]                                   ; PLL_1             ; 2       ; 0                                    ; Global Clock         ; GCLK1            ; --                        ;
; pll1:pll1_inst|altpll:altpll_component|pll1_altpll1:auto_generated|wire_pll1_clk[2]                                   ; PLL_1             ; 221     ; 0                                    ; Global Clock         ; GCLK0            ; --                        ;
; pll1:pll1_inst|altpll:altpll_component|pll1_altpll1:auto_generated|wire_pll1_clk[3]                                   ; PLL_1             ; 900     ; 0                                    ; Global Clock         ; GCLK4            ; --                        ;
; sld_signaltap:auto_signaltap_0|sld_signaltap_impl:sld_signaltap_body|sld_signaltap_implb:sld_signaltap_body|reset_all ; FF_X25_Y14_N19    ; 166     ; 0                                    ; Global Clock         ; GCLK7            ; --                        ;
+-----------------------------------------------------------------------------------------------------------------------+-------------------+---------+--------------------------------------+----------------------+------------------+---------------------------+


+---------------------------------------------------------------------------------------------------------------------------------------------------------------------------------------------------------------------------------------------------------------------------------------------------------------+
; Non-Global High Fan-Out Signals                                                                                                                                                                                                                                                                               ;
+-----------------------------------------------------------------------------------------------------------------------------------------------------------------------------------------------------------------------------------------------------------------------------------------------------+---------+
; Name                                                                                                                                                                                                                                                                                                ; Fan-Out ;
+-----------------------------------------------------------------------------------------------------------------------------------------------------------------------------------------------------------------------------------------------------------------------------------------------------+---------+
; sld_signaltap:auto_signaltap_0|sld_signaltap_impl:sld_signaltap_body|sld_signaltap_implb:sld_signaltap_body|trigger_setup_ena                                                                                                                                                                       ; 59      ;
; sld_hub:auto_hub|alt_sld_fab:\instrumentation_fabric_with_node_gen:fabric_gen_new_way:instrumentation_fabric|alt_sld_fab_sldfabric:sldfabric|sld_jtag_hub:\jtag_hub_gen:real_sld_jtag_hub|sld_shadow_jsm:shadow_jsm|state[3]                                                                        ; 47      ;
; stm32_fmc_16bit:fmc_inst|addr_sync2[0]                                                                                                                                                                                                                                                              ; 42      ;
; sld_hub:auto_hub|alt_sld_fab:\instrumentation_fabric_with_node_gen:fabric_gen_new_way:instrumentation_fabric|alt_sld_fab_sldfabric:sldfabric|sld_jtag_hub:\jtag_hub_gen:real_sld_jtag_hub|clr_reg                                                                                                   ; 36      ;
; stm32_fmc_16bit:fmc_inst|addr_sync2[1]                                                                                                                                                                                                                                                              ; 35      ;
; stm32_fmc_16bit:fmc_inst|addr_sync2[2]                                                                                                                                                                                                                                                              ; 34      ;
; sld_signaltap:auto_signaltap_0|~GND                                                                                                                                                                                                                                                                 ; 33      ;
; stm32_fmc_16bit:fmc_inst|FIR1:u_fir|FIR1_0002:fir1_inst|FIR1_0002_ast:FIR1_0002_ast_inst|FIR1_0002_rtl:hpfircore|\u0_m0_wo0_aseq:u0_m0_wo0_aseq_c[4]                                                                                                                                                ; 33      ;
; sld_signaltap:auto_signaltap_0|sld_signaltap_impl:sld_signaltap_body|sld_signaltap_implb:sld_signaltap_body|tdo_crc_len_reg[12]~34                                                                                                                                                                  ; 32      ;
; sld_signaltap:auto_signaltap_0|sld_signaltap_impl:sld_signaltap_body|sld_signaltap_implb:sld_signaltap_body|process_0~1                                                                                                                                                                             ; 32      ;
; sld_signaltap:auto_signaltap_0|sld_signaltap_impl:sld_signaltap_body|sld_signaltap_implb:sld_signaltap_body|process_0~0                                                                                                                                                                             ; 32      ;
; ~GND                                                                                                                                                                                                                                                                                                ; 32      ;
; stm32_fmc_16bit:fmc_inst|ftw2_active_reg[31]~0                                                                                                                                                                                                                                                      ; 32      ;
; stm32_fmc_16bit:fmc_inst|ftw1_active_reg[31]~0                                                                                                                                                                                                                                                      ; 32      ;
; stm32_fmc_16bit:fmc_inst|adc_wr_strobe~0                                                                                                                                                                                                                                                            ; 32      ;
; stm32_fmc_16bit:fmc_inst|phase_rst2_reg                                                                                                                                                                                                                                                             ; 32      ;
; stm32_fmc_16bit:fmc_inst|phase_rst1_reg                                                                                                                                                                                                                                                             ; 32      ;
; sld_hub:auto_hub|alt_sld_fab:\instrumentation_fabric_with_node_gen:fabric_gen_new_way:instrumentation_fabric|alt_sld_fab_sldfabric:sldfabric|sld_jtag_hub:\jtag_hub_gen:real_sld_jtag_hub|virtual_ir_scan_reg                                                                                       ; 31      ;
; stm32_fmc_16bit:fmc_inst|FIR1:u_fir|FIR1_0002:fir1_inst|FIR1_0002_ast:FIR1_0002_ast_inst|FIR1_0002_rtl:hpfircore|dspba_delay:d_u0_m0_wo0_compute_q_20|delay_signals[0][0]                                                                                                                           ; 31      ;
; sld_hub:auto_hub|alt_sld_fab:\instrumentation_fabric_with_node_gen:fabric_gen_new_way:instrumentation_fabric|alt_sld_fab_sldfabric:sldfabric|sld_jtag_hub:\jtag_hub_gen:real_sld_jtag_hub|sld_shadow_jsm:shadow_jsm|state[4]                                                                        ; 30      ;
; stm32_fmc_16bit:fmc_inst|FIR1:u_fir|FIR1_0002:fir1_inst|FIR1_0002_ast:FIR1_0002_ast_inst|FIR1_0002_rtl:hpfircore|dspba_delay:u0_m0_wo0_compute|delay_signals[0][0]                                                                                                                                  ; 28      ;
; stm32_fmc_16bit:fmc_inst|addr_sync2[3]                                                                                                                                                                                                                                                              ; 28      ;
; sld_signaltap:auto_signaltap_0|sld_signaltap_impl:sld_signaltap_body|sld_signaltap_implb:sld_signaltap_body|cdr~0                                                                                                                                                                                   ; 27      ;
; stm32_fmc_16bit:fmc_inst|FIR1:u_fir|FIR1_0002:fir1_inst|FIR1_0002_ast:FIR1_0002_ast_inst|FIR1_0002_rtl:hpfircore|u0_m0_wo0_cm2_q[15]                                                                                                                                                                ; 27      ;
; stm32_fmc_16bit:fmc_inst|FIR1:u_fir|FIR1_0002:fir1_inst|FIR1_0002_ast:FIR1_0002_ast_inst|FIR1_0002_rtl:hpfircore|u0_m0_wo0_cm1_q[15]                                                                                                                                                                ; 27      ;
; stm32_fmc_16bit:fmc_inst|addr_sync2[11]                                                                                                                                                                                                                                                             ; 27      ;
; sld_hub:auto_hub|alt_sld_fab:\instrumentation_fabric_with_node_gen:fabric_gen_new_way:instrumentation_fabric|alt_sld_fab_sldfabric:sldfabric|sld_jtag_hub:\jtag_hub_gen:real_sld_jtag_hub|irf_reg[1][7]                                                                                             ; 26      ;
; sld_signaltap:auto_signaltap_0|sld_signaltap_impl:sld_signaltap_body|sld_signaltap_implb:sld_signaltap_body|collect_data                                                                                                                                                                            ; 24      ;
; sld_signaltap:auto_signaltap_0|sld_signaltap_impl:sld_signaltap_body|sld_signaltap_implb:sld_signaltap_body|sdr                                                                                                                                                                                     ; 23      ;
; altera_internal_jtag~TMSUTAP                                                                                                                                                                                                                                                                        ; 23      ;
; sld_hub:auto_hub|alt_sld_fab:\instrumentation_fabric_with_node_gen:fabric_gen_new_way:instrumentation_fabric|alt_sld_fab_sldfabric:sldfabric|sld_jtag_hub:\jtag_hub_gen:real_sld_jtag_hub|irf_reg[1][1]                                                                                             ; 22      ;
; stm32_fmc_16bit:fmc_inst|FIR1:u_fir|FIR1_0002:fir1_inst|FIR1_0002_ast:FIR1_0002_ast_inst|FIR1_0002_rtl:hpfircore|u0_m0_wo0_cm2_q[2]                                                                                                                                                                 ; 21      ;
; stm32_fmc_16bit:fmc_inst|addr_sync2[10]                                                                                                                                                                                                                                                             ; 21      ;
; stm32_fmc_16bit:fmc_inst|addr_sync2[4]                                                                                                                                                                                                                                                              ; 21      ;
; stm32_fmc_16bit:fmc_inst|addr_sync2[5]                                                                                                                                                                                                                                                              ; 21      ;
; stm32_fmc_16bit:fmc_inst|addr_sync2[6]                                                                                                                                                                                                                                                              ; 21      ;
; stm32_fmc_16bit:fmc_inst|addr_sync2[7]                                                                                                                                                                                                                                                              ; 21      ;
; stm32_fmc_16bit:fmc_inst|addr_sync2[8]                                                                                                                                                                                                                                                              ; 21      ;
; stm32_fmc_16bit:fmc_inst|addr_sync2[9]                                                                                                                                                                                                                                                              ; 21      ;
; FMC_D[13]~input                                                                                                                                                                                                                                                                                     ; 20      ;
; sld_signaltap:auto_signaltap_0|sld_signaltap_impl:sld_signaltap_body|sld_signaltap_implb:sld_signaltap_body|sld_buffer_manager:sld_buffer_manager_inst|final_trigger_set~4                                                                                                                          ; 20      ;
; sld_signaltap:auto_signaltap_0|sld_signaltap_impl:sld_signaltap_body|sld_signaltap_implb:sld_signaltap_body|sld_offload_buffer_mgr:\stp_non_zero_depth_offload_gen:stp_offload_buff_mgr_inst|status_ram_shift_load~0                                                                                ; 20      ;
; sld_signaltap:auto_signaltap_0|~VCC                                                                                                                                                                                                                                                                 ; 19      ;
; sld_signaltap:auto_signaltap_0|sld_signaltap_impl:sld_signaltap_body|sld_signaltap_implb:sld_signaltap_body|altdpram:\stp_non_zero_ram_gen:attribute_mem_gen:attribute_mem|lpm_decode:wdecoder|decode_dvf:auto_generated|eq_node[0]~1                                                               ; 19      ;
; sld_signaltap:auto_signaltap_0|sld_signaltap_impl:sld_signaltap_body|sld_signaltap_implb:sld_signaltap_body|altdpram:\stp_non_zero_ram_gen:attribute_mem_gen:attribute_mem|lpm_decode:wdecoder|decode_dvf:auto_generated|eq_node[1]~0                                                               ; 19      ;
; sld_signaltap:auto_signaltap_0|sld_signaltap_impl:sld_signaltap_body|sld_signaltap_implb:sld_signaltap_body|altdpram:\stp_non_zero_ram_gen:attribute_mem_gen:attribute_mem|xraddr[0]                                                                                                                ; 19      ;
; stm32_fmc_16bit:fmc_inst|addr_sync2[12]                                                                                                                                                                                                                                                             ; 19      ;
; stm32_fmc_16bit:fmc_inst|cap_wr_addr[12]                                                                                                                                                                                                                                                            ; 19      ;
; stm32_fmc_16bit:fmc_inst|cap_wr_addr[11]                                                                                                                                                                                                                                                            ; 19      ;
; stm32_fmc_16bit:fmc_inst|cap_wr_addr[10]                                                                                                                                                                                                                                                            ; 19      ;
; stm32_fmc_16bit:fmc_inst|cap_wr_addr[9]                                                                                                                                                                                                                                                             ; 19      ;
; stm32_fmc_16bit:fmc_inst|cap_wr_addr[8]                                                                                                                                                                                                                                                             ; 19      ;
; stm32_fmc_16bit:fmc_inst|cap_wr_addr[7]                                                                                                                                                                                                                                                             ; 19      ;
; stm32_fmc_16bit:fmc_inst|cap_wr_addr[6]                                                                                                                                                                                                                                                             ; 19      ;
; stm32_fmc_16bit:fmc_inst|cap_wr_addr[5]                                                                                                                                                                                                                                                             ; 19      ;
; stm32_fmc_16bit:fmc_inst|cap_wr_addr[4]                                                                                                                                                                                                                                                             ; 19      ;
; stm32_fmc_16bit:fmc_inst|cap_wr_addr[3]                                                                                                                                                                                                                                                             ; 19      ;
; stm32_fmc_16bit:fmc_inst|cap_wr_addr[2]                                                                                                                                                                                                                                                             ; 19      ;
; stm32_fmc_16bit:fmc_inst|cap_wr_addr[1]                                                                                                                                                                                                                                                             ; 19      ;
; stm32_fmc_16bit:fmc_inst|cap_wr_addr[0]                                                                                                                                                                                                                                                             ; 19      ;
; sld_hub:auto_hub|alt_sld_fab:\instrumentation_fabric_with_node_gen:fabric_gen_new_way:instrumentation_fabric|alt_sld_fab_sldfabric:sldfabric|sld_jtag_hub:\jtag_hub_gen:real_sld_jtag_hub|hub_mode_reg[1]                                                                                           ; 18      ;
; stm32_fmc_16bit:fmc_inst|FIR1:u_fir|FIR1_0002:fir1_inst|FIR1_0002_ast:FIR1_0002_ast_inst|FIR1_0002_rtl:hpfircore|u0_m0_wo0_ca12_i[0]                                                                                                                                                                ; 18      ;
; sld_signaltap:auto_signaltap_0|sld_signaltap_impl:sld_signaltap_body|sld_signaltap_implb:sld_signaltap_body|sld_rom_sr:crc_rom_sr|word_counter[1]                                                                                                                                                   ; 17      ;
; sld_signaltap:auto_signaltap_0|sld_signaltap_impl:sld_signaltap_body|sld_signaltap_implb:sld_signaltap_body|status_shift_enable~1                                                                                                                                                                   ; 17      ;
; sld_hub:auto_hub|alt_sld_fab:\instrumentation_fabric_with_node_gen:fabric_gen_new_way:instrumentation_fabric|alt_sld_fab_sldfabric:sldfabric|sld_jtag_hub:\jtag_hub_gen:real_sld_jtag_hub|irf_reg[1][6]                                                                                             ; 17      ;
; stm32_fmc_16bit:fmc_inst|FIR1:u_fir|FIR1_0002:fir1_inst|FIR1_0002_ast:FIR1_0002_ast_inst|FIR1_0002_rtl:hpfircore|u0_m0_wo0_ca12_i[1]                                                                                                                                                                ; 17      ;
; stm32_fmc_16bit:fmc_inst|adc_start_pulse                                                                                                                                                                                                                                                            ; 17      ;
; sld_signaltap:auto_signaltap_0|sld_signaltap_impl:sld_signaltap_body|sld_signaltap_implb:sld_signaltap_body|tdo_crc_val_shift_reg[0]~1                                                                                                                                                              ; 16      ;
; sld_signaltap:auto_signaltap_0|sld_signaltap_impl:sld_signaltap_body|sld_signaltap_implb:sld_signaltap_body|sld_rom_sr:crc_rom_sr|word_counter[0]                                                                                                                                                   ; 16      ;
; stm32_fmc_16bit:fmc_inst|FIR1:u_fir|FIR1_0002:fir1_inst|FIR1_0002_ast:FIR1_0002_ast_inst|FIR1_0002_rtl:hpfircore|u0_m0_wo0_cm1_q[3]                                                                                                                                                                 ; 16      ;
; stm32_fmc_16bit:fmc_inst|cap_busy~2                                                                                                                                                                                                                                                                 ; 16      ;
; stm32_fmc_16bit:fmc_inst|ftw2_shadow[0]~1                                                                                                                                                                                                                                                           ; 16      ;
; stm32_fmc_16bit:fmc_inst|ftw2_shadow[16]~0                                                                                                                                                                                                                                                          ; 16      ;
; stm32_fmc_16bit:fmc_inst|ftw1_shadow[16]~2                                                                                                                                                                                                                                                          ; 16      ;
; stm32_fmc_16bit:fmc_inst|ftw1_shadow[8]~0                                                                                                                                                                                                                                                           ; 16      ;
; stm32_fmc_16bit:fmc_inst|user_rd_en                                                                                                                                                                                                                                                                 ; 16      ;
; stm32_fmc_16bit:fmc_inst|Equal6~1                                                                                                                                                                                                                                                                   ; 16      ;
; sld_signaltap:auto_signaltap_0|sld_signaltap_impl:sld_signaltap_body|sld_signaltap_implb:sld_signaltap_body|sld_buffer_manager:sld_buffer_manager_inst|Equal1~6                                                                                                                                     ; 15      ;
; sld_hub:auto_hub|alt_sld_fab:\instrumentation_fabric_with_node_gen:fabric_gen_new_way:instrumentation_fabric|alt_sld_fab_sldfabric:sldfabric|sld_jtag_hub:\jtag_hub_gen:real_sld_jtag_hub|sld_shadow_jsm:shadow_jsm|state[0]                                                                        ; 15      ;
; sld_hub:auto_hub|alt_sld_fab:\instrumentation_fabric_with_node_gen:fabric_gen_new_way:instrumentation_fabric|alt_sld_fab_sldfabric:sldfabric|sld_jtag_hub:\jtag_hub_gen:real_sld_jtag_hub|irsr_reg[10]                                                                                              ; 15      ;
; stm32_fmc_16bit:fmc_inst|adc_stop_pulse                                                                                                                                                                                                                                                             ; 15      ;
; sld_signaltap:auto_signaltap_0|sld_signaltap_impl:sld_signaltap_body|sld_signaltap_implb:sld_signaltap_body|tdo_crc_gen~0                                                                                                                                                                           ; 14      ;
; sld_hub:auto_hub|alt_sld_fab:\instrumentation_fabric_with_node_gen:fabric_gen_new_way:instrumentation_fabric|alt_sld_fab_sldfabric:sldfabric|sld_jtag_hub:\jtag_hub_gen:real_sld_jtag_hub|sld_shadow_jsm:shadow_jsm|state[8]                                                                        ; 14      ;
; altera_internal_jtag~TDIUTAP                                                                                                                                                                                                                                                                        ; 14      ;
; stm32_fmc_16bit:fmc_inst|adc_count_sync2[13]                                                                                                                                                                                                                                                        ; 14      ;
; stm32_fmc_16bit:fmc_inst|cap_actual_count_ad[8]~1                                                                                                                                                                                                                                                   ; 14      ;
; stm32_fmc_16bit:fmc_inst|adc_count_reg[0]~1                                                                                                                                                                                                                                                         ; 14      ;
; stm32_fmc_16bit:fmc_inst|Equal1~0                                                                                                                                                                                                                                                                   ; 14      ;
; stm32_fmc_16bit:fmc_inst|Equal0~0                                                                                                                                                                                                                                                                   ; 14      ;
; sld_signaltap:auto_signaltap_0|sld_signaltap_impl:sld_signaltap_body|sld_signaltap_implb:sld_signaltap_body|sld_offload_buffer_mgr:\stp_non_zero_depth_offload_gen:stp_offload_buff_mgr_inst|ram_shift_load~0                                                                                       ; 13      ;
; sld_signaltap:auto_signaltap_0|sld_signaltap_impl:sld_signaltap_body|sld_signaltap_implb:sld_signaltap_body|serial_crc_16:\tdo_crc_gen:tdo_crc_calc|lfsr[6]~1                                                                                                                                       ; 13      ;
; sld_signaltap:auto_signaltap_0|sld_signaltap_impl:sld_signaltap_body|sld_signaltap_implb:sld_signaltap_body|sld_buffer_manager:sld_buffer_manager_inst|process_0~0                                                                                                                                  ; 13      ;
; sld_signaltap:auto_signaltap_0|sld_signaltap_impl:sld_signaltap_body|sld_signaltap_implb:sld_signaltap_body|sld_buffer_manager:sld_buffer_manager_inst|Equal0~2                                                                                                                                     ; 13      ;
; sld_hub:auto_hub|alt_sld_fab:\instrumentation_fabric_with_node_gen:fabric_gen_new_way:instrumentation_fabric|splitter_nodes_receive_0[3]                                                                                                                                                            ; 13      ;
; stm32_fmc_16bit:fmc_inst|cap_wr_addr[8]~44                                                                                                                                                                                                                                                          ; 13      ;
; stm32_fmc_16bit:fmc_inst|FIR1:u_fir|FIR1_0002:fir1_inst|FIR1_0002_ast:FIR1_0002_ast_inst|FIR1_0002_rtl:hpfircore|dspba_delay:u0_m0_wo0_memread|delay_signals[0][0]                                                                                                                                  ; 13      ;
; stm32_fmc_16bit:fmc_inst|cap_wr_addr[8]~19                                                                                                                                                                                                                                                          ; 13      ;
; stm32_fmc_16bit:fmc_inst|Equal17~3                                                                                                                                                                                                                                                                  ; 13      ;
; stm32_fmc_16bit:fmc_inst|LessThan0~0                                                                                                                                                                                                                                                                ; 13      ;
; stm32_fmc_16bit:fmc_inst|Equal12~1                                                                                                                                                                                                                                                                  ; 13      ;
; sld_hub:auto_hub|alt_sld_fab:\instrumentation_fabric_with_node_gen:fabric_gen_new_way:instrumentation_fabric|alt_sld_fab_sldfabric:sldfabric|sld_jtag_hub:\jtag_hub_gen:real_sld_jtag_hub|mixer_addr_reg_internal[3]                                                                                ; 12      ;
; sld_hub:auto_hub|alt_sld_fab:\instrumentation_fabric_with_node_gen:fabric_gen_new_way:instrumentation_fabric|alt_sld_fab_sldfabric:sldfabric|sld_jtag_hub:\jtag_hub_gen:real_sld_jtag_hub|sld_shadow_jsm:shadow_jsm|state[11]                                                                       ; 12      ;
; stm32_fmc_16bit:fmc_inst|FIR1:u_fir|FIR1_0002:fir1_inst|FIR1_0002_ast:FIR1_0002_ast_inst|FIR1_0002_rtl:hpfircore|u0_m0_wo0_ca12_i[2]                                                                                                                                                                ; 12      ;
; sld_hub:auto_hub|alt_sld_fab:\instrumentation_fabric_with_node_gen:fabric_gen_new_way:instrumentation_fabric|alt_sld_fab_sldfabric:sldfabric|sld_jtag_hub:\jtag_hub_gen:real_sld_jtag_hub|mixer_addr_reg_internal[0]                                                                                ; 11      ;
; sld_hub:auto_hub|alt_sld_fab:\instrumentation_fabric_with_node_gen:fabric_gen_new_way:instrumentation_fabric|alt_sld_fab_sldfabric:sldfabric|sld_jtag_hub:\jtag_hub_gen:real_sld_jtag_hub|mixer_addr_reg_internal[1]                                                                                ; 11      ;
; sld_hub:auto_hub|alt_sld_fab:\instrumentation_fabric_with_node_gen:fabric_gen_new_way:instrumentation_fabric|alt_sld_fab_sldfabric:sldfabric|sld_jtag_hub:\jtag_hub_gen:real_sld_jtag_hub|mixer_addr_reg_internal[4]                                                                                ; 11      ;
; stm32_fmc_16bit:fmc_inst|user_rdata[14]~142                                                                                                                                                                                                                                                         ; 11      ;
; stm32_fmc_16bit:fmc_inst|FIR1:u_fir|FIR1_0002:fir1_inst|FIR1_0002_ast:FIR1_0002_ast_inst|FIR1_0002_rtl:hpfircore|u0_m0_wo0_cm1_q[2]                                                                                                                                                                 ; 11      ;
; stm32_fmc_16bit:fmc_inst|FIR1:u_fir|FIR1_0002:fir1_inst|FIR1_0002_ast:FIR1_0002_ast_inst|FIR1_0002_rtl:hpfircore|dspba_delay:d_u0_m0_wo0_compute_q_19|delay_signals[0][0]                                                                                                                           ; 11      ;
; stm32_fmc_16bit:fmc_inst|user_rdata[14]~55                                                                                                                                                                                                                                                          ; 11      ;
; stm32_fmc_16bit:fmc_inst|user_rdata[14]~50                                                                                                                                                                                                                                                          ; 11      ;
; stm32_fmc_16bit:fmc_inst|user_wr_stb                                                                                                                                                                                                                                                                ; 11      ;
; stm32_fmc_16bit:fmc_inst|dac2_enable_reg                                                                                                                                                                                                                                                            ; 11      ;
; stm32_fmc_16bit:fmc_inst|dac1_enable_reg                                                                                                                                                                                                                                                            ; 11      ;
; FMC_D[1]~input                                                                                                                                                                                                                                                                                      ; 10      ;
; FMC_D[0]~input                                                                                                                                                                                                                                                                                      ; 10      ;
; sld_signaltap:auto_signaltap_0|sld_signaltap_impl:sld_signaltap_body|sld_signaltap_implb:sld_signaltap_body|sld_buffer_manager:sld_buffer_manager_inst|segment_shift_var~0                                                                                                                          ; 10      ;
; sld_hub:auto_hub|alt_sld_fab:\instrumentation_fabric_with_node_gen:fabric_gen_new_way:instrumentation_fabric|alt_sld_fab_sldfabric:sldfabric|sld_jtag_hub:\jtag_hub_gen:real_sld_jtag_hub|shadow_irf_reg[1][0]~2                                                                                    ; 10      ;
; sld_hub:auto_hub|alt_sld_fab:\instrumentation_fabric_with_node_gen:fabric_gen_new_way:instrumentation_fabric|alt_sld_fab_sldfabric:sldfabric|sld_jtag_hub:\jtag_hub_gen:real_sld_jtag_hub|irf_reg[1][0]~3                                                                                           ; 10      ;
; sld_hub:auto_hub|alt_sld_fab:\instrumentation_fabric_with_node_gen:fabric_gen_new_way:instrumentation_fabric|alt_sld_fab_sldfabric:sldfabric|sld_jtag_hub:\jtag_hub_gen:real_sld_jtag_hub|irsr_reg[2]                                                                                               ; 10      ;
; sld_hub:auto_hub|alt_sld_fab:\instrumentation_fabric_with_node_gen:fabric_gen_new_way:instrumentation_fabric|alt_sld_fab_sldfabric:sldfabric|sld_jtag_hub:\jtag_hub_gen:real_sld_jtag_hub|irsr_reg[0]                                                                                               ; 10      ;
; sld_hub:auto_hub|alt_sld_fab:\instrumentation_fabric_with_node_gen:fabric_gen_new_way:instrumentation_fabric|alt_sld_fab_sldfabric:sldfabric|sld_jtag_hub:\jtag_hub_gen:real_sld_jtag_hub|mixer_addr_reg_internal[2]                                                                                ; 10      ;
; stm32_fmc_16bit:fmc_inst|FIR1:u_fir|FIR1_0002:fir1_inst|FIR1_0002_ast:FIR1_0002_ast_inst|FIR1_0002_rtl:hpfircore|u0_m0_wo0_we14_q[0]                                                                                                                                                                ; 10      ;
; stm32_fmc_16bit:fmc_inst|user_rdata[14]~56                                                                                                                                                                                                                                                          ; 10      ;
; stm32_fmc_16bit:fmc_inst|user_rdata[14]~52                                                                                                                                                                                                                                                          ; 10      ;
; stm32_fmc_16bit:fmc_inst|Equal2~6                                                                                                                                                                                                                                                                   ; 10      ;
; Equal1~2                                                                                                                                                                                                                                                                                            ; 10      ;
; FMC_D[2]~input                                                                                                                                                                                                                                                                                      ; 9       ;
; sld_signaltap:auto_signaltap_0|sld_signaltap_impl:sld_signaltap_body|sld_signaltap_implb:sld_signaltap_body|sld_offload_buffer_mgr:\stp_non_zero_depth_offload_gen:stp_offload_buff_mgr_inst|read_pointer_counter_clk_ena                                                                           ; 9       ;
; sld_signaltap:auto_signaltap_0|sld_signaltap_impl:sld_signaltap_body|sld_signaltap_implb:sld_signaltap_body|sld_offload_buffer_mgr:\stp_non_zero_depth_offload_gen:stp_offload_buff_mgr_inst|acq_buf_read_reset                                                                                     ; 9       ;
; sld_signaltap:auto_signaltap_0|sld_signaltap_impl:sld_signaltap_body|sld_signaltap_implb:sld_signaltap_body|sld_buffer_manager:sld_buffer_manager_inst|last_buffer_write_address_sig[0]~0                                                                                                           ; 9       ;
; sld_hub:auto_hub|alt_sld_fab:\instrumentation_fabric_with_node_gen:fabric_gen_new_way:instrumentation_fabric|alt_sld_fab_sldfabric:sldfabric|sld_jtag_hub:\jtag_hub_gen:real_sld_jtag_hub|irsr_reg[0]~2                                                                                             ; 9       ;
; sld_hub:auto_hub|alt_sld_fab:\instrumentation_fabric_with_node_gen:fabric_gen_new_way:instrumentation_fabric|alt_sld_fab_sldfabric:sldfabric|sld_jtag_hub:\jtag_hub_gen:real_sld_jtag_hub|irsr_reg[1]                                                                                               ; 9       ;
; stm32_fmc_16bit:fmc_inst|FIR1:u_fir|FIR1_0002:fir1_inst|FIR1_0002_ast:FIR1_0002_ast_inst|FIR1_0002_rtl:hpfircore|u0_m0_wo0_wi0_ra12_count0_i[3]                                                                                                                                                     ; 9       ;
; stm32_fmc_16bit:fmc_inst|FIR1:u_fir|FIR1_0002:fir1_inst|FIR1_0002_ast:FIR1_0002_ast_inst|FIR1_0002_rtl:hpfircore|u0_m0_wo0_cm3_q[4]                                                                                                                                                                 ; 9       ;
; stm32_fmc_16bit:fmc_inst|FIR1:u_fir|FIR1_0002:fir1_inst|FIR1_0002_ast:FIR1_0002_ast_inst|FIR1_0002_rtl:hpfircore|u0_m0_wo0_cm1_q[0]                                                                                                                                                                 ; 9       ;
; stm32_fmc_16bit:fmc_inst|FIR1:u_fir|FIR1_0002:fir1_inst|FIR1_0002_ast:FIR1_0002_ast_inst|FIR1_0002_rtl:hpfircore|u0_m0_wo0_cm2_q[1]                                                                                                                                                                 ; 9       ;
; stm32_fmc_16bit:fmc_inst|user_rdata[14]~51                                                                                                                                                                                                                                                          ; 9       ;
; FMC_D[15]~input                                                                                                                                                                                                                                                                                     ; 8       ;
; FMC_D[14]~input                                                                                                                                                                                                                                                                                     ; 8       ;
; FMC_D[12]~input                                                                                                                                                                                                                                                                                     ; 8       ;
; FMC_D[11]~input                                                                                                                                                                                                                                                                                     ; 8       ;
; FMC_D[10]~input                                                                                                                                                                                                                                                                                     ; 8       ;
; FMC_D[9]~input                                                                                                                                                                                                                                                                                      ; 8       ;
; FMC_D[8]~input                                                                                                                                                                                                                                                                                      ; 8       ;
; FMC_D[7]~input                                                                                                                                                                                                                                                                                      ; 8       ;
; FMC_D[6]~input                                                                                                                                                                                                                                                                                      ; 8       ;
; FMC_D[5]~input                                                                                                                                                                                                                                                                                      ; 8       ;
; FMC_D[4]~input                                                                                                                                                                                                                                                                                      ; 8       ;
; FMC_D[3]~input                                                                                                                                                                                                                                                                                      ; 8       ;
; sld_signaltap:auto_signaltap_0|sld_signaltap_impl:sld_signaltap_body|sld_signaltap_implb:sld_signaltap_body|crc_rom_sr_ena~0                                                                                                                                                                        ; 8       ;
; sld_hub:auto_hub|alt_sld_fab:\instrumentation_fabric_with_node_gen:fabric_gen_new_way:instrumentation_fabric|alt_sld_fab_sldfabric:sldfabric|sld_jtag_hub:\jtag_hub_gen:real_sld_jtag_hub|irf_reg[1][4]                                                                                             ; 8       ;
; stm32_fmc_16bit:fmc_inst|FIR1:u_fir|FIR1_0002:fir1_inst|FIR1_0002_ast:FIR1_0002_ast_inst|FIR1_0002_rtl:hpfircore|dspba_delay:d_u0_m0_wo0_memread_q_13|delay_signals[0][0]                                                                                                                           ; 8       ;
; stm32_fmc_16bit:fmc_inst|FIR1:u_fir|FIR1_0002:fir1_inst|FIR1_0002_ast:FIR1_0002_ast_inst|FIR1_0002_rtl:hpfircore|u0_m0_wo0_wi0_wa12_i[0]                                                                                                                                                            ; 8       ;
; stm32_fmc_16bit:fmc_inst|addr_sync2[14]                                                                                                                                                                                                                                                             ; 8       ;
; sld_signaltap:auto_signaltap_0|sld_signaltap_impl:sld_signaltap_body|sld_signaltap_implb:sld_signaltap_body|sld_rom_sr:crc_rom_sr|word_counter[2]                                                                                                                                                   ; 7       ;
; sld_signaltap:auto_signaltap_0|sld_signaltap_impl:sld_signaltap_body|sld_signaltap_implb:sld_signaltap_body|run                                                                                                                                                                                     ; 7       ;
; sld_hub:auto_hub|alt_sld_fab:\instrumentation_fabric_with_node_gen:fabric_gen_new_way:instrumentation_fabric|alt_sld_fab_sldfabric:sldfabric|sld_jtag_hub:\jtag_hub_gen:real_sld_jtag_hub|sld_rom_sr:hub_info_reg|clear_signal                                                                      ; 7       ;
; sld_hub:auto_hub|alt_sld_fab:\instrumentation_fabric_with_node_gen:fabric_gen_new_way:instrumentation_fabric|alt_sld_fab_sldfabric:sldfabric|sld_jtag_hub:\jtag_hub_gen:real_sld_jtag_hub|virtual_dr_scan_reg                                                                                       ; 7       ;
; sld_hub:auto_hub|alt_sld_fab:\instrumentation_fabric_with_node_gen:fabric_gen_new_way:instrumentation_fabric|alt_sld_fab_sldfabric:sldfabric|sld_jtag_hub:\jtag_hub_gen:real_sld_jtag_hub|irf_reg[1][9]                                                                                             ; 7       ;
; sld_hub:auto_hub|alt_sld_fab:\instrumentation_fabric_with_node_gen:fabric_gen_new_way:instrumentation_fabric|alt_sld_fab_sldfabric:sldfabric|sld_jtag_hub:\jtag_hub_gen:real_sld_jtag_hub|irf_reg[1][8]                                                                                             ; 7       ;
; stm32_fmc_16bit:fmc_inst|FIR1:u_fir|FIR1_0002:fir1_inst|FIR1_0002_ast:FIR1_0002_ast_inst|FIR1_0002_rtl:hpfircore|u0_m0_wo0_wi0_ra12_count0_i[4]                                                                                                                                                     ; 7       ;
; stm32_fmc_16bit:fmc_inst|FIR1:u_fir|FIR1_0002:fir1_inst|FIR1_0002_ast:FIR1_0002_ast_inst|FIR1_0002_rtl:hpfircore|u0_m0_wo0_wi0_wa12_i[1]                                                                                                                                                            ; 7       ;
; stm32_fmc_16bit:fmc_inst|Equal11~0                                                                                                                                                                                                                                                                  ; 7       ;
; stm32_fmc_16bit:fmc_inst|Equal8~0                                                                                                                                                                                                                                                                   ; 7       ;
; stm32_fmc_16bit:fmc_inst|Equal2~4                                                                                                                                                                                                                                                                   ; 7       ;
; sld_signaltap:auto_signaltap_0|sld_signaltap_impl:sld_signaltap_body|sld_signaltap_implb:sld_signaltap_body|sld_buffer_manager:sld_buffer_manager_inst|final_trigger_set                                                                                                                            ; 6       ;
; sld_signaltap:auto_signaltap_0|sld_signaltap_impl:sld_signaltap_body|sld_signaltap_implb:sld_signaltap_body|sld_buffer_manager:sld_buffer_manager_inst|\buffer_manager:done                                                                                                                         ; 6       ;
; sld_hub:auto_hub|alt_sld_fab:\instrumentation_fabric_with_node_gen:fabric_gen_new_way:instrumentation_fabric|alt_sld_fab_sldfabric:sldfabric|sld_jtag_hub:\jtag_hub_gen:real_sld_jtag_hub|irsr_reg[3]                                                                                               ; 6       ;
; sld_hub:auto_hub|alt_sld_fab:\instrumentation_fabric_with_node_gen:fabric_gen_new_way:instrumentation_fabric|alt_sld_fab_sldfabric:sldfabric|sld_jtag_hub:\jtag_hub_gen:real_sld_jtag_hub|sld_rom_sr:hub_info_reg|word_counter[2]                                                                   ; 6       ;
; stm32_fmc_16bit:fmc_inst|user_rdata[9]~146                                                                                                                                                                                                                                                          ; 6       ;
; stm32_fmc_16bit:fmc_inst|FIR1:u_fir|FIR1_0002:fir1_inst|FIR1_0002_ast:FIR1_0002_ast_inst|FIR1_0002_rtl:hpfircore|u0_m0_wo0_run_count[1]                                                                                                                                                             ; 6       ;
; stm32_fmc_16bit:fmc_inst|FIR1:u_fir|FIR1_0002:fir1_inst|FIR1_0002_ast:FIR1_0002_ast_inst|FIR1_0002_rtl:hpfircore|u0_m0_wo0_wi0_ra12_count0_i[0]                                                                                                                                                     ; 6       ;
; stm32_fmc_16bit:fmc_inst|FIR1:u_fir|FIR1_0002:fir1_inst|FIR1_0002_ast:FIR1_0002_ast_inst|FIR1_0002_rtl:hpfircore|u0_m0_wo0_wi0_wa25_i[1]                                                                                                                                                            ; 6       ;
; stm32_fmc_16bit:fmc_inst|FIR1:u_fir|FIR1_0002:fir1_inst|FIR1_0002_ast:FIR1_0002_ast_inst|FIR1_0002_rtl:hpfircore|u0_m0_wo0_wi0_wa12_i[2]                                                                                                                                                            ; 6       ;
; stm32_fmc_16bit:fmc_inst|FIR1:u_fir|FIR1_0002:fir1_inst|FIR1_0002_ast:FIR1_0002_ast_inst|FIR1_0002_rtl:hpfircore|u0_m0_wo0_cm3_q[0]                                                                                                                                                                 ; 6       ;
; stm32_fmc_16bit:fmc_inst|cap_busy                                                                                                                                                                                                                                                                   ; 6       ;
; stm32_fmc_16bit:fmc_inst|user_rdata[9]~70                                                                                                                                                                                                                                                           ; 6       ;
; stm32_fmc_16bit:fmc_inst|Equal2~5                                                                                                                                                                                                                                                                   ; 6       ;
; stm32_fmc_16bit:fmc_inst|ne1_sync2                                                                                                                                                                                                                                                                  ; 6       ;
; stm32_fmc_16bit:fmc_inst|addr_sync2[13]                                                                                                                                                                                                                                                             ; 6       ;
; sld_signaltap:auto_signaltap_0|sld_signaltap_impl:sld_signaltap_body|sld_signaltap_implb:sld_signaltap_body|sld_offload_buffer_mgr:\stp_non_zero_depth_offload_gen:stp_offload_buff_mgr_inst|lpm_counter:status_advance_pointer_counter|cntr_jgi:auto_generated|counter_reg_bit[4]~0                ; 5       ;
; sld_signaltap:auto_signaltap_0|sld_signaltap_impl:sld_signaltap_body|sld_signaltap_implb:sld_signaltap_body|condition_delay_reg[3]                                                                                                                                                                  ; 5       ;
; sld_signaltap:auto_signaltap_0|sld_signaltap_impl:sld_signaltap_body|sld_signaltap_implb:sld_signaltap_body|buffer_write_enable_delayed                                                                                                                                                             ; 5       ;
; sld_hub:auto_hub|alt_sld_fab:\instrumentation_fabric_with_node_gen:fabric_gen_new_way:instrumentation_fabric|alt_sld_fab_sldfabric:sldfabric|sld_jtag_hub:\jtag_hub_gen:real_sld_jtag_hub|sld_rom_sr:hub_info_reg|word_counter[3]~20                                                                ; 5       ;
; sld_hub:auto_hub|alt_sld_fab:\instrumentation_fabric_with_node_gen:fabric_gen_new_way:instrumentation_fabric|alt_sld_fab_sldfabric:sldfabric|sld_jtag_hub:\jtag_hub_gen:real_sld_jtag_hub|sld_rom_sr:hub_info_reg|word_counter[3]~13                                                                ; 5       ;
; sld_hub:auto_hub|alt_sld_fab:\instrumentation_fabric_with_node_gen:fabric_gen_new_way:instrumentation_fabric|alt_sld_fab_sldfabric:sldfabric|sld_jtag_hub:\jtag_hub_gen:real_sld_jtag_hub|mixer_addr_reg_internal[4]~16                                                                             ; 5       ;
; sld_hub:auto_hub|alt_sld_fab:\instrumentation_fabric_with_node_gen:fabric_gen_new_way:instrumentation_fabric|alt_sld_fab_sldfabric:sldfabric|sld_jtag_hub:\jtag_hub_gen:real_sld_jtag_hub|mixer_addr_reg_internal[4]~15                                                                             ; 5       ;
; sld_hub:auto_hub|alt_sld_fab:\instrumentation_fabric_with_node_gen:fabric_gen_new_way:instrumentation_fabric|alt_sld_fab_sldfabric:sldfabric|sld_jtag_hub:\jtag_hub_gen:real_sld_jtag_hub|hub_info_reg_ena~0                                                                                        ; 5       ;
; sld_hub:auto_hub|alt_sld_fab:\instrumentation_fabric_with_node_gen:fabric_gen_new_way:instrumentation_fabric|alt_sld_fab_sldfabric:sldfabric|sld_jtag_hub:\jtag_hub_gen:real_sld_jtag_hub|irf_reg[1][3]                                                                                             ; 5       ;
; sld_hub:auto_hub|alt_sld_fab:\instrumentation_fabric_with_node_gen:fabric_gen_new_way:instrumentation_fabric|alt_sld_fab_sldfabric:sldfabric|sld_jtag_hub:\jtag_hub_gen:real_sld_jtag_hub|sld_rom_sr:hub_info_reg|word_counter[0]                                                                   ; 5       ;
; sld_hub:auto_hub|alt_sld_fab:\instrumentation_fabric_with_node_gen:fabric_gen_new_way:instrumentation_fabric|alt_sld_fab_sldfabric:sldfabric|sld_jtag_hub:\jtag_hub_gen:real_sld_jtag_hub|sld_rom_sr:hub_info_reg|word_counter[3]                                                                   ; 5       ;
; sld_hub:auto_hub|alt_sld_fab:\instrumentation_fabric_with_node_gen:fabric_gen_new_way:instrumentation_fabric|alt_sld_fab_sldfabric:sldfabric|sld_jtag_hub:\jtag_hub_gen:real_sld_jtag_hub|sld_rom_sr:hub_info_reg|word_counter[1]                                                                   ; 5       ;
; stm32_fmc_16bit:fmc_inst|user_rdata[0]~141                                                                                                                                                                                                                                                          ; 5       ;
; stm32_fmc_16bit:fmc_inst|FIR1:u_fir|FIR1_0002:fir1_inst|FIR1_0002_ast:FIR1_0002_ast_inst|FIR1_0002_rtl:hpfircore|u0_m0_wo0_wi0_ra25_count1_i[0]                                                                                                                                                     ; 5       ;
; stm32_fmc_16bit:fmc_inst|FIR1:u_fir|FIR1_0002:fir1_inst|FIR1_0002_ast:FIR1_0002_ast_inst|FIR1_0002_rtl:hpfircore|u0_m0_wo0_wi0_ra25_count0_sc[2]                                                                                                                                                    ; 5       ;
; stm32_fmc_16bit:fmc_inst|FIR1:u_fir|FIR1_0002:fir1_inst|FIR1_0002_ast:FIR1_0002_ast_inst|FIR1_0002_rtl:hpfircore|u0_m0_wo0_wi0_ra12_count0_i[2]                                                                                                                                                     ; 5       ;
; stm32_fmc_16bit:fmc_inst|FIR1:u_fir|FIR1_0002:fir1_inst|FIR1_0002_ast:FIR1_0002_ast_inst|FIR1_0002_rtl:hpfircore|u0_m0_wo0_wi0_ra12_count0_i[1]                                                                                                                                                     ; 5       ;
; stm32_fmc_16bit:fmc_inst|FIR1:u_fir|FIR1_0002:fir1_inst|FIR1_0002_ast:FIR1_0002_ast_inst|FIR1_0002_rtl:hpfircore|u0_m0_wo0_wi0_wa0_i[0]                                                                                                                                                             ; 5       ;
; stm32_fmc_16bit:fmc_inst|FIR1:u_fir|FIR1_0002:fir1_inst|FIR1_0002_ast:FIR1_0002_ast_inst|FIR1_0002_rtl:hpfircore|dspba_delay:d_in0_m0_wi0_wo0_assign_sel_q_13|delay_signals[0][0]                                                                                                                   ; 5       ;
; stm32_fmc_16bit:fmc_inst|FIR1:u_fir|FIR1_0002:fir1_inst|FIR1_0002_ast:FIR1_0002_ast_inst|FIR1_0002_rtl:hpfircore|u0_m0_wo0_we25_q[0]                                                                                                                                                                ; 5       ;
; stm32_fmc_16bit:fmc_inst|FIR1:u_fir|FIR1_0002:fir1_inst|FIR1_0002_ast:FIR1_0002_ast_inst|FIR1_0002_rtl:hpfircore|u0_m0_wo0_wi0_ra12_count0_lutreg_q[2]                                                                                                                                              ; 5       ;
; stm32_fmc_16bit:fmc_inst|FIR1:u_fir|FIR1_0002:fir1_inst|FIR1_0002_ast:FIR1_0002_ast_inst|FIR1_0002_rtl:hpfircore|u0_m0_wo0_wi0_ra12_count0_lutreg_q[1]                                                                                                                                              ; 5       ;
; stm32_fmc_16bit:fmc_inst|FIR1:u_fir|FIR1_0002:fir1_inst|FIR1_0002_ast:FIR1_0002_ast_inst|FIR1_0002_rtl:hpfircore|u0_m0_wo0_wi0_ra12_count0_lutreg_q[0]                                                                                                                                              ; 5       ;
; stm32_fmc_16bit:fmc_inst|FIR1:u_fir|FIR1_0002:fir1_inst|FIR1_0002_ast:FIR1_0002_ast_inst|FIR1_0002_rtl:hpfircore|u0_m0_wo0_cm1_q[4]                                                                                                                                                                 ; 5       ;
; stm32_fmc_16bit:fmc_inst|FIR1:u_fir|FIR1_0002:fir1_inst|FIR1_0002_ast:FIR1_0002_ast_inst|FIR1_0002_rtl:hpfircore|u0_m0_wo0_cm2_q[0]                                                                                                                                                                 ; 5       ;
; stm32_fmc_16bit:fmc_inst|FIR1:u_fir|FIR1_0002:fir1_inst|FIR1_0002_ast:FIR1_0002_ast_inst|FIR1_0002_rtl:hpfircore|\u0_m0_wo0_aseq:u0_m0_wo0_aseq_c[2]                                                                                                                                                ; 5       ;
; stm32_fmc_16bit:fmc_inst|FIR1:u_fir|FIR1_0002:fir1_inst|FIR1_0002_ast:FIR1_0002_ast_inst|FIR1_0002_rtl:hpfircore|u0_m0_wo0_aseq_eq                                                                                                                                                                  ; 5       ;
; stm32_fmc_16bit:fmc_inst|FIR1:u_fir|FIR1_0002:fir1_inst|FIR1_0002_ast:FIR1_0002_ast_inst|FIR1_0002_rtl:hpfircore|\u0_m0_wo0_oseq:u0_m0_wo0_oseq_c[2]                                                                                                                                                ; 5       ;
; stm32_fmc_16bit:fmc_inst|FIR1:u_fir|FIR1_0002:fir1_inst|FIR1_0002_ast:FIR1_0002_ast_inst|FIR1_0002_rtl:hpfircore|u0_m0_wo0_oseq_eq                                                                                                                                                                  ; 5       ;
; stm32_fmc_16bit:fmc_inst|LessThan2~26                                                                                                                                                                                                                                                               ; 5       ;
; stm32_fmc_16bit:fmc_inst|start_sync2                                                                                                                                                                                                                                                                ; 5       ;
; stm32_fmc_16bit:fmc_inst|user_rdata[9]~76                                                                                                                                                                                                                                                           ; 5       ;
; stm32_fmc_16bit:fmc_inst|user_rdata[9]~75                                                                                                                                                                                                                                                           ; 5       ;
; stm32_fmc_16bit:fmc_inst|nwe_sync2                                                                                                                                                                                                                                                                  ; 5       ;
; stm32_fmc_16bit:fmc_inst|Equal2~1                                                                                                                                                                                                                                                                   ; 5       ;
; stm32_fmc_16bit:fmc_inst|Equal2~0                                                                                                                                                                                                                                                                   ; 5       ;
; stm32_fmc_16bit:fmc_inst|FIR1:u_fir|FIR1_0002:fir1_inst|FIR1_0002_ast:FIR1_0002_ast_inst|FIR1_0002_rtl:hpfircore|u0_m0_wo0_wi0_ra25_add_0_0_o[2]                                                                                                                                                    ; 5       ;
; stm32_fmc_16bit:fmc_inst|FIR1:u_fir|FIR1_0002:fir1_inst|FIR1_0002_ast:FIR1_0002_ast_inst|FIR1_0002_rtl:hpfircore|u0_m0_wo0_wi0_ra25_add_0_0_o[1]                                                                                                                                                    ; 5       ;
; stm32_fmc_16bit:fmc_inst|FIR1:u_fir|FIR1_0002:fir1_inst|FIR1_0002_ast:FIR1_0002_ast_inst|FIR1_0002_rtl:hpfircore|u0_m0_wo0_wi0_ra25_add_0_0_o[0]                                                                                                                                                    ; 5       ;
; sld_signaltap:auto_signaltap_0|sld_signaltap_impl:sld_signaltap_body|sld_signaltap_implb:sld_signaltap_body|sld_offload_buffer_mgr:\stp_non_zero_depth_offload_gen:stp_offload_buff_mgr_inst|lpm_counter:\adv_point_3_and_more:advance_pointer_counter|cntr_bgi:auto_generated|counter_reg_bit[3]~0 ; 4       ;
; sld_signaltap:auto_signaltap_0|sld_signaltap_impl:sld_signaltap_body|sld_signaltap_implb:sld_signaltap_body|sld_rom_sr:crc_rom_sr|word_counter[2]~5                                                                                                                                                 ; 4       ;
; sld_signaltap:auto_signaltap_0|sld_signaltap_impl:sld_signaltap_body|sld_signaltap_implb:sld_signaltap_body|sld_buffer_manager:sld_buffer_manager_inst|\buffer_manager:is_buffer_wrapped                                                                                                            ; 4       ;
; sld_signaltap:auto_signaltap_0|sld_signaltap_impl:sld_signaltap_body|sld_signaltap_implb:sld_signaltap_body|serial_crc_16:\tdo_crc_gen:tdo_crc_calc|lfsr[0]                                                                                                                                         ; 4       ;
; sld_signaltap:auto_signaltap_0|sld_signaltap_impl:sld_signaltap_body|sld_signaltap_implb:sld_signaltap_body|sld_rom_sr:crc_rom_sr|WORD_SR[3]~9                                                                                                                                                      ; 4       ;
; sld_signaltap:auto_signaltap_0|sld_signaltap_impl:sld_signaltap_body|sld_signaltap_implb:sld_signaltap_body|sld_rom_sr:crc_rom_sr|WORD_SR[3]~8                                                                                                                                                      ; 4       ;
; sld_signaltap:auto_signaltap_0|sld_signaltap_impl:sld_signaltap_body|sld_signaltap_implb:sld_signaltap_body|tdo_internal~7                                                                                                                                                                          ; 4       ;
; sld_hub:auto_hub|alt_sld_fab:\instrumentation_fabric_with_node_gen:fabric_gen_new_way:instrumentation_fabric|alt_sld_fab_sldfabric:sldfabric|sld_jtag_hub:\jtag_hub_gen:real_sld_jtag_hub|sld_rom_sr:hub_info_reg|WORD_SR[1]~17                                                                     ; 4       ;
; sld_hub:auto_hub|alt_sld_fab:\instrumentation_fabric_with_node_gen:fabric_gen_new_way:instrumentation_fabric|alt_sld_fab_sldfabric:sldfabric|sld_jtag_hub:\jtag_hub_gen:real_sld_jtag_hub|identity_contrib_shift_reg[0]~1                                                                           ; 4       ;
; sld_hub:auto_hub|alt_sld_fab:\instrumentation_fabric_with_node_gen:fabric_gen_new_way:instrumentation_fabric|sldfabric_ident_writedata[0]~0                                                                                                                                                         ; 4       ;
; sld_hub:auto_hub|alt_sld_fab:\instrumentation_fabric_with_node_gen:fabric_gen_new_way:instrumentation_fabric|alt_sld_fab_sldfabric:sldfabric|sld_jtag_hub:\jtag_hub_gen:real_sld_jtag_hub|hub_info_reg_ena                                                                                          ; 4       ;
; sld_hub:auto_hub|alt_sld_fab:\instrumentation_fabric_with_node_gen:fabric_gen_new_way:instrumentation_fabric|alt_sld_fab_sldfabric:sldfabric|sld_jtag_hub:\jtag_hub_gen:real_sld_jtag_hub|design_hash_proc~0                                                                                        ; 4       ;
; sld_hub:auto_hub|alt_sld_fab:\instrumentation_fabric_with_node_gen:fabric_gen_new_way:instrumentation_fabric|alt_sld_fab_sldfabric:sldfabric|sld_jtag_hub:\jtag_hub_gen:real_sld_jtag_hub|sld_shadow_jsm:shadow_jsm|state~8                                                                         ; 4       ;
; sld_hub:auto_hub|alt_sld_fab:\instrumentation_fabric_with_node_gen:fabric_gen_new_way:instrumentation_fabric|alt_sld_fab_sldfabric:sldfabric|sld_jtag_hub:\jtag_hub_gen:real_sld_jtag_hub|irf_reg[1][5]                                                                                             ; 4       ;
; sld_hub:auto_hub|alt_sld_fab:\instrumentation_fabric_with_node_gen:fabric_gen_new_way:instrumentation_fabric|alt_sld_fab_sldfabric:sldfabric|sld_jtag_hub:\jtag_hub_gen:real_sld_jtag_hub|irf_reg[1][2]                                                                                             ; 4       ;
; sld_hub:auto_hub|alt_sld_fab:\instrumentation_fabric_with_node_gen:fabric_gen_new_way:instrumentation_fabric|alt_sld_fab_sldfabric:sldfabric|sld_jtag_hub:\jtag_hub_gen:real_sld_jtag_hub|sld_rom_sr:hub_info_reg|word_counter[4]                                                                   ; 4       ;
; stm32_fmc_16bit:fmc_inst|FIR1:u_fir|FIR1_0002:fir1_inst|FIR1_0002_ast:FIR1_0002_ast_inst|FIR1_0002_rtl:hpfircore|u0_m0_wo0_wi0_wa25_i[2]~_wirecell                                                                                                                                                  ; 4       ;
; stm32_fmc_16bit:fmc_inst|FIR1:u_fir|FIR1_0002:fir1_inst|FIR1_0002_ast:FIR1_0002_ast_inst|FIR1_0002_rtl:hpfircore|u0_m0_wo0_wi0_wa25_i[0]~_wirecell                                                                                                                                                  ; 4       ;
; stm32_fmc_16bit:fmc_inst|FIR1:u_fir|FIR1_0002:fir1_inst|FIR1_0002_ast:FIR1_0002_ast_inst|FIR1_0002_rtl:hpfircore|\u0_m0_wo0_run:u0_m0_wo0_run_enable_c[0]                                                                                                                                           ; 4       ;
; stm32_fmc_16bit:fmc_inst|FIR1:u_fir|FIR1_0002:fir1_inst|FIR1_0002_ast:FIR1_0002_ast_inst|FIR1_0002_rtl:hpfircore|u0_m0_wo0_wi0_ra25_count1_i[1]                                                                                                                                                     ; 4       ;
; stm32_fmc_16bit:fmc_inst|FIR1:u_fir|FIR1_0002:fir1_inst|FIR1_0002_ast:FIR1_0002_ast_inst|FIR1_0002_rtl:hpfircore|u0_m0_wo0_wi0_ra25_count0_i[0]                                                                                                                                                     ; 4       ;
; stm32_fmc_16bit:fmc_inst|FIR1:u_fir|FIR1_0002:fir1_inst|FIR1_0002_ast:FIR1_0002_ast_inst|FIR1_0002_rtl:hpfircore|u0_m0_wo0_wi0_wa0_i[1]                                                                                                                                                             ; 4       ;
; stm32_fmc_16bit:fmc_inst|FIR1:u_fir|FIR1_0002:fir1_inst|FIR1_0002_ast:FIR1_0002_ast_inst|FIR1_0002_rtl:hpfircore|u0_m0_wo0_wi0_wa25_i[0]                                                                                                                                                            ; 4       ;
; stm32_fmc_16bit:fmc_inst|FIR1:u_fir|FIR1_0002:fir1_inst|FIR1_0002_ast:FIR1_0002_ast_inst|FIR1_0002_rtl:hpfircore|u0_m0_wo0_we25_3_q[0]                                                                                                                                                              ; 4       ;
; stm32_fmc_16bit:fmc_inst|FIR1:u_fir|FIR1_0002:fir1_inst|FIR1_0002_ast:FIR1_0002_ast_inst|FIR1_0002_rtl:hpfircore|u0_m0_wo0_wi0_wa14_i[0]                                                                                                                                                            ; 4       ;
; stm32_fmc_16bit:fmc_inst|FIR1:u_fir|FIR1_0002:fir1_inst|FIR1_0002_ast:FIR1_0002_ast_inst|FIR1_0002_rtl:hpfircore|u0_m0_wo0_we14_2_q[0]                                                                                                                                                              ; 4       ;
; stm32_fmc_16bit:fmc_inst|FIR1:u_fir|FIR1_0002:fir1_inst|FIR1_0002_ast:FIR1_0002_ast_inst|FIR1_0002_rtl:hpfircore|u0_m0_wo0_cm3_q[2]                                                                                                                                                                 ; 4       ;
; stm32_fmc_16bit:fmc_inst|FIR1:u_fir|FIR1_0002:fir1_inst|FIR1_0002_ast:FIR1_0002_ast_inst|FIR1_0002_rtl:hpfircore|\u0_m0_wo0_aseq:u0_m0_wo0_aseq_c[3]                                                                                                                                                ; 4       ;
; stm32_fmc_16bit:fmc_inst|FIR1:u_fir|FIR1_0002:fir1_inst|FIR1_0002_ast:FIR1_0002_ast_inst|FIR1_0002_rtl:hpfircore|\u0_m0_wo0_oseq:u0_m0_wo0_oseq_c[3]                                                                                                                                                ; 4       ;
; stm32_fmc_16bit:fmc_inst|FIR1:u_fir|FIR1_0002:fir1_inst|FIR1_0002_ast:FIR1_0002_ast_inst|FIR1_0002_rtl:hpfircore|\u0_m0_wo0_oseq:u0_m0_wo0_oseq_c[4]                                                                                                                                                ; 4       ;
; stm32_fmc_16bit:fmc_inst|stop_sync2                                                                                                                                                                                                                                                                 ; 4       ;
; stm32_fmc_16bit:fmc_inst|start_seen                                                                                                                                                                                                                                                                 ; 4       ;
; stm32_fmc_16bit:fmc_inst|FIR1:u_fir|FIR1_0002:fir1_inst|FIR1_0002_ast:FIR1_0002_ast_inst|auk_dspip_avalon_streaming_source_hpfir:source|data_valid                                                                                                                                                  ; 4       ;
; stm32_fmc_16bit:fmc_inst|user_rdata[9]~77                                                                                                                                                                                                                                                           ; 4       ;
; stm32_fmc_16bit:fmc_inst|Equal16~1                                                                                                                                                                                                                                                                  ; 4       ;
; stm32_fmc_16bit:fmc_inst|Equal12~2                                                                                                                                                                                                                                                                  ; 4       ;
; stm32_fmc_16bit:fmc_inst|Equal8~1                                                                                                                                                                                                                                                                   ; 4       ;
; stm32_fmc_16bit:fmc_inst|user_rdata[0]~31                                                                                                                                                                                                                                                           ; 4       ;
; stm32_fmc_16bit:fmc_inst|user_rdata[0]~30                                                                                                                                                                                                                                                           ; 4       ;
; stm32_fmc_16bit:fmc_inst|Equal3~0                                                                                                                                                                                                                                                                   ; 4       ;
; stm32_fmc_16bit:fmc_inst|user_wr_en_d                                                                                                                                                                                                                                                               ; 4       ;
; stm32_fmc_16bit:fmc_inst|FIR1:u_fir|FIR1_0002:fir1_inst|FIR1_0002_ast:FIR1_0002_ast_inst|FIR1_0002_rtl:hpfircore|altsyncram:u0_m0_wo0_wi0_delayr10_dmem|altsyncram_m2o3:auto_generated|q_b[23]                                                                                                      ; 4       ;
; ADC_D[11]~input                                                                                                                                                                                                                                                                                     ; 3       ;
; ADC_D[10]~input                                                                                                                                                                                                                                                                                     ; 3       ;
; ADC_D[9]~input                                                                                                                                                                                                                                                                                      ; 3       ;
; ADC_D[8]~input                                                                                                                                                                                                                                                                                      ; 3       ;
; ADC_D[7]~input                                                                                                                                                                                                                                                                                      ; 3       ;
; ADC_D[6]~input                                                                                                                                                                                                                                                                                      ; 3       ;
; ADC_D[5]~input                                                                                                                                                                                                                                                                                      ; 3       ;
; ADC_D[4]~input                                                                                                                                                                                                                                                                                      ; 3       ;
; ADC_D[3]~input                                                                                                                                                                                                                                                                                      ; 3       ;
; ADC_D[2]~input                                                                                                                                                                                                                                                                                      ; 3       ;
; ADC_D[1]~input                                                                                                                                                                                                                                                                                      ; 3       ;
; ADC_D[0]~input                                                                                                                                                                                                                                                                                      ; 3       ;
; sld_signaltap:auto_signaltap_0|sld_signaltap_impl:sld_signaltap_body|sld_signaltap_implb:sld_signaltap_body|buffer_write_address_delayed[8]                                                                                                                                                         ; 3       ;
; sld_signaltap:auto_signaltap_0|sld_signaltap_impl:sld_signaltap_body|sld_signaltap_implb:sld_signaltap_body|buffer_write_address_delayed[7]                                                                                                                                                         ; 3       ;
; sld_signaltap:auto_signaltap_0|sld_signaltap_impl:sld_signaltap_body|sld_signaltap_implb:sld_signaltap_body|buffer_write_address_delayed[6]                                                                                                                                                         ; 3       ;
; sld_signaltap:auto_signaltap_0|sld_signaltap_impl:sld_signaltap_body|sld_signaltap_implb:sld_signaltap_body|buffer_write_address_delayed[5]                                                                                                                                                         ; 3       ;
; sld_signaltap:auto_signaltap_0|sld_signaltap_impl:sld_signaltap_body|sld_signaltap_implb:sld_signaltap_body|buffer_write_address_delayed[4]                                                                                                                                                         ; 3       ;
; sld_signaltap:auto_signaltap_0|sld_signaltap_impl:sld_signaltap_body|sld_signaltap_implb:sld_signaltap_body|buffer_write_address_delayed[3]                                                                                                                                                         ; 3       ;
; sld_signaltap:auto_signaltap_0|sld_signaltap_impl:sld_signaltap_body|sld_signaltap_implb:sld_signaltap_body|buffer_write_address_delayed[2]                                                                                                                                                         ; 3       ;
; sld_signaltap:auto_signaltap_0|sld_signaltap_impl:sld_signaltap_body|sld_signaltap_implb:sld_signaltap_body|buffer_write_address_delayed[1]                                                                                                                                                         ; 3       ;
; sld_signaltap:auto_signaltap_0|sld_signaltap_impl:sld_signaltap_body|sld_signaltap_implb:sld_signaltap_body|buffer_write_address_delayed[0]                                                                                                                                                         ; 3       ;
; sld_signaltap:auto_signaltap_0|sld_signaltap_impl:sld_signaltap_body|sld_signaltap_implb:sld_signaltap_body|sld_buffer_manager:sld_buffer_manager_inst|offset_count~8                                                                                                                               ; 3       ;
; sld_signaltap:auto_signaltap_0|sld_signaltap_impl:sld_signaltap_body|sld_signaltap_implb:sld_signaltap_body|sld_buffer_manager:sld_buffer_manager_inst|offset_count~7                                                                                                                               ; 3       ;
; sld_signaltap:auto_signaltap_0|sld_signaltap_impl:sld_signaltap_body|sld_signaltap_implb:sld_signaltap_body|sld_buffer_manager:sld_buffer_manager_inst|offset_count~6                                                                                                                               ; 3       ;
; sld_signaltap:auto_signaltap_0|sld_signaltap_impl:sld_signaltap_body|sld_signaltap_implb:sld_signaltap_body|sld_buffer_manager:sld_buffer_manager_inst|offset_count~5                                                                                                                               ; 3       ;
; sld_signaltap:auto_signaltap_0|sld_signaltap_impl:sld_signaltap_body|sld_signaltap_implb:sld_signaltap_body|sld_buffer_manager:sld_buffer_manager_inst|offset_count~4                                                                                                                               ; 3       ;
; sld_signaltap:auto_signaltap_0|sld_signaltap_impl:sld_signaltap_body|sld_signaltap_implb:sld_signaltap_body|sld_buffer_manager:sld_buffer_manager_inst|offset_count~3                                                                                                                               ; 3       ;
; sld_signaltap:auto_signaltap_0|sld_signaltap_impl:sld_signaltap_body|sld_signaltap_implb:sld_signaltap_body|sld_buffer_manager:sld_buffer_manager_inst|offset_count~2                                                                                                                               ; 3       ;
; sld_signaltap:auto_signaltap_0|sld_signaltap_impl:sld_signaltap_body|sld_signaltap_implb:sld_signaltap_body|sld_buffer_manager:sld_buffer_manager_inst|offset_count~1                                                                                                                               ; 3       ;
; sld_signaltap:auto_signaltap_0|sld_signaltap_impl:sld_signaltap_body|sld_signaltap_implb:sld_signaltap_body|sld_ela_control:ela_control|sld_ela_basic_multi_level_trigger:\basic_multi_level_mbpm_trigger_gen:multi_level_mbpm|lpm_shiftreg:trigger_condition_deserialize|dffs[5]                   ; 3       ;
; sld_signaltap:auto_signaltap_0|sld_signaltap_impl:sld_signaltap_body|sld_signaltap_implb:sld_signaltap_body|sld_ela_control:ela_control|sld_ela_basic_multi_level_trigger:\basic_multi_level_mbpm_trigger_gen:multi_level_mbpm|lpm_shiftreg:trigger_condition_deserialize|dffs[8]                   ; 3       ;
; sld_signaltap:auto_signaltap_0|sld_signaltap_impl:sld_signaltap_body|sld_signaltap_implb:sld_signaltap_body|sld_ela_control:ela_control|sld_ela_basic_multi_level_trigger:\basic_multi_level_mbpm_trigger_gen:multi_level_mbpm|lpm_shiftreg:trigger_condition_deserialize|dffs[11]                  ; 3       ;
; sld_signaltap:auto_signaltap_0|sld_signaltap_impl:sld_signaltap_body|sld_signaltap_implb:sld_signaltap_body|sld_ela_control:ela_control|sld_ela_basic_multi_level_trigger:\basic_multi_level_mbpm_trigger_gen:multi_level_mbpm|lpm_shiftreg:trigger_condition_deserialize|dffs[14]                  ; 3       ;
; sld_signaltap:auto_signaltap_0|sld_signaltap_impl:sld_signaltap_body|sld_signaltap_implb:sld_signaltap_body|sld_ela_control:ela_control|sld_ela_basic_multi_level_trigger:\basic_multi_level_mbpm_trigger_gen:multi_level_mbpm|lpm_shiftreg:trigger_condition_deserialize|dffs[2]                   ; 3       ;
; sld_signaltap:auto_signaltap_0|sld_signaltap_impl:sld_signaltap_body|sld_signaltap_implb:sld_signaltap_body|sld_ela_control:ela_control|sld_ela_basic_multi_level_trigger:\basic_multi_level_mbpm_trigger_gen:multi_level_mbpm|lpm_shiftreg:trigger_condition_deserialize|dffs[17]                  ; 3       ;
; sld_signaltap:auto_signaltap_0|sld_signaltap_impl:sld_signaltap_body|sld_signaltap_implb:sld_signaltap_body|sld_ela_control:ela_control|sld_ela_basic_multi_level_trigger:\basic_multi_level_mbpm_trigger_gen:multi_level_mbpm|lpm_shiftreg:trigger_condition_deserialize|dffs[20]                  ; 3       ;
; sld_signaltap:auto_signaltap_0|sld_signaltap_impl:sld_signaltap_body|sld_signaltap_implb:sld_signaltap_body|sld_ela_control:ela_control|sld_ela_basic_multi_level_trigger:\basic_multi_level_mbpm_trigger_gen:multi_level_mbpm|lpm_shiftreg:trigger_condition_deserialize|dffs[23]                  ; 3       ;
; sld_signaltap:auto_signaltap_0|sld_signaltap_impl:sld_signaltap_body|sld_signaltap_implb:sld_signaltap_body|sld_ela_control:ela_control|sld_ela_basic_multi_level_trigger:\basic_multi_level_mbpm_trigger_gen:multi_level_mbpm|lpm_shiftreg:trigger_condition_deserialize|dffs[26]                  ; 3       ;
; sld_signaltap:auto_signaltap_0|sld_signaltap_impl:sld_signaltap_body|sld_signaltap_implb:sld_signaltap_body|sld_ela_control:ela_control|sld_ela_basic_multi_level_trigger:\basic_multi_level_mbpm_trigger_gen:multi_level_mbpm|lpm_shiftreg:trigger_condition_deserialize|dffs[29]                  ; 3       ;
; sld_signaltap:auto_signaltap_0|sld_signaltap_impl:sld_signaltap_body|sld_signaltap_implb:sld_signaltap_body|sld_ela_control:ela_control|sld_ela_basic_multi_level_trigger:\basic_multi_level_mbpm_trigger_gen:multi_level_mbpm|lpm_shiftreg:trigger_condition_deserialize|dffs[32]                  ; 3       ;
; sld_signaltap:auto_signaltap_0|sld_signaltap_impl:sld_signaltap_body|sld_signaltap_implb:sld_signaltap_body|sld_ela_control:ela_control|sld_ela_basic_multi_level_trigger:\basic_multi_level_mbpm_trigger_gen:multi_level_mbpm|lpm_shiftreg:trigger_condition_deserialize|dffs[35]                  ; 3       ;
; sld_signaltap:auto_signaltap_0|sld_signaltap_impl:sld_signaltap_body|sld_signaltap_implb:sld_signaltap_body|sld_buffer_manager:sld_buffer_manager_inst|offset_count~0                                                                                                                               ; 3       ;
; sld_signaltap:auto_signaltap_0|sld_signaltap_impl:sld_signaltap_body|sld_signaltap_implb:sld_signaltap_body|current_segment_delayed[0]                                                                                                                                                              ; 3       ;
; sld_signaltap:auto_signaltap_0|sld_signaltap_impl:sld_signaltap_body|sld_signaltap_implb:sld_signaltap_body|sld_rom_sr:crc_rom_sr|word_counter[2]~3                                                                                                                                                 ; 3       ;
; sld_signaltap:auto_signaltap_0|sld_signaltap_impl:sld_signaltap_body|sld_signaltap_implb:sld_signaltap_body|sld_buffer_manager:sld_buffer_manager_inst|process_0~1                                                                                                                                  ; 3       ;
; sld_signaltap:auto_signaltap_0|sld_signaltap_impl:sld_signaltap_body|sld_signaltap_implb:sld_signaltap_body|sld_buffer_manager:sld_buffer_manager_inst|\buffer_manager:base_address[0]                                                                                                              ; 3       ;
; sld_signaltap:auto_signaltap_0|sld_signaltap_impl:sld_signaltap_body|sld_signaltap_implb:sld_signaltap_body|sld_buffer_manager:sld_buffer_manager_inst|counter[9]                                                                                                                                   ; 3       ;
; sld_signaltap:auto_signaltap_0|sld_signaltap_impl:sld_signaltap_body|sld_signaltap_implb:sld_signaltap_body|sld_buffer_manager:sld_buffer_manager_inst|counter[8]                                                                                                                                   ; 3       ;
; sld_signaltap:auto_signaltap_0|sld_signaltap_impl:sld_signaltap_body|sld_signaltap_implb:sld_signaltap_body|sld_buffer_manager:sld_buffer_manager_inst|counter[7]                                                                                                                                   ; 3       ;
; sld_signaltap:auto_signaltap_0|sld_signaltap_impl:sld_signaltap_body|sld_signaltap_implb:sld_signaltap_body|sld_buffer_manager:sld_buffer_manager_inst|counter[6]                                                                                                                                   ; 3       ;
; sld_signaltap:auto_signaltap_0|sld_signaltap_impl:sld_signaltap_body|sld_signaltap_implb:sld_signaltap_body|sld_buffer_manager:sld_buffer_manager_inst|counter[5]                                                                                                                                   ; 3       ;
; sld_signaltap:auto_signaltap_0|sld_signaltap_impl:sld_signaltap_body|sld_signaltap_implb:sld_signaltap_body|sld_buffer_manager:sld_buffer_manager_inst|counter[4]                                                                                                                                   ; 3       ;
; sld_signaltap:auto_signaltap_0|sld_signaltap_impl:sld_signaltap_body|sld_signaltap_implb:sld_signaltap_body|sld_buffer_manager:sld_buffer_manager_inst|counter[3]                                                                                                                                   ; 3       ;
; sld_signaltap:auto_signaltap_0|sld_signaltap_impl:sld_signaltap_body|sld_signaltap_implb:sld_signaltap_body|sld_buffer_manager:sld_buffer_manager_inst|counter[2]                                                                                                                                   ; 3       ;
; sld_signaltap:auto_signaltap_0|sld_signaltap_impl:sld_signaltap_body|sld_signaltap_implb:sld_signaltap_body|sld_buffer_manager:sld_buffer_manager_inst|counter[1]                                                                                                                                   ; 3       ;
; sld_signaltap:auto_signaltap_0|sld_signaltap_impl:sld_signaltap_body|sld_signaltap_implb:sld_signaltap_body|sld_buffer_manager:sld_buffer_manager_inst|counter[0]                                                                                                                                   ; 3       ;
; sld_signaltap:auto_signaltap_0|sld_signaltap_impl:sld_signaltap_body|sld_signaltap_implb:sld_signaltap_body|sld_ela_control:ela_control|sld_ela_trigger_flow_mgr:\builtin:ela_trigger_flow_mgr_entity|lpm_shiftreg:trigger_config_deserialize|dffs[0]                                               ; 3       ;
; sld_signaltap:auto_signaltap_0|sld_signaltap_impl:sld_signaltap_body|sld_signaltap_implb:sld_signaltap_body|sld_ela_control:ela_control|sld_ela_trigger_flow_mgr:\builtin:ela_trigger_flow_mgr_entity|last_level_delayed                                                                            ; 3       ;
; sld_signaltap:auto_signaltap_0|sld_signaltap_impl:sld_signaltap_body|sld_signaltap_implb:sld_signaltap_body|sld_rom_sr:crc_rom_sr|word_counter[3]                                                                                                                                                   ; 3       ;
; sld_signaltap:auto_signaltap_0|sld_signaltap_impl:sld_signaltap_body|sld_signaltap_implb:sld_signaltap_body|status_load_on~0                                                                                                                                                                        ; 3       ;
; sld_signaltap:auto_signaltap_0|acq_trigger_in_reg[11]                                                                                                                                                                                                                                               ; 3       ;
; sld_signaltap:auto_signaltap_0|acq_trigger_in_reg[10]                                                                                                                                                                                                                                               ; 3       ;
; sld_signaltap:auto_signaltap_0|acq_trigger_in_reg[9]                                                                                                                                                                                                                                                ; 3       ;
; sld_signaltap:auto_signaltap_0|acq_trigger_in_reg[8]                                                                                                                                                                                                                                                ; 3       ;
; sld_signaltap:auto_signaltap_0|acq_trigger_in_reg[7]                                                                                                                                                                                                                                                ; 3       ;
; sld_signaltap:auto_signaltap_0|acq_trigger_in_reg[6]                                                                                                                                                                                                                                                ; 3       ;
; sld_signaltap:auto_signaltap_0|acq_trigger_in_reg[5]                                                                                                                                                                                                                                                ; 3       ;
; sld_signaltap:auto_signaltap_0|acq_trigger_in_reg[4]                                                                                                                                                                                                                                                ; 3       ;
; sld_signaltap:auto_signaltap_0|acq_trigger_in_reg[3]                                                                                                                                                                                                                                                ; 3       ;
; sld_signaltap:auto_signaltap_0|acq_trigger_in_reg[2]                                                                                                                                                                                                                                                ; 3       ;
; sld_signaltap:auto_signaltap_0|acq_trigger_in_reg[1]                                                                                                                                                                                                                                                ; 3       ;
; sld_signaltap:auto_signaltap_0|acq_trigger_in_reg[0]                                                                                                                                                                                                                                                ; 3       ;
; sld_signaltap:auto_signaltap_0|sld_signaltap_impl:sld_signaltap_body|sld_signaltap_implb:sld_signaltap_body|lpm_shiftreg:segment_offset_config_deserialize|dffs[0]                                                                                                                                  ; 3       ;
; sld_signaltap:auto_signaltap_0|sld_signaltap_impl:sld_signaltap_body|sld_signaltap_implb:sld_signaltap_body|status_shift_enable~0                                                                                                                                                                   ; 3       ;
; sld_signaltap:auto_signaltap_0|sld_signaltap_impl:sld_signaltap_body|sld_signaltap_implb:sld_signaltap_body|sld_offload_buffer_mgr:\stp_non_zero_depth_offload_gen:stp_offload_buff_mgr_inst|lpm_counter:\adv_point_3_and_more:advance_pointer_counter|cntr_bgi:auto_generated|counter_reg_bit[0]   ; 3       ;
; sld_signaltap:auto_signaltap_0|sld_signaltap_impl:sld_signaltap_body|sld_signaltap_implb:sld_signaltap_body|sld_offload_buffer_mgr:\stp_non_zero_depth_offload_gen:stp_offload_buff_mgr_inst|lpm_counter:status_read_pointer_counter|cntr_23j:auto_generated|counter_reg_bit[0]                     ; 3       ;
; sld_signaltap:auto_signaltap_0|sld_signaltap_impl:sld_signaltap_body|sld_signaltap_implb:sld_signaltap_body|sld_offload_buffer_mgr:\stp_non_zero_depth_offload_gen:stp_offload_buff_mgr_inst|lpm_counter:status_advance_pointer_counter|cntr_jgi:auto_generated|counter_reg_bit[2]                  ; 3       ;
; sld_signaltap:auto_signaltap_0|sld_signaltap_impl:sld_signaltap_body|sld_signaltap_implb:sld_signaltap_body|sld_offload_buffer_mgr:\stp_non_zero_depth_offload_gen:stp_offload_buff_mgr_inst|lpm_counter:status_advance_pointer_counter|cntr_jgi:auto_generated|counter_reg_bit[3]                  ; 3       ;
; sld_signaltap:auto_signaltap_0|sld_signaltap_impl:sld_signaltap_body|sld_signaltap_implb:sld_signaltap_body|sld_offload_buffer_mgr:\stp_non_zero_depth_offload_gen:stp_offload_buff_mgr_inst|lpm_counter:status_advance_pointer_counter|cntr_jgi:auto_generated|counter_reg_bit[1]                  ; 3       ;
; sld_signaltap:auto_signaltap_0|sld_signaltap_impl:sld_signaltap_body|sld_signaltap_implb:sld_signaltap_body|sld_offload_buffer_mgr:\stp_non_zero_depth_offload_gen:stp_offload_buff_mgr_inst|lpm_counter:status_advance_pointer_counter|cntr_jgi:auto_generated|counter_reg_bit[4]                  ; 3       ;
; sld_signaltap:auto_signaltap_0|sld_signaltap_impl:sld_signaltap_body|sld_signaltap_implb:sld_signaltap_body|sld_offload_buffer_mgr:\stp_non_zero_depth_offload_gen:stp_offload_buff_mgr_inst|lpm_counter:status_advance_pointer_counter|cntr_jgi:auto_generated|counter_reg_bit[0]                  ; 3       ;
; sld_signaltap:auto_signaltap_0|sld_signaltap_impl:sld_signaltap_body|sld_signaltap_implb:sld_signaltap_body|tdo_crc_len_reg[31]                                                                                                                                                                     ; 3       ;
; sld_signaltap:auto_signaltap_0|sld_signaltap_impl:sld_signaltap_body|sld_signaltap_implb:sld_signaltap_body|tdo_crc_len_reg[30]                                                                                                                                                                     ; 3       ;
; sld_signaltap:auto_signaltap_0|sld_signaltap_impl:sld_signaltap_body|sld_signaltap_implb:sld_signaltap_body|tdo_crc_len_reg[29]                                                                                                                                                                     ; 3       ;
; sld_signaltap:auto_signaltap_0|sld_signaltap_impl:sld_signaltap_body|sld_signaltap_implb:sld_signaltap_body|tdo_crc_len_reg[28]                                                                                                                                                                     ; 3       ;
; sld_signaltap:auto_signaltap_0|sld_signaltap_impl:sld_signaltap_body|sld_signaltap_implb:sld_signaltap_body|tdo_crc_len_reg[27]                                                                                                                                                                     ; 3       ;
; sld_signaltap:auto_signaltap_0|sld_signaltap_impl:sld_signaltap_body|sld_signaltap_implb:sld_signaltap_body|tdo_crc_len_reg[26]                                                                                                                                                                     ; 3       ;
; sld_signaltap:auto_signaltap_0|sld_signaltap_impl:sld_signaltap_body|sld_signaltap_implb:sld_signaltap_body|tdo_crc_len_reg[25]                                                                                                                                                                     ; 3       ;
; sld_signaltap:auto_signaltap_0|sld_signaltap_impl:sld_signaltap_body|sld_signaltap_implb:sld_signaltap_body|tdo_crc_len_reg[24]                                                                                                                                                                     ; 3       ;
; sld_signaltap:auto_signaltap_0|sld_signaltap_impl:sld_signaltap_body|sld_signaltap_implb:sld_signaltap_body|tdo_crc_len_reg[23]                                                                                                                                                                     ; 3       ;
; sld_signaltap:auto_signaltap_0|sld_signaltap_impl:sld_signaltap_body|sld_signaltap_implb:sld_signaltap_body|tdo_crc_len_reg[22]                                                                                                                                                                     ; 3       ;
; sld_signaltap:auto_signaltap_0|sld_signaltap_impl:sld_signaltap_body|sld_signaltap_implb:sld_signaltap_body|tdo_crc_len_reg[21]                                                                                                                                                                     ; 3       ;
; sld_signaltap:auto_signaltap_0|sld_signaltap_impl:sld_signaltap_body|sld_signaltap_implb:sld_signaltap_body|tdo_crc_len_reg[20]                                                                                                                                                                     ; 3       ;
; sld_signaltap:auto_signaltap_0|sld_signaltap_impl:sld_signaltap_body|sld_signaltap_implb:sld_signaltap_body|tdo_crc_len_reg[19]                                                                                                                                                                     ; 3       ;
; sld_signaltap:auto_signaltap_0|sld_signaltap_impl:sld_signaltap_body|sld_signaltap_implb:sld_signaltap_body|tdo_crc_len_reg[18]                                                                                                                                                                     ; 3       ;
; sld_signaltap:auto_signaltap_0|sld_signaltap_impl:sld_signaltap_body|sld_signaltap_implb:sld_signaltap_body|tdo_crc_len_reg[17]                                                                                                                                                                     ; 3       ;
; sld_signaltap:auto_signaltap_0|sld_signaltap_impl:sld_signaltap_body|sld_signaltap_implb:sld_signaltap_body|tdo_crc_len_reg[16]                                                                                                                                                                     ; 3       ;
; sld_signaltap:auto_signaltap_0|sld_signaltap_impl:sld_signaltap_body|sld_signaltap_implb:sld_signaltap_body|tdo_crc_len_reg[15]                                                                                                                                                                     ; 3       ;
; sld_signaltap:auto_signaltap_0|sld_signaltap_impl:sld_signaltap_body|sld_signaltap_implb:sld_signaltap_body|tdo_crc_len_reg[14]                                                                                                                                                                     ; 3       ;
; sld_signaltap:auto_signaltap_0|sld_signaltap_impl:sld_signaltap_body|sld_signaltap_implb:sld_signaltap_body|tdo_crc_len_reg[13]                                                                                                                                                                     ; 3       ;
; sld_signaltap:auto_signaltap_0|sld_signaltap_impl:sld_signaltap_body|sld_signaltap_implb:sld_signaltap_body|tdo_crc_len_reg[12]                                                                                                                                                                     ; 3       ;
; sld_signaltap:auto_signaltap_0|sld_signaltap_impl:sld_signaltap_body|sld_signaltap_implb:sld_signaltap_body|tdo_crc_len_reg[11]                                                                                                                                                                     ; 3       ;
; sld_signaltap:auto_signaltap_0|sld_signaltap_impl:sld_signaltap_body|sld_signaltap_implb:sld_signaltap_body|tdo_crc_len_reg[10]                                                                                                                                                                     ; 3       ;
; sld_signaltap:auto_signaltap_0|sld_signaltap_impl:sld_signaltap_body|sld_signaltap_implb:sld_signaltap_body|tdo_crc_len_reg[9]                                                                                                                                                                      ; 3       ;
; sld_signaltap:auto_signaltap_0|sld_signaltap_impl:sld_signaltap_body|sld_signaltap_implb:sld_signaltap_body|tdo_crc_len_reg[8]                                                                                                                                                                      ; 3       ;
; sld_signaltap:auto_signaltap_0|sld_signaltap_impl:sld_signaltap_body|sld_signaltap_implb:sld_signaltap_body|tdo_crc_len_reg[7]                                                                                                                                                                      ; 3       ;
; sld_signaltap:auto_signaltap_0|sld_signaltap_impl:sld_signaltap_body|sld_signaltap_implb:sld_signaltap_body|tdo_crc_len_reg[6]                                                                                                                                                                      ; 3       ;
; sld_signaltap:auto_signaltap_0|sld_signaltap_impl:sld_signaltap_body|sld_signaltap_implb:sld_signaltap_body|tdo_crc_len_reg[5]                                                                                                                                                                      ; 3       ;
; sld_signaltap:auto_signaltap_0|sld_signaltap_impl:sld_signaltap_body|sld_signaltap_implb:sld_signaltap_body|tdo_crc_len_reg[4]                                                                                                                                                                      ; 3       ;
; sld_signaltap:auto_signaltap_0|sld_signaltap_impl:sld_signaltap_body|sld_signaltap_implb:sld_signaltap_body|tdo_crc_len_reg[3]                                                                                                                                                                      ; 3       ;
; sld_signaltap:auto_signaltap_0|sld_signaltap_impl:sld_signaltap_body|sld_signaltap_implb:sld_signaltap_body|tdo_crc_len_reg[2]                                                                                                                                                                      ; 3       ;
; sld_signaltap:auto_signaltap_0|sld_signaltap_impl:sld_signaltap_body|sld_signaltap_implb:sld_signaltap_body|tdo_crc_len_reg[1]                                                                                                                                                                      ; 3       ;
; sld_signaltap:auto_signaltap_0|sld_signaltap_impl:sld_signaltap_body|sld_signaltap_implb:sld_signaltap_body|tdo_crc_len_reg[0]                                                                                                                                                                      ; 3       ;
; sld_hub:auto_hub|alt_sld_fab:\instrumentation_fabric_with_node_gen:fabric_gen_new_way:instrumentation_fabric|alt_sld_fab_sldfabric:sldfabric|sld_jtag_hub:\jtag_hub_gen:real_sld_jtag_hub|sld_shadow_jsm:shadow_jsm|tms_cnt[0]                                                                      ; 3       ;
; sld_hub:auto_hub|alt_sld_fab:\instrumentation_fabric_with_node_gen:fabric_gen_new_way:instrumentation_fabric|alt_sld_fab_sldfabric:sldfabric|sld_jtag_hub:\jtag_hub_gen:real_sld_jtag_hub|hub_mode_reg[0]                                                                                           ; 3       ;
; sld_hub:auto_hub|alt_sld_fab:\instrumentation_fabric_with_node_gen:fabric_gen_new_way:instrumentation_fabric|alt_sld_fab_sldfabric:sldfabric|sld_jtag_hub:\jtag_hub_gen:real_sld_jtag_hub|design_hash_reg~9                                                                                         ; 3       ;
; sld_hub:auto_hub|alt_sld_fab:\instrumentation_fabric_with_node_gen:fabric_gen_new_way:instrumentation_fabric|alt_sld_fab_sldfabric:sldfabric|sld_jtag_hub:\jtag_hub_gen:real_sld_jtag_hub|irsr_reg[9]                                                                                               ; 3       ;
; sld_hub:auto_hub|alt_sld_fab:\instrumentation_fabric_with_node_gen:fabric_gen_new_way:instrumentation_fabric|alt_sld_fab_sldfabric:sldfabric|sld_jtag_hub:\jtag_hub_gen:real_sld_jtag_hub|irsr_reg[8]                                                                                               ; 3       ;
; sld_hub:auto_hub|alt_sld_fab:\instrumentation_fabric_with_node_gen:fabric_gen_new_way:instrumentation_fabric|alt_sld_fab_sldfabric:sldfabric|sld_jtag_hub:\jtag_hub_gen:real_sld_jtag_hub|irsr_reg[7]                                                                                               ; 3       ;
; sld_hub:auto_hub|alt_sld_fab:\instrumentation_fabric_with_node_gen:fabric_gen_new_way:instrumentation_fabric|alt_sld_fab_sldfabric:sldfabric|sld_jtag_hub:\jtag_hub_gen:real_sld_jtag_hub|irsr_reg[6]                                                                                               ; 3       ;
; sld_hub:auto_hub|alt_sld_fab:\instrumentation_fabric_with_node_gen:fabric_gen_new_way:instrumentation_fabric|alt_sld_fab_sldfabric:sldfabric|sld_jtag_hub:\jtag_hub_gen:real_sld_jtag_hub|irsr_reg[5]                                                                                               ; 3       ;
; sld_hub:auto_hub|alt_sld_fab:\instrumentation_fabric_with_node_gen:fabric_gen_new_way:instrumentation_fabric|alt_sld_fab_sldfabric:sldfabric|sld_jtag_hub:\jtag_hub_gen:real_sld_jtag_hub|irsr_reg[4]                                                                                               ; 3       ;
; sld_hub:auto_hub|alt_sld_fab:\instrumentation_fabric_with_node_gen:fabric_gen_new_way:instrumentation_fabric|alt_sld_fab_sldfabric:sldfabric|sld_jtag_hub:\jtag_hub_gen:real_sld_jtag_hub|virtual_ir_dr_scan_proc~0                                                                                 ; 3       ;
; sld_hub:auto_hub|alt_sld_fab:\instrumentation_fabric_with_node_gen:fabric_gen_new_way:instrumentation_fabric|alt_sld_fab_sldfabric:sldfabric|sld_jtag_hub:\jtag_hub_gen:real_sld_jtag_hub|jtag_ir_reg[1]                                                                                            ; 3       ;
; sld_hub:auto_hub|alt_sld_fab:\instrumentation_fabric_with_node_gen:fabric_gen_new_way:instrumentation_fabric|alt_sld_fab_sldfabric:sldfabric|sld_jtag_hub:\jtag_hub_gen:real_sld_jtag_hub|tdo_bypass_reg                                                                                            ; 3       ;
; sld_hub:auto_hub|alt_sld_fab:\instrumentation_fabric_with_node_gen:fabric_gen_new_way:instrumentation_fabric|alt_sld_fab_sldfabric:sldfabric|sld_jtag_hub:\jtag_hub_gen:real_sld_jtag_hub|irf_reg[1][0]                                                                                             ; 3       ;
; sld_hub:auto_hub|alt_sld_fab:\instrumentation_fabric_with_node_gen:fabric_gen_new_way:instrumentation_fabric|alt_sld_fab_sldfabric:sldfabric|sld_jtag_hub:\jtag_hub_gen:real_sld_jtag_hub|sld_shadow_jsm:shadow_jsm|state[15]                                                                       ; 3       ;
; sld_hub:auto_hub|alt_sld_fab:\instrumentation_fabric_with_node_gen:fabric_gen_new_way:instrumentation_fabric|alt_sld_fab_sldfabric:sldfabric|sld_jtag_hub:\jtag_hub_gen:real_sld_jtag_hub|sld_shadow_jsm:shadow_jsm|state[7]                                                                        ; 3       ;
; sld_hub:auto_hub|alt_sld_fab:\instrumentation_fabric_with_node_gen:fabric_gen_new_way:instrumentation_fabric|alt_sld_fab_sldfabric:sldfabric|sld_jtag_hub:\jtag_hub_gen:real_sld_jtag_hub|sld_shadow_jsm:shadow_jsm|state[5]                                                                        ; 3       ;
; sld_hub:auto_hub|alt_sld_fab:\instrumentation_fabric_with_node_gen:fabric_gen_new_way:instrumentation_fabric|alt_sld_fab_sldfabric:sldfabric|sld_jtag_hub:\jtag_hub_gen:real_sld_jtag_hub|sld_shadow_jsm:shadow_jsm|state[2]                                                                        ; 3       ;
; sld_hub:auto_hub|alt_sld_fab:\instrumentation_fabric_with_node_gen:fabric_gen_new_way:instrumentation_fabric|alt_sld_fab_sldfabric:sldfabric|sld_jtag_hub:\jtag_hub_gen:real_sld_jtag_hub|sld_shadow_jsm:shadow_jsm|state[1]                                                                        ; 3       ;
; stm32_fmc_16bit:fmc_inst|FIR1:u_fir|FIR1_0002:fir1_inst|FIR1_0002_ast:FIR1_0002_ast_inst|FIR1_0002_rtl:hpfircore|\u0_m0_wo0_run:u0_m0_wo0_run_enable_c[1]                                                                                                                                           ; 3       ;
; stm32_fmc_16bit:fmc_inst|FIR1:u_fir|FIR1_0002:fir1_inst|FIR1_0002_ast:FIR1_0002_ast_inst|FIR1_0002_rtl:hpfircore|\u0_m0_wo0_run:u0_m0_wo0_run_enable_c[2]                                                                                                                                           ; 3       ;
; stm32_fmc_16bit:fmc_inst|comb~0                                                                                                                                                                                                                                                                     ; 3       ;
; stm32_fmc_16bit:fmc_inst|FIR1:u_fir|FIR1_0002:fir1_inst|FIR1_0002_ast:FIR1_0002_ast_inst|FIR1_0002_rtl:hpfircore|u0_m0_wo0_wi0_ra25_count1_eq                                                                                                                                                       ; 3       ;
; stm32_fmc_16bit:fmc_inst|FIR1:u_fir|FIR1_0002:fir1_inst|FIR1_0002_ast:FIR1_0002_ast_inst|FIR1_0002_rtl:hpfircore|u0_m0_wo0_wi0_ra25_count0_sc[0]                                                                                                                                                    ; 3       ;
; stm32_fmc_16bit:fmc_inst|FIR1:u_fir|FIR1_0002:fir1_inst|FIR1_0002_ast:FIR1_0002_ast_inst|FIR1_0002_rtl:hpfircore|u0_m0_wo0_wi0_ra25_count1_i[2]                                                                                                                                                     ; 3       ;
; stm32_fmc_16bit:fmc_inst|FIR1:u_fir|FIR1_0002:fir1_inst|FIR1_0002_ast:FIR1_0002_ast_inst|FIR1_0002_rtl:hpfircore|u0_m0_wo0_wi0_ra12_count0_i[2]~0                                                                                                                                                   ; 3       ;
; stm32_fmc_16bit:fmc_inst|FIR1:u_fir|FIR1_0002:fir1_inst|FIR1_0002_ast:FIR1_0002_ast_inst|FIR1_0002_rtl:hpfircore|u0_m0_wo0_wi0_ra12_count0_eq                                                                                                                                                       ; 3       ;
; stm32_fmc_16bit:fmc_inst|FIR1:u_fir|FIR1_0002:fir1_inst|FIR1_0002_ast:FIR1_0002_ast_inst|FIR1_0002_rtl:hpfircore|u0_m0_wo0_wi0_wa0_eq                                                                                                                                                               ; 3       ;
; stm32_fmc_16bit:fmc_inst|FIR1:u_fir|FIR1_0002:fir1_inst|FIR1_0002_ast:FIR1_0002_ast_inst|FIR1_0002_rtl:hpfircore|u0_m0_wo0_wi0_ra25_count0_i[1]                                                                                                                                                     ; 3       ;
; stm32_fmc_16bit:fmc_inst|FIR1:u_fir|FIR1_0002:fir1_inst|FIR1_0002_ast:FIR1_0002_ast_inst|FIR1_0002_rtl:hpfircore|u0_m0_wo0_wi0_wa12_eq                                                                                                                                                              ; 3       ;
; stm32_fmc_16bit:fmc_inst|FIR1:u_fir|FIR1_0002:fir1_inst|FIR1_0002_ast:FIR1_0002_ast_inst|FIR1_0002_rtl:hpfircore|u0_m0_wo0_wi0_wa0_i[2]                                                                                                                                                             ; 3       ;
; stm32_fmc_16bit:fmc_inst|FIR1:u_fir|FIR1_0002:fir1_inst|FIR1_0002_ast:FIR1_0002_ast_inst|FIR1_0002_rtl:hpfircore|u0_m0_wo0_wi0_wa14_i[1]                                                                                                                                                            ; 3       ;
; stm32_fmc_16bit:fmc_inst|FIR1:u_fir|FIR1_0002:fir1_inst|FIR1_0002_ast:FIR1_0002_ast_inst|FIR1_0002_rtl:hpfircore|u0_m0_wo0_ca12_eq                                                                                                                                                                  ; 3       ;
; stm32_fmc_16bit:fmc_inst|FIR1:u_fir|FIR1_0002:fir1_inst|FIR1_0002_ast:FIR1_0002_ast_inst|FIR1_0002_rtl:hpfircore|u0_m0_wo0_cm3_q[3]                                                                                                                                                                 ; 3       ;
; stm32_fmc_16bit:fmc_inst|FIR1:u_fir|FIR1_0002:fir1_inst|FIR1_0002_ast:FIR1_0002_ast_inst|FIR1_0002_rtl:hpfircore|u0_m0_wo0_cm4_q[4]                                                                                                                                                                 ; 3       ;
; stm32_fmc_16bit:fmc_inst|FIR1:u_fir|FIR1_0002:fir1_inst|FIR1_0002_ast:FIR1_0002_ast_inst|FIR1_0002_rtl:hpfircore|u0_m0_wo0_cm4_q[6]                                                                                                                                                                 ; 3       ;
; stm32_fmc_16bit:fmc_inst|FIR1:u_fir|FIR1_0002:fir1_inst|FIR1_0002_ast:FIR1_0002_ast_inst|FIR1_0002_rtl:hpfircore|u0_m0_wo0_cm11_q[9]                                                                                                                                                                ; 3       ;
; stm32_fmc_16bit:fmc_inst|FIR1:u_fir|FIR1_0002:fir1_inst|FIR1_0002_ast:FIR1_0002_ast_inst|FIR1_0002_rtl:hpfircore|dspba_delay:d_u0_m0_wo0_ca12_q_15|delay_signals[0][2]                                                                                                                              ; 3       ;
; stm32_fmc_16bit:fmc_inst|FIR1:u_fir|FIR1_0002:fir1_inst|FIR1_0002_ast:FIR1_0002_ast_inst|FIR1_0002_rtl:hpfircore|\u0_m0_wo0_aseq:u0_m0_wo0_aseq_c[0]                                                                                                                                                ; 3       ;
; stm32_fmc_16bit:fmc_inst|FIR1:u_fir|FIR1_0002:fir1_inst|FIR1_0002_ast:FIR1_0002_ast_inst|FIR1_0002_rtl:hpfircore|\u0_m0_wo0_oseq:u0_m0_wo0_oseq_c[0]                                                                                                                                                ; 3       ;
; stm32_fmc_16bit:fmc_inst|cap_wr_addr[8]~18                                                                                                                                                                                                                                                          ; 3       ;
; stm32_fmc_16bit:fmc_inst|stop_seen                                                                                                                                                                                                                                                                  ; 3       ;
; stm32_fmc_16bit:fmc_inst|user_rdata[9]~72                                                                                                                                                                                                                                                           ; 3       ;
; stm32_fmc_16bit:fmc_inst|user_rdata[9]~71                                                                                                                                                                                                                                                           ; 3       ;
; stm32_fmc_16bit:fmc_inst|user_rdata[14]~49                                                                                                                                                                                                                                                          ; 3       ;
; stm32_fmc_16bit:fmc_inst|Equal15~0                                                                                                                                                                                                                                                                  ; 3       ;
; stm32_fmc_16bit:fmc_inst|user_rdata[0]~29                                                                                                                                                                                                                                                           ; 3       ;
; stm32_fmc_16bit:fmc_inst|Equal2~7                                                                                                                                                                                                                                                                   ; 3       ;
; stm32_fmc_16bit:fmc_inst|user_rdata[0]~28                                                                                                                                                                                                                                                           ; 3       ;
; stm32_fmc_16bit:fmc_inst|Equal2~2                                                                                                                                                                                                                                                                   ; 3       ;
; por_cnt[0]                                                                                                                                                                                                                                                                                          ; 3       ;
; stm32_fmc_16bit:fmc_inst|FIR1:u_fir|FIR1_0002:fir1_inst|FIR1_0002_ast:FIR1_0002_ast_inst|FIR1_0002_rtl:hpfircore|altsyncram:u0_m0_wo0_wi0_delayr1_dmem|altsyncram_m2o3:auto_generated|q_b[11]                                                                                                       ; 3       ;
; stm32_fmc_16bit:fmc_inst|FIR1:u_fir|FIR1_0002:fir1_inst|FIR1_0002_ast:FIR1_0002_ast_inst|FIR1_0002_rtl:hpfircore|altsyncram:u0_m0_wo0_wi0_delayr1_dmem|altsyncram_m2o3:auto_generated|q_b[23]                                                                                                       ; 3       ;
; stm32_fmc_16bit:fmc_inst|FIR1:u_fir|FIR1_0002:fir1_inst|FIR1_0002_ast:FIR1_0002_ast_inst|FIR1_0002_rtl:hpfircore|altsyncram:u0_m0_wo0_wi0_delayr1_dmem|altsyncram_m2o3:auto_generated|q_b[35]                                                                                                       ; 3       ;
; stm32_fmc_16bit:fmc_inst|FIR1:u_fir|FIR1_0002:fir1_inst|FIR1_0002_ast:FIR1_0002_ast_inst|FIR1_0002_rtl:hpfircore|altsyncram:u0_m0_wo0_wi0_delayr21_dmem|altsyncram_s2o3:auto_generated|q_b[35]                                                                                                      ; 3       ;
; stm32_fmc_16bit:fmc_inst|FIR1:u_fir|FIR1_0002:fir1_inst|FIR1_0002_ast:FIR1_0002_ast_inst|FIR1_0002_rtl:hpfircore|altsyncram:u0_m0_wo0_wi0_delayr24_dmem|altsyncram_n2o3:auto_generated|q_b[11]                                                                                                      ; 3       ;
; stm32_fmc_16bit:fmc_inst|FIR1:u_fir|FIR1_0002:fir1_inst|FIR1_0002_ast:FIR1_0002_ast_inst|FIR1_0002_rtl:hpfircore|altsyncram:u0_m0_wo0_wi0_delayr4_dmem|altsyncram_m2o3:auto_generated|q_b[11]                                                                                                       ; 3       ;
; stm32_fmc_16bit:fmc_inst|FIR1:u_fir|FIR1_0002:fir1_inst|FIR1_0002_ast:FIR1_0002_ast_inst|FIR1_0002_rtl:hpfircore|altsyncram:u0_m0_wo0_wi0_delayr4_dmem|altsyncram_m2o3:auto_generated|q_b[23]                                                                                                       ; 3       ;
; stm32_fmc_16bit:fmc_inst|FIR1:u_fir|FIR1_0002:fir1_inst|FIR1_0002_ast:FIR1_0002_ast_inst|FIR1_0002_rtl:hpfircore|altsyncram:u0_m0_wo0_wi0_delayr4_dmem|altsyncram_m2o3:auto_generated|q_b[35]                                                                                                       ; 3       ;
; stm32_fmc_16bit:fmc_inst|FIR1:u_fir|FIR1_0002:fir1_inst|FIR1_0002_ast:FIR1_0002_ast_inst|FIR1_0002_rtl:hpfircore|altsyncram:u0_m0_wo0_wi0_delayr21_dmem|altsyncram_s2o3:auto_generated|q_b[11]                                                                                                      ; 3       ;
; stm32_fmc_16bit:fmc_inst|FIR1:u_fir|FIR1_0002:fir1_inst|FIR1_0002_ast:FIR1_0002_ast_inst|FIR1_0002_rtl:hpfircore|altsyncram:u0_m0_wo0_wi0_delayr21_dmem|altsyncram_s2o3:auto_generated|q_b[23]                                                                                                      ; 3       ;
; stm32_fmc_16bit:fmc_inst|FIR1:u_fir|FIR1_0002:fir1_inst|FIR1_0002_ast:FIR1_0002_ast_inst|FIR1_0002_rtl:hpfircore|altsyncram:u0_m0_wo0_wi0_delayr7_dmem|altsyncram_m2o3:auto_generated|q_b[11]                                                                                                       ; 3       ;
; stm32_fmc_16bit:fmc_inst|FIR1:u_fir|FIR1_0002:fir1_inst|FIR1_0002_ast:FIR1_0002_ast_inst|FIR1_0002_rtl:hpfircore|altsyncram:u0_m0_wo0_wi0_delayr7_dmem|altsyncram_m2o3:auto_generated|q_b[23]                                                                                                       ; 3       ;
; stm32_fmc_16bit:fmc_inst|FIR1:u_fir|FIR1_0002:fir1_inst|FIR1_0002_ast:FIR1_0002_ast_inst|FIR1_0002_rtl:hpfircore|altsyncram:u0_m0_wo0_wi0_delayr7_dmem|altsyncram_m2o3:auto_generated|q_b[35]                                                                                                       ; 3       ;
; stm32_fmc_16bit:fmc_inst|FIR1:u_fir|FIR1_0002:fir1_inst|FIR1_0002_ast:FIR1_0002_ast_inst|FIR1_0002_rtl:hpfircore|altsyncram:u0_m0_wo0_wi0_delayr18_dmem|altsyncram_s2o3:auto_generated|q_b[11]                                                                                                      ; 3       ;
; stm32_fmc_16bit:fmc_inst|FIR1:u_fir|FIR1_0002:fir1_inst|FIR1_0002_ast:FIR1_0002_ast_inst|FIR1_0002_rtl:hpfircore|altsyncram:u0_m0_wo0_wi0_delayr18_dmem|altsyncram_s2o3:auto_generated|q_b[23]                                                                                                      ; 3       ;
; stm32_fmc_16bit:fmc_inst|FIR1:u_fir|FIR1_0002:fir1_inst|FIR1_0002_ast:FIR1_0002_ast_inst|FIR1_0002_rtl:hpfircore|altsyncram:u0_m0_wo0_wi0_delayr18_dmem|altsyncram_s2o3:auto_generated|q_b[35]                                                                                                      ; 3       ;
; stm32_fmc_16bit:fmc_inst|FIR1:u_fir|FIR1_0002:fir1_inst|FIR1_0002_ast:FIR1_0002_ast_inst|FIR1_0002_rtl:hpfircore|altsyncram:u0_m0_wo0_wi0_delayr10_dmem|altsyncram_m2o3:auto_generated|q_b[11]                                                                                                      ; 3       ;
; stm32_fmc_16bit:fmc_inst|FIR1:u_fir|FIR1_0002:fir1_inst|FIR1_0002_ast:FIR1_0002_ast_inst|FIR1_0002_rtl:hpfircore|altsyncram:u0_m0_wo0_wi0_delayr10_dmem|altsyncram_m2o3:auto_generated|q_b[12]                                                                                                      ; 3       ;
; stm32_fmc_16bit:fmc_inst|FIR1:u_fir|FIR1_0002:fir1_inst|FIR1_0002_ast:FIR1_0002_ast_inst|FIR1_0002_rtl:hpfircore|altsyncram:u0_m0_wo0_wi0_delayr10_dmem|altsyncram_m2o3:auto_generated|q_b[13]                                                                                                      ; 3       ;
; stm32_fmc_16bit:fmc_inst|FIR1:u_fir|FIR1_0002:fir1_inst|FIR1_0002_ast:FIR1_0002_ast_inst|FIR1_0002_rtl:hpfircore|altsyncram:u0_m0_wo0_wi0_delayr10_dmem|altsyncram_m2o3:auto_generated|q_b[14]                                                                                                      ; 3       ;
; stm32_fmc_16bit:fmc_inst|FIR1:u_fir|FIR1_0002:fir1_inst|FIR1_0002_ast:FIR1_0002_ast_inst|FIR1_0002_rtl:hpfircore|altsyncram:u0_m0_wo0_wi0_delayr10_dmem|altsyncram_m2o3:auto_generated|q_b[15]                                                                                                      ; 3       ;
; stm32_fmc_16bit:fmc_inst|FIR1:u_fir|FIR1_0002:fir1_inst|FIR1_0002_ast:FIR1_0002_ast_inst|FIR1_0002_rtl:hpfircore|altsyncram:u0_m0_wo0_wi0_delayr10_dmem|altsyncram_m2o3:auto_generated|q_b[16]                                                                                                      ; 3       ;
; stm32_fmc_16bit:fmc_inst|FIR1:u_fir|FIR1_0002:fir1_inst|FIR1_0002_ast:FIR1_0002_ast_inst|FIR1_0002_rtl:hpfircore|altsyncram:u0_m0_wo0_wi0_delayr10_dmem|altsyncram_m2o3:auto_generated|q_b[17]                                                                                                      ; 3       ;
; stm32_fmc_16bit:fmc_inst|FIR1:u_fir|FIR1_0002:fir1_inst|FIR1_0002_ast:FIR1_0002_ast_inst|FIR1_0002_rtl:hpfircore|altsyncram:u0_m0_wo0_wi0_delayr10_dmem|altsyncram_m2o3:auto_generated|q_b[18]                                                                                                      ; 3       ;
; stm32_fmc_16bit:fmc_inst|FIR1:u_fir|FIR1_0002:fir1_inst|FIR1_0002_ast:FIR1_0002_ast_inst|FIR1_0002_rtl:hpfircore|altsyncram:u0_m0_wo0_wi0_delayr10_dmem|altsyncram_m2o3:auto_generated|q_b[19]                                                                                                      ; 3       ;
; stm32_fmc_16bit:fmc_inst|FIR1:u_fir|FIR1_0002:fir1_inst|FIR1_0002_ast:FIR1_0002_ast_inst|FIR1_0002_rtl:hpfircore|altsyncram:u0_m0_wo0_wi0_delayr10_dmem|altsyncram_m2o3:auto_generated|q_b[20]                                                                                                      ; 3       ;
; stm32_fmc_16bit:fmc_inst|FIR1:u_fir|FIR1_0002:fir1_inst|FIR1_0002_ast:FIR1_0002_ast_inst|FIR1_0002_rtl:hpfircore|altsyncram:u0_m0_wo0_wi0_delayr10_dmem|altsyncram_m2o3:auto_generated|q_b[21]                                                                                                      ; 3       ;
; stm32_fmc_16bit:fmc_inst|FIR1:u_fir|FIR1_0002:fir1_inst|FIR1_0002_ast:FIR1_0002_ast_inst|FIR1_0002_rtl:hpfircore|altsyncram:u0_m0_wo0_wi0_delayr10_dmem|altsyncram_m2o3:auto_generated|q_b[22]                                                                                                      ; 3       ;
; stm32_fmc_16bit:fmc_inst|FIR1:u_fir|FIR1_0002:fir1_inst|FIR1_0002_ast:FIR1_0002_ast_inst|FIR1_0002_rtl:hpfircore|altsyncram:u0_m0_wo0_wi0_delayr15_dmem|altsyncram_s2o3:auto_generated|q_b[11]                                                                                                      ; 3       ;
; stm32_fmc_16bit:fmc_inst|FIR1:u_fir|FIR1_0002:fir1_inst|FIR1_0002_ast:FIR1_0002_ast_inst|FIR1_0002_rtl:hpfircore|altsyncram:u0_m0_wo0_wi0_delayr15_dmem|altsyncram_s2o3:auto_generated|q_b[23]                                                                                                      ; 3       ;
; stm32_fmc_16bit:fmc_inst|FIR1:u_fir|FIR1_0002:fir1_inst|FIR1_0002_ast:FIR1_0002_ast_inst|FIR1_0002_rtl:hpfircore|altsyncram:u0_m0_wo0_wi0_delayr15_dmem|altsyncram_s2o3:auto_generated|q_b[35]                                                                                                      ; 3       ;
; stm32_fmc_16bit:fmc_inst|FIR1:u_fir|FIR1_0002:fir1_inst|FIR1_0002_ast:FIR1_0002_ast_inst|FIR1_0002_rtl:hpfircore|altsyncram:u0_m0_wo0_wi0_delayr14_dmem|altsyncram_g2o3:auto_generated|q_b[11]                                                                                                      ; 3       ;
; dds_core:dds2_inst|phase_acc[31]                                                                                                                                                                                                                                                                    ; 3       ;
; dds_core:dds2_inst|phase_acc[30]                                                                                                                                                                                                                                                                    ; 3       ;
; dds_core:dds2_inst|phase_acc[29]                                                                                                                                                                                                                                                                    ; 3       ;
; dds_core:dds2_inst|phase_acc[28]                                                                                                                                                                                                                                                                    ; 3       ;
; dds_core:dds2_inst|phase_acc[27]                                                                                                                                                                                                                                                                    ; 3       ;
; dds_core:dds2_inst|phase_acc[26]                                                                                                                                                                                                                                                                    ; 3       ;
; dds_core:dds2_inst|phase_acc[25]                                                                                                                                                                                                                                                                    ; 3       ;
; dds_core:dds2_inst|phase_acc[24]                                                                                                                                                                                                                                                                    ; 3       ;
; dds_core:dds2_inst|phase_acc[23]                                                                                                                                                                                                                                                                    ; 3       ;
; dds_core:dds2_inst|phase_acc[22]                                                                                                                                                                                                                                                                    ; 3       ;
; dds_core:dds1_inst|phase_acc[31]                                                                                                                                                                                                                                                                    ; 3       ;
; dds_core:dds1_inst|phase_acc[30]                                                                                                                                                                                                                                                                    ; 3       ;
; dds_core:dds1_inst|phase_acc[29]                                                                                                                                                                                                                                                                    ; 3       ;
; dds_core:dds1_inst|phase_acc[28]                                                                                                                                                                                                                                                                    ; 3       ;
; dds_core:dds1_inst|phase_acc[27]                                                                                                                                                                                                                                                                    ; 3       ;
; dds_core:dds1_inst|phase_acc[26]                                                                                                                                                                                                                                                                    ; 3       ;
; dds_core:dds1_inst|phase_acc[25]                                                                                                                                                                                                                                                                    ; 3       ;
; dds_core:dds1_inst|phase_acc[24]                                                                                                                                                                                                                                                                    ; 3       ;
; dds_core:dds1_inst|phase_acc[23]                                                                                                                                                                                                                                                                    ; 3       ;
; dds_core:dds1_inst|phase_acc[22]                                                                                                                                                                                                                                                                    ; 3       ;
; sld_signaltap:auto_signaltap_0|sld_signaltap_impl:sld_signaltap_body|sld_signaltap_implb:sld_signaltap_body|sld_offload_buffer_mgr:\stp_non_zero_depth_offload_gen:stp_offload_buff_mgr_inst|Equal0~0                                                                                               ; 2       ;
; sld_signaltap:auto_signaltap_0|sld_signaltap_impl:sld_signaltap_body|sld_signaltap_implb:sld_signaltap_body|serial_crc_16:\tdo_crc_gen:tdo_crc_calc|lfsr[12]                                                                                                                                        ; 2       ;
; sld_signaltap:auto_signaltap_0|sld_signaltap_impl:sld_signaltap_body|sld_signaltap_implb:sld_signaltap_body|sld_buffer_manager:sld_buffer_manager_inst|\buffer_manager:last_trigger_address_var[8]                                                                                                  ; 2       ;
; sld_signaltap:auto_signaltap_0|sld_signaltap_impl:sld_signaltap_body|sld_signaltap_implb:sld_signaltap_body|serial_crc_16:\tdo_crc_gen:tdo_crc_calc|lfsr[11]                                                                                                                                        ; 2       ;
; sld_signaltap:auto_signaltap_0|sld_signaltap_impl:sld_signaltap_body|sld_signaltap_implb:sld_signaltap_body|sld_buffer_manager:sld_buffer_manager_inst|\buffer_manager:last_trigger_address_var[7]                                                                                                  ; 2       ;
; sld_signaltap:auto_signaltap_0|sld_signaltap_impl:sld_signaltap_body|sld_signaltap_implb:sld_signaltap_body|last_trigger_address_delayed[8]                                                                                                                                                         ; 2       ;
; sld_signaltap:auto_signaltap_0|sld_signaltap_impl:sld_signaltap_body|sld_signaltap_implb:sld_signaltap_body|serial_crc_16:\tdo_crc_gen:tdo_crc_calc|lfsr[10]                                                                                                                                        ; 2       ;
; sld_signaltap:auto_signaltap_0|sld_signaltap_impl:sld_signaltap_body|sld_signaltap_implb:sld_signaltap_body|sld_buffer_manager:sld_buffer_manager_inst|\buffer_manager:last_trigger_address_var[6]                                                                                                  ; 2       ;
; sld_signaltap:auto_signaltap_0|sld_signaltap_impl:sld_signaltap_body|sld_signaltap_implb:sld_signaltap_body|last_trigger_address_delayed[7]                                                                                                                                                         ; 2       ;
; sld_signaltap:auto_signaltap_0|sld_signaltap_impl:sld_signaltap_body|sld_signaltap_implb:sld_signaltap_body|serial_crc_16:\tdo_crc_gen:tdo_crc_calc|lfsr[9]                                                                                                                                         ; 2       ;
; sld_signaltap:auto_signaltap_0|sld_signaltap_impl:sld_signaltap_body|sld_signaltap_implb:sld_signaltap_body|sld_buffer_manager:sld_buffer_manager_inst|\buffer_manager:last_trigger_address_var[5]                                                                                                  ; 2       ;
; sld_signaltap:auto_signaltap_0|sld_signaltap_impl:sld_signaltap_body|sld_signaltap_implb:sld_signaltap_body|last_trigger_address_delayed[6]                                                                                                                                                         ; 2       ;
; sld_signaltap:auto_signaltap_0|sld_signaltap_impl:sld_signaltap_body|sld_signaltap_implb:sld_signaltap_body|serial_crc_16:\tdo_crc_gen:tdo_crc_calc|lfsr[8]                                                                                                                                         ; 2       ;
; sld_signaltap:auto_signaltap_0|sld_signaltap_impl:sld_signaltap_body|sld_signaltap_implb:sld_signaltap_body|sld_buffer_manager:sld_buffer_manager_inst|\buffer_manager:last_trigger_address_var[4]                                                                                                  ; 2       ;
; sld_signaltap:auto_signaltap_0|sld_signaltap_impl:sld_signaltap_body|sld_signaltap_implb:sld_signaltap_body|last_trigger_address_delayed[5]                                                                                                                                                         ; 2       ;
; sld_signaltap:auto_signaltap_0|sld_signaltap_impl:sld_signaltap_body|sld_signaltap_implb:sld_signaltap_body|serial_crc_16:\tdo_crc_gen:tdo_crc_calc|lfsr[7]                                                                                                                                         ; 2       ;
; sld_signaltap:auto_signaltap_0|sld_signaltap_impl:sld_signaltap_body|sld_signaltap_implb:sld_signaltap_body|sld_buffer_manager:sld_buffer_manager_inst|\buffer_manager:last_trigger_address_var[3]                                                                                                  ; 2       ;
; sld_signaltap:auto_signaltap_0|sld_signaltap_impl:sld_signaltap_body|sld_signaltap_implb:sld_signaltap_body|last_trigger_address_delayed[4]                                                                                                                                                         ; 2       ;
; sld_signaltap:auto_signaltap_0|sld_signaltap_impl:sld_signaltap_body|sld_signaltap_implb:sld_signaltap_body|serial_crc_16:\tdo_crc_gen:tdo_crc_calc|lfsr[6]                                                                                                                                         ; 2       ;
; sld_signaltap:auto_signaltap_0|sld_signaltap_impl:sld_signaltap_body|sld_signaltap_implb:sld_signaltap_body|sld_buffer_manager:sld_buffer_manager_inst|\buffer_manager:last_trigger_address_var[2]                                                                                                  ; 2       ;
; sld_signaltap:auto_signaltap_0|sld_signaltap_impl:sld_signaltap_body|sld_signaltap_implb:sld_signaltap_body|last_trigger_address_delayed[3]                                                                                                                                                         ; 2       ;
; sld_signaltap:auto_signaltap_0|sld_signaltap_impl:sld_signaltap_body|sld_signaltap_implb:sld_signaltap_body|serial_crc_16:\tdo_crc_gen:tdo_crc_calc|lfsr[5]                                                                                                                                         ; 2       ;
; sld_signaltap:auto_signaltap_0|sld_signaltap_impl:sld_signaltap_body|sld_signaltap_implb:sld_signaltap_body|sld_buffer_manager:sld_buffer_manager_inst|\buffer_manager:last_trigger_address_var[1]                                                                                                  ; 2       ;
; sld_signaltap:auto_signaltap_0|sld_signaltap_impl:sld_signaltap_body|sld_signaltap_implb:sld_signaltap_body|last_trigger_address_delayed[2]                                                                                                                                                         ; 2       ;
; sld_signaltap:auto_signaltap_0|sld_signaltap_impl:sld_signaltap_body|sld_signaltap_implb:sld_signaltap_body|serial_crc_16:\tdo_crc_gen:tdo_crc_calc|lfsr[4]                                                                                                                                         ; 2       ;
; sld_signaltap:auto_signaltap_0|sld_signaltap_impl:sld_signaltap_body|sld_signaltap_implb:sld_signaltap_body|sld_buffer_manager:sld_buffer_manager_inst|\buffer_manager:last_trigger_address_var[0]                                                                                                  ; 2       ;
; sld_signaltap:auto_signaltap_0|sld_signaltap_impl:sld_signaltap_body|sld_signaltap_implb:sld_signaltap_body|last_trigger_address_delayed[1]                                                                                                                                                         ; 2       ;
; sld_signaltap:auto_signaltap_0|sld_signaltap_impl:sld_signaltap_body|sld_signaltap_implb:sld_signaltap_body|serial_crc_16:\tdo_crc_gen:tdo_crc_calc|lfsr[3]                                                                                                                                         ; 2       ;
; sld_signaltap:auto_signaltap_0|sld_signaltap_impl:sld_signaltap_body|sld_signaltap_implb:sld_signaltap_body|sld_offload_buffer_mgr:\stp_non_zero_depth_offload_gen:stp_offload_buff_mgr_inst|acq_buf_read_reset~0                                                                                   ; 2       ;
; sld_signaltap:auto_signaltap_0|sld_signaltap_impl:sld_signaltap_body|sld_signaltap_implb:sld_signaltap_body|last_trigger_address_delayed[0]                                                                                                                                                         ; 2       ;
; sld_signaltap:auto_signaltap_0|sld_signaltap_impl:sld_signaltap_body|sld_signaltap_implb:sld_signaltap_body|sld_ela_control:ela_control|sld_ela_basic_multi_level_trigger:\basic_multi_level_mbpm_trigger_gen:multi_level_mbpm|lpm_shiftreg:trigger_condition_deserialize|dffs[3]                   ; 2       ;
; sld_signaltap:auto_signaltap_0|sld_signaltap_impl:sld_signaltap_body|sld_signaltap_implb:sld_signaltap_body|sld_ela_control:ela_control|sld_ela_basic_multi_level_trigger:\basic_multi_level_mbpm_trigger_gen:multi_level_mbpm|lpm_shiftreg:trigger_condition_deserialize|dffs[4]                   ; 2       ;
; sld_signaltap:auto_signaltap_0|sld_signaltap_impl:sld_signaltap_body|sld_signaltap_implb:sld_signaltap_body|sld_ela_control:ela_control|sld_ela_basic_multi_level_trigger:\basic_multi_level_mbpm_trigger_gen:multi_level_mbpm|lpm_shiftreg:trigger_condition_deserialize|dffs[6]                   ; 2       ;
; sld_signaltap:auto_signaltap_0|sld_signaltap_impl:sld_signaltap_body|sld_signaltap_implb:sld_signaltap_body|sld_ela_control:ela_control|sld_ela_basic_multi_level_trigger:\basic_multi_level_mbpm_trigger_gen:multi_level_mbpm|lpm_shiftreg:trigger_condition_deserialize|dffs[7]                   ; 2       ;
; sld_signaltap:auto_signaltap_0|sld_signaltap_impl:sld_signaltap_body|sld_signaltap_implb:sld_signaltap_body|sld_ela_control:ela_control|sld_ela_basic_multi_level_trigger:\basic_multi_level_mbpm_trigger_gen:multi_level_mbpm|lpm_shiftreg:trigger_condition_deserialize|dffs[9]                   ; 2       ;
; sld_signaltap:auto_signaltap_0|sld_signaltap_impl:sld_signaltap_body|sld_signaltap_implb:sld_signaltap_body|sld_ela_control:ela_control|sld_ela_basic_multi_level_trigger:\basic_multi_level_mbpm_trigger_gen:multi_level_mbpm|lpm_shiftreg:trigger_condition_deserialize|dffs[10]                  ; 2       ;
; sld_signaltap:auto_signaltap_0|sld_signaltap_impl:sld_signaltap_body|sld_signaltap_implb:sld_signaltap_body|sld_ela_control:ela_control|sld_ela_basic_multi_level_trigger:\basic_multi_level_mbpm_trigger_gen:multi_level_mbpm|lpm_shiftreg:trigger_condition_deserialize|dffs[12]                  ; 2       ;
; sld_signaltap:auto_signaltap_0|sld_signaltap_impl:sld_signaltap_body|sld_signaltap_implb:sld_signaltap_body|sld_ela_control:ela_control|sld_ela_basic_multi_level_trigger:\basic_multi_level_mbpm_trigger_gen:multi_level_mbpm|lpm_shiftreg:trigger_condition_deserialize|dffs[13]                  ; 2       ;
; sld_signaltap:auto_signaltap_0|sld_signaltap_impl:sld_signaltap_body|sld_signaltap_implb:sld_signaltap_body|sld_ela_control:ela_control|sld_ela_basic_multi_level_trigger:\basic_multi_level_mbpm_trigger_gen:multi_level_mbpm|lpm_shiftreg:trigger_condition_deserialize|dffs[0]                   ; 2       ;
; sld_signaltap:auto_signaltap_0|sld_signaltap_impl:sld_signaltap_body|sld_signaltap_implb:sld_signaltap_body|sld_ela_control:ela_control|sld_ela_basic_multi_level_trigger:\basic_multi_level_mbpm_trigger_gen:multi_level_mbpm|lpm_shiftreg:trigger_condition_deserialize|dffs[1]                   ; 2       ;
; sld_signaltap:auto_signaltap_0|sld_signaltap_impl:sld_signaltap_body|sld_signaltap_implb:sld_signaltap_body|sld_ela_control:ela_control|sld_ela_basic_multi_level_trigger:\basic_multi_level_mbpm_trigger_gen:multi_level_mbpm|lpm_shiftreg:trigger_condition_deserialize|dffs[15]                  ; 2       ;
; sld_signaltap:auto_signaltap_0|sld_signaltap_impl:sld_signaltap_body|sld_signaltap_implb:sld_signaltap_body|sld_ela_control:ela_control|sld_ela_basic_multi_level_trigger:\basic_multi_level_mbpm_trigger_gen:multi_level_mbpm|lpm_shiftreg:trigger_condition_deserialize|dffs[16]                  ; 2       ;
; sld_signaltap:auto_signaltap_0|sld_signaltap_impl:sld_signaltap_body|sld_signaltap_implb:sld_signaltap_body|sld_ela_control:ela_control|sld_ela_basic_multi_level_trigger:\basic_multi_level_mbpm_trigger_gen:multi_level_mbpm|lpm_shiftreg:trigger_condition_deserialize|dffs[18]                  ; 2       ;
; sld_signaltap:auto_signaltap_0|sld_signaltap_impl:sld_signaltap_body|sld_signaltap_implb:sld_signaltap_body|sld_ela_control:ela_control|sld_ela_basic_multi_level_trigger:\basic_multi_level_mbpm_trigger_gen:multi_level_mbpm|lpm_shiftreg:trigger_condition_deserialize|dffs[19]                  ; 2       ;
; sld_signaltap:auto_signaltap_0|sld_signaltap_impl:sld_signaltap_body|sld_signaltap_implb:sld_signaltap_body|sld_ela_control:ela_control|sld_ela_basic_multi_level_trigger:\basic_multi_level_mbpm_trigger_gen:multi_level_mbpm|lpm_shiftreg:trigger_condition_deserialize|dffs[21]                  ; 2       ;
; sld_signaltap:auto_signaltap_0|sld_signaltap_impl:sld_signaltap_body|sld_signaltap_implb:sld_signaltap_body|sld_ela_control:ela_control|sld_ela_basic_multi_level_trigger:\basic_multi_level_mbpm_trigger_gen:multi_level_mbpm|lpm_shiftreg:trigger_condition_deserialize|dffs[22]                  ; 2       ;
; sld_signaltap:auto_signaltap_0|sld_signaltap_impl:sld_signaltap_body|sld_signaltap_implb:sld_signaltap_body|sld_ela_control:ela_control|sld_ela_basic_multi_level_trigger:\basic_multi_level_mbpm_trigger_gen:multi_level_mbpm|lpm_shiftreg:trigger_condition_deserialize|dffs[24]                  ; 2       ;
; sld_signaltap:auto_signaltap_0|sld_signaltap_impl:sld_signaltap_body|sld_signaltap_implb:sld_signaltap_body|sld_ela_control:ela_control|sld_ela_basic_multi_level_trigger:\basic_multi_level_mbpm_trigger_gen:multi_level_mbpm|lpm_shiftreg:trigger_condition_deserialize|dffs[25]                  ; 2       ;
; sld_signaltap:auto_signaltap_0|sld_signaltap_impl:sld_signaltap_body|sld_signaltap_implb:sld_signaltap_body|sld_ela_control:ela_control|sld_ela_basic_multi_level_trigger:\basic_multi_level_mbpm_trigger_gen:multi_level_mbpm|lpm_shiftreg:trigger_condition_deserialize|dffs[27]                  ; 2       ;
; sld_signaltap:auto_signaltap_0|sld_signaltap_impl:sld_signaltap_body|sld_signaltap_implb:sld_signaltap_body|sld_ela_control:ela_control|sld_ela_basic_multi_level_trigger:\basic_multi_level_mbpm_trigger_gen:multi_level_mbpm|lpm_shiftreg:trigger_condition_deserialize|dffs[28]                  ; 2       ;
; sld_signaltap:auto_signaltap_0|sld_signaltap_impl:sld_signaltap_body|sld_signaltap_implb:sld_signaltap_body|sld_ela_control:ela_control|sld_ela_basic_multi_level_trigger:\basic_multi_level_mbpm_trigger_gen:multi_level_mbpm|lpm_shiftreg:trigger_condition_deserialize|dffs[30]                  ; 2       ;
; sld_signaltap:auto_signaltap_0|sld_signaltap_impl:sld_signaltap_body|sld_signaltap_implb:sld_signaltap_body|sld_ela_control:ela_control|sld_ela_basic_multi_level_trigger:\basic_multi_level_mbpm_trigger_gen:multi_level_mbpm|lpm_shiftreg:trigger_condition_deserialize|dffs[31]                  ; 2       ;
; sld_signaltap:auto_signaltap_0|sld_signaltap_impl:sld_signaltap_body|sld_signaltap_implb:sld_signaltap_body|sld_ela_control:ela_control|sld_ela_basic_multi_level_trigger:\basic_multi_level_mbpm_trigger_gen:multi_level_mbpm|lpm_shiftreg:trigger_condition_deserialize|dffs[33]                  ; 2       ;
; sld_signaltap:auto_signaltap_0|sld_signaltap_impl:sld_signaltap_body|sld_signaltap_implb:sld_signaltap_body|sld_ela_control:ela_control|sld_ela_basic_multi_level_trigger:\basic_multi_level_mbpm_trigger_gen:multi_level_mbpm|lpm_shiftreg:trigger_condition_deserialize|dffs[34]                  ; 2       ;
; sld_signaltap:auto_signaltap_0|sld_signaltap_impl:sld_signaltap_body|sld_signaltap_implb:sld_signaltap_body|serial_crc_16:\tdo_crc_gen:tdo_crc_calc|lfsr[2]                                                                                                                                         ; 2       ;
; sld_signaltap:auto_signaltap_0|sld_signaltap_impl:sld_signaltap_body|sld_signaltap_implb:sld_signaltap_body|sld_buffer_manager:sld_buffer_manager_inst|\buffer_manager:segment_shift_var                                                                                                            ; 2       ;
; sld_signaltap:auto_signaltap_0|sld_signaltap_impl:sld_signaltap_body|sld_signaltap_implb:sld_signaltap_body|segment_wrapped_delayed                                                                                                                                                                 ; 2       ;
; sld_signaltap:auto_signaltap_0|sld_signaltap_impl:sld_signaltap_body|sld_signaltap_implb:sld_signaltap_body|lpm_shiftreg:segment_offset_config_deserialize|dffs[3]                                                                                                                                  ; 2       ;
; sld_signaltap:auto_signaltap_0|sld_signaltap_impl:sld_signaltap_body|sld_signaltap_implb:sld_signaltap_body|lpm_shiftreg:segment_offset_config_deserialize|dffs[4]                                                                                                                                  ; 2       ;
; sld_signaltap:auto_signaltap_0|sld_signaltap_impl:sld_signaltap_body|sld_signaltap_implb:sld_signaltap_body|lpm_shiftreg:segment_offset_config_deserialize|dffs[5]                                                                                                                                  ; 2       ;
; sld_signaltap:auto_signaltap_0|sld_signaltap_impl:sld_signaltap_body|sld_signaltap_implb:sld_signaltap_body|lpm_shiftreg:segment_offset_config_deserialize|dffs[6]                                                                                                                                  ; 2       ;
; sld_signaltap:auto_signaltap_0|sld_signaltap_impl:sld_signaltap_body|sld_signaltap_implb:sld_signaltap_body|lpm_shiftreg:segment_offset_config_deserialize|dffs[7]                                                                                                                                  ; 2       ;
; sld_signaltap:auto_signaltap_0|sld_signaltap_impl:sld_signaltap_body|sld_signaltap_implb:sld_signaltap_body|lpm_shiftreg:segment_offset_config_deserialize|dffs[8]                                                                                                                                  ; 2       ;
; sld_signaltap:auto_signaltap_0|sld_signaltap_impl:sld_signaltap_body|sld_signaltap_implb:sld_signaltap_body|sld_buffer_manager:sld_buffer_manager_inst|\buffer_manager:next_address[4]                                                                                                              ; 2       ;
; sld_signaltap:auto_signaltap_0|sld_signaltap_impl:sld_signaltap_body|sld_signaltap_implb:sld_signaltap_body|sld_buffer_manager:sld_buffer_manager_inst|\buffer_manager:next_address[5]                                                                                                              ; 2       ;
; sld_signaltap:auto_signaltap_0|sld_signaltap_impl:sld_signaltap_body|sld_signaltap_implb:sld_signaltap_body|sld_buffer_manager:sld_buffer_manager_inst|\buffer_manager:next_address[6]                                                                                                              ; 2       ;
; sld_signaltap:auto_signaltap_0|sld_signaltap_impl:sld_signaltap_body|sld_signaltap_implb:sld_signaltap_body|sld_buffer_manager:sld_buffer_manager_inst|\buffer_manager:next_address[7]                                                                                                              ; 2       ;
; sld_signaltap:auto_signaltap_0|sld_signaltap_impl:sld_signaltap_body|sld_signaltap_implb:sld_signaltap_body|sld_buffer_manager:sld_buffer_manager_inst|\buffer_manager:next_address[8]                                                                                                              ; 2       ;
; sld_signaltap:auto_signaltap_0|sld_signaltap_impl:sld_signaltap_body|sld_signaltap_implb:sld_signaltap_body|sld_buffer_manager:sld_buffer_manager_inst|\buffer_manager:next_address[3]                                                                                                              ; 2       ;
; sld_signaltap:auto_signaltap_0|sld_signaltap_impl:sld_signaltap_body|sld_signaltap_implb:sld_signaltap_body|sld_buffer_manager:sld_buffer_manager_inst|\buffer_manager:next_address[2]                                                                                                              ; 2       ;
; sld_signaltap:auto_signaltap_0|sld_signaltap_impl:sld_signaltap_body|sld_signaltap_implb:sld_signaltap_body|sld_buffer_manager:sld_buffer_manager_inst|\buffer_manager:next_address[1]                                                                                                              ; 2       ;
; sld_signaltap:auto_signaltap_0|sld_signaltap_impl:sld_signaltap_body|sld_signaltap_implb:sld_signaltap_body|sld_buffer_manager:sld_buffer_manager_inst|\buffer_manager:next_address[0]                                                                                                              ; 2       ;
; sld_signaltap:auto_signaltap_0|sld_signaltap_impl:sld_signaltap_body|sld_signaltap_implb:sld_signaltap_body|sld_ela_control:ela_control|lpm_shiftreg:trigger_config_deserialize|dffs[0]                                                                                                             ; 2       ;
; sld_signaltap:auto_signaltap_0|sld_signaltap_impl:sld_signaltap_body|sld_signaltap_implb:sld_signaltap_body|sld_ela_control:ela_control|run                                                                                                                                                         ; 2       ;
; sld_signaltap:auto_signaltap_0|sld_signaltap_impl:sld_signaltap_body|sld_signaltap_implb:sld_signaltap_body|serial_crc_16:\tdo_crc_gen:tdo_crc_calc|lfsr[1]                                                                                                                                         ; 2       ;
; sld_signaltap:auto_signaltap_0|sld_signaltap_impl:sld_signaltap_body|sld_signaltap_implb:sld_signaltap_body|sld_rom_sr:crc_rom_sr|word_counter[2]~2                                                                                                                                                 ; 2       ;
; sld_signaltap:auto_signaltap_0|sld_signaltap_impl:sld_signaltap_body|sld_signaltap_implb:sld_signaltap_body|sld_buffer_manager:sld_buffer_manager_inst|done~0                                                                                                                                       ; 2       ;
; sld_signaltap:auto_signaltap_0|sld_signaltap_impl:sld_signaltap_body|sld_signaltap_implb:sld_signaltap_body|lpm_shiftreg:segment_offset_config_deserialize|dffs[2]                                                                                                                                  ; 2       ;
; sld_signaltap:auto_signaltap_0|sld_signaltap_impl:sld_signaltap_body|sld_signaltap_implb:sld_signaltap_body|state_status[2]~1                                                                                                                                                                       ; 2       ;
; sld_signaltap:auto_signaltap_0|sld_signaltap_impl:sld_signaltap_body|sld_signaltap_implb:sld_signaltap_body|state_status[2]~0                                                                                                                                                                       ; 2       ;
; sld_signaltap:auto_signaltap_0|sld_signaltap_impl:sld_signaltap_body|sld_signaltap_implb:sld_signaltap_body|trigger_out_mode_ff                                                                                                                                                                     ; 2       ;
; sld_signaltap:auto_signaltap_0|sld_signaltap_impl:sld_signaltap_body|sld_signaltap_implb:sld_signaltap_body|sld_buffer_manager:sld_buffer_manager_inst|is_buffer_wrapped_once_sig                                                                                                                   ; 2       ;
; sld_signaltap:auto_signaltap_0|sld_signaltap_impl:sld_signaltap_body|sld_signaltap_implb:sld_signaltap_body|lpm_shiftreg:segment_offset_config_deserialize|dffs[1]                                                                                                                                  ; 2       ;
; sld_signaltap:auto_signaltap_0|sld_signaltap_impl:sld_signaltap_body|sld_signaltap_implb:sld_signaltap_body|LessThan0~9                                                                                                                                                                             ; 2       ;
; sld_signaltap:auto_signaltap_0|sld_signaltap_impl:sld_signaltap_body|sld_signaltap_implb:sld_signaltap_body|LessThan0~4                                                                                                                                                                             ; 2       ;
; sld_signaltap:auto_signaltap_0|sld_signaltap_impl:sld_signaltap_body|sld_signaltap_implb:sld_signaltap_body|reset_all                                                                                                                                                                               ; 2       ;
; sld_signaltap:auto_signaltap_0|sld_signaltap_impl:sld_signaltap_body|sld_signaltap_implb:sld_signaltap_body|sld_buffer_manager:sld_buffer_manager_inst|\buffer_manager:collecting_post_data_var                                                                                                     ; 2       ;
; sld_signaltap:auto_signaltap_0|sld_signaltap_impl:sld_signaltap_body|sld_signaltap_implb:sld_signaltap_body|tdo_internal~1                                                                                                                                                                          ; 2       ;
; sld_signaltap:auto_signaltap_0|sld_signaltap_impl:sld_signaltap_body|sld_signaltap_implb:sld_signaltap_body|bypass_reg_out                                                                                                                                                                          ; 2       ;
; sld_signaltap:auto_signaltap_0|sld_signaltap_impl:sld_signaltap_body|sld_signaltap_implb:sld_signaltap_body|sld_offload_buffer_mgr:\stp_non_zero_depth_offload_gen:stp_offload_buff_mgr_inst|lpm_counter:read_pointer_counter|cntr_h6j:auto_generated|counter_reg_bit[8]                            ; 2       ;
; sld_signaltap:auto_signaltap_0|sld_signaltap_impl:sld_signaltap_body|sld_signaltap_implb:sld_signaltap_body|sld_offload_buffer_mgr:\stp_non_zero_depth_offload_gen:stp_offload_buff_mgr_inst|lpm_counter:read_pointer_counter|cntr_h6j:auto_generated|counter_reg_bit[7]                            ; 2       ;
; sld_signaltap:auto_signaltap_0|sld_signaltap_impl:sld_signaltap_body|sld_signaltap_implb:sld_signaltap_body|sld_offload_buffer_mgr:\stp_non_zero_depth_offload_gen:stp_offload_buff_mgr_inst|lpm_counter:read_pointer_counter|cntr_h6j:auto_generated|counter_reg_bit[6]                            ; 2       ;
; sld_signaltap:auto_signaltap_0|sld_signaltap_impl:sld_signaltap_body|sld_signaltap_implb:sld_signaltap_body|sld_offload_buffer_mgr:\stp_non_zero_depth_offload_gen:stp_offload_buff_mgr_inst|lpm_counter:read_pointer_counter|cntr_h6j:auto_generated|counter_reg_bit[5]                            ; 2       ;
; sld_signaltap:auto_signaltap_0|sld_signaltap_impl:sld_signaltap_body|sld_signaltap_implb:sld_signaltap_body|sld_offload_buffer_mgr:\stp_non_zero_depth_offload_gen:stp_offload_buff_mgr_inst|lpm_counter:read_pointer_counter|cntr_h6j:auto_generated|counter_reg_bit[4]                            ; 2       ;
; sld_signaltap:auto_signaltap_0|sld_signaltap_impl:sld_signaltap_body|sld_signaltap_implb:sld_signaltap_body|sld_offload_buffer_mgr:\stp_non_zero_depth_offload_gen:stp_offload_buff_mgr_inst|lpm_counter:read_pointer_counter|cntr_h6j:auto_generated|counter_reg_bit[3]                            ; 2       ;
; sld_signaltap:auto_signaltap_0|sld_signaltap_impl:sld_signaltap_body|sld_signaltap_implb:sld_signaltap_body|sld_offload_buffer_mgr:\stp_non_zero_depth_offload_gen:stp_offload_buff_mgr_inst|lpm_counter:read_pointer_counter|cntr_h6j:auto_generated|counter_reg_bit[2]                            ; 2       ;
; sld_signaltap:auto_signaltap_0|sld_signaltap_impl:sld_signaltap_body|sld_signaltap_implb:sld_signaltap_body|sld_offload_buffer_mgr:\stp_non_zero_depth_offload_gen:stp_offload_buff_mgr_inst|lpm_counter:read_pointer_counter|cntr_h6j:auto_generated|counter_reg_bit[1]                            ; 2       ;
; sld_signaltap:auto_signaltap_0|sld_signaltap_impl:sld_signaltap_body|sld_signaltap_implb:sld_signaltap_body|sld_offload_buffer_mgr:\stp_non_zero_depth_offload_gen:stp_offload_buff_mgr_inst|lpm_counter:read_pointer_counter|cntr_h6j:auto_generated|counter_reg_bit[0]                            ; 2       ;
; sld_signaltap:auto_signaltap_0|sld_signaltap_impl:sld_signaltap_body|sld_signaltap_implb:sld_signaltap_body|sld_offload_buffer_mgr:\stp_non_zero_depth_offload_gen:stp_offload_buff_mgr_inst|lpm_counter:\adv_point_3_and_more:advance_pointer_counter|cntr_bgi:auto_generated|counter_reg_bit[2]   ; 2       ;
; sld_signaltap:auto_signaltap_0|sld_signaltap_impl:sld_signaltap_body|sld_signaltap_implb:sld_signaltap_body|sld_offload_buffer_mgr:\stp_non_zero_depth_offload_gen:stp_offload_buff_mgr_inst|lpm_counter:\adv_point_3_and_more:advance_pointer_counter|cntr_bgi:auto_generated|counter_reg_bit[1]   ; 2       ;
; sld_signaltap:auto_signaltap_0|sld_signaltap_impl:sld_signaltap_body|sld_signaltap_implb:sld_signaltap_body|sld_offload_buffer_mgr:\stp_non_zero_depth_offload_gen:stp_offload_buff_mgr_inst|lpm_counter:\adv_point_3_and_more:advance_pointer_counter|cntr_bgi:auto_generated|counter_reg_bit[3]   ; 2       ;
; sld_signaltap:auto_signaltap_0|sld_signaltap_impl:sld_signaltap_body|sld_signaltap_implb:sld_signaltap_body|sld_buffer_manager:sld_buffer_manager_inst|Add2~16                                                                                                                                      ; 2       ;
; sld_signaltap:auto_signaltap_0|sld_signaltap_impl:sld_signaltap_body|sld_signaltap_implb:sld_signaltap_body|sld_buffer_manager:sld_buffer_manager_inst|Add2~14                                                                                                                                      ; 2       ;
; sld_signaltap:auto_signaltap_0|sld_signaltap_impl:sld_signaltap_body|sld_signaltap_implb:sld_signaltap_body|sld_buffer_manager:sld_buffer_manager_inst|Add2~12                                                                                                                                      ; 2       ;
; sld_signaltap:auto_signaltap_0|sld_signaltap_impl:sld_signaltap_body|sld_signaltap_implb:sld_signaltap_body|sld_buffer_manager:sld_buffer_manager_inst|Add2~10                                                                                                                                      ; 2       ;
; sld_signaltap:auto_signaltap_0|sld_signaltap_impl:sld_signaltap_body|sld_signaltap_implb:sld_signaltap_body|sld_buffer_manager:sld_buffer_manager_inst|Add2~8                                                                                                                                       ; 2       ;
; sld_signaltap:auto_signaltap_0|sld_signaltap_impl:sld_signaltap_body|sld_signaltap_implb:sld_signaltap_body|sld_buffer_manager:sld_buffer_manager_inst|Add2~6                                                                                                                                       ; 2       ;
; sld_signaltap:auto_signaltap_0|sld_signaltap_impl:sld_signaltap_body|sld_signaltap_implb:sld_signaltap_body|sld_buffer_manager:sld_buffer_manager_inst|Add2~4                                                                                                                                       ; 2       ;
; sld_signaltap:auto_signaltap_0|sld_signaltap_impl:sld_signaltap_body|sld_signaltap_implb:sld_signaltap_body|sld_buffer_manager:sld_buffer_manager_inst|Add2~2                                                                                                                                       ; 2       ;
; sld_signaltap:auto_signaltap_0|sld_signaltap_impl:sld_signaltap_body|sld_signaltap_implb:sld_signaltap_body|sld_buffer_manager:sld_buffer_manager_inst|Add2~0                                                                                                                                       ; 2       ;
; sld_hub:auto_hub|alt_sld_fab:\instrumentation_fabric_with_node_gen:fabric_gen_new_way:instrumentation_fabric|alt_sld_fab_sldfabric:sldfabric|sld_jtag_hub:\jtag_hub_gen:real_sld_jtag_hub|identity_contrib_shift_reg[3]                                                                             ; 2       ;
; sld_hub:auto_hub|alt_sld_fab:\instrumentation_fabric_with_node_gen:fabric_gen_new_way:instrumentation_fabric|alt_sld_fab_sldfabric:sldfabric|sld_jtag_hub:\jtag_hub_gen:real_sld_jtag_hub|identity_contrib_shift_reg[2]                                                                             ; 2       ;
; sld_hub:auto_hub|alt_sld_fab:\instrumentation_fabric_with_node_gen:fabric_gen_new_way:instrumentation_fabric|alt_sld_fab_sldfabric:sldfabric|sld_jtag_hub:\jtag_hub_gen:real_sld_jtag_hub|identity_contrib_shift_reg[1]                                                                             ; 2       ;
; sld_hub:auto_hub|alt_sld_fab:\instrumentation_fabric_with_node_gen:fabric_gen_new_way:instrumentation_fabric|alt_sld_fab_sldfabric:sldfabric|sld_jtag_hub:\jtag_hub_gen:real_sld_jtag_hub|sld_rom_sr:hub_info_reg|WORD_SR~9                                                                         ; 2       ;
; sld_hub:auto_hub|alt_sld_fab:\instrumentation_fabric_with_node_gen:fabric_gen_new_way:instrumentation_fabric|alt_sld_fab_sldfabric:sldfabric|sld_jtag_hub:\jtag_hub_gen:real_sld_jtag_hub|reset_ena_reg_proc~0                                                                                      ; 2       ;
; sld_hub:auto_hub|alt_sld_fab:\instrumentation_fabric_with_node_gen:fabric_gen_new_way:instrumentation_fabric|alt_sld_fab_sldfabric:sldfabric|sld_jtag_hub:\jtag_hub_gen:real_sld_jtag_hub|design_hash_reg~17                                                                                        ; 2       ;
; sld_hub:auto_hub|alt_sld_fab:\instrumentation_fabric_with_node_gen:fabric_gen_new_way:instrumentation_fabric|alt_sld_fab_sldfabric:sldfabric|sld_jtag_hub:\jtag_hub_gen:real_sld_jtag_hub|identity_contrib_shift_reg[0]~0                                                                           ; 2       ;
; sld_hub:auto_hub|alt_sld_fab:\instrumentation_fabric_with_node_gen:fabric_gen_new_way:instrumentation_fabric|alt_sld_fab_sldfabric:sldfabric|sld_jtag_hub:\jtag_hub_gen:real_sld_jtag_hub|sld_rom_sr:hub_info_reg|WORD_SR~6                                                                         ; 2       ;
; sld_hub:auto_hub|alt_sld_fab:\instrumentation_fabric_with_node_gen:fabric_gen_new_way:instrumentation_fabric|alt_sld_fab_sldfabric:sldfabric|sld_jtag_hub:\jtag_hub_gen:real_sld_jtag_hub|irsr_reg[6]~1                                                                                             ; 2       ;
; sld_hub:auto_hub|alt_sld_fab:\instrumentation_fabric_with_node_gen:fabric_gen_new_way:instrumentation_fabric|alt_sld_fab_sldfabric:sldfabric|sld_jtag_hub:\jtag_hub_gen:real_sld_jtag_hub|design_hash_reg[0]~12                                                                                     ; 2       ;
; sld_hub:auto_hub|alt_sld_fab:\instrumentation_fabric_with_node_gen:fabric_gen_new_way:instrumentation_fabric|alt_sld_fab_sldfabric:sldfabric|sld_jtag_hub:\jtag_hub_gen:real_sld_jtag_hub|design_hash_reg[0]~11                                                                                     ; 2       ;
; sld_hub:auto_hub|alt_sld_fab:\instrumentation_fabric_with_node_gen:fabric_gen_new_way:instrumentation_fabric|alt_sld_fab_sldfabric:sldfabric|sld_jtag_hub:\jtag_hub_gen:real_sld_jtag_hub|hub_mode_reg[2]                                                                                           ; 2       ;
; sld_hub:auto_hub|alt_sld_fab:\instrumentation_fabric_with_node_gen:fabric_gen_new_way:instrumentation_fabric|alt_sld_fab_sldfabric:sldfabric|sld_jtag_hub:\jtag_hub_gen:real_sld_jtag_hub|jtag_ir_reg[0]                                                                                            ; 2       ;
; sld_hub:auto_hub|alt_sld_fab:\instrumentation_fabric_with_node_gen:fabric_gen_new_way:instrumentation_fabric|alt_sld_fab_sldfabric:sldfabric|sld_jtag_hub:\jtag_hub_gen:real_sld_jtag_hub|Equal0~1                                                                                                  ; 2       ;
; sld_hub:auto_hub|alt_sld_fab:\instrumentation_fabric_with_node_gen:fabric_gen_new_way:instrumentation_fabric|alt_sld_fab_sldfabric:sldfabric|sld_jtag_hub:\jtag_hub_gen:real_sld_jtag_hub|jtag_ir_reg[2]                                                                                            ; 2       ;
; sld_hub:auto_hub|alt_sld_fab:\instrumentation_fabric_with_node_gen:fabric_gen_new_way:instrumentation_fabric|alt_sld_fab_sldfabric:sldfabric|sld_jtag_hub:\jtag_hub_gen:real_sld_jtag_hub|jtag_ir_reg[4]                                                                                            ; 2       ;
; sld_hub:auto_hub|alt_sld_fab:\instrumentation_fabric_with_node_gen:fabric_gen_new_way:instrumentation_fabric|alt_sld_fab_sldfabric:sldfabric|sld_jtag_hub:\jtag_hub_gen:real_sld_jtag_hub|jtag_ir_reg[5]                                                                                            ; 2       ;
; sld_hub:auto_hub|alt_sld_fab:\instrumentation_fabric_with_node_gen:fabric_gen_new_way:instrumentation_fabric|alt_sld_fab_sldfabric:sldfabric|sld_jtag_hub:\jtag_hub_gen:real_sld_jtag_hub|jtag_ir_reg[3]                                                                                            ; 2       ;
; sld_hub:auto_hub|alt_sld_fab:\instrumentation_fabric_with_node_gen:fabric_gen_new_way:instrumentation_fabric|alt_sld_fab_sldfabric:sldfabric|sld_jtag_hub:\jtag_hub_gen:real_sld_jtag_hub|Equal0~0                                                                                                  ; 2       ;
; sld_hub:auto_hub|alt_sld_fab:\instrumentation_fabric_with_node_gen:fabric_gen_new_way:instrumentation_fabric|alt_sld_fab_sldfabric:sldfabric|sld_jtag_hub:\jtag_hub_gen:real_sld_jtag_hub|jtag_ir_reg[6]                                                                                            ; 2       ;
; sld_hub:auto_hub|alt_sld_fab:\instrumentation_fabric_with_node_gen:fabric_gen_new_way:instrumentation_fabric|alt_sld_fab_sldfabric:sldfabric|sld_jtag_hub:\jtag_hub_gen:real_sld_jtag_hub|jtag_ir_reg[7]                                                                                            ; 2       ;
; sld_hub:auto_hub|alt_sld_fab:\instrumentation_fabric_with_node_gen:fabric_gen_new_way:instrumentation_fabric|alt_sld_fab_sldfabric:sldfabric|sld_jtag_hub:\jtag_hub_gen:real_sld_jtag_hub|jtag_ir_reg[8]                                                                                            ; 2       ;
; sld_hub:auto_hub|alt_sld_fab:\instrumentation_fabric_with_node_gen:fabric_gen_new_way:instrumentation_fabric|alt_sld_fab_sldfabric:sldfabric|sld_jtag_hub:\jtag_hub_gen:real_sld_jtag_hub|jtag_ir_reg[9]                                                                                            ; 2       ;
; sld_hub:auto_hub|alt_sld_fab:\instrumentation_fabric_with_node_gen:fabric_gen_new_way:instrumentation_fabric|alt_sld_fab_sldfabric:sldfabric|sld_jtag_hub:\jtag_hub_gen:real_sld_jtag_hub|node_ena_proc~1                                                                                           ; 2       ;
; sld_hub:auto_hub|alt_sld_fab:\instrumentation_fabric_with_node_gen:fabric_gen_new_way:instrumentation_fabric|alt_sld_fab_sldfabric:sldfabric|sld_jtag_hub:\jtag_hub_gen:real_sld_jtag_hub|tdo~1                                                                                                     ; 2       ;
; sld_hub:auto_hub|alt_sld_fab:\instrumentation_fabric_with_node_gen:fabric_gen_new_way:instrumentation_fabric|alt_sld_fab_sldfabric:sldfabric|sld_jtag_hub:\jtag_hub_gen:real_sld_jtag_hub|tdo~0                                                                                                     ; 2       ;
; sld_hub:auto_hub|alt_sld_fab:\instrumentation_fabric_with_node_gen:fabric_gen_new_way:instrumentation_fabric|alt_sld_fab_sldfabric:sldfabric|sld_jtag_hub:\jtag_hub_gen:real_sld_jtag_hub|sld_shadow_jsm:shadow_jsm|state[14]                                                                       ; 2       ;
; sld_hub:auto_hub|alt_sld_fab:\instrumentation_fabric_with_node_gen:fabric_gen_new_way:instrumentation_fabric|alt_sld_fab_sldfabric:sldfabric|sld_jtag_hub:\jtag_hub_gen:real_sld_jtag_hub|sld_shadow_jsm:shadow_jsm|state[12]                                                                       ; 2       ;
; sld_hub:auto_hub|alt_sld_fab:\instrumentation_fabric_with_node_gen:fabric_gen_new_way:instrumentation_fabric|alt_sld_fab_sldfabric:sldfabric|sld_jtag_hub:\jtag_hub_gen:real_sld_jtag_hub|sld_shadow_jsm:shadow_jsm|state[10]                                                                       ; 2       ;
; sld_hub:auto_hub|alt_sld_fab:\instrumentation_fabric_with_node_gen:fabric_gen_new_way:instrumentation_fabric|alt_sld_fab_sldfabric:sldfabric|sld_jtag_hub:\jtag_hub_gen:real_sld_jtag_hub|sld_shadow_jsm:shadow_jsm|state[9]                                                                        ; 2       ;
; sld_hub:auto_hub|alt_sld_fab:\instrumentation_fabric_with_node_gen:fabric_gen_new_way:instrumentation_fabric|alt_sld_fab_sldfabric:sldfabric|sld_jtag_hub:\jtag_hub_gen:real_sld_jtag_hub|sld_shadow_jsm:shadow_jsm|tms_cnt[1]                                                                      ; 2       ;
; sld_hub:auto_hub|alt_sld_fab:\instrumentation_fabric_with_node_gen:fabric_gen_new_way:instrumentation_fabric|alt_sld_fab_sldfabric:sldfabric|sld_jtag_hub:\jtag_hub_gen:real_sld_jtag_hub|sld_shadow_jsm:shadow_jsm|tms_cnt[2]                                                                      ; 2       ;
; sld_hub:auto_hub|alt_sld_fab:\instrumentation_fabric_with_node_gen:fabric_gen_new_way:instrumentation_fabric|alt_sld_fab_sldfabric:sldfabric|sld_jtag_hub:\jtag_hub_gen:real_sld_jtag_hub|sld_shadow_jsm:shadow_jsm|state[13]                                                                       ; 2       ;
; sld_hub:auto_hub|alt_sld_fab:\instrumentation_fabric_with_node_gen:fabric_gen_new_way:instrumentation_fabric|alt_sld_fab_sldfabric:sldfabric|sld_jtag_hub:\jtag_hub_gen:real_sld_jtag_hub|sld_shadow_jsm:shadow_jsm|state[6]                                                                        ; 2       ;
; stm32_fmc_16bit:fmc_inst|user_rdata[0]~140                                                                                                                                                                                                                                                          ; 2       ;
; stm32_fmc_16bit:fmc_inst|wf2_wren                                                                                                                                                                                                                                                                   ; 2       ;
; stm32_fmc_16bit:fmc_inst|wf1_wren                                                                                                                                                                                                                                                                   ; 2       ;
; stm32_fmc_16bit:fmc_inst|dac1_enable_reg~2                                                                                                                                                                                                                                                          ; 2       ;
; stm32_fmc_16bit:fmc_inst|FIR1:u_fir|FIR1_0002:fir1_inst|FIR1_0002_ast:FIR1_0002_ast_inst|FIR1_0002_rtl:hpfircore|\u0_m0_wo0_run:u0_m0_wo0_run_enable_c[1]~0                                                                                                                                         ; 2       ;
; stm32_fmc_16bit:fmc_inst|FIR1:u_fir|FIR1_0002:fir1_inst|FIR1_0002_ast:FIR1_0002_ast_inst|FIR1_0002_rtl:hpfircore|u0_m0_wo0_run_enable_q[0]                                                                                                                                                          ; 2       ;
; stm32_fmc_16bit:fmc_inst|FIR1:u_fir|FIR1_0002:fir1_inst|FIR1_0002_ast:FIR1_0002_ast_inst|FIR1_0002_rtl:hpfircore|u0_m0_wo0_run_count[0]                                                                                                                                                             ; 2       ;
; stm32_fmc_16bit:fmc_inst|FIR1:u_fir|FIR1_0002:fir1_inst|FIR1_0002_ast:FIR1_0002_ast_inst|FIR1_0002_rtl:hpfircore|u0_m0_wo0_wi0_ra25_count0_sc[1]~1                                                                                                                                                  ; 2       ;
; stm32_fmc_16bit:fmc_inst|adc_clk_s2                                                                                                                                                                                                                                                                 ; 2       ;
; stm32_fmc_16bit:fmc_inst|FIR1:u_fir|FIR1_0002:fir1_inst|FIR1_0002_ast:FIR1_0002_ast_inst|FIR1_0002_rtl:hpfircore|u0_m0_wo0_wi0_ra25_count0_sc[1]                                                                                                                                                    ; 2       ;
; stm32_fmc_16bit:fmc_inst|FIR1:u_fir|FIR1_0002:fir1_inst|FIR1_0002_ast:FIR1_0002_ast_inst|FIR1_0002_rtl:hpfircore|u0_m0_wo0_wi0_ra25_count0_i[2]                                                                                                                                                     ; 2       ;
; stm32_fmc_16bit:fmc_inst|FIR1:u_fir|FIR1_0002:fir1_inst|FIR1_0002_ast:FIR1_0002_ast_inst|FIR1_0002_rtl:hpfircore|u0_m0_wo0_wi0_wa25_i[2]                                                                                                                                                            ; 2       ;
; stm32_fmc_16bit:fmc_inst|FIR1:u_fir|FIR1_0002:fir1_inst|FIR1_0002_ast:FIR1_0002_ast_inst|FIR1_0002_rtl:hpfircore|u0_m0_wo0_wi0_wa14_i[2]                                                                                                                                                            ; 2       ;
; stm32_fmc_16bit:fmc_inst|FIR1:u_fir|FIR1_0002:fir1_inst|FIR1_0002_ast:FIR1_0002_ast_inst|FIR1_0002_rtl:hpfircore|u0_m0_wo0_cm9_q[0]                                                                                                                                                                 ; 2       ;
; stm32_fmc_16bit:fmc_inst|FIR1:u_fir|FIR1_0002:fir1_inst|FIR1_0002_ast:FIR1_0002_ast_inst|FIR1_0002_rtl:hpfircore|dspba_delay:d_u0_m0_wo0_wi0_split24_c_15|delay_signals[0][11]                                                                                                                      ; 2       ;
; stm32_fmc_16bit:fmc_inst|FIR1:u_fir|FIR1_0002:fir1_inst|FIR1_0002_ast:FIR1_0002_ast_inst|FIR1_0002_rtl:hpfircore|dspba_delay:d_u0_m0_wo0_wi0_delayr0_q_15|delay_signals[0][11]                                                                                                                      ; 2       ;
; stm32_fmc_16bit:fmc_inst|FIR1:u_fir|FIR1_0002:fir1_inst|FIR1_0002_ast:FIR1_0002_ast_inst|FIR1_0002_rtl:hpfircore|\u0_m0_wo0_aseq:u0_m0_wo0_aseq_c[0]~0                                                                                                                                              ; 2       ;
; stm32_fmc_16bit:fmc_inst|FIR1:u_fir|FIR1_0002:fir1_inst|FIR1_0002_ast:FIR1_0002_ast_inst|FIR1_0002_rtl:hpfircore|\u0_m0_wo0_oseq:u0_m0_wo0_oseq_c[0]~0                                                                                                                                              ; 2       ;
; stm32_fmc_16bit:fmc_inst|FIR1:u_fir|FIR1_0002:fir1_inst|FIR1_0002_ast:FIR1_0002_ast_inst|FIR1_0002_rtl:hpfircore|\u0_m0_wo0_aseq:u0_m0_wo0_aseq_c[1]                                                                                                                                                ; 2       ;
; stm32_fmc_16bit:fmc_inst|FIR1:u_fir|FIR1_0002:fir1_inst|FIR1_0002_ast:FIR1_0002_ast_inst|FIR1_0002_rtl:hpfircore|\u0_m0_wo0_oseq:u0_m0_wo0_oseq_c[1]                                                                                                                                                ; 2       ;
; stm32_fmc_16bit:fmc_inst|adc_stop_toggle                                                                                                                                                                                                                                                            ; 2       ;
; stm32_fmc_16bit:fmc_inst|adc_clear_toggle                                                                                                                                                                                                                                                           ; 2       ;
; stm32_fmc_16bit:fmc_inst|adc_start_toggle                                                                                                                                                                                                                                                           ; 2       ;
; stm32_fmc_16bit:fmc_inst|adc_count_sync2[1]                                                                                                                                                                                                                                                         ; 2       ;
; stm32_fmc_16bit:fmc_inst|adc_count_sync2[2]                                                                                                                                                                                                                                                         ; 2       ;
; stm32_fmc_16bit:fmc_inst|adc_count_sync2[3]                                                                                                                                                                                                                                                         ; 2       ;
; stm32_fmc_16bit:fmc_inst|adc_count_sync2[4]                                                                                                                                                                                                                                                         ; 2       ;
; stm32_fmc_16bit:fmc_inst|adc_count_sync2[5]                                                                                                                                                                                                                                                         ; 2       ;
; stm32_fmc_16bit:fmc_inst|adc_count_sync2[6]                                                                                                                                                                                                                                                         ; 2       ;
; stm32_fmc_16bit:fmc_inst|adc_count_sync2[7]                                                                                                                                                                                                                                                         ; 2       ;
; stm32_fmc_16bit:fmc_inst|adc_count_sync2[8]                                                                                                                                                                                                                                                         ; 2       ;
; stm32_fmc_16bit:fmc_inst|adc_count_sync2[9]                                                                                                                                                                                                                                                         ; 2       ;
; stm32_fmc_16bit:fmc_inst|adc_count_sync2[10]                                                                                                                                                                                                                                                        ; 2       ;
; stm32_fmc_16bit:fmc_inst|adc_count_sync2[11]                                                                                                                                                                                                                                                        ; 2       ;
; stm32_fmc_16bit:fmc_inst|adc_count_sync2[12]                                                                                                                                                                                                                                                        ; 2       ;
; stm32_fmc_16bit:fmc_inst|cap_target_count_ad[13]                                                                                                                                                                                                                                                    ; 2       ;
; stm32_fmc_16bit:fmc_inst|cap_target_count_ad[0]                                                                                                                                                                                                                                                     ; 2       ;
; stm32_fmc_16bit:fmc_inst|cap_target_count_ad[1]                                                                                                                                                                                                                                                     ; 2       ;
; stm32_fmc_16bit:fmc_inst|cap_target_count_ad[2]                                                                                                                                                                                                                                                     ; 2       ;
; stm32_fmc_16bit:fmc_inst|cap_target_count_ad[3]                                                                                                                                                                                                                                                     ; 2       ;
; stm32_fmc_16bit:fmc_inst|cap_target_count_ad[4]                                                                                                                                                                                                                                                     ; 2       ;
; stm32_fmc_16bit:fmc_inst|cap_target_count_ad[5]                                                                                                                                                                                                                                                     ; 2       ;
; stm32_fmc_16bit:fmc_inst|cap_target_count_ad[6]                                                                                                                                                                                                                                                     ; 2       ;
; stm32_fmc_16bit:fmc_inst|cap_target_count_ad[7]                                                                                                                                                                                                                                                     ; 2       ;
; stm32_fmc_16bit:fmc_inst|cap_target_count_ad[8]                                                                                                                                                                                                                                                     ; 2       ;
; stm32_fmc_16bit:fmc_inst|cap_target_count_ad[9]                                                                                                                                                                                                                                                     ; 2       ;
; stm32_fmc_16bit:fmc_inst|cap_target_count_ad[10]                                                                                                                                                                                                                                                    ; 2       ;
; stm32_fmc_16bit:fmc_inst|cap_target_count_ad[11]                                                                                                                                                                                                                                                    ; 2       ;
; stm32_fmc_16bit:fmc_inst|cap_target_count_ad[12]                                                                                                                                                                                                                                                    ; 2       ;
; stm32_fmc_16bit:fmc_inst|cap_wr_addr[8]~15                                                                                                                                                                                                                                                          ; 2       ;
; stm32_fmc_16bit:fmc_inst|clear_sync2                                                                                                                                                                                                                                                                ; 2       ;
; stm32_fmc_16bit:fmc_inst|phase_rst2_reg~0                                                                                                                                                                                                                                                           ; 2       ;
; stm32_fmc_16bit:fmc_inst|ftw1_shadow[31]                                                                                                                                                                                                                                                            ; 2       ;
; stm32_fmc_16bit:fmc_inst|ftw2_shadow[15]                                                                                                                                                                                                                                                            ; 2       ;
; stm32_fmc_16bit:fmc_inst|ftw2_shadow[31]                                                                                                                                                                                                                                                            ; 2       ;
; stm32_fmc_16bit:fmc_inst|ftw1_shadow[15]                                                                                                                                                                                                                                                            ; 2       ;
; stm32_fmc_16bit:fmc_inst|ftw1_shadow[14]                                                                                                                                                                                                                                                            ; 2       ;
; stm32_fmc_16bit:fmc_inst|ftw1_shadow[30]                                                                                                                                                                                                                                                            ; 2       ;
; stm32_fmc_16bit:fmc_inst|ftw2_shadow[14]                                                                                                                                                                                                                                                            ; 2       ;
; stm32_fmc_16bit:fmc_inst|ftw2_shadow[30]                                                                                                                                                                                                                                                            ; 2       ;
; stm32_fmc_16bit:fmc_inst|ftw1_shadow[13]                                                                                                                                                                                                                                                            ; 2       ;
; stm32_fmc_16bit:fmc_inst|ftw1_shadow[29]                                                                                                                                                                                                                                                            ; 2       ;
; stm32_fmc_16bit:fmc_inst|ftw2_shadow[13]                                                                                                                                                                                                                                                            ; 2       ;
; stm32_fmc_16bit:fmc_inst|ftw2_shadow[29]                                                                                                                                                                                                                                                            ; 2       ;
; stm32_fmc_16bit:fmc_inst|adc_count_reg[13]                                                                                                                                                                                                                                                          ; 2       ;
; stm32_fmc_16bit:fmc_inst|ftw1_shadow[28]                                                                                                                                                                                                                                                            ; 2       ;
; stm32_fmc_16bit:fmc_inst|ftw2_shadow[12]                                                                                                                                                                                                                                                            ; 2       ;
; stm32_fmc_16bit:fmc_inst|ftw2_shadow[28]                                                                                                                                                                                                                                                            ; 2       ;
; stm32_fmc_16bit:fmc_inst|adc_count_reg[12]                                                                                                                                                                                                                                                          ; 2       ;
; stm32_fmc_16bit:fmc_inst|ftw1_shadow[12]                                                                                                                                                                                                                                                            ; 2       ;
; stm32_fmc_16bit:fmc_inst|ftw1_shadow[11]                                                                                                                                                                                                                                                            ; 2       ;
; stm32_fmc_16bit:fmc_inst|ftw1_shadow[27]                                                                                                                                                                                                                                                            ; 2       ;
; stm32_fmc_16bit:fmc_inst|ftw2_shadow[11]                                                                                                                                                                                                                                                            ; 2       ;
; stm32_fmc_16bit:fmc_inst|ftw2_shadow[27]                                                                                                                                                                                                                                                            ; 2       ;
; stm32_fmc_16bit:fmc_inst|adc_count_reg[11]                                                                                                                                                                                                                                                          ; 2       ;
; stm32_fmc_16bit:fmc_inst|ftw1_shadow[10]                                                                                                                                                                                                                                                            ; 2       ;
; stm32_fmc_16bit:fmc_inst|ftw1_shadow[26]                                                                                                                                                                                                                                                            ; 2       ;
; stm32_fmc_16bit:fmc_inst|ftw2_shadow[10]                                                                                                                                                                                                                                                            ; 2       ;
; stm32_fmc_16bit:fmc_inst|ftw2_shadow[26]                                                                                                                                                                                                                                                            ; 2       ;
; stm32_fmc_16bit:fmc_inst|adc_count_reg[10]                                                                                                                                                                                                                                                          ; 2       ;
; stm32_fmc_16bit:fmc_inst|ftw1_shadow[25]                                                                                                                                                                                                                                                            ; 2       ;
; stm32_fmc_16bit:fmc_inst|ftw2_shadow[9]                                                                                                                                                                                                                                                             ; 2       ;
; stm32_fmc_16bit:fmc_inst|ftw2_shadow[25]                                                                                                                                                                                                                                                            ; 2       ;
; stm32_fmc_16bit:fmc_inst|adc_count_reg[9]                                                                                                                                                                                                                                                           ; 2       ;
; stm32_fmc_16bit:fmc_inst|ftw1_shadow[9]                                                                                                                                                                                                                                                             ; 2       ;
; stm32_fmc_16bit:fmc_inst|ftw1_shadow[8]                                                                                                                                                                                                                                                             ; 2       ;
; stm32_fmc_16bit:fmc_inst|ftw1_shadow[24]                                                                                                                                                                                                                                                            ; 2       ;
; stm32_fmc_16bit:fmc_inst|ftw2_shadow[8]                                                                                                                                                                                                                                                             ; 2       ;
; stm32_fmc_16bit:fmc_inst|ftw2_shadow[24]                                                                                                                                                                                                                                                            ; 2       ;
; stm32_fmc_16bit:fmc_inst|adc_count_reg[8]                                                                                                                                                                                                                                                           ; 2       ;
; stm32_fmc_16bit:fmc_inst|ftw1_shadow[7]                                                                                                                                                                                                                                                             ; 2       ;
; stm32_fmc_16bit:fmc_inst|ftw1_shadow[23]                                                                                                                                                                                                                                                            ; 2       ;
; stm32_fmc_16bit:fmc_inst|ftw2_shadow[7]                                                                                                                                                                                                                                                             ; 2       ;
; stm32_fmc_16bit:fmc_inst|ftw2_shadow[23]                                                                                                                                                                                                                                                            ; 2       ;
; stm32_fmc_16bit:fmc_inst|adc_count_reg[7]                                                                                                                                                                                                                                                           ; 2       ;
; stm32_fmc_16bit:fmc_inst|ftw1_shadow[6]                                                                                                                                                                                                                                                             ; 2       ;
; stm32_fmc_16bit:fmc_inst|ftw1_shadow[22]                                                                                                                                                                                                                                                            ; 2       ;
; stm32_fmc_16bit:fmc_inst|ftw2_shadow[6]                                                                                                                                                                                                                                                             ; 2       ;
; stm32_fmc_16bit:fmc_inst|ftw2_shadow[22]                                                                                                                                                                                                                                                            ; 2       ;
; stm32_fmc_16bit:fmc_inst|adc_count_reg[6]                                                                                                                                                                                                                                                           ; 2       ;
; stm32_fmc_16bit:fmc_inst|ftw1_shadow[21]                                                                                                                                                                                                                                                            ; 2       ;
; stm32_fmc_16bit:fmc_inst|ftw2_shadow[5]                                                                                                                                                                                                                                                             ; 2       ;
; stm32_fmc_16bit:fmc_inst|ftw2_shadow[21]                                                                                                                                                                                                                                                            ; 2       ;
; stm32_fmc_16bit:fmc_inst|adc_count_reg[5]                                                                                                                                                                                                                                                           ; 2       ;
; stm32_fmc_16bit:fmc_inst|ftw1_shadow[5]                                                                                                                                                                                                                                                             ; 2       ;
; stm32_fmc_16bit:fmc_inst|ftw1_shadow[4]                                                                                                                                                                                                                                                             ; 2       ;
; stm32_fmc_16bit:fmc_inst|ftw1_shadow[20]                                                                                                                                                                                                                                                            ; 2       ;
; stm32_fmc_16bit:fmc_inst|ftw2_shadow[4]                                                                                                                                                                                                                                                             ; 2       ;
; stm32_fmc_16bit:fmc_inst|ftw2_shadow[20]                                                                                                                                                                                                                                                            ; 2       ;
; stm32_fmc_16bit:fmc_inst|adc_count_reg[4]                                                                                                                                                                                                                                                           ; 2       ;
; stm32_fmc_16bit:fmc_inst|ftw1_shadow[3]                                                                                                                                                                                                                                                             ; 2       ;
; stm32_fmc_16bit:fmc_inst|ftw1_shadow[19]                                                                                                                                                                                                                                                            ; 2       ;
; stm32_fmc_16bit:fmc_inst|ftw2_shadow[3]                                                                                                                                                                                                                                                             ; 2       ;
; stm32_fmc_16bit:fmc_inst|ftw2_shadow[19]                                                                                                                                                                                                                                                            ; 2       ;
; stm32_fmc_16bit:fmc_inst|adc_count_reg[3]                                                                                                                                                                                                                                                           ; 2       ;
; stm32_fmc_16bit:fmc_inst|ftw1_shadow[2]                                                                                                                                                                                                                                                             ; 2       ;
; stm32_fmc_16bit:fmc_inst|ftw1_shadow[18]                                                                                                                                                                                                                                                            ; 2       ;
; stm32_fmc_16bit:fmc_inst|ftw2_shadow[2]                                                                                                                                                                                                                                                             ; 2       ;
; stm32_fmc_16bit:fmc_inst|ftw2_shadow[18]                                                                                                                                                                                                                                                            ; 2       ;
; stm32_fmc_16bit:fmc_inst|adc_count_reg[2]                                                                                                                                                                                                                                                           ; 2       ;
; stm32_fmc_16bit:fmc_inst|adc_count_reg[1]                                                                                                                                                                                                                                                           ; 2       ;
; stm32_fmc_16bit:fmc_inst|ftw2_shadow[1]                                                                                                                                                                                                                                                             ; 2       ;
; stm32_fmc_16bit:fmc_inst|ftw2_shadow[17]                                                                                                                                                                                                                                                            ; 2       ;
; stm32_fmc_16bit:fmc_inst|ftw1_shadow[1]                                                                                                                                                                                                                                                             ; 2       ;
; stm32_fmc_16bit:fmc_inst|ftw1_shadow[17]                                                                                                                                                                                                                                                            ; 2       ;
; stm32_fmc_16bit:fmc_inst|user_rdata[0]~33                                                                                                                                                                                                                                                           ; 2       ;
; stm32_fmc_16bit:fmc_inst|adc_count_reg[0]                                                                                                                                                                                                                                                           ; 2       ;
; stm32_fmc_16bit:fmc_inst|Equal12~0                                                                                                                                                                                                                                                                  ; 2       ;
; stm32_fmc_16bit:fmc_inst|ftw2_shadow[0]                                                                                                                                                                                                                                                             ; 2       ;
; stm32_fmc_16bit:fmc_inst|ftw2_shadow[16]                                                                                                                                                                                                                                                            ; 2       ;
; stm32_fmc_16bit:fmc_inst|ftw1_shadow[16]                                                                                                                                                                                                                                                            ; 2       ;
; stm32_fmc_16bit:fmc_inst|ftw1_shadow[0]                                                                                                                                                                                                                                                             ; 2       ;
; stm32_fmc_16bit:fmc_inst|Equal2~3                                                                                                                                                                                                                                                                   ; 2       ;
; stm32_fmc_16bit:fmc_inst|FIR1:u_fir|FIR1_0002:fir1_inst|FIR1_0002_ast:FIR1_0002_ast_inst|FIR1_0002_rtl:hpfircore|altsyncram:u0_m0_wo0_wi0_delayr1_dmem|altsyncram_m2o3:auto_generated|q_b[1]                                                                                                        ; 2       ;
; stm32_fmc_16bit:fmc_inst|FIR1:u_fir|FIR1_0002:fir1_inst|FIR1_0002_ast:FIR1_0002_ast_inst|FIR1_0002_rtl:hpfircore|altsyncram:u0_m0_wo0_wi0_delayr1_dmem|altsyncram_m2o3:auto_generated|q_b[2]                                                                                                        ; 2       ;
; stm32_fmc_16bit:fmc_inst|FIR1:u_fir|FIR1_0002:fir1_inst|FIR1_0002_ast:FIR1_0002_ast_inst|FIR1_0002_rtl:hpfircore|altsyncram:u0_m0_wo0_wi0_delayr1_dmem|altsyncram_m2o3:auto_generated|q_b[3]                                                                                                        ; 2       ;
; stm32_fmc_16bit:fmc_inst|FIR1:u_fir|FIR1_0002:fir1_inst|FIR1_0002_ast:FIR1_0002_ast_inst|FIR1_0002_rtl:hpfircore|altsyncram:u0_m0_wo0_wi0_delayr1_dmem|altsyncram_m2o3:auto_generated|q_b[4]                                                                                                        ; 2       ;
; stm32_fmc_16bit:fmc_inst|FIR1:u_fir|FIR1_0002:fir1_inst|FIR1_0002_ast:FIR1_0002_ast_inst|FIR1_0002_rtl:hpfircore|altsyncram:u0_m0_wo0_wi0_delayr1_dmem|altsyncram_m2o3:auto_generated|q_b[5]                                                                                                        ; 2       ;
; stm32_fmc_16bit:fmc_inst|FIR1:u_fir|FIR1_0002:fir1_inst|FIR1_0002_ast:FIR1_0002_ast_inst|FIR1_0002_rtl:hpfircore|altsyncram:u0_m0_wo0_wi0_delayr1_dmem|altsyncram_m2o3:auto_generated|q_b[6]                                                                                                        ; 2       ;
; stm32_fmc_16bit:fmc_inst|FIR1:u_fir|FIR1_0002:fir1_inst|FIR1_0002_ast:FIR1_0002_ast_inst|FIR1_0002_rtl:hpfircore|altsyncram:u0_m0_wo0_wi0_delayr1_dmem|altsyncram_m2o3:auto_generated|q_b[7]                                                                                                        ; 2       ;
; stm32_fmc_16bit:fmc_inst|FIR1:u_fir|FIR1_0002:fir1_inst|FIR1_0002_ast:FIR1_0002_ast_inst|FIR1_0002_rtl:hpfircore|altsyncram:u0_m0_wo0_wi0_delayr1_dmem|altsyncram_m2o3:auto_generated|q_b[8]                                                                                                        ; 2       ;
; stm32_fmc_16bit:fmc_inst|FIR1:u_fir|FIR1_0002:fir1_inst|FIR1_0002_ast:FIR1_0002_ast_inst|FIR1_0002_rtl:hpfircore|altsyncram:u0_m0_wo0_wi0_delayr1_dmem|altsyncram_m2o3:auto_generated|q_b[9]                                                                                                        ; 2       ;
; stm32_fmc_16bit:fmc_inst|FIR1:u_fir|FIR1_0002:fir1_inst|FIR1_0002_ast:FIR1_0002_ast_inst|FIR1_0002_rtl:hpfircore|altsyncram:u0_m0_wo0_wi0_delayr1_dmem|altsyncram_m2o3:auto_generated|q_b[10]                                                                                                       ; 2       ;
; stm32_fmc_16bit:fmc_inst|FIR1:u_fir|FIR1_0002:fir1_inst|FIR1_0002_ast:FIR1_0002_ast_inst|FIR1_0002_rtl:hpfircore|altsyncram:u0_m0_wo0_wi0_delayr1_dmem|altsyncram_m2o3:auto_generated|q_b[12]                                                                                                       ; 2       ;
; stm32_fmc_16bit:fmc_inst|FIR1:u_fir|FIR1_0002:fir1_inst|FIR1_0002_ast:FIR1_0002_ast_inst|FIR1_0002_rtl:hpfircore|altsyncram:u0_m0_wo0_wi0_delayr1_dmem|altsyncram_m2o3:auto_generated|q_b[13]                                                                                                       ; 2       ;
; stm32_fmc_16bit:fmc_inst|FIR1:u_fir|FIR1_0002:fir1_inst|FIR1_0002_ast:FIR1_0002_ast_inst|FIR1_0002_rtl:hpfircore|altsyncram:u0_m0_wo0_wi0_delayr1_dmem|altsyncram_m2o3:auto_generated|q_b[14]                                                                                                       ; 2       ;
; stm32_fmc_16bit:fmc_inst|FIR1:u_fir|FIR1_0002:fir1_inst|FIR1_0002_ast:FIR1_0002_ast_inst|FIR1_0002_rtl:hpfircore|altsyncram:u0_m0_wo0_wi0_delayr1_dmem|altsyncram_m2o3:auto_generated|q_b[15]                                                                                                       ; 2       ;
; stm32_fmc_16bit:fmc_inst|FIR1:u_fir|FIR1_0002:fir1_inst|FIR1_0002_ast:FIR1_0002_ast_inst|FIR1_0002_rtl:hpfircore|altsyncram:u0_m0_wo0_wi0_delayr1_dmem|altsyncram_m2o3:auto_generated|q_b[16]                                                                                                       ; 2       ;
; stm32_fmc_16bit:fmc_inst|FIR1:u_fir|FIR1_0002:fir1_inst|FIR1_0002_ast:FIR1_0002_ast_inst|FIR1_0002_rtl:hpfircore|altsyncram:u0_m0_wo0_wi0_delayr1_dmem|altsyncram_m2o3:auto_generated|q_b[17]                                                                                                       ; 2       ;
; stm32_fmc_16bit:fmc_inst|FIR1:u_fir|FIR1_0002:fir1_inst|FIR1_0002_ast:FIR1_0002_ast_inst|FIR1_0002_rtl:hpfircore|altsyncram:u0_m0_wo0_wi0_delayr1_dmem|altsyncram_m2o3:auto_generated|q_b[18]                                                                                                       ; 2       ;
; stm32_fmc_16bit:fmc_inst|FIR1:u_fir|FIR1_0002:fir1_inst|FIR1_0002_ast:FIR1_0002_ast_inst|FIR1_0002_rtl:hpfircore|altsyncram:u0_m0_wo0_wi0_delayr1_dmem|altsyncram_m2o3:auto_generated|q_b[19]                                                                                                       ; 2       ;
; stm32_fmc_16bit:fmc_inst|FIR1:u_fir|FIR1_0002:fir1_inst|FIR1_0002_ast:FIR1_0002_ast_inst|FIR1_0002_rtl:hpfircore|altsyncram:u0_m0_wo0_wi0_delayr1_dmem|altsyncram_m2o3:auto_generated|q_b[20]                                                                                                       ; 2       ;
; stm32_fmc_16bit:fmc_inst|FIR1:u_fir|FIR1_0002:fir1_inst|FIR1_0002_ast:FIR1_0002_ast_inst|FIR1_0002_rtl:hpfircore|altsyncram:u0_m0_wo0_wi0_delayr1_dmem|altsyncram_m2o3:auto_generated|q_b[21]                                                                                                       ; 2       ;
; stm32_fmc_16bit:fmc_inst|FIR1:u_fir|FIR1_0002:fir1_inst|FIR1_0002_ast:FIR1_0002_ast_inst|FIR1_0002_rtl:hpfircore|altsyncram:u0_m0_wo0_wi0_delayr1_dmem|altsyncram_m2o3:auto_generated|q_b[22]                                                                                                       ; 2       ;
; stm32_fmc_16bit:fmc_inst|FIR1:u_fir|FIR1_0002:fir1_inst|FIR1_0002_ast:FIR1_0002_ast_inst|FIR1_0002_rtl:hpfircore|altsyncram:u0_m0_wo0_wi0_delayr1_dmem|altsyncram_m2o3:auto_generated|q_b[24]                                                                                                       ; 2       ;
; stm32_fmc_16bit:fmc_inst|FIR1:u_fir|FIR1_0002:fir1_inst|FIR1_0002_ast:FIR1_0002_ast_inst|FIR1_0002_rtl:hpfircore|altsyncram:u0_m0_wo0_wi0_delayr1_dmem|altsyncram_m2o3:auto_generated|q_b[25]                                                                                                       ; 2       ;
; stm32_fmc_16bit:fmc_inst|FIR1:u_fir|FIR1_0002:fir1_inst|FIR1_0002_ast:FIR1_0002_ast_inst|FIR1_0002_rtl:hpfircore|altsyncram:u0_m0_wo0_wi0_delayr1_dmem|altsyncram_m2o3:auto_generated|q_b[26]                                                                                                       ; 2       ;
; stm32_fmc_16bit:fmc_inst|FIR1:u_fir|FIR1_0002:fir1_inst|FIR1_0002_ast:FIR1_0002_ast_inst|FIR1_0002_rtl:hpfircore|altsyncram:u0_m0_wo0_wi0_delayr1_dmem|altsyncram_m2o3:auto_generated|q_b[27]                                                                                                       ; 2       ;
; stm32_fmc_16bit:fmc_inst|FIR1:u_fir|FIR1_0002:fir1_inst|FIR1_0002_ast:FIR1_0002_ast_inst|FIR1_0002_rtl:hpfircore|altsyncram:u0_m0_wo0_wi0_delayr1_dmem|altsyncram_m2o3:auto_generated|q_b[28]                                                                                                       ; 2       ;
; stm32_fmc_16bit:fmc_inst|FIR1:u_fir|FIR1_0002:fir1_inst|FIR1_0002_ast:FIR1_0002_ast_inst|FIR1_0002_rtl:hpfircore|altsyncram:u0_m0_wo0_wi0_delayr1_dmem|altsyncram_m2o3:auto_generated|q_b[29]                                                                                                       ; 2       ;
; stm32_fmc_16bit:fmc_inst|FIR1:u_fir|FIR1_0002:fir1_inst|FIR1_0002_ast:FIR1_0002_ast_inst|FIR1_0002_rtl:hpfircore|altsyncram:u0_m0_wo0_wi0_delayr1_dmem|altsyncram_m2o3:auto_generated|q_b[30]                                                                                                       ; 2       ;
; stm32_fmc_16bit:fmc_inst|FIR1:u_fir|FIR1_0002:fir1_inst|FIR1_0002_ast:FIR1_0002_ast_inst|FIR1_0002_rtl:hpfircore|altsyncram:u0_m0_wo0_wi0_delayr1_dmem|altsyncram_m2o3:auto_generated|q_b[31]                                                                                                       ; 2       ;
; stm32_fmc_16bit:fmc_inst|FIR1:u_fir|FIR1_0002:fir1_inst|FIR1_0002_ast:FIR1_0002_ast_inst|FIR1_0002_rtl:hpfircore|altsyncram:u0_m0_wo0_wi0_delayr1_dmem|altsyncram_m2o3:auto_generated|q_b[32]                                                                                                       ; 2       ;
; stm32_fmc_16bit:fmc_inst|FIR1:u_fir|FIR1_0002:fir1_inst|FIR1_0002_ast:FIR1_0002_ast_inst|FIR1_0002_rtl:hpfircore|altsyncram:u0_m0_wo0_wi0_delayr1_dmem|altsyncram_m2o3:auto_generated|q_b[33]                                                                                                       ; 2       ;
; stm32_fmc_16bit:fmc_inst|FIR1:u_fir|FIR1_0002:fir1_inst|FIR1_0002_ast:FIR1_0002_ast_inst|FIR1_0002_rtl:hpfircore|altsyncram:u0_m0_wo0_wi0_delayr1_dmem|altsyncram_m2o3:auto_generated|q_b[34]                                                                                                       ; 2       ;
; stm32_fmc_16bit:fmc_inst|FIR1:u_fir|FIR1_0002:fir1_inst|FIR1_0002_ast:FIR1_0002_ast_inst|FIR1_0002_rtl:hpfircore|altsyncram:u0_m0_wo0_wi0_delayr1_dmem|altsyncram_m2o3:auto_generated|q_b[0]                                                                                                        ; 2       ;
; stm32_fmc_16bit:fmc_inst|FIR1:u_fir|FIR1_0002:fir1_inst|FIR1_0002_ast:FIR1_0002_ast_inst|FIR1_0002_rtl:hpfircore|altsyncram:u0_m0_wo0_wi0_delayr21_dmem|altsyncram_s2o3:auto_generated|q_b[25]                                                                                                      ; 2       ;
; stm32_fmc_16bit:fmc_inst|FIR1:u_fir|FIR1_0002:fir1_inst|FIR1_0002_ast:FIR1_0002_ast_inst|FIR1_0002_rtl:hpfircore|altsyncram:u0_m0_wo0_wi0_delayr21_dmem|altsyncram_s2o3:auto_generated|q_b[26]                                                                                                      ; 2       ;
; stm32_fmc_16bit:fmc_inst|FIR1:u_fir|FIR1_0002:fir1_inst|FIR1_0002_ast:FIR1_0002_ast_inst|FIR1_0002_rtl:hpfircore|altsyncram:u0_m0_wo0_wi0_delayr21_dmem|altsyncram_s2o3:auto_generated|q_b[27]                                                                                                      ; 2       ;
; stm32_fmc_16bit:fmc_inst|FIR1:u_fir|FIR1_0002:fir1_inst|FIR1_0002_ast:FIR1_0002_ast_inst|FIR1_0002_rtl:hpfircore|altsyncram:u0_m0_wo0_wi0_delayr21_dmem|altsyncram_s2o3:auto_generated|q_b[28]                                                                                                      ; 2       ;
; stm32_fmc_16bit:fmc_inst|FIR1:u_fir|FIR1_0002:fir1_inst|FIR1_0002_ast:FIR1_0002_ast_inst|FIR1_0002_rtl:hpfircore|altsyncram:u0_m0_wo0_wi0_delayr21_dmem|altsyncram_s2o3:auto_generated|q_b[29]                                                                                                      ; 2       ;
; stm32_fmc_16bit:fmc_inst|FIR1:u_fir|FIR1_0002:fir1_inst|FIR1_0002_ast:FIR1_0002_ast_inst|FIR1_0002_rtl:hpfircore|altsyncram:u0_m0_wo0_wi0_delayr21_dmem|altsyncram_s2o3:auto_generated|q_b[30]                                                                                                      ; 2       ;
; stm32_fmc_16bit:fmc_inst|FIR1:u_fir|FIR1_0002:fir1_inst|FIR1_0002_ast:FIR1_0002_ast_inst|FIR1_0002_rtl:hpfircore|altsyncram:u0_m0_wo0_wi0_delayr21_dmem|altsyncram_s2o3:auto_generated|q_b[31]                                                                                                      ; 2       ;
; stm32_fmc_16bit:fmc_inst|FIR1:u_fir|FIR1_0002:fir1_inst|FIR1_0002_ast:FIR1_0002_ast_inst|FIR1_0002_rtl:hpfircore|altsyncram:u0_m0_wo0_wi0_delayr21_dmem|altsyncram_s2o3:auto_generated|q_b[32]                                                                                                      ; 2       ;
; stm32_fmc_16bit:fmc_inst|FIR1:u_fir|FIR1_0002:fir1_inst|FIR1_0002_ast:FIR1_0002_ast_inst|FIR1_0002_rtl:hpfircore|altsyncram:u0_m0_wo0_wi0_delayr21_dmem|altsyncram_s2o3:auto_generated|q_b[33]                                                                                                      ; 2       ;
; stm32_fmc_16bit:fmc_inst|FIR1:u_fir|FIR1_0002:fir1_inst|FIR1_0002_ast:FIR1_0002_ast_inst|FIR1_0002_rtl:hpfircore|altsyncram:u0_m0_wo0_wi0_delayr21_dmem|altsyncram_s2o3:auto_generated|q_b[34]                                                                                                      ; 2       ;
; stm32_fmc_16bit:fmc_inst|FIR1:u_fir|FIR1_0002:fir1_inst|FIR1_0002_ast:FIR1_0002_ast_inst|FIR1_0002_rtl:hpfircore|altsyncram:u0_m0_wo0_wi0_delayr24_dmem|altsyncram_n2o3:auto_generated|q_b[0]                                                                                                       ; 2       ;
; stm32_fmc_16bit:fmc_inst|FIR1:u_fir|FIR1_0002:fir1_inst|FIR1_0002_ast:FIR1_0002_ast_inst|FIR1_0002_rtl:hpfircore|altsyncram:u0_m0_wo0_wi0_delayr24_dmem|altsyncram_n2o3:auto_generated|q_b[1]                                                                                                       ; 2       ;
; stm32_fmc_16bit:fmc_inst|FIR1:u_fir|FIR1_0002:fir1_inst|FIR1_0002_ast:FIR1_0002_ast_inst|FIR1_0002_rtl:hpfircore|altsyncram:u0_m0_wo0_wi0_delayr24_dmem|altsyncram_n2o3:auto_generated|q_b[2]                                                                                                       ; 2       ;
; stm32_fmc_16bit:fmc_inst|FIR1:u_fir|FIR1_0002:fir1_inst|FIR1_0002_ast:FIR1_0002_ast_inst|FIR1_0002_rtl:hpfircore|altsyncram:u0_m0_wo0_wi0_delayr24_dmem|altsyncram_n2o3:auto_generated|q_b[3]                                                                                                       ; 2       ;
; stm32_fmc_16bit:fmc_inst|FIR1:u_fir|FIR1_0002:fir1_inst|FIR1_0002_ast:FIR1_0002_ast_inst|FIR1_0002_rtl:hpfircore|altsyncram:u0_m0_wo0_wi0_delayr24_dmem|altsyncram_n2o3:auto_generated|q_b[4]                                                                                                       ; 2       ;
; stm32_fmc_16bit:fmc_inst|FIR1:u_fir|FIR1_0002:fir1_inst|FIR1_0002_ast:FIR1_0002_ast_inst|FIR1_0002_rtl:hpfircore|altsyncram:u0_m0_wo0_wi0_delayr24_dmem|altsyncram_n2o3:auto_generated|q_b[5]                                                                                                       ; 2       ;
; stm32_fmc_16bit:fmc_inst|FIR1:u_fir|FIR1_0002:fir1_inst|FIR1_0002_ast:FIR1_0002_ast_inst|FIR1_0002_rtl:hpfircore|altsyncram:u0_m0_wo0_wi0_delayr24_dmem|altsyncram_n2o3:auto_generated|q_b[6]                                                                                                       ; 2       ;
; stm32_fmc_16bit:fmc_inst|FIR1:u_fir|FIR1_0002:fir1_inst|FIR1_0002_ast:FIR1_0002_ast_inst|FIR1_0002_rtl:hpfircore|altsyncram:u0_m0_wo0_wi0_delayr24_dmem|altsyncram_n2o3:auto_generated|q_b[7]                                                                                                       ; 2       ;
; stm32_fmc_16bit:fmc_inst|FIR1:u_fir|FIR1_0002:fir1_inst|FIR1_0002_ast:FIR1_0002_ast_inst|FIR1_0002_rtl:hpfircore|altsyncram:u0_m0_wo0_wi0_delayr24_dmem|altsyncram_n2o3:auto_generated|q_b[8]                                                                                                       ; 2       ;
; stm32_fmc_16bit:fmc_inst|FIR1:u_fir|FIR1_0002:fir1_inst|FIR1_0002_ast:FIR1_0002_ast_inst|FIR1_0002_rtl:hpfircore|altsyncram:u0_m0_wo0_wi0_delayr24_dmem|altsyncram_n2o3:auto_generated|q_b[9]                                                                                                       ; 2       ;
; stm32_fmc_16bit:fmc_inst|FIR1:u_fir|FIR1_0002:fir1_inst|FIR1_0002_ast:FIR1_0002_ast_inst|FIR1_0002_rtl:hpfircore|altsyncram:u0_m0_wo0_wi0_delayr24_dmem|altsyncram_n2o3:auto_generated|q_b[10]                                                                                                      ; 2       ;
; stm32_fmc_16bit:fmc_inst|FIR1:u_fir|FIR1_0002:fir1_inst|FIR1_0002_ast:FIR1_0002_ast_inst|FIR1_0002_rtl:hpfircore|altsyncram:u0_m0_wo0_wi0_delayr21_dmem|altsyncram_s2o3:auto_generated|q_b[24]                                                                                                      ; 2       ;
; stm32_fmc_16bit:fmc_inst|FIR1:u_fir|FIR1_0002:fir1_inst|FIR1_0002_ast:FIR1_0002_ast_inst|FIR1_0002_rtl:hpfircore|altsyncram:u0_m0_wo0_wi0_delayr4_dmem|altsyncram_m2o3:auto_generated|q_b[1]                                                                                                        ; 2       ;
; stm32_fmc_16bit:fmc_inst|FIR1:u_fir|FIR1_0002:fir1_inst|FIR1_0002_ast:FIR1_0002_ast_inst|FIR1_0002_rtl:hpfircore|altsyncram:u0_m0_wo0_wi0_delayr4_dmem|altsyncram_m2o3:auto_generated|q_b[2]                                                                                                        ; 2       ;
; stm32_fmc_16bit:fmc_inst|FIR1:u_fir|FIR1_0002:fir1_inst|FIR1_0002_ast:FIR1_0002_ast_inst|FIR1_0002_rtl:hpfircore|altsyncram:u0_m0_wo0_wi0_delayr4_dmem|altsyncram_m2o3:auto_generated|q_b[3]                                                                                                        ; 2       ;
; stm32_fmc_16bit:fmc_inst|FIR1:u_fir|FIR1_0002:fir1_inst|FIR1_0002_ast:FIR1_0002_ast_inst|FIR1_0002_rtl:hpfircore|altsyncram:u0_m0_wo0_wi0_delayr4_dmem|altsyncram_m2o3:auto_generated|q_b[4]                                                                                                        ; 2       ;
; stm32_fmc_16bit:fmc_inst|FIR1:u_fir|FIR1_0002:fir1_inst|FIR1_0002_ast:FIR1_0002_ast_inst|FIR1_0002_rtl:hpfircore|altsyncram:u0_m0_wo0_wi0_delayr4_dmem|altsyncram_m2o3:auto_generated|q_b[5]                                                                                                        ; 2       ;
; stm32_fmc_16bit:fmc_inst|FIR1:u_fir|FIR1_0002:fir1_inst|FIR1_0002_ast:FIR1_0002_ast_inst|FIR1_0002_rtl:hpfircore|altsyncram:u0_m0_wo0_wi0_delayr4_dmem|altsyncram_m2o3:auto_generated|q_b[6]                                                                                                        ; 2       ;
; stm32_fmc_16bit:fmc_inst|FIR1:u_fir|FIR1_0002:fir1_inst|FIR1_0002_ast:FIR1_0002_ast_inst|FIR1_0002_rtl:hpfircore|altsyncram:u0_m0_wo0_wi0_delayr4_dmem|altsyncram_m2o3:auto_generated|q_b[7]                                                                                                        ; 2       ;
; stm32_fmc_16bit:fmc_inst|FIR1:u_fir|FIR1_0002:fir1_inst|FIR1_0002_ast:FIR1_0002_ast_inst|FIR1_0002_rtl:hpfircore|altsyncram:u0_m0_wo0_wi0_delayr4_dmem|altsyncram_m2o3:auto_generated|q_b[8]                                                                                                        ; 2       ;
; stm32_fmc_16bit:fmc_inst|FIR1:u_fir|FIR1_0002:fir1_inst|FIR1_0002_ast:FIR1_0002_ast_inst|FIR1_0002_rtl:hpfircore|altsyncram:u0_m0_wo0_wi0_delayr4_dmem|altsyncram_m2o3:auto_generated|q_b[9]                                                                                                        ; 2       ;
; stm32_fmc_16bit:fmc_inst|FIR1:u_fir|FIR1_0002:fir1_inst|FIR1_0002_ast:FIR1_0002_ast_inst|FIR1_0002_rtl:hpfircore|altsyncram:u0_m0_wo0_wi0_delayr4_dmem|altsyncram_m2o3:auto_generated|q_b[10]                                                                                                       ; 2       ;
; stm32_fmc_16bit:fmc_inst|FIR1:u_fir|FIR1_0002:fir1_inst|FIR1_0002_ast:FIR1_0002_ast_inst|FIR1_0002_rtl:hpfircore|altsyncram:u0_m0_wo0_wi0_delayr4_dmem|altsyncram_m2o3:auto_generated|q_b[12]                                                                                                       ; 2       ;
; stm32_fmc_16bit:fmc_inst|FIR1:u_fir|FIR1_0002:fir1_inst|FIR1_0002_ast:FIR1_0002_ast_inst|FIR1_0002_rtl:hpfircore|altsyncram:u0_m0_wo0_wi0_delayr4_dmem|altsyncram_m2o3:auto_generated|q_b[13]                                                                                                       ; 2       ;
; stm32_fmc_16bit:fmc_inst|FIR1:u_fir|FIR1_0002:fir1_inst|FIR1_0002_ast:FIR1_0002_ast_inst|FIR1_0002_rtl:hpfircore|altsyncram:u0_m0_wo0_wi0_delayr4_dmem|altsyncram_m2o3:auto_generated|q_b[14]                                                                                                       ; 2       ;
; stm32_fmc_16bit:fmc_inst|FIR1:u_fir|FIR1_0002:fir1_inst|FIR1_0002_ast:FIR1_0002_ast_inst|FIR1_0002_rtl:hpfircore|altsyncram:u0_m0_wo0_wi0_delayr4_dmem|altsyncram_m2o3:auto_generated|q_b[15]                                                                                                       ; 2       ;
; stm32_fmc_16bit:fmc_inst|FIR1:u_fir|FIR1_0002:fir1_inst|FIR1_0002_ast:FIR1_0002_ast_inst|FIR1_0002_rtl:hpfircore|altsyncram:u0_m0_wo0_wi0_delayr4_dmem|altsyncram_m2o3:auto_generated|q_b[16]                                                                                                       ; 2       ;
; stm32_fmc_16bit:fmc_inst|FIR1:u_fir|FIR1_0002:fir1_inst|FIR1_0002_ast:FIR1_0002_ast_inst|FIR1_0002_rtl:hpfircore|altsyncram:u0_m0_wo0_wi0_delayr4_dmem|altsyncram_m2o3:auto_generated|q_b[17]                                                                                                       ; 2       ;
; stm32_fmc_16bit:fmc_inst|FIR1:u_fir|FIR1_0002:fir1_inst|FIR1_0002_ast:FIR1_0002_ast_inst|FIR1_0002_rtl:hpfircore|altsyncram:u0_m0_wo0_wi0_delayr4_dmem|altsyncram_m2o3:auto_generated|q_b[18]                                                                                                       ; 2       ;
; stm32_fmc_16bit:fmc_inst|FIR1:u_fir|FIR1_0002:fir1_inst|FIR1_0002_ast:FIR1_0002_ast_inst|FIR1_0002_rtl:hpfircore|altsyncram:u0_m0_wo0_wi0_delayr4_dmem|altsyncram_m2o3:auto_generated|q_b[19]                                                                                                       ; 2       ;
; stm32_fmc_16bit:fmc_inst|FIR1:u_fir|FIR1_0002:fir1_inst|FIR1_0002_ast:FIR1_0002_ast_inst|FIR1_0002_rtl:hpfircore|altsyncram:u0_m0_wo0_wi0_delayr4_dmem|altsyncram_m2o3:auto_generated|q_b[20]                                                                                                       ; 2       ;
; stm32_fmc_16bit:fmc_inst|FIR1:u_fir|FIR1_0002:fir1_inst|FIR1_0002_ast:FIR1_0002_ast_inst|FIR1_0002_rtl:hpfircore|altsyncram:u0_m0_wo0_wi0_delayr4_dmem|altsyncram_m2o3:auto_generated|q_b[21]                                                                                                       ; 2       ;
; stm32_fmc_16bit:fmc_inst|FIR1:u_fir|FIR1_0002:fir1_inst|FIR1_0002_ast:FIR1_0002_ast_inst|FIR1_0002_rtl:hpfircore|altsyncram:u0_m0_wo0_wi0_delayr4_dmem|altsyncram_m2o3:auto_generated|q_b[22]                                                                                                       ; 2       ;
; stm32_fmc_16bit:fmc_inst|FIR1:u_fir|FIR1_0002:fir1_inst|FIR1_0002_ast:FIR1_0002_ast_inst|FIR1_0002_rtl:hpfircore|altsyncram:u0_m0_wo0_wi0_delayr4_dmem|altsyncram_m2o3:auto_generated|q_b[24]                                                                                                       ; 2       ;
; stm32_fmc_16bit:fmc_inst|FIR1:u_fir|FIR1_0002:fir1_inst|FIR1_0002_ast:FIR1_0002_ast_inst|FIR1_0002_rtl:hpfircore|altsyncram:u0_m0_wo0_wi0_delayr4_dmem|altsyncram_m2o3:auto_generated|q_b[25]                                                                                                       ; 2       ;
; stm32_fmc_16bit:fmc_inst|FIR1:u_fir|FIR1_0002:fir1_inst|FIR1_0002_ast:FIR1_0002_ast_inst|FIR1_0002_rtl:hpfircore|altsyncram:u0_m0_wo0_wi0_delayr4_dmem|altsyncram_m2o3:auto_generated|q_b[26]                                                                                                       ; 2       ;
; stm32_fmc_16bit:fmc_inst|FIR1:u_fir|FIR1_0002:fir1_inst|FIR1_0002_ast:FIR1_0002_ast_inst|FIR1_0002_rtl:hpfircore|altsyncram:u0_m0_wo0_wi0_delayr4_dmem|altsyncram_m2o3:auto_generated|q_b[27]                                                                                                       ; 2       ;
; stm32_fmc_16bit:fmc_inst|FIR1:u_fir|FIR1_0002:fir1_inst|FIR1_0002_ast:FIR1_0002_ast_inst|FIR1_0002_rtl:hpfircore|altsyncram:u0_m0_wo0_wi0_delayr4_dmem|altsyncram_m2o3:auto_generated|q_b[28]                                                                                                       ; 2       ;
; stm32_fmc_16bit:fmc_inst|FIR1:u_fir|FIR1_0002:fir1_inst|FIR1_0002_ast:FIR1_0002_ast_inst|FIR1_0002_rtl:hpfircore|altsyncram:u0_m0_wo0_wi0_delayr4_dmem|altsyncram_m2o3:auto_generated|q_b[29]                                                                                                       ; 2       ;
; stm32_fmc_16bit:fmc_inst|FIR1:u_fir|FIR1_0002:fir1_inst|FIR1_0002_ast:FIR1_0002_ast_inst|FIR1_0002_rtl:hpfircore|altsyncram:u0_m0_wo0_wi0_delayr4_dmem|altsyncram_m2o3:auto_generated|q_b[30]                                                                                                       ; 2       ;
; stm32_fmc_16bit:fmc_inst|FIR1:u_fir|FIR1_0002:fir1_inst|FIR1_0002_ast:FIR1_0002_ast_inst|FIR1_0002_rtl:hpfircore|altsyncram:u0_m0_wo0_wi0_delayr4_dmem|altsyncram_m2o3:auto_generated|q_b[31]                                                                                                       ; 2       ;
; stm32_fmc_16bit:fmc_inst|FIR1:u_fir|FIR1_0002:fir1_inst|FIR1_0002_ast:FIR1_0002_ast_inst|FIR1_0002_rtl:hpfircore|altsyncram:u0_m0_wo0_wi0_delayr4_dmem|altsyncram_m2o3:auto_generated|q_b[32]                                                                                                       ; 2       ;
; stm32_fmc_16bit:fmc_inst|FIR1:u_fir|FIR1_0002:fir1_inst|FIR1_0002_ast:FIR1_0002_ast_inst|FIR1_0002_rtl:hpfircore|altsyncram:u0_m0_wo0_wi0_delayr4_dmem|altsyncram_m2o3:auto_generated|q_b[33]                                                                                                       ; 2       ;
; stm32_fmc_16bit:fmc_inst|FIR1:u_fir|FIR1_0002:fir1_inst|FIR1_0002_ast:FIR1_0002_ast_inst|FIR1_0002_rtl:hpfircore|altsyncram:u0_m0_wo0_wi0_delayr4_dmem|altsyncram_m2o3:auto_generated|q_b[34]                                                                                                       ; 2       ;
; stm32_fmc_16bit:fmc_inst|FIR1:u_fir|FIR1_0002:fir1_inst|FIR1_0002_ast:FIR1_0002_ast_inst|FIR1_0002_rtl:hpfircore|altsyncram:u0_m0_wo0_wi0_delayr4_dmem|altsyncram_m2o3:auto_generated|q_b[0]                                                                                                        ; 2       ;
; stm32_fmc_16bit:fmc_inst|FIR1:u_fir|FIR1_0002:fir1_inst|FIR1_0002_ast:FIR1_0002_ast_inst|FIR1_0002_rtl:hpfircore|altsyncram:u0_m0_wo0_wi0_delayr21_dmem|altsyncram_s2o3:auto_generated|q_b[1]                                                                                                       ; 2       ;
; stm32_fmc_16bit:fmc_inst|FIR1:u_fir|FIR1_0002:fir1_inst|FIR1_0002_ast:FIR1_0002_ast_inst|FIR1_0002_rtl:hpfircore|altsyncram:u0_m0_wo0_wi0_delayr21_dmem|altsyncram_s2o3:auto_generated|q_b[2]                                                                                                       ; 2       ;
; stm32_fmc_16bit:fmc_inst|FIR1:u_fir|FIR1_0002:fir1_inst|FIR1_0002_ast:FIR1_0002_ast_inst|FIR1_0002_rtl:hpfircore|altsyncram:u0_m0_wo0_wi0_delayr21_dmem|altsyncram_s2o3:auto_generated|q_b[3]                                                                                                       ; 2       ;
; stm32_fmc_16bit:fmc_inst|FIR1:u_fir|FIR1_0002:fir1_inst|FIR1_0002_ast:FIR1_0002_ast_inst|FIR1_0002_rtl:hpfircore|altsyncram:u0_m0_wo0_wi0_delayr21_dmem|altsyncram_s2o3:auto_generated|q_b[4]                                                                                                       ; 2       ;
; stm32_fmc_16bit:fmc_inst|FIR1:u_fir|FIR1_0002:fir1_inst|FIR1_0002_ast:FIR1_0002_ast_inst|FIR1_0002_rtl:hpfircore|altsyncram:u0_m0_wo0_wi0_delayr21_dmem|altsyncram_s2o3:auto_generated|q_b[5]                                                                                                       ; 2       ;
; stm32_fmc_16bit:fmc_inst|FIR1:u_fir|FIR1_0002:fir1_inst|FIR1_0002_ast:FIR1_0002_ast_inst|FIR1_0002_rtl:hpfircore|altsyncram:u0_m0_wo0_wi0_delayr21_dmem|altsyncram_s2o3:auto_generated|q_b[6]                                                                                                       ; 2       ;
; stm32_fmc_16bit:fmc_inst|FIR1:u_fir|FIR1_0002:fir1_inst|FIR1_0002_ast:FIR1_0002_ast_inst|FIR1_0002_rtl:hpfircore|altsyncram:u0_m0_wo0_wi0_delayr21_dmem|altsyncram_s2o3:auto_generated|q_b[7]                                                                                                       ; 2       ;
; stm32_fmc_16bit:fmc_inst|FIR1:u_fir|FIR1_0002:fir1_inst|FIR1_0002_ast:FIR1_0002_ast_inst|FIR1_0002_rtl:hpfircore|altsyncram:u0_m0_wo0_wi0_delayr21_dmem|altsyncram_s2o3:auto_generated|q_b[8]                                                                                                       ; 2       ;
; stm32_fmc_16bit:fmc_inst|FIR1:u_fir|FIR1_0002:fir1_inst|FIR1_0002_ast:FIR1_0002_ast_inst|FIR1_0002_rtl:hpfircore|altsyncram:u0_m0_wo0_wi0_delayr21_dmem|altsyncram_s2o3:auto_generated|q_b[9]                                                                                                       ; 2       ;
; stm32_fmc_16bit:fmc_inst|FIR1:u_fir|FIR1_0002:fir1_inst|FIR1_0002_ast:FIR1_0002_ast_inst|FIR1_0002_rtl:hpfircore|altsyncram:u0_m0_wo0_wi0_delayr21_dmem|altsyncram_s2o3:auto_generated|q_b[10]                                                                                                      ; 2       ;
; stm32_fmc_16bit:fmc_inst|FIR1:u_fir|FIR1_0002:fir1_inst|FIR1_0002_ast:FIR1_0002_ast_inst|FIR1_0002_rtl:hpfircore|altsyncram:u0_m0_wo0_wi0_delayr21_dmem|altsyncram_s2o3:auto_generated|q_b[12]                                                                                                      ; 2       ;
; stm32_fmc_16bit:fmc_inst|FIR1:u_fir|FIR1_0002:fir1_inst|FIR1_0002_ast:FIR1_0002_ast_inst|FIR1_0002_rtl:hpfircore|altsyncram:u0_m0_wo0_wi0_delayr21_dmem|altsyncram_s2o3:auto_generated|q_b[13]                                                                                                      ; 2       ;
; stm32_fmc_16bit:fmc_inst|FIR1:u_fir|FIR1_0002:fir1_inst|FIR1_0002_ast:FIR1_0002_ast_inst|FIR1_0002_rtl:hpfircore|altsyncram:u0_m0_wo0_wi0_delayr21_dmem|altsyncram_s2o3:auto_generated|q_b[14]                                                                                                      ; 2       ;
; stm32_fmc_16bit:fmc_inst|FIR1:u_fir|FIR1_0002:fir1_inst|FIR1_0002_ast:FIR1_0002_ast_inst|FIR1_0002_rtl:hpfircore|altsyncram:u0_m0_wo0_wi0_delayr21_dmem|altsyncram_s2o3:auto_generated|q_b[15]                                                                                                      ; 2       ;
; stm32_fmc_16bit:fmc_inst|FIR1:u_fir|FIR1_0002:fir1_inst|FIR1_0002_ast:FIR1_0002_ast_inst|FIR1_0002_rtl:hpfircore|altsyncram:u0_m0_wo0_wi0_delayr21_dmem|altsyncram_s2o3:auto_generated|q_b[16]                                                                                                      ; 2       ;
; stm32_fmc_16bit:fmc_inst|FIR1:u_fir|FIR1_0002:fir1_inst|FIR1_0002_ast:FIR1_0002_ast_inst|FIR1_0002_rtl:hpfircore|altsyncram:u0_m0_wo0_wi0_delayr21_dmem|altsyncram_s2o3:auto_generated|q_b[17]                                                                                                      ; 2       ;
; stm32_fmc_16bit:fmc_inst|FIR1:u_fir|FIR1_0002:fir1_inst|FIR1_0002_ast:FIR1_0002_ast_inst|FIR1_0002_rtl:hpfircore|altsyncram:u0_m0_wo0_wi0_delayr21_dmem|altsyncram_s2o3:auto_generated|q_b[18]                                                                                                      ; 2       ;
; stm32_fmc_16bit:fmc_inst|FIR1:u_fir|FIR1_0002:fir1_inst|FIR1_0002_ast:FIR1_0002_ast_inst|FIR1_0002_rtl:hpfircore|altsyncram:u0_m0_wo0_wi0_delayr21_dmem|altsyncram_s2o3:auto_generated|q_b[19]                                                                                                      ; 2       ;
; stm32_fmc_16bit:fmc_inst|FIR1:u_fir|FIR1_0002:fir1_inst|FIR1_0002_ast:FIR1_0002_ast_inst|FIR1_0002_rtl:hpfircore|altsyncram:u0_m0_wo0_wi0_delayr21_dmem|altsyncram_s2o3:auto_generated|q_b[20]                                                                                                      ; 2       ;
; stm32_fmc_16bit:fmc_inst|FIR1:u_fir|FIR1_0002:fir1_inst|FIR1_0002_ast:FIR1_0002_ast_inst|FIR1_0002_rtl:hpfircore|altsyncram:u0_m0_wo0_wi0_delayr21_dmem|altsyncram_s2o3:auto_generated|q_b[21]                                                                                                      ; 2       ;
; stm32_fmc_16bit:fmc_inst|FIR1:u_fir|FIR1_0002:fir1_inst|FIR1_0002_ast:FIR1_0002_ast_inst|FIR1_0002_rtl:hpfircore|altsyncram:u0_m0_wo0_wi0_delayr21_dmem|altsyncram_s2o3:auto_generated|q_b[22]                                                                                                      ; 2       ;
; stm32_fmc_16bit:fmc_inst|FIR1:u_fir|FIR1_0002:fir1_inst|FIR1_0002_ast:FIR1_0002_ast_inst|FIR1_0002_rtl:hpfircore|altsyncram:u0_m0_wo0_wi0_delayr21_dmem|altsyncram_s2o3:auto_generated|q_b[0]                                                                                                       ; 2       ;
; stm32_fmc_16bit:fmc_inst|FIR1:u_fir|FIR1_0002:fir1_inst|FIR1_0002_ast:FIR1_0002_ast_inst|FIR1_0002_rtl:hpfircore|altsyncram:u0_m0_wo0_wi0_delayr0_dmem|altsyncram_a2o3:auto_generated|q_b[1]                                                                                                        ; 2       ;
; stm32_fmc_16bit:fmc_inst|FIR1:u_fir|FIR1_0002:fir1_inst|FIR1_0002_ast:FIR1_0002_ast_inst|FIR1_0002_rtl:hpfircore|altsyncram:u0_m0_wo0_wi0_delayr0_dmem|altsyncram_a2o3:auto_generated|q_b[2]                                                                                                        ; 2       ;
; stm32_fmc_16bit:fmc_inst|FIR1:u_fir|FIR1_0002:fir1_inst|FIR1_0002_ast:FIR1_0002_ast_inst|FIR1_0002_rtl:hpfircore|altsyncram:u0_m0_wo0_wi0_delayr0_dmem|altsyncram_a2o3:auto_generated|q_b[3]                                                                                                        ; 2       ;
; stm32_fmc_16bit:fmc_inst|FIR1:u_fir|FIR1_0002:fir1_inst|FIR1_0002_ast:FIR1_0002_ast_inst|FIR1_0002_rtl:hpfircore|altsyncram:u0_m0_wo0_wi0_delayr0_dmem|altsyncram_a2o3:auto_generated|q_b[4]                                                                                                        ; 2       ;
; stm32_fmc_16bit:fmc_inst|FIR1:u_fir|FIR1_0002:fir1_inst|FIR1_0002_ast:FIR1_0002_ast_inst|FIR1_0002_rtl:hpfircore|altsyncram:u0_m0_wo0_wi0_delayr0_dmem|altsyncram_a2o3:auto_generated|q_b[5]                                                                                                        ; 2       ;
; stm32_fmc_16bit:fmc_inst|FIR1:u_fir|FIR1_0002:fir1_inst|FIR1_0002_ast:FIR1_0002_ast_inst|FIR1_0002_rtl:hpfircore|altsyncram:u0_m0_wo0_wi0_delayr0_dmem|altsyncram_a2o3:auto_generated|q_b[6]                                                                                                        ; 2       ;
; stm32_fmc_16bit:fmc_inst|FIR1:u_fir|FIR1_0002:fir1_inst|FIR1_0002_ast:FIR1_0002_ast_inst|FIR1_0002_rtl:hpfircore|altsyncram:u0_m0_wo0_wi0_delayr0_dmem|altsyncram_a2o3:auto_generated|q_b[7]                                                                                                        ; 2       ;
; stm32_fmc_16bit:fmc_inst|FIR1:u_fir|FIR1_0002:fir1_inst|FIR1_0002_ast:FIR1_0002_ast_inst|FIR1_0002_rtl:hpfircore|altsyncram:u0_m0_wo0_wi0_delayr0_dmem|altsyncram_a2o3:auto_generated|q_b[8]                                                                                                        ; 2       ;
; stm32_fmc_16bit:fmc_inst|FIR1:u_fir|FIR1_0002:fir1_inst|FIR1_0002_ast:FIR1_0002_ast_inst|FIR1_0002_rtl:hpfircore|altsyncram:u0_m0_wo0_wi0_delayr0_dmem|altsyncram_a2o3:auto_generated|q_b[9]                                                                                                        ; 2       ;
; stm32_fmc_16bit:fmc_inst|FIR1:u_fir|FIR1_0002:fir1_inst|FIR1_0002_ast:FIR1_0002_ast_inst|FIR1_0002_rtl:hpfircore|altsyncram:u0_m0_wo0_wi0_delayr0_dmem|altsyncram_a2o3:auto_generated|q_b[10]                                                                                                       ; 2       ;
; stm32_fmc_16bit:fmc_inst|FIR1:u_fir|FIR1_0002:fir1_inst|FIR1_0002_ast:FIR1_0002_ast_inst|FIR1_0002_rtl:hpfircore|altsyncram:u0_m0_wo0_wi0_delayr0_dmem|altsyncram_a2o3:auto_generated|q_b[11]                                                                                                       ; 2       ;
; stm32_fmc_16bit:fmc_inst|FIR1:u_fir|FIR1_0002:fir1_inst|FIR1_0002_ast:FIR1_0002_ast_inst|FIR1_0002_rtl:hpfircore|altsyncram:u0_m0_wo0_wi0_delayr0_dmem|altsyncram_a2o3:auto_generated|q_b[0]                                                                                                        ; 2       ;
; stm32_fmc_16bit:fmc_inst|FIR1:u_fir|FIR1_0002:fir1_inst|FIR1_0002_ast:FIR1_0002_ast_inst|FIR1_0002_rtl:hpfircore|altsyncram:u0_m0_wo0_wi0_delayr7_dmem|altsyncram_m2o3:auto_generated|q_b[1]                                                                                                        ; 2       ;
; stm32_fmc_16bit:fmc_inst|FIR1:u_fir|FIR1_0002:fir1_inst|FIR1_0002_ast:FIR1_0002_ast_inst|FIR1_0002_rtl:hpfircore|altsyncram:u0_m0_wo0_wi0_delayr7_dmem|altsyncram_m2o3:auto_generated|q_b[2]                                                                                                        ; 2       ;
; stm32_fmc_16bit:fmc_inst|FIR1:u_fir|FIR1_0002:fir1_inst|FIR1_0002_ast:FIR1_0002_ast_inst|FIR1_0002_rtl:hpfircore|altsyncram:u0_m0_wo0_wi0_delayr7_dmem|altsyncram_m2o3:auto_generated|q_b[3]                                                                                                        ; 2       ;
; stm32_fmc_16bit:fmc_inst|FIR1:u_fir|FIR1_0002:fir1_inst|FIR1_0002_ast:FIR1_0002_ast_inst|FIR1_0002_rtl:hpfircore|altsyncram:u0_m0_wo0_wi0_delayr7_dmem|altsyncram_m2o3:auto_generated|q_b[4]                                                                                                        ; 2       ;
; stm32_fmc_16bit:fmc_inst|FIR1:u_fir|FIR1_0002:fir1_inst|FIR1_0002_ast:FIR1_0002_ast_inst|FIR1_0002_rtl:hpfircore|altsyncram:u0_m0_wo0_wi0_delayr7_dmem|altsyncram_m2o3:auto_generated|q_b[5]                                                                                                        ; 2       ;
; stm32_fmc_16bit:fmc_inst|FIR1:u_fir|FIR1_0002:fir1_inst|FIR1_0002_ast:FIR1_0002_ast_inst|FIR1_0002_rtl:hpfircore|altsyncram:u0_m0_wo0_wi0_delayr7_dmem|altsyncram_m2o3:auto_generated|q_b[6]                                                                                                        ; 2       ;
; stm32_fmc_16bit:fmc_inst|FIR1:u_fir|FIR1_0002:fir1_inst|FIR1_0002_ast:FIR1_0002_ast_inst|FIR1_0002_rtl:hpfircore|altsyncram:u0_m0_wo0_wi0_delayr7_dmem|altsyncram_m2o3:auto_generated|q_b[7]                                                                                                        ; 2       ;
; stm32_fmc_16bit:fmc_inst|FIR1:u_fir|FIR1_0002:fir1_inst|FIR1_0002_ast:FIR1_0002_ast_inst|FIR1_0002_rtl:hpfircore|altsyncram:u0_m0_wo0_wi0_delayr7_dmem|altsyncram_m2o3:auto_generated|q_b[8]                                                                                                        ; 2       ;
; stm32_fmc_16bit:fmc_inst|FIR1:u_fir|FIR1_0002:fir1_inst|FIR1_0002_ast:FIR1_0002_ast_inst|FIR1_0002_rtl:hpfircore|altsyncram:u0_m0_wo0_wi0_delayr7_dmem|altsyncram_m2o3:auto_generated|q_b[9]                                                                                                        ; 2       ;
; stm32_fmc_16bit:fmc_inst|FIR1:u_fir|FIR1_0002:fir1_inst|FIR1_0002_ast:FIR1_0002_ast_inst|FIR1_0002_rtl:hpfircore|altsyncram:u0_m0_wo0_wi0_delayr7_dmem|altsyncram_m2o3:auto_generated|q_b[10]                                                                                                       ; 2       ;
; stm32_fmc_16bit:fmc_inst|FIR1:u_fir|FIR1_0002:fir1_inst|FIR1_0002_ast:FIR1_0002_ast_inst|FIR1_0002_rtl:hpfircore|altsyncram:u0_m0_wo0_wi0_delayr7_dmem|altsyncram_m2o3:auto_generated|q_b[12]                                                                                                       ; 2       ;
; stm32_fmc_16bit:fmc_inst|FIR1:u_fir|FIR1_0002:fir1_inst|FIR1_0002_ast:FIR1_0002_ast_inst|FIR1_0002_rtl:hpfircore|altsyncram:u0_m0_wo0_wi0_delayr7_dmem|altsyncram_m2o3:auto_generated|q_b[13]                                                                                                       ; 2       ;
; stm32_fmc_16bit:fmc_inst|FIR1:u_fir|FIR1_0002:fir1_inst|FIR1_0002_ast:FIR1_0002_ast_inst|FIR1_0002_rtl:hpfircore|altsyncram:u0_m0_wo0_wi0_delayr7_dmem|altsyncram_m2o3:auto_generated|q_b[14]                                                                                                       ; 2       ;
; stm32_fmc_16bit:fmc_inst|FIR1:u_fir|FIR1_0002:fir1_inst|FIR1_0002_ast:FIR1_0002_ast_inst|FIR1_0002_rtl:hpfircore|altsyncram:u0_m0_wo0_wi0_delayr7_dmem|altsyncram_m2o3:auto_generated|q_b[15]                                                                                                       ; 2       ;
; stm32_fmc_16bit:fmc_inst|FIR1:u_fir|FIR1_0002:fir1_inst|FIR1_0002_ast:FIR1_0002_ast_inst|FIR1_0002_rtl:hpfircore|altsyncram:u0_m0_wo0_wi0_delayr7_dmem|altsyncram_m2o3:auto_generated|q_b[16]                                                                                                       ; 2       ;
; stm32_fmc_16bit:fmc_inst|FIR1:u_fir|FIR1_0002:fir1_inst|FIR1_0002_ast:FIR1_0002_ast_inst|FIR1_0002_rtl:hpfircore|altsyncram:u0_m0_wo0_wi0_delayr7_dmem|altsyncram_m2o3:auto_generated|q_b[17]                                                                                                       ; 2       ;
; stm32_fmc_16bit:fmc_inst|FIR1:u_fir|FIR1_0002:fir1_inst|FIR1_0002_ast:FIR1_0002_ast_inst|FIR1_0002_rtl:hpfircore|altsyncram:u0_m0_wo0_wi0_delayr7_dmem|altsyncram_m2o3:auto_generated|q_b[18]                                                                                                       ; 2       ;
; stm32_fmc_16bit:fmc_inst|FIR1:u_fir|FIR1_0002:fir1_inst|FIR1_0002_ast:FIR1_0002_ast_inst|FIR1_0002_rtl:hpfircore|altsyncram:u0_m0_wo0_wi0_delayr7_dmem|altsyncram_m2o3:auto_generated|q_b[19]                                                                                                       ; 2       ;
; stm32_fmc_16bit:fmc_inst|FIR1:u_fir|FIR1_0002:fir1_inst|FIR1_0002_ast:FIR1_0002_ast_inst|FIR1_0002_rtl:hpfircore|altsyncram:u0_m0_wo0_wi0_delayr7_dmem|altsyncram_m2o3:auto_generated|q_b[20]                                                                                                       ; 2       ;
; stm32_fmc_16bit:fmc_inst|FIR1:u_fir|FIR1_0002:fir1_inst|FIR1_0002_ast:FIR1_0002_ast_inst|FIR1_0002_rtl:hpfircore|altsyncram:u0_m0_wo0_wi0_delayr7_dmem|altsyncram_m2o3:auto_generated|q_b[21]                                                                                                       ; 2       ;
; stm32_fmc_16bit:fmc_inst|FIR1:u_fir|FIR1_0002:fir1_inst|FIR1_0002_ast:FIR1_0002_ast_inst|FIR1_0002_rtl:hpfircore|altsyncram:u0_m0_wo0_wi0_delayr7_dmem|altsyncram_m2o3:auto_generated|q_b[22]                                                                                                       ; 2       ;
; stm32_fmc_16bit:fmc_inst|FIR1:u_fir|FIR1_0002:fir1_inst|FIR1_0002_ast:FIR1_0002_ast_inst|FIR1_0002_rtl:hpfircore|altsyncram:u0_m0_wo0_wi0_delayr7_dmem|altsyncram_m2o3:auto_generated|q_b[24]                                                                                                       ; 2       ;
; stm32_fmc_16bit:fmc_inst|FIR1:u_fir|FIR1_0002:fir1_inst|FIR1_0002_ast:FIR1_0002_ast_inst|FIR1_0002_rtl:hpfircore|altsyncram:u0_m0_wo0_wi0_delayr7_dmem|altsyncram_m2o3:auto_generated|q_b[25]                                                                                                       ; 2       ;
; stm32_fmc_16bit:fmc_inst|FIR1:u_fir|FIR1_0002:fir1_inst|FIR1_0002_ast:FIR1_0002_ast_inst|FIR1_0002_rtl:hpfircore|altsyncram:u0_m0_wo0_wi0_delayr7_dmem|altsyncram_m2o3:auto_generated|q_b[26]                                                                                                       ; 2       ;
; stm32_fmc_16bit:fmc_inst|FIR1:u_fir|FIR1_0002:fir1_inst|FIR1_0002_ast:FIR1_0002_ast_inst|FIR1_0002_rtl:hpfircore|altsyncram:u0_m0_wo0_wi0_delayr7_dmem|altsyncram_m2o3:auto_generated|q_b[27]                                                                                                       ; 2       ;
; stm32_fmc_16bit:fmc_inst|FIR1:u_fir|FIR1_0002:fir1_inst|FIR1_0002_ast:FIR1_0002_ast_inst|FIR1_0002_rtl:hpfircore|altsyncram:u0_m0_wo0_wi0_delayr7_dmem|altsyncram_m2o3:auto_generated|q_b[28]                                                                                                       ; 2       ;
; stm32_fmc_16bit:fmc_inst|FIR1:u_fir|FIR1_0002:fir1_inst|FIR1_0002_ast:FIR1_0002_ast_inst|FIR1_0002_rtl:hpfircore|altsyncram:u0_m0_wo0_wi0_delayr7_dmem|altsyncram_m2o3:auto_generated|q_b[29]                                                                                                       ; 2       ;
; stm32_fmc_16bit:fmc_inst|FIR1:u_fir|FIR1_0002:fir1_inst|FIR1_0002_ast:FIR1_0002_ast_inst|FIR1_0002_rtl:hpfircore|altsyncram:u0_m0_wo0_wi0_delayr7_dmem|altsyncram_m2o3:auto_generated|q_b[30]                                                                                                       ; 2       ;
; stm32_fmc_16bit:fmc_inst|FIR1:u_fir|FIR1_0002:fir1_inst|FIR1_0002_ast:FIR1_0002_ast_inst|FIR1_0002_rtl:hpfircore|altsyncram:u0_m0_wo0_wi0_delayr7_dmem|altsyncram_m2o3:auto_generated|q_b[31]                                                                                                       ; 2       ;
; stm32_fmc_16bit:fmc_inst|FIR1:u_fir|FIR1_0002:fir1_inst|FIR1_0002_ast:FIR1_0002_ast_inst|FIR1_0002_rtl:hpfircore|altsyncram:u0_m0_wo0_wi0_delayr7_dmem|altsyncram_m2o3:auto_generated|q_b[32]                                                                                                       ; 2       ;
; stm32_fmc_16bit:fmc_inst|FIR1:u_fir|FIR1_0002:fir1_inst|FIR1_0002_ast:FIR1_0002_ast_inst|FIR1_0002_rtl:hpfircore|altsyncram:u0_m0_wo0_wi0_delayr7_dmem|altsyncram_m2o3:auto_generated|q_b[33]                                                                                                       ; 2       ;
; stm32_fmc_16bit:fmc_inst|FIR1:u_fir|FIR1_0002:fir1_inst|FIR1_0002_ast:FIR1_0002_ast_inst|FIR1_0002_rtl:hpfircore|altsyncram:u0_m0_wo0_wi0_delayr7_dmem|altsyncram_m2o3:auto_generated|q_b[34]                                                                                                       ; 2       ;
; stm32_fmc_16bit:fmc_inst|FIR1:u_fir|FIR1_0002:fir1_inst|FIR1_0002_ast:FIR1_0002_ast_inst|FIR1_0002_rtl:hpfircore|altsyncram:u0_m0_wo0_wi0_delayr7_dmem|altsyncram_m2o3:auto_generated|q_b[0]                                                                                                        ; 2       ;
; stm32_fmc_16bit:fmc_inst|FIR1:u_fir|FIR1_0002:fir1_inst|FIR1_0002_ast:FIR1_0002_ast_inst|FIR1_0002_rtl:hpfircore|altsyncram:u0_m0_wo0_wi0_delayr18_dmem|altsyncram_s2o3:auto_generated|q_b[1]                                                                                                       ; 2       ;
; stm32_fmc_16bit:fmc_inst|FIR1:u_fir|FIR1_0002:fir1_inst|FIR1_0002_ast:FIR1_0002_ast_inst|FIR1_0002_rtl:hpfircore|altsyncram:u0_m0_wo0_wi0_delayr18_dmem|altsyncram_s2o3:auto_generated|q_b[2]                                                                                                       ; 2       ;
; stm32_fmc_16bit:fmc_inst|FIR1:u_fir|FIR1_0002:fir1_inst|FIR1_0002_ast:FIR1_0002_ast_inst|FIR1_0002_rtl:hpfircore|altsyncram:u0_m0_wo0_wi0_delayr18_dmem|altsyncram_s2o3:auto_generated|q_b[3]                                                                                                       ; 2       ;
; stm32_fmc_16bit:fmc_inst|FIR1:u_fir|FIR1_0002:fir1_inst|FIR1_0002_ast:FIR1_0002_ast_inst|FIR1_0002_rtl:hpfircore|altsyncram:u0_m0_wo0_wi0_delayr18_dmem|altsyncram_s2o3:auto_generated|q_b[4]                                                                                                       ; 2       ;
; stm32_fmc_16bit:fmc_inst|FIR1:u_fir|FIR1_0002:fir1_inst|FIR1_0002_ast:FIR1_0002_ast_inst|FIR1_0002_rtl:hpfircore|altsyncram:u0_m0_wo0_wi0_delayr18_dmem|altsyncram_s2o3:auto_generated|q_b[5]                                                                                                       ; 2       ;
; stm32_fmc_16bit:fmc_inst|FIR1:u_fir|FIR1_0002:fir1_inst|FIR1_0002_ast:FIR1_0002_ast_inst|FIR1_0002_rtl:hpfircore|altsyncram:u0_m0_wo0_wi0_delayr18_dmem|altsyncram_s2o3:auto_generated|q_b[6]                                                                                                       ; 2       ;
; stm32_fmc_16bit:fmc_inst|FIR1:u_fir|FIR1_0002:fir1_inst|FIR1_0002_ast:FIR1_0002_ast_inst|FIR1_0002_rtl:hpfircore|altsyncram:u0_m0_wo0_wi0_delayr18_dmem|altsyncram_s2o3:auto_generated|q_b[7]                                                                                                       ; 2       ;
; stm32_fmc_16bit:fmc_inst|FIR1:u_fir|FIR1_0002:fir1_inst|FIR1_0002_ast:FIR1_0002_ast_inst|FIR1_0002_rtl:hpfircore|altsyncram:u0_m0_wo0_wi0_delayr18_dmem|altsyncram_s2o3:auto_generated|q_b[8]                                                                                                       ; 2       ;
; stm32_fmc_16bit:fmc_inst|FIR1:u_fir|FIR1_0002:fir1_inst|FIR1_0002_ast:FIR1_0002_ast_inst|FIR1_0002_rtl:hpfircore|altsyncram:u0_m0_wo0_wi0_delayr18_dmem|altsyncram_s2o3:auto_generated|q_b[9]                                                                                                       ; 2       ;
; stm32_fmc_16bit:fmc_inst|FIR1:u_fir|FIR1_0002:fir1_inst|FIR1_0002_ast:FIR1_0002_ast_inst|FIR1_0002_rtl:hpfircore|altsyncram:u0_m0_wo0_wi0_delayr18_dmem|altsyncram_s2o3:auto_generated|q_b[10]                                                                                                      ; 2       ;
; stm32_fmc_16bit:fmc_inst|FIR1:u_fir|FIR1_0002:fir1_inst|FIR1_0002_ast:FIR1_0002_ast_inst|FIR1_0002_rtl:hpfircore|altsyncram:u0_m0_wo0_wi0_delayr18_dmem|altsyncram_s2o3:auto_generated|q_b[12]                                                                                                      ; 2       ;
; stm32_fmc_16bit:fmc_inst|FIR1:u_fir|FIR1_0002:fir1_inst|FIR1_0002_ast:FIR1_0002_ast_inst|FIR1_0002_rtl:hpfircore|altsyncram:u0_m0_wo0_wi0_delayr18_dmem|altsyncram_s2o3:auto_generated|q_b[13]                                                                                                      ; 2       ;
; stm32_fmc_16bit:fmc_inst|FIR1:u_fir|FIR1_0002:fir1_inst|FIR1_0002_ast:FIR1_0002_ast_inst|FIR1_0002_rtl:hpfircore|altsyncram:u0_m0_wo0_wi0_delayr18_dmem|altsyncram_s2o3:auto_generated|q_b[14]                                                                                                      ; 2       ;
; stm32_fmc_16bit:fmc_inst|FIR1:u_fir|FIR1_0002:fir1_inst|FIR1_0002_ast:FIR1_0002_ast_inst|FIR1_0002_rtl:hpfircore|altsyncram:u0_m0_wo0_wi0_delayr18_dmem|altsyncram_s2o3:auto_generated|q_b[15]                                                                                                      ; 2       ;
; stm32_fmc_16bit:fmc_inst|FIR1:u_fir|FIR1_0002:fir1_inst|FIR1_0002_ast:FIR1_0002_ast_inst|FIR1_0002_rtl:hpfircore|altsyncram:u0_m0_wo0_wi0_delayr18_dmem|altsyncram_s2o3:auto_generated|q_b[16]                                                                                                      ; 2       ;
; stm32_fmc_16bit:fmc_inst|FIR1:u_fir|FIR1_0002:fir1_inst|FIR1_0002_ast:FIR1_0002_ast_inst|FIR1_0002_rtl:hpfircore|altsyncram:u0_m0_wo0_wi0_delayr18_dmem|altsyncram_s2o3:auto_generated|q_b[17]                                                                                                      ; 2       ;
; stm32_fmc_16bit:fmc_inst|FIR1:u_fir|FIR1_0002:fir1_inst|FIR1_0002_ast:FIR1_0002_ast_inst|FIR1_0002_rtl:hpfircore|altsyncram:u0_m0_wo0_wi0_delayr18_dmem|altsyncram_s2o3:auto_generated|q_b[18]                                                                                                      ; 2       ;
; stm32_fmc_16bit:fmc_inst|FIR1:u_fir|FIR1_0002:fir1_inst|FIR1_0002_ast:FIR1_0002_ast_inst|FIR1_0002_rtl:hpfircore|altsyncram:u0_m0_wo0_wi0_delayr18_dmem|altsyncram_s2o3:auto_generated|q_b[19]                                                                                                      ; 2       ;
; stm32_fmc_16bit:fmc_inst|FIR1:u_fir|FIR1_0002:fir1_inst|FIR1_0002_ast:FIR1_0002_ast_inst|FIR1_0002_rtl:hpfircore|altsyncram:u0_m0_wo0_wi0_delayr18_dmem|altsyncram_s2o3:auto_generated|q_b[20]                                                                                                      ; 2       ;
; stm32_fmc_16bit:fmc_inst|FIR1:u_fir|FIR1_0002:fir1_inst|FIR1_0002_ast:FIR1_0002_ast_inst|FIR1_0002_rtl:hpfircore|altsyncram:u0_m0_wo0_wi0_delayr18_dmem|altsyncram_s2o3:auto_generated|q_b[21]                                                                                                      ; 2       ;
; stm32_fmc_16bit:fmc_inst|FIR1:u_fir|FIR1_0002:fir1_inst|FIR1_0002_ast:FIR1_0002_ast_inst|FIR1_0002_rtl:hpfircore|altsyncram:u0_m0_wo0_wi0_delayr18_dmem|altsyncram_s2o3:auto_generated|q_b[22]                                                                                                      ; 2       ;
; stm32_fmc_16bit:fmc_inst|FIR1:u_fir|FIR1_0002:fir1_inst|FIR1_0002_ast:FIR1_0002_ast_inst|FIR1_0002_rtl:hpfircore|altsyncram:u0_m0_wo0_wi0_delayr18_dmem|altsyncram_s2o3:auto_generated|q_b[24]                                                                                                      ; 2       ;
; stm32_fmc_16bit:fmc_inst|FIR1:u_fir|FIR1_0002:fir1_inst|FIR1_0002_ast:FIR1_0002_ast_inst|FIR1_0002_rtl:hpfircore|altsyncram:u0_m0_wo0_wi0_delayr18_dmem|altsyncram_s2o3:auto_generated|q_b[25]                                                                                                      ; 2       ;
; stm32_fmc_16bit:fmc_inst|FIR1:u_fir|FIR1_0002:fir1_inst|FIR1_0002_ast:FIR1_0002_ast_inst|FIR1_0002_rtl:hpfircore|altsyncram:u0_m0_wo0_wi0_delayr18_dmem|altsyncram_s2o3:auto_generated|q_b[26]                                                                                                      ; 2       ;
; stm32_fmc_16bit:fmc_inst|FIR1:u_fir|FIR1_0002:fir1_inst|FIR1_0002_ast:FIR1_0002_ast_inst|FIR1_0002_rtl:hpfircore|altsyncram:u0_m0_wo0_wi0_delayr18_dmem|altsyncram_s2o3:auto_generated|q_b[27]                                                                                                      ; 2       ;
; stm32_fmc_16bit:fmc_inst|FIR1:u_fir|FIR1_0002:fir1_inst|FIR1_0002_ast:FIR1_0002_ast_inst|FIR1_0002_rtl:hpfircore|altsyncram:u0_m0_wo0_wi0_delayr18_dmem|altsyncram_s2o3:auto_generated|q_b[28]                                                                                                      ; 2       ;
; stm32_fmc_16bit:fmc_inst|FIR1:u_fir|FIR1_0002:fir1_inst|FIR1_0002_ast:FIR1_0002_ast_inst|FIR1_0002_rtl:hpfircore|altsyncram:u0_m0_wo0_wi0_delayr18_dmem|altsyncram_s2o3:auto_generated|q_b[29]                                                                                                      ; 2       ;
; stm32_fmc_16bit:fmc_inst|FIR1:u_fir|FIR1_0002:fir1_inst|FIR1_0002_ast:FIR1_0002_ast_inst|FIR1_0002_rtl:hpfircore|altsyncram:u0_m0_wo0_wi0_delayr18_dmem|altsyncram_s2o3:auto_generated|q_b[30]                                                                                                      ; 2       ;
; stm32_fmc_16bit:fmc_inst|FIR1:u_fir|FIR1_0002:fir1_inst|FIR1_0002_ast:FIR1_0002_ast_inst|FIR1_0002_rtl:hpfircore|altsyncram:u0_m0_wo0_wi0_delayr18_dmem|altsyncram_s2o3:auto_generated|q_b[31]                                                                                                      ; 2       ;
; stm32_fmc_16bit:fmc_inst|FIR1:u_fir|FIR1_0002:fir1_inst|FIR1_0002_ast:FIR1_0002_ast_inst|FIR1_0002_rtl:hpfircore|altsyncram:u0_m0_wo0_wi0_delayr18_dmem|altsyncram_s2o3:auto_generated|q_b[32]                                                                                                      ; 2       ;
; stm32_fmc_16bit:fmc_inst|FIR1:u_fir|FIR1_0002:fir1_inst|FIR1_0002_ast:FIR1_0002_ast_inst|FIR1_0002_rtl:hpfircore|altsyncram:u0_m0_wo0_wi0_delayr18_dmem|altsyncram_s2o3:auto_generated|q_b[33]                                                                                                      ; 2       ;
; stm32_fmc_16bit:fmc_inst|FIR1:u_fir|FIR1_0002:fir1_inst|FIR1_0002_ast:FIR1_0002_ast_inst|FIR1_0002_rtl:hpfircore|altsyncram:u0_m0_wo0_wi0_delayr18_dmem|altsyncram_s2o3:auto_generated|q_b[34]                                                                                                      ; 2       ;
; stm32_fmc_16bit:fmc_inst|FIR1:u_fir|FIR1_0002:fir1_inst|FIR1_0002_ast:FIR1_0002_ast_inst|FIR1_0002_rtl:hpfircore|altsyncram:u0_m0_wo0_wi0_delayr18_dmem|altsyncram_s2o3:auto_generated|q_b[0]                                                                                                       ; 2       ;
; stm32_fmc_16bit:fmc_inst|FIR1:u_fir|FIR1_0002:fir1_inst|FIR1_0002_ast:FIR1_0002_ast_inst|FIR1_0002_rtl:hpfircore|altsyncram:u0_m0_wo0_wi0_delayr10_dmem|altsyncram_m2o3:auto_generated|q_b[1]                                                                                                       ; 2       ;
; stm32_fmc_16bit:fmc_inst|FIR1:u_fir|FIR1_0002:fir1_inst|FIR1_0002_ast:FIR1_0002_ast_inst|FIR1_0002_rtl:hpfircore|altsyncram:u0_m0_wo0_wi0_delayr10_dmem|altsyncram_m2o3:auto_generated|q_b[2]                                                                                                       ; 2       ;
; stm32_fmc_16bit:fmc_inst|FIR1:u_fir|FIR1_0002:fir1_inst|FIR1_0002_ast:FIR1_0002_ast_inst|FIR1_0002_rtl:hpfircore|altsyncram:u0_m0_wo0_wi0_delayr10_dmem|altsyncram_m2o3:auto_generated|q_b[3]                                                                                                       ; 2       ;
; stm32_fmc_16bit:fmc_inst|FIR1:u_fir|FIR1_0002:fir1_inst|FIR1_0002_ast:FIR1_0002_ast_inst|FIR1_0002_rtl:hpfircore|altsyncram:u0_m0_wo0_wi0_delayr10_dmem|altsyncram_m2o3:auto_generated|q_b[4]                                                                                                       ; 2       ;
; stm32_fmc_16bit:fmc_inst|FIR1:u_fir|FIR1_0002:fir1_inst|FIR1_0002_ast:FIR1_0002_ast_inst|FIR1_0002_rtl:hpfircore|altsyncram:u0_m0_wo0_wi0_delayr10_dmem|altsyncram_m2o3:auto_generated|q_b[5]                                                                                                       ; 2       ;
; stm32_fmc_16bit:fmc_inst|FIR1:u_fir|FIR1_0002:fir1_inst|FIR1_0002_ast:FIR1_0002_ast_inst|FIR1_0002_rtl:hpfircore|altsyncram:u0_m0_wo0_wi0_delayr10_dmem|altsyncram_m2o3:auto_generated|q_b[6]                                                                                                       ; 2       ;
; stm32_fmc_16bit:fmc_inst|FIR1:u_fir|FIR1_0002:fir1_inst|FIR1_0002_ast:FIR1_0002_ast_inst|FIR1_0002_rtl:hpfircore|altsyncram:u0_m0_wo0_wi0_delayr10_dmem|altsyncram_m2o3:auto_generated|q_b[7]                                                                                                       ; 2       ;
; stm32_fmc_16bit:fmc_inst|FIR1:u_fir|FIR1_0002:fir1_inst|FIR1_0002_ast:FIR1_0002_ast_inst|FIR1_0002_rtl:hpfircore|altsyncram:u0_m0_wo0_wi0_delayr10_dmem|altsyncram_m2o3:auto_generated|q_b[8]                                                                                                       ; 2       ;
; stm32_fmc_16bit:fmc_inst|FIR1:u_fir|FIR1_0002:fir1_inst|FIR1_0002_ast:FIR1_0002_ast_inst|FIR1_0002_rtl:hpfircore|altsyncram:u0_m0_wo0_wi0_delayr10_dmem|altsyncram_m2o3:auto_generated|q_b[9]                                                                                                       ; 2       ;
; stm32_fmc_16bit:fmc_inst|FIR1:u_fir|FIR1_0002:fir1_inst|FIR1_0002_ast:FIR1_0002_ast_inst|FIR1_0002_rtl:hpfircore|altsyncram:u0_m0_wo0_wi0_delayr10_dmem|altsyncram_m2o3:auto_generated|q_b[10]                                                                                                      ; 2       ;
; stm32_fmc_16bit:fmc_inst|FIR1:u_fir|FIR1_0002:fir1_inst|FIR1_0002_ast:FIR1_0002_ast_inst|FIR1_0002_rtl:hpfircore|altsyncram:u0_m0_wo0_wi0_delayr10_dmem|altsyncram_m2o3:auto_generated|q_b[24]                                                                                                      ; 2       ;
; stm32_fmc_16bit:fmc_inst|FIR1:u_fir|FIR1_0002:fir1_inst|FIR1_0002_ast:FIR1_0002_ast_inst|FIR1_0002_rtl:hpfircore|altsyncram:u0_m0_wo0_wi0_delayr10_dmem|altsyncram_m2o3:auto_generated|q_b[25]                                                                                                      ; 2       ;
; stm32_fmc_16bit:fmc_inst|FIR1:u_fir|FIR1_0002:fir1_inst|FIR1_0002_ast:FIR1_0002_ast_inst|FIR1_0002_rtl:hpfircore|altsyncram:u0_m0_wo0_wi0_delayr10_dmem|altsyncram_m2o3:auto_generated|q_b[26]                                                                                                      ; 2       ;
; stm32_fmc_16bit:fmc_inst|FIR1:u_fir|FIR1_0002:fir1_inst|FIR1_0002_ast:FIR1_0002_ast_inst|FIR1_0002_rtl:hpfircore|altsyncram:u0_m0_wo0_wi0_delayr10_dmem|altsyncram_m2o3:auto_generated|q_b[27]                                                                                                      ; 2       ;
; stm32_fmc_16bit:fmc_inst|FIR1:u_fir|FIR1_0002:fir1_inst|FIR1_0002_ast:FIR1_0002_ast_inst|FIR1_0002_rtl:hpfircore|altsyncram:u0_m0_wo0_wi0_delayr10_dmem|altsyncram_m2o3:auto_generated|q_b[28]                                                                                                      ; 2       ;
; stm32_fmc_16bit:fmc_inst|FIR1:u_fir|FIR1_0002:fir1_inst|FIR1_0002_ast:FIR1_0002_ast_inst|FIR1_0002_rtl:hpfircore|altsyncram:u0_m0_wo0_wi0_delayr10_dmem|altsyncram_m2o3:auto_generated|q_b[29]                                                                                                      ; 2       ;
; stm32_fmc_16bit:fmc_inst|FIR1:u_fir|FIR1_0002:fir1_inst|FIR1_0002_ast:FIR1_0002_ast_inst|FIR1_0002_rtl:hpfircore|altsyncram:u0_m0_wo0_wi0_delayr10_dmem|altsyncram_m2o3:auto_generated|q_b[30]                                                                                                      ; 2       ;
; stm32_fmc_16bit:fmc_inst|FIR1:u_fir|FIR1_0002:fir1_inst|FIR1_0002_ast:FIR1_0002_ast_inst|FIR1_0002_rtl:hpfircore|altsyncram:u0_m0_wo0_wi0_delayr10_dmem|altsyncram_m2o3:auto_generated|q_b[31]                                                                                                      ; 2       ;
; stm32_fmc_16bit:fmc_inst|FIR1:u_fir|FIR1_0002:fir1_inst|FIR1_0002_ast:FIR1_0002_ast_inst|FIR1_0002_rtl:hpfircore|altsyncram:u0_m0_wo0_wi0_delayr10_dmem|altsyncram_m2o3:auto_generated|q_b[32]                                                                                                      ; 2       ;
; stm32_fmc_16bit:fmc_inst|FIR1:u_fir|FIR1_0002:fir1_inst|FIR1_0002_ast:FIR1_0002_ast_inst|FIR1_0002_rtl:hpfircore|altsyncram:u0_m0_wo0_wi0_delayr10_dmem|altsyncram_m2o3:auto_generated|q_b[33]                                                                                                      ; 2       ;
; stm32_fmc_16bit:fmc_inst|FIR1:u_fir|FIR1_0002:fir1_inst|FIR1_0002_ast:FIR1_0002_ast_inst|FIR1_0002_rtl:hpfircore|altsyncram:u0_m0_wo0_wi0_delayr10_dmem|altsyncram_m2o3:auto_generated|q_b[34]                                                                                                      ; 2       ;
; stm32_fmc_16bit:fmc_inst|FIR1:u_fir|FIR1_0002:fir1_inst|FIR1_0002_ast:FIR1_0002_ast_inst|FIR1_0002_rtl:hpfircore|altsyncram:u0_m0_wo0_wi0_delayr10_dmem|altsyncram_m2o3:auto_generated|q_b[35]                                                                                                      ; 2       ;
; stm32_fmc_16bit:fmc_inst|FIR1:u_fir|FIR1_0002:fir1_inst|FIR1_0002_ast:FIR1_0002_ast_inst|FIR1_0002_rtl:hpfircore|altsyncram:u0_m0_wo0_wi0_delayr10_dmem|altsyncram_m2o3:auto_generated|q_b[0]                                                                                                       ; 2       ;
; stm32_fmc_16bit:fmc_inst|FIR1:u_fir|FIR1_0002:fir1_inst|FIR1_0002_ast:FIR1_0002_ast_inst|FIR1_0002_rtl:hpfircore|altsyncram:u0_m0_wo0_wi0_delayr15_dmem|altsyncram_s2o3:auto_generated|q_b[1]                                                                                                       ; 2       ;
; stm32_fmc_16bit:fmc_inst|FIR1:u_fir|FIR1_0002:fir1_inst|FIR1_0002_ast:FIR1_0002_ast_inst|FIR1_0002_rtl:hpfircore|altsyncram:u0_m0_wo0_wi0_delayr15_dmem|altsyncram_s2o3:auto_generated|q_b[2]                                                                                                       ; 2       ;
; stm32_fmc_16bit:fmc_inst|FIR1:u_fir|FIR1_0002:fir1_inst|FIR1_0002_ast:FIR1_0002_ast_inst|FIR1_0002_rtl:hpfircore|altsyncram:u0_m0_wo0_wi0_delayr15_dmem|altsyncram_s2o3:auto_generated|q_b[3]                                                                                                       ; 2       ;
; stm32_fmc_16bit:fmc_inst|FIR1:u_fir|FIR1_0002:fir1_inst|FIR1_0002_ast:FIR1_0002_ast_inst|FIR1_0002_rtl:hpfircore|altsyncram:u0_m0_wo0_wi0_delayr15_dmem|altsyncram_s2o3:auto_generated|q_b[4]                                                                                                       ; 2       ;
; stm32_fmc_16bit:fmc_inst|FIR1:u_fir|FIR1_0002:fir1_inst|FIR1_0002_ast:FIR1_0002_ast_inst|FIR1_0002_rtl:hpfircore|altsyncram:u0_m0_wo0_wi0_delayr15_dmem|altsyncram_s2o3:auto_generated|q_b[5]                                                                                                       ; 2       ;
; stm32_fmc_16bit:fmc_inst|FIR1:u_fir|FIR1_0002:fir1_inst|FIR1_0002_ast:FIR1_0002_ast_inst|FIR1_0002_rtl:hpfircore|altsyncram:u0_m0_wo0_wi0_delayr15_dmem|altsyncram_s2o3:auto_generated|q_b[6]                                                                                                       ; 2       ;
; stm32_fmc_16bit:fmc_inst|FIR1:u_fir|FIR1_0002:fir1_inst|FIR1_0002_ast:FIR1_0002_ast_inst|FIR1_0002_rtl:hpfircore|altsyncram:u0_m0_wo0_wi0_delayr15_dmem|altsyncram_s2o3:auto_generated|q_b[7]                                                                                                       ; 2       ;
; stm32_fmc_16bit:fmc_inst|FIR1:u_fir|FIR1_0002:fir1_inst|FIR1_0002_ast:FIR1_0002_ast_inst|FIR1_0002_rtl:hpfircore|altsyncram:u0_m0_wo0_wi0_delayr15_dmem|altsyncram_s2o3:auto_generated|q_b[8]                                                                                                       ; 2       ;
; stm32_fmc_16bit:fmc_inst|FIR1:u_fir|FIR1_0002:fir1_inst|FIR1_0002_ast:FIR1_0002_ast_inst|FIR1_0002_rtl:hpfircore|altsyncram:u0_m0_wo0_wi0_delayr15_dmem|altsyncram_s2o3:auto_generated|q_b[9]                                                                                                       ; 2       ;
; stm32_fmc_16bit:fmc_inst|FIR1:u_fir|FIR1_0002:fir1_inst|FIR1_0002_ast:FIR1_0002_ast_inst|FIR1_0002_rtl:hpfircore|altsyncram:u0_m0_wo0_wi0_delayr15_dmem|altsyncram_s2o3:auto_generated|q_b[10]                                                                                                      ; 2       ;
; stm32_fmc_16bit:fmc_inst|FIR1:u_fir|FIR1_0002:fir1_inst|FIR1_0002_ast:FIR1_0002_ast_inst|FIR1_0002_rtl:hpfircore|altsyncram:u0_m0_wo0_wi0_delayr15_dmem|altsyncram_s2o3:auto_generated|q_b[12]                                                                                                      ; 2       ;
; stm32_fmc_16bit:fmc_inst|FIR1:u_fir|FIR1_0002:fir1_inst|FIR1_0002_ast:FIR1_0002_ast_inst|FIR1_0002_rtl:hpfircore|altsyncram:u0_m0_wo0_wi0_delayr15_dmem|altsyncram_s2o3:auto_generated|q_b[13]                                                                                                      ; 2       ;
; stm32_fmc_16bit:fmc_inst|FIR1:u_fir|FIR1_0002:fir1_inst|FIR1_0002_ast:FIR1_0002_ast_inst|FIR1_0002_rtl:hpfircore|altsyncram:u0_m0_wo0_wi0_delayr15_dmem|altsyncram_s2o3:auto_generated|q_b[14]                                                                                                      ; 2       ;
; stm32_fmc_16bit:fmc_inst|FIR1:u_fir|FIR1_0002:fir1_inst|FIR1_0002_ast:FIR1_0002_ast_inst|FIR1_0002_rtl:hpfircore|altsyncram:u0_m0_wo0_wi0_delayr15_dmem|altsyncram_s2o3:auto_generated|q_b[15]                                                                                                      ; 2       ;
; stm32_fmc_16bit:fmc_inst|FIR1:u_fir|FIR1_0002:fir1_inst|FIR1_0002_ast:FIR1_0002_ast_inst|FIR1_0002_rtl:hpfircore|altsyncram:u0_m0_wo0_wi0_delayr15_dmem|altsyncram_s2o3:auto_generated|q_b[16]                                                                                                      ; 2       ;
; stm32_fmc_16bit:fmc_inst|FIR1:u_fir|FIR1_0002:fir1_inst|FIR1_0002_ast:FIR1_0002_ast_inst|FIR1_0002_rtl:hpfircore|altsyncram:u0_m0_wo0_wi0_delayr15_dmem|altsyncram_s2o3:auto_generated|q_b[17]                                                                                                      ; 2       ;
; stm32_fmc_16bit:fmc_inst|FIR1:u_fir|FIR1_0002:fir1_inst|FIR1_0002_ast:FIR1_0002_ast_inst|FIR1_0002_rtl:hpfircore|altsyncram:u0_m0_wo0_wi0_delayr15_dmem|altsyncram_s2o3:auto_generated|q_b[18]                                                                                                      ; 2       ;
; stm32_fmc_16bit:fmc_inst|FIR1:u_fir|FIR1_0002:fir1_inst|FIR1_0002_ast:FIR1_0002_ast_inst|FIR1_0002_rtl:hpfircore|altsyncram:u0_m0_wo0_wi0_delayr15_dmem|altsyncram_s2o3:auto_generated|q_b[19]                                                                                                      ; 2       ;
; stm32_fmc_16bit:fmc_inst|FIR1:u_fir|FIR1_0002:fir1_inst|FIR1_0002_ast:FIR1_0002_ast_inst|FIR1_0002_rtl:hpfircore|altsyncram:u0_m0_wo0_wi0_delayr15_dmem|altsyncram_s2o3:auto_generated|q_b[20]                                                                                                      ; 2       ;
; stm32_fmc_16bit:fmc_inst|FIR1:u_fir|FIR1_0002:fir1_inst|FIR1_0002_ast:FIR1_0002_ast_inst|FIR1_0002_rtl:hpfircore|altsyncram:u0_m0_wo0_wi0_delayr15_dmem|altsyncram_s2o3:auto_generated|q_b[21]                                                                                                      ; 2       ;
; stm32_fmc_16bit:fmc_inst|FIR1:u_fir|FIR1_0002:fir1_inst|FIR1_0002_ast:FIR1_0002_ast_inst|FIR1_0002_rtl:hpfircore|altsyncram:u0_m0_wo0_wi0_delayr15_dmem|altsyncram_s2o3:auto_generated|q_b[22]                                                                                                      ; 2       ;
; stm32_fmc_16bit:fmc_inst|FIR1:u_fir|FIR1_0002:fir1_inst|FIR1_0002_ast:FIR1_0002_ast_inst|FIR1_0002_rtl:hpfircore|altsyncram:u0_m0_wo0_wi0_delayr15_dmem|altsyncram_s2o3:auto_generated|q_b[24]                                                                                                      ; 2       ;
; stm32_fmc_16bit:fmc_inst|FIR1:u_fir|FIR1_0002:fir1_inst|FIR1_0002_ast:FIR1_0002_ast_inst|FIR1_0002_rtl:hpfircore|altsyncram:u0_m0_wo0_wi0_delayr15_dmem|altsyncram_s2o3:auto_generated|q_b[25]                                                                                                      ; 2       ;
; stm32_fmc_16bit:fmc_inst|FIR1:u_fir|FIR1_0002:fir1_inst|FIR1_0002_ast:FIR1_0002_ast_inst|FIR1_0002_rtl:hpfircore|altsyncram:u0_m0_wo0_wi0_delayr15_dmem|altsyncram_s2o3:auto_generated|q_b[26]                                                                                                      ; 2       ;
; stm32_fmc_16bit:fmc_inst|FIR1:u_fir|FIR1_0002:fir1_inst|FIR1_0002_ast:FIR1_0002_ast_inst|FIR1_0002_rtl:hpfircore|altsyncram:u0_m0_wo0_wi0_delayr15_dmem|altsyncram_s2o3:auto_generated|q_b[27]                                                                                                      ; 2       ;
; stm32_fmc_16bit:fmc_inst|FIR1:u_fir|FIR1_0002:fir1_inst|FIR1_0002_ast:FIR1_0002_ast_inst|FIR1_0002_rtl:hpfircore|altsyncram:u0_m0_wo0_wi0_delayr15_dmem|altsyncram_s2o3:auto_generated|q_b[28]                                                                                                      ; 2       ;
; stm32_fmc_16bit:fmc_inst|FIR1:u_fir|FIR1_0002:fir1_inst|FIR1_0002_ast:FIR1_0002_ast_inst|FIR1_0002_rtl:hpfircore|altsyncram:u0_m0_wo0_wi0_delayr15_dmem|altsyncram_s2o3:auto_generated|q_b[29]                                                                                                      ; 2       ;
; stm32_fmc_16bit:fmc_inst|FIR1:u_fir|FIR1_0002:fir1_inst|FIR1_0002_ast:FIR1_0002_ast_inst|FIR1_0002_rtl:hpfircore|altsyncram:u0_m0_wo0_wi0_delayr15_dmem|altsyncram_s2o3:auto_generated|q_b[30]                                                                                                      ; 2       ;
; stm32_fmc_16bit:fmc_inst|FIR1:u_fir|FIR1_0002:fir1_inst|FIR1_0002_ast:FIR1_0002_ast_inst|FIR1_0002_rtl:hpfircore|altsyncram:u0_m0_wo0_wi0_delayr15_dmem|altsyncram_s2o3:auto_generated|q_b[31]                                                                                                      ; 2       ;
; stm32_fmc_16bit:fmc_inst|FIR1:u_fir|FIR1_0002:fir1_inst|FIR1_0002_ast:FIR1_0002_ast_inst|FIR1_0002_rtl:hpfircore|altsyncram:u0_m0_wo0_wi0_delayr15_dmem|altsyncram_s2o3:auto_generated|q_b[32]                                                                                                      ; 2       ;
; stm32_fmc_16bit:fmc_inst|FIR1:u_fir|FIR1_0002:fir1_inst|FIR1_0002_ast:FIR1_0002_ast_inst|FIR1_0002_rtl:hpfircore|altsyncram:u0_m0_wo0_wi0_delayr15_dmem|altsyncram_s2o3:auto_generated|q_b[33]                                                                                                      ; 2       ;
; stm32_fmc_16bit:fmc_inst|FIR1:u_fir|FIR1_0002:fir1_inst|FIR1_0002_ast:FIR1_0002_ast_inst|FIR1_0002_rtl:hpfircore|altsyncram:u0_m0_wo0_wi0_delayr15_dmem|altsyncram_s2o3:auto_generated|q_b[34]                                                                                                      ; 2       ;
; stm32_fmc_16bit:fmc_inst|FIR1:u_fir|FIR1_0002:fir1_inst|FIR1_0002_ast:FIR1_0002_ast_inst|FIR1_0002_rtl:hpfircore|altsyncram:u0_m0_wo0_wi0_delayr15_dmem|altsyncram_s2o3:auto_generated|q_b[0]                                                                                                       ; 2       ;
; stm32_fmc_16bit:fmc_inst|FIR1:u_fir|FIR1_0002:fir1_inst|FIR1_0002_ast:FIR1_0002_ast_inst|FIR1_0002_rtl:hpfircore|altsyncram:u0_m0_wo0_wi0_delayr14_dmem|altsyncram_g2o3:auto_generated|q_b[1]                                                                                                       ; 2       ;
; stm32_fmc_16bit:fmc_inst|FIR1:u_fir|FIR1_0002:fir1_inst|FIR1_0002_ast:FIR1_0002_ast_inst|FIR1_0002_rtl:hpfircore|altsyncram:u0_m0_wo0_wi0_delayr14_dmem|altsyncram_g2o3:auto_generated|q_b[2]                                                                                                       ; 2       ;
+-----------------------------------------------------------------------------------------------------------------------------------------------------------------------------------------------------------------------------------------------------------------------------------------------------+---------+


+----------------------------------------------------------------------------------------------------------------------------------------------------------------------------------------------------------------------------------------------------------------------------------------------------------------------------------------------------------------------------------------------------------------------------------------------------------------------------------------------------------------------------------------------------------------------------------------------------------------------------------------------------------------------------------------------------------------------------------------------------------------------------------------------------------------------------------------------------------------------------------------------------------------------------+
; Fitter RAM Summary                                                                                                                                                                                                                                                                                                                                                                                                                                                                                                                                                                                                                                                                                                                                                                                                                                                                                                         ;
+-------------------------------------------------------------------------------------------------------------------------------------------------------------------------------------------------------+------+------------------+--------------+--------------+--------------+--------------+--------------+------------------------+-------------------------+------------------------+-------------------------+--------+-----------------------------+-----------------------------+-----------------------------+-----------------------------+---------------------+------+------+---------------------------------------------------------------------------------------------------------------------------------------------------------------------------------------------------------------------------------------------------------+----------------------+-----------------+-----------------+---------------+
; Name                                                                                                                                                                                                  ; Type ; Mode             ; Clock Mode   ; Port A Depth ; Port A Width ; Port B Depth ; Port B Width ; Port A Input Registers ; Port A Output Registers ; Port B Input Registers ; Port B Output Registers ; Size   ; Implementation Port A Depth ; Implementation Port A Width ; Implementation Port B Depth ; Implementation Port B Width ; Implementation Bits ; M9Ks ; MIF  ; Location                                                                                                                                                                                                                                                ; Mixed Width RDW Mode ; Port A RDW Mode ; Port B RDW Mode ; Fits in MLABs ;
+-------------------------------------------------------------------------------------------------------------------------------------------------------------------------------------------------------+------+------------------+--------------+--------------+--------------+--------------+--------------+------------------------+-------------------------+------------------------+-------------------------+--------+-----------------------------+-----------------------------+-----------------------------+-----------------------------+---------------------+------+------+---------------------------------------------------------------------------------------------------------------------------------------------------------------------------------------------------------------------------------------------------------+----------------------+-----------------+-----------------+---------------+
; ram_2port1:ram1_inst|altsyncram:mem_rtl_0|altsyncram_fh02:auto_generated|ALTSYNCRAM                                                                                                                   ; M9K  ; True Dual Port   ; Single Clock ; 1024         ; 16           ; 1024         ; 16           ; yes                    ; no                      ; yes                    ; no                      ; 16384  ; 1024                        ; 16                          ; 1024                        ; 16                          ; 16384               ; 2    ; None ; M9K_X27_Y4_N0, M9K_X27_Y3_N0                                                                                                                                                                                                                            ; Old data             ; Old data        ; Old data        ; No - Unknown  ;
; ram_2port1:ram2_inst|altsyncram:mem_rtl_0|altsyncram_fh02:auto_generated|ALTSYNCRAM                                                                                                                   ; M9K  ; True Dual Port   ; Single Clock ; 1024         ; 16           ; 1024         ; 16           ; yes                    ; no                      ; yes                    ; no                      ; 16384  ; 1024                        ; 16                          ; 1024                        ; 16                          ; 16384               ; 2    ; None ; M9K_X27_Y6_N0, M9K_X27_Y5_N0                                                                                                                                                                                                                            ; Old data             ; Old data        ; Old data        ; No - Unknown  ;
; sld_signaltap:auto_signaltap_0|sld_signaltap_impl:sld_signaltap_body|sld_signaltap_implb:sld_signaltap_body|altsyncram:\stp_non_zero_ram_gen:stp_buffer_ram|altsyncram_au14:auto_generated|ALTSYNCRAM ; AUTO ; Simple Dual Port ; Dual Clocks  ; 512          ; 12           ; 512          ; 12           ; yes                    ; no                      ; yes                    ; no                      ; 6144   ; 512                         ; 12                          ; 512                         ; 12                          ; 6144                ; 1    ; None ; M9K_X15_Y16_N0                                                                                                                                                                                                                                          ; Don't care           ; Old data        ; Old data        ; No - Unknown  ;
; stm32_fmc_16bit:fmc_inst|FIR1:u_fir|FIR1_0002:fir1_inst|FIR1_0002_ast:FIR1_0002_ast_inst|FIR1_0002_rtl:hpfircore|altsyncram:u0_m0_wo0_wi0_delayr0_dmem|altsyncram_a2o3:auto_generated|ALTSYNCRAM      ; M9K  ; Simple Dual Port ; Single Clock ; 5            ; 12           ; 5            ; 12           ; yes                    ; no                      ; yes                    ; yes                     ; 60     ; 5                           ; 12                          ; 5                           ; 12                          ; 60                  ; 1    ; None ; M9K_X15_Y9_N0                                                                                                                                                                                                                                           ; Old data             ; Old data        ; Old data        ; No - Unknown  ;
; stm32_fmc_16bit:fmc_inst|FIR1:u_fir|FIR1_0002:fir1_inst|FIR1_0002_ast:FIR1_0002_ast_inst|FIR1_0002_rtl:hpfircore|altsyncram:u0_m0_wo0_wi0_delayr10_dmem|altsyncram_m2o3:auto_generated|ALTSYNCRAM     ; M9K  ; Simple Dual Port ; Single Clock ; 5            ; 36           ; 5            ; 36           ; yes                    ; no                      ; yes                    ; yes                     ; 180    ; 5                           ; 36                          ; 5                           ; 36                          ; 180                 ; 1    ; None ; M9K_X15_Y17_N0                                                                                                                                                                                                                                          ; Old data             ; Old data        ; Old data        ; No - Unknown  ;
; stm32_fmc_16bit:fmc_inst|FIR1:u_fir|FIR1_0002:fir1_inst|FIR1_0002_ast:FIR1_0002_ast_inst|FIR1_0002_rtl:hpfircore|altsyncram:u0_m0_wo0_wi0_delayr14_dmem|altsyncram_g2o3:auto_generated|ALTSYNCRAM     ; M9K  ; Simple Dual Port ; Single Clock ; 8            ; 12           ; 8            ; 12           ; yes                    ; no                      ; yes                    ; yes                     ; 96     ; 8                           ; 12                          ; 8                           ; 12                          ; 96                  ; 1    ; None ; M9K_X15_Y21_N0                                                                                                                                                                                                                                          ; Old data             ; Old data        ; Old data        ; No - Unknown  ;
; stm32_fmc_16bit:fmc_inst|FIR1:u_fir|FIR1_0002:fir1_inst|FIR1_0002_ast:FIR1_0002_ast_inst|FIR1_0002_rtl:hpfircore|altsyncram:u0_m0_wo0_wi0_delayr15_dmem|altsyncram_s2o3:auto_generated|ALTSYNCRAM     ; M9K  ; Simple Dual Port ; Single Clock ; 8            ; 36           ; 8            ; 36           ; yes                    ; no                      ; yes                    ; yes                     ; 288    ; 8                           ; 36                          ; 8                           ; 36                          ; 288                 ; 1    ; None ; M9K_X15_Y18_N0                                                                                                                                                                                                                                          ; Old data             ; Old data        ; Old data        ; No - Unknown  ;
; stm32_fmc_16bit:fmc_inst|FIR1:u_fir|FIR1_0002:fir1_inst|FIR1_0002_ast:FIR1_0002_ast_inst|FIR1_0002_rtl:hpfircore|altsyncram:u0_m0_wo0_wi0_delayr18_dmem|altsyncram_s2o3:auto_generated|ALTSYNCRAM     ; M9K  ; Simple Dual Port ; Single Clock ; 8            ; 36           ; 8            ; 36           ; yes                    ; no                      ; yes                    ; yes                     ; 288    ; 8                           ; 36                          ; 8                           ; 36                          ; 288                 ; 1    ; None ; M9K_X15_Y19_N0                                                                                                                                                                                                                                          ; Old data             ; Old data        ; Old data        ; No - Unknown  ;
; stm32_fmc_16bit:fmc_inst|FIR1:u_fir|FIR1_0002:fir1_inst|FIR1_0002_ast:FIR1_0002_ast_inst|FIR1_0002_rtl:hpfircore|altsyncram:u0_m0_wo0_wi0_delayr1_dmem|altsyncram_m2o3:auto_generated|ALTSYNCRAM      ; M9K  ; Simple Dual Port ; Single Clock ; 5            ; 36           ; 5            ; 36           ; yes                    ; no                      ; yes                    ; yes                     ; 180    ; 5                           ; 36                          ; 5                           ; 36                          ; 180                 ; 1    ; None ; M9K_X15_Y7_N0                                                                                                                                                                                                                                           ; Old data             ; Old data        ; Old data        ; No - Unknown  ;
; stm32_fmc_16bit:fmc_inst|FIR1:u_fir|FIR1_0002:fir1_inst|FIR1_0002_ast:FIR1_0002_ast_inst|FIR1_0002_rtl:hpfircore|altsyncram:u0_m0_wo0_wi0_delayr21_dmem|altsyncram_s2o3:auto_generated|ALTSYNCRAM     ; M9K  ; Simple Dual Port ; Single Clock ; 8            ; 36           ; 8            ; 36           ; yes                    ; no                      ; yes                    ; yes                     ; 288    ; 8                           ; 36                          ; 8                           ; 36                          ; 288                 ; 2    ; None ; M9K_X15_Y11_N0, M9K_X15_Y10_N0                                                                                                                                                                                                                          ; Old data             ; Old data        ; Old data        ; No - Unknown  ;
; stm32_fmc_16bit:fmc_inst|FIR1:u_fir|FIR1_0002:fir1_inst|FIR1_0002_ast:FIR1_0002_ast_inst|FIR1_0002_rtl:hpfircore|altsyncram:u0_m0_wo0_wi0_delayr24_dmem|altsyncram_n2o3:auto_generated|ALTSYNCRAM     ; M9K  ; Simple Dual Port ; Single Clock ; 8            ; 24           ; 8            ; 24           ; yes                    ; no                      ; yes                    ; yes                     ; 192    ; 8                           ; 24                          ; 8                           ; 24                          ; 192                 ; 2    ; None ; M9K_X15_Y11_N0, M9K_X15_Y10_N0                                                                                                                                                                                                                          ; Old data             ; Old data        ; Old data        ; No - Unknown  ;
; stm32_fmc_16bit:fmc_inst|FIR1:u_fir|FIR1_0002:fir1_inst|FIR1_0002_ast:FIR1_0002_ast_inst|FIR1_0002_rtl:hpfircore|altsyncram:u0_m0_wo0_wi0_delayr4_dmem|altsyncram_m2o3:auto_generated|ALTSYNCRAM      ; M9K  ; Simple Dual Port ; Single Clock ; 5            ; 36           ; 5            ; 36           ; yes                    ; no                      ; yes                    ; yes                     ; 180    ; 5                           ; 36                          ; 5                           ; 36                          ; 180                 ; 1    ; None ; M9K_X15_Y15_N0                                                                                                                                                                                                                                          ; Old data             ; Old data        ; Old data        ; No - Unknown  ;
; stm32_fmc_16bit:fmc_inst|FIR1:u_fir|FIR1_0002:fir1_inst|FIR1_0002_ast:FIR1_0002_ast_inst|FIR1_0002_rtl:hpfircore|altsyncram:u0_m0_wo0_wi0_delayr7_dmem|altsyncram_m2o3:auto_generated|ALTSYNCRAM      ; M9K  ; Simple Dual Port ; Single Clock ; 5            ; 36           ; 5            ; 36           ; yes                    ; no                      ; yes                    ; yes                     ; 180    ; 5                           ; 36                          ; 5                           ; 36                          ; 180                 ; 1    ; None ; M9K_X15_Y20_N0                                                                                                                                                                                                                                          ; Old data             ; Old data        ; Old data        ; No - Unknown  ;
; stm32_fmc_16bit:fmc_inst|altsyncram:adc1_ram_rtl_0|altsyncram_h5f1:auto_generated|ALTSYNCRAM                                                                                                          ; M9K  ; Simple Dual Port ; Dual Clocks  ; 8192         ; 16           ; 8192         ; 16           ; yes                    ; no                      ; yes                    ; no                      ; 131072 ; 8192                        ; 16                          ; 8192                        ; 16                          ; 131072              ; 16   ; None ; M9K_X27_Y15_N0, M9K_X27_Y9_N0, M9K_X27_Y13_N0, M9K_X27_Y7_N0, M9K_X15_Y14_N0, M9K_X15_Y5_N0, M9K_X15_Y6_N0, M9K_X27_Y10_N0, M9K_X27_Y11_N0, M9K_X15_Y8_N0, M9K_X27_Y14_N0, M9K_X27_Y12_N0, M9K_X15_Y12_N0, M9K_X27_Y8_N0, M9K_X15_Y4_N0, M9K_X15_Y13_N0 ; Don't care           ; Old data        ; Old data        ; No - Unknown  ;
+-------------------------------------------------------------------------------------------------------------------------------------------------------------------------------------------------------+------+------------------+--------------+--------------+--------------+--------------+--------------+------------------------+-------------------------+------------------------+-------------------------+--------+-----------------------------+-----------------------------+-----------------------------+-----------------------------+---------------------+------+------+---------------------------------------------------------------------------------------------------------------------------------------------------------------------------------------------------------------------------------------------------------+----------------------+-----------------+-----------------+---------------+
Note: Fitter may spread logical memories into multiple blocks to improve timing. The actual required RAM blocks can be found in the Fitter Resource Usage section.


+-----------------------------------------------------------------------------------------------+
; Fitter DSP Block Usage Summary                                                                ;
+---------------------------------------+-------------+---------------------+-------------------+
; Statistic                             ; Number Used ; Available per Block ; Maximum Available ;
+---------------------------------------+-------------+---------------------+-------------------+
; Simple Multipliers (9-bit)            ; 0           ; 2                   ; 46                ;
; Simple Multipliers (18-bit)           ; 13          ; 1                   ; 23                ;
; Embedded Multiplier Blocks            ; 13          ; --                  ; 23                ;
; Embedded Multiplier 9-bit elements    ; 26          ; 2                   ; 46                ;
; Signed Embedded Multipliers           ; 13          ; --                  ; --                ;
; Unsigned Embedded Multipliers         ; 0           ; --                  ; --                ;
; Mixed Sign Embedded Multipliers       ; 0           ; --                  ; --                ;
; Variable Sign Embedded Multipliers    ; 0           ; --                  ; --                ;
; Dedicated Input Shift Register Chains ; 0           ; --                  ; --                ;
+---------------------------------------+-------------+---------------------+-------------------+


+--------------------------------------------------------------------------------------------------------------------------------------------------------------------------------------------------------------------------------------------------------------------------------------------------------------------------------------------------------------------------------------------------+
; DSP Block Details                                                                                                                                                                                                                                                                                                                                                                                ;
+---------------------------------------------------------------------------------------------------------------------------------------------------------------------------------------------------+----------------------------+--------------------+---------------------+--------------------------------+-----------------------+-----------------------+-------------------+-----------------+
; Name                                                                                                                                                                                              ; Mode                       ; Location           ; Sign Representation ; Has Input Shift Register Chain ; Data A Input Register ; Data B Input Register ; Pipeline Register ; Output Register ;
+---------------------------------------------------------------------------------------------------------------------------------------------------------------------------------------------------+----------------------------+--------------------+---------------------+--------------------------------+-----------------------+-----------------------+-------------------+-----------------+
; stm32_fmc_16bit:fmc_inst|FIR1:u_fir|FIR1_0002:fir1_inst|FIR1_0002_ast:FIR1_0002_ast_inst|FIR1_0002_rtl:hpfircore|lpm_mult:u0_m0_wo0_mtree_mult1_12_component|mult_8eu:auto_generated|result[0]    ; Simple Multiplier (18-bit) ; DSPOUT_X20_Y10_N2  ;                     ; No                             ;                       ;                       ;                   ; yes             ;
;    stm32_fmc_16bit:fmc_inst|FIR1:u_fir|FIR1_0002:fir1_inst|FIR1_0002_ast:FIR1_0002_ast_inst|FIR1_0002_rtl:hpfircore|lpm_mult:u0_m0_wo0_mtree_mult1_12_component|mult_8eu:auto_generated|mac_mult1 ;                            ; DSPMULT_X20_Y10_N0 ; Signed              ;                                ; yes                   ; yes                   ; no                ;                 ;
; stm32_fmc_16bit:fmc_inst|FIR1:u_fir|FIR1_0002:fir1_inst|FIR1_0002_ast:FIR1_0002_ast_inst|FIR1_0002_rtl:hpfircore|lpm_mult:u0_m0_wo0_mtree_mult1_0_component|mult_8eu:auto_generated|result[0]     ; Simple Multiplier (18-bit) ; DSPOUT_X20_Y17_N2  ;                     ; No                             ;                       ;                       ;                   ; yes             ;
;    stm32_fmc_16bit:fmc_inst|FIR1:u_fir|FIR1_0002:fir1_inst|FIR1_0002_ast:FIR1_0002_ast_inst|FIR1_0002_rtl:hpfircore|lpm_mult:u0_m0_wo0_mtree_mult1_0_component|mult_8eu:auto_generated|mac_mult1  ;                            ; DSPMULT_X20_Y17_N0 ; Signed              ;                                ; yes                   ; yes                   ; no                ;                 ;
; stm32_fmc_16bit:fmc_inst|FIR1:u_fir|FIR1_0002:fir1_inst|FIR1_0002_ast:FIR1_0002_ast_inst|FIR1_0002_rtl:hpfircore|lpm_mult:u0_m0_wo0_mtree_mult1_1_component|mult_8eu:auto_generated|result[0]     ; Simple Multiplier (18-bit) ; DSPOUT_X20_Y19_N2  ;                     ; No                             ;                       ;                       ;                   ; yes             ;
;    stm32_fmc_16bit:fmc_inst|FIR1:u_fir|FIR1_0002:fir1_inst|FIR1_0002_ast:FIR1_0002_ast_inst|FIR1_0002_rtl:hpfircore|lpm_mult:u0_m0_wo0_mtree_mult1_1_component|mult_8eu:auto_generated|mac_mult1  ;                            ; DSPMULT_X20_Y19_N0 ; Signed              ;                                ; yes                   ; yes                   ; no                ;                 ;
; stm32_fmc_16bit:fmc_inst|FIR1:u_fir|FIR1_0002:fir1_inst|FIR1_0002_ast:FIR1_0002_ast_inst|FIR1_0002_rtl:hpfircore|lpm_mult:u0_m0_wo0_mtree_mult1_2_component|mult_8eu:auto_generated|result[0]     ; Simple Multiplier (18-bit) ; DSPOUT_X20_Y15_N2  ;                     ; No                             ;                       ;                       ;                   ; yes             ;
;    stm32_fmc_16bit:fmc_inst|FIR1:u_fir|FIR1_0002:fir1_inst|FIR1_0002_ast:FIR1_0002_ast_inst|FIR1_0002_rtl:hpfircore|lpm_mult:u0_m0_wo0_mtree_mult1_2_component|mult_8eu:auto_generated|mac_mult1  ;                            ; DSPMULT_X20_Y15_N0 ; Signed              ;                                ; yes                   ; yes                   ; no                ;                 ;
; stm32_fmc_16bit:fmc_inst|FIR1:u_fir|FIR1_0002:fir1_inst|FIR1_0002_ast:FIR1_0002_ast_inst|FIR1_0002_rtl:hpfircore|lpm_mult:u0_m0_wo0_mtree_mult1_3_component|mult_8eu:auto_generated|result[0]     ; Simple Multiplier (18-bit) ; DSPOUT_X20_Y14_N2  ;                     ; No                             ;                       ;                       ;                   ; yes             ;
;    stm32_fmc_16bit:fmc_inst|FIR1:u_fir|FIR1_0002:fir1_inst|FIR1_0002_ast:FIR1_0002_ast_inst|FIR1_0002_rtl:hpfircore|lpm_mult:u0_m0_wo0_mtree_mult1_3_component|mult_8eu:auto_generated|mac_mult1  ;                            ; DSPMULT_X20_Y14_N0 ; Signed              ;                                ; yes                   ; yes                   ; no                ;                 ;
; stm32_fmc_16bit:fmc_inst|FIR1:u_fir|FIR1_0002:fir1_inst|FIR1_0002_ast:FIR1_0002_ast_inst|FIR1_0002_rtl:hpfircore|lpm_mult:u0_m0_wo0_mtree_mult1_4_component|mult_8eu:auto_generated|result[0]     ; Simple Multiplier (18-bit) ; DSPOUT_X20_Y22_N2  ;                     ; No                             ;                       ;                       ;                   ; yes             ;
;    stm32_fmc_16bit:fmc_inst|FIR1:u_fir|FIR1_0002:fir1_inst|FIR1_0002_ast:FIR1_0002_ast_inst|FIR1_0002_rtl:hpfircore|lpm_mult:u0_m0_wo0_mtree_mult1_4_component|mult_8eu:auto_generated|mac_mult1  ;                            ; DSPMULT_X20_Y22_N0 ; Signed              ;                                ; yes                   ; yes                   ; no                ;                 ;
; stm32_fmc_16bit:fmc_inst|FIR1:u_fir|FIR1_0002:fir1_inst|FIR1_0002_ast:FIR1_0002_ast_inst|FIR1_0002_rtl:hpfircore|lpm_mult:u0_m0_wo0_mtree_mult1_5_component|mult_8eu:auto_generated|result[0]     ; Simple Multiplier (18-bit) ; DSPOUT_X20_Y20_N2  ;                     ; No                             ;                       ;                       ;                   ; yes             ;
;    stm32_fmc_16bit:fmc_inst|FIR1:u_fir|FIR1_0002:fir1_inst|FIR1_0002_ast:FIR1_0002_ast_inst|FIR1_0002_rtl:hpfircore|lpm_mult:u0_m0_wo0_mtree_mult1_5_component|mult_8eu:auto_generated|mac_mult1  ;                            ; DSPMULT_X20_Y20_N0 ; Signed              ;                                ; yes                   ; yes                   ; no                ;                 ;
; stm32_fmc_16bit:fmc_inst|FIR1:u_fir|FIR1_0002:fir1_inst|FIR1_0002_ast:FIR1_0002_ast_inst|FIR1_0002_rtl:hpfircore|lpm_mult:u0_m0_wo0_mtree_mult1_6_component|mult_8eu:auto_generated|result[0]     ; Simple Multiplier (18-bit) ; DSPOUT_X20_Y21_N2  ;                     ; No                             ;                       ;                       ;                   ; yes             ;
;    stm32_fmc_16bit:fmc_inst|FIR1:u_fir|FIR1_0002:fir1_inst|FIR1_0002_ast:FIR1_0002_ast_inst|FIR1_0002_rtl:hpfircore|lpm_mult:u0_m0_wo0_mtree_mult1_6_component|mult_8eu:auto_generated|mac_mult1  ;                            ; DSPMULT_X20_Y21_N0 ; Signed              ;                                ; yes                   ; yes                   ; no                ;                 ;
; stm32_fmc_16bit:fmc_inst|FIR1:u_fir|FIR1_0002:fir1_inst|FIR1_0002_ast:FIR1_0002_ast_inst|FIR1_0002_rtl:hpfircore|lpm_mult:u0_m0_wo0_mtree_mult1_7_component|mult_8eu:auto_generated|result[0]     ; Simple Multiplier (18-bit) ; DSPOUT_X20_Y18_N2  ;                     ; No                             ;                       ;                       ;                   ; yes             ;
;    stm32_fmc_16bit:fmc_inst|FIR1:u_fir|FIR1_0002:fir1_inst|FIR1_0002_ast:FIR1_0002_ast_inst|FIR1_0002_rtl:hpfircore|lpm_mult:u0_m0_wo0_mtree_mult1_7_component|mult_8eu:auto_generated|mac_mult1  ;                            ; DSPMULT_X20_Y18_N0 ; Signed              ;                                ; yes                   ; yes                   ; no                ;                 ;
; stm32_fmc_16bit:fmc_inst|FIR1:u_fir|FIR1_0002:fir1_inst|FIR1_0002_ast:FIR1_0002_ast_inst|FIR1_0002_rtl:hpfircore|lpm_mult:u0_m0_wo0_mtree_mult1_8_component|mult_8eu:auto_generated|result[0]     ; Simple Multiplier (18-bit) ; DSPOUT_X20_Y8_N2   ;                     ; No                             ;                       ;                       ;                   ; yes             ;
;    stm32_fmc_16bit:fmc_inst|FIR1:u_fir|FIR1_0002:fir1_inst|FIR1_0002_ast:FIR1_0002_ast_inst|FIR1_0002_rtl:hpfircore|lpm_mult:u0_m0_wo0_mtree_mult1_8_component|mult_8eu:auto_generated|mac_mult1  ;                            ; DSPMULT_X20_Y8_N0  ; Signed              ;                                ; yes                   ; yes                   ; no                ;                 ;
; stm32_fmc_16bit:fmc_inst|FIR1:u_fir|FIR1_0002:fir1_inst|FIR1_0002_ast:FIR1_0002_ast_inst|FIR1_0002_rtl:hpfircore|lpm_mult:u0_m0_wo0_mtree_mult1_9_component|mult_8eu:auto_generated|result[0]     ; Simple Multiplier (18-bit) ; DSPOUT_X20_Y7_N2   ;                     ; No                             ;                       ;                       ;                   ; yes             ;
;    stm32_fmc_16bit:fmc_inst|FIR1:u_fir|FIR1_0002:fir1_inst|FIR1_0002_ast:FIR1_0002_ast_inst|FIR1_0002_rtl:hpfircore|lpm_mult:u0_m0_wo0_mtree_mult1_9_component|mult_8eu:auto_generated|mac_mult1  ;                            ; DSPMULT_X20_Y7_N0  ; Signed              ;                                ; yes                   ; yes                   ; no                ;                 ;
; stm32_fmc_16bit:fmc_inst|FIR1:u_fir|FIR1_0002:fir1_inst|FIR1_0002_ast:FIR1_0002_ast_inst|FIR1_0002_rtl:hpfircore|lpm_mult:u0_m0_wo0_mtree_mult1_10_component|mult_8eu:auto_generated|result[0]    ; Simple Multiplier (18-bit) ; DSPOUT_X20_Y6_N2   ;                     ; No                             ;                       ;                       ;                   ; yes             ;
;    stm32_fmc_16bit:fmc_inst|FIR1:u_fir|FIR1_0002:fir1_inst|FIR1_0002_ast:FIR1_0002_ast_inst|FIR1_0002_rtl:hpfircore|lpm_mult:u0_m0_wo0_mtree_mult1_10_component|mult_8eu:auto_generated|mac_mult1 ;                            ; DSPMULT_X20_Y6_N0  ; Signed              ;                                ; yes                   ; yes                   ; no                ;                 ;
; stm32_fmc_16bit:fmc_inst|FIR1:u_fir|FIR1_0002:fir1_inst|FIR1_0002_ast:FIR1_0002_ast_inst|FIR1_0002_rtl:hpfircore|lpm_mult:u0_m0_wo0_mtree_mult1_11_component|mult_8eu:auto_generated|result[0]    ; Simple Multiplier (18-bit) ; DSPOUT_X20_Y5_N2   ;                     ; No                             ;                       ;                       ;                   ; yes             ;
;    stm32_fmc_16bit:fmc_inst|FIR1:u_fir|FIR1_0002:fir1_inst|FIR1_0002_ast:FIR1_0002_ast_inst|FIR1_0002_rtl:hpfircore|lpm_mult:u0_m0_wo0_mtree_mult1_11_component|mult_8eu:auto_generated|mac_mult1 ;                            ; DSPMULT_X20_Y5_N0  ; Signed              ;                                ; yes                   ; yes                   ; no                ;                 ;
+---------------------------------------------------------------------------------------------------------------------------------------------------------------------------------------------------+----------------------------+--------------------+---------------------+--------------------------------+-----------------------+-----------------------+-------------------+-----------------+


+-------------------------------------------------+
; Routing Usage Summary                           ;
+-----------------------+-------------------------+
; Routing Resource Type ; Usage                   ;
+-----------------------+-------------------------+
; Block interconnects   ; 3,688 / 32,401 ( 11 % ) ;
; C16 interconnects     ; 70 / 1,326 ( 5 % )      ;
; C4 interconnects      ; 2,009 / 21,816 ( 9 % )  ;
; Direct links          ; 458 / 32,401 ( 1 % )    ;
; Global clocks         ; 8 / 10 ( 80 % )         ;
; Local interconnects   ; 891 / 10,320 ( 9 % )    ;
; R24 interconnects     ; 57 / 1,289 ( 4 % )      ;
; R4 interconnects      ; 2,510 / 28,186 ( 9 % )  ;
+-----------------------+-------------------------+


+-----------------------------------------------------------------------------+
; LAB Logic Elements                                                          ;
+---------------------------------------------+-------------------------------+
; Number of Logic Elements  (Average = 11.74) ; Number of LABs  (Total = 173) ;
+---------------------------------------------+-------------------------------+
; 1                                           ; 12                            ;
; 2                                           ; 9                             ;
; 3                                           ; 4                             ;
; 4                                           ; 3                             ;
; 5                                           ; 4                             ;
; 6                                           ; 4                             ;
; 7                                           ; 0                             ;
; 8                                           ; 4                             ;
; 9                                           ; 4                             ;
; 10                                          ; 5                             ;
; 11                                          ; 9                             ;
; 12                                          ; 6                             ;
; 13                                          ; 17                            ;
; 14                                          ; 7                             ;
; 15                                          ; 35                            ;
; 16                                          ; 50                            ;
+---------------------------------------------+-------------------------------+


+--------------------------------------------------------------------+
; LAB-wide Signals                                                   ;
+------------------------------------+-------------------------------+
; LAB-wide Signals  (Average = 2.10) ; Number of LABs  (Total = 173) ;
+------------------------------------+-------------------------------+
; 1 Async. clear                     ; 130                           ;
; 1 Clock                            ; 142                           ;
; 1 Clock enable                     ; 37                            ;
; 1 Sync. clear                      ; 8                             ;
; 1 Sync. load                       ; 5                             ;
; 2 Async. clears                    ; 1                             ;
; 2 Clock enables                    ; 20                            ;
; 2 Clocks                           ; 20                            ;
+------------------------------------+-------------------------------+


+------------------------------------------------------------------------------+
; LAB Signals Sourced                                                          ;
+----------------------------------------------+-------------------------------+
; Number of Signals Sourced  (Average = 20.66) ; Number of LABs  (Total = 173) ;
+----------------------------------------------+-------------------------------+
; 0                                            ; 1                             ;
; 1                                            ; 9                             ;
; 2                                            ; 4                             ;
; 3                                            ; 3                             ;
; 4                                            ; 6                             ;
; 5                                            ; 2                             ;
; 6                                            ; 4                             ;
; 7                                            ; 1                             ;
; 8                                            ; 0                             ;
; 9                                            ; 2                             ;
; 10                                           ; 2                             ;
; 11                                           ; 2                             ;
; 12                                           ; 1                             ;
; 13                                           ; 2                             ;
; 14                                           ; 5                             ;
; 15                                           ; 3                             ;
; 16                                           ; 3                             ;
; 17                                           ; 4                             ;
; 18                                           ; 3                             ;
; 19                                           ; 3                             ;
; 20                                           ; 8                             ;
; 21                                           ; 7                             ;
; 22                                           ; 3                             ;
; 23                                           ; 6                             ;
; 24                                           ; 10                            ;
; 25                                           ; 5                             ;
; 26                                           ; 15                            ;
; 27                                           ; 3                             ;
; 28                                           ; 3                             ;
; 29                                           ; 6                             ;
; 30                                           ; 31                            ;
; 31                                           ; 4                             ;
; 32                                           ; 12                            ;
+----------------------------------------------+-------------------------------+


+---------------------------------------------------------------------------------+
; LAB Signals Sourced Out                                                         ;
+-------------------------------------------------+-------------------------------+
; Number of Signals Sourced Out  (Average = 8.01) ; Number of LABs  (Total = 173) ;
+-------------------------------------------------+-------------------------------+
; 0                                               ; 3                             ;
; 1                                               ; 31                            ;
; 2                                               ; 16                            ;
; 3                                               ; 14                            ;
; 4                                               ; 5                             ;
; 5                                               ; 6                             ;
; 6                                               ; 4                             ;
; 7                                               ; 9                             ;
; 8                                               ; 5                             ;
; 9                                               ; 4                             ;
; 10                                              ; 7                             ;
; 11                                              ; 4                             ;
; 12                                              ; 5                             ;
; 13                                              ; 15                            ;
; 14                                              ; 4                             ;
; 15                                              ; 30                            ;
; 16                                              ; 7                             ;
; 17                                              ; 1                             ;
; 18                                              ; 1                             ;
; 19                                              ; 1                             ;
; 20                                              ; 0                             ;
; 21                                              ; 0                             ;
; 22                                              ; 0                             ;
; 23                                              ; 0                             ;
; 24                                              ; 0                             ;
; 25                                              ; 0                             ;
; 26                                              ; 0                             ;
; 27                                              ; 1                             ;
+-------------------------------------------------+-------------------------------+


+------------------------------------------------------------------------------+
; LAB Distinct Inputs                                                          ;
+----------------------------------------------+-------------------------------+
; Number of Distinct Inputs  (Average = 14.54) ; Number of LABs  (Total = 173) ;
+----------------------------------------------+-------------------------------+
; 0                                            ; 0                             ;
; 1                                            ; 1                             ;
; 2                                            ; 8                             ;
; 3                                            ; 13                            ;
; 4                                            ; 16                            ;
; 5                                            ; 15                            ;
; 6                                            ; 1                             ;
; 7                                            ; 2                             ;
; 8                                            ; 8                             ;
; 9                                            ; 5                             ;
; 10                                           ; 4                             ;
; 11                                           ; 7                             ;
; 12                                           ; 1                             ;
; 13                                           ; 5                             ;
; 14                                           ; 2                             ;
; 15                                           ; 7                             ;
; 16                                           ; 6                             ;
; 17                                           ; 5                             ;
; 18                                           ; 2                             ;
; 19                                           ; 5                             ;
; 20                                           ; 4                             ;
; 21                                           ; 2                             ;
; 22                                           ; 4                             ;
; 23                                           ; 2                             ;
; 24                                           ; 2                             ;
; 25                                           ; 1                             ;
; 26                                           ; 13                            ;
; 27                                           ; 1                             ;
; 28                                           ; 1                             ;
; 29                                           ; 1                             ;
; 30                                           ; 0                             ;
; 31                                           ; 6                             ;
; 32                                           ; 13                            ;
; 33                                           ; 5                             ;
; 34                                           ; 0                             ;
; 35                                           ; 1                             ;
+----------------------------------------------+-------------------------------+


+------------------------------------------+
; I/O Rules Summary                        ;
+----------------------------------+-------+
; I/O Rules Statistic              ; Total ;
+----------------------------------+-------+
; Total I/O Rules                  ; 30    ;
; Number of I/O Rules Passed       ; 9     ;
; Number of I/O Rules Failed       ; 0     ;
; Number of I/O Rules Unchecked    ; 0     ;
; Number of I/O Rules Inapplicable ; 21    ;
+----------------------------------+-------+


+--------------------------------------------------------------------------------------------------------------------------------------------------------------------------------------------------------------------------------------------------------------------------------------+
; I/O Rules Details                                                                                                                                                                                                                                                                    ;
+--------------+-----------+-----------------------------------+------------------------------------------------------------------------------------------------------+----------+--------------------------------------------------------------------------+------+-------------------+
; Status       ; ID        ; Category                          ; Rule Description                                                                                     ; Severity ; Information                                                              ; Area ; Extra Information ;
+--------------+-----------+-----------------------------------+------------------------------------------------------------------------------------------------------+----------+--------------------------------------------------------------------------+------+-------------------+
; Pass         ; IO_000001 ; Capacity Checks                   ; Number of pins in an I/O bank should not exceed the number of locations available.                   ; Critical ; 0 such failures found.                                                   ; I/O  ;                   ;
; Inapplicable ; IO_000002 ; Capacity Checks                   ; Number of clocks in an I/O bank should not exceed the number of clocks available.                    ; Critical ; No Global Signal assignments found.                                      ; I/O  ;                   ;
; Pass         ; IO_000003 ; Capacity Checks                   ; Number of pins in a Vrefgroup should not exceed the number of locations available.                   ; Critical ; 0 such failures found.                                                   ; I/O  ;                   ;
; Inapplicable ; IO_000004 ; Voltage Compatibility Checks      ; The I/O bank should support the requested VCCIO.                                                     ; Critical ; No IOBANK_VCCIO assignments found.                                       ; I/O  ;                   ;
; Inapplicable ; IO_000005 ; Voltage Compatibility Checks      ; The I/O bank should not have competing VREF values.                                                  ; Critical ; No VREF I/O Standard assignments found.                                  ; I/O  ;                   ;
; Pass         ; IO_000006 ; Voltage Compatibility Checks      ; The I/O bank should not have competing VCCIO values.                                                 ; Critical ; 0 such failures found.                                                   ; I/O  ;                   ;
; Pass         ; IO_000007 ; Valid Location Checks             ; Checks for unavailable locations.                                                                    ; Critical ; 0 such failures found.                                                   ; I/O  ;                   ;
; Inapplicable ; IO_000008 ; Valid Location Checks             ; Checks for reserved locations.                                                                       ; Critical ; No reserved LogicLock region found.                                      ; I/O  ;                   ;
; Pass         ; IO_000009 ; I/O Properties Checks for One I/O ; The location should support the requested I/O standard.                                              ; Critical ; 0 such failures found.                                                   ; I/O  ;                   ;
; Pass         ; IO_000010 ; I/O Properties Checks for One I/O ; The location should support the requested I/O direction.                                             ; Critical ; 0 such failures found.                                                   ; I/O  ;                   ;
; Inapplicable ; IO_000011 ; I/O Properties Checks for One I/O ; The location should support the requested Current Strength.                                          ; Critical ; No Current Strength assignments found.                                   ; I/O  ;                   ;
; Inapplicable ; IO_000012 ; I/O Properties Checks for One I/O ; The location should support the requested On Chip Termination value.                                 ; Critical ; No Termination assignments found.                                        ; I/O  ;                   ;
; Inapplicable ; IO_000013 ; I/O Properties Checks for One I/O ; The location should support the requested Bus Hold value.                                            ; Critical ; No Enable Bus-Hold Circuitry assignments found.                          ; I/O  ;                   ;
; Inapplicable ; IO_000014 ; I/O Properties Checks for One I/O ; The location should support the requested Weak Pull Up value.                                        ; Critical ; No Weak Pull-Up Resistor assignments found.                              ; I/O  ;                   ;
; Pass         ; IO_000015 ; I/O Properties Checks for One I/O ; The location should support the requested PCI Clamp Diode.                                           ; Critical ; 0 such failures found.                                                   ; I/O  ;                   ;
; Inapplicable ; IO_000018 ; I/O Properties Checks for One I/O ; The I/O standard should support the requested Current Strength.                                      ; Critical ; No Current Strength assignments found.                                   ; I/O  ;                   ;
; Inapplicable ; IO_000019 ; I/O Properties Checks for One I/O ; The I/O standard should support the requested On Chip Termination value.                             ; Critical ; No Termination assignments found.                                        ; I/O  ;                   ;
; Pass         ; IO_000020 ; I/O Properties Checks for One I/O ; The I/O standard should support the requested PCI Clamp Diode.                                       ; Critical ; 0 such failures found.                                                   ; I/O  ;                   ;
; Inapplicable ; IO_000021 ; I/O Properties Checks for One I/O ; The I/O standard should support the requested Weak Pull Up value.                                    ; Critical ; No Weak Pull-Up Resistor assignments found.                              ; I/O  ;                   ;
; Inapplicable ; IO_000022 ; I/O Properties Checks for One I/O ; The I/O standard should support the requested Bus Hold value.                                        ; Critical ; No Enable Bus-Hold Circuitry assignments found.                          ; I/O  ;                   ;
; Inapplicable ; IO_000023 ; I/O Properties Checks for One I/O ; The I/O standard should support the Open Drain value.                                                ; Critical ; No open drain assignments found.                                         ; I/O  ;                   ;
; Inapplicable ; IO_000024 ; I/O Properties Checks for One I/O ; The I/O direction should support the On Chip Termination value.                                      ; Critical ; No Termination assignments found.                                        ; I/O  ;                   ;
; Inapplicable ; IO_000026 ; I/O Properties Checks for One I/O ; On Chip Termination and Current Strength should not be used at the same time.                        ; Critical ; No Current Strength or Termination assignments found.                    ; I/O  ;                   ;
; Inapplicable ; IO_000027 ; I/O Properties Checks for One I/O ; Weak Pull Up and Bus Hold should not be used at the same time.                                       ; Critical ; No Enable Bus-Hold Circuitry or Weak Pull-Up Resistor assignments found. ; I/O  ;                   ;
; Inapplicable ; IO_000045 ; I/O Properties Checks for One I/O ; The I/O standard should support the requested Slew Rate value.                                       ; Critical ; No Slew Rate assignments found.                                          ; I/O  ;                   ;
; Inapplicable ; IO_000046 ; I/O Properties Checks for One I/O ; The location should support the requested Slew Rate value.                                           ; Critical ; No Slew Rate assignments found.                                          ; I/O  ;                   ;
; Inapplicable ; IO_000047 ; I/O Properties Checks for One I/O ; On Chip Termination and Slew Rate should not be used at the same time.                               ; Critical ; No Slew Rate assignments found.                                          ; I/O  ;                   ;
; Pass         ; IO_000033 ; Electromigration Checks           ; Current density for consecutive I/Os should not exceed 240mA for row I/Os and 240mA for column I/Os. ; Critical ; 0 such failures found.                                                   ; I/O  ;                   ;
; Inapplicable ; IO_000034 ; SI Related Distance Checks        ; Single-ended outputs should be 5 LAB row(s) away from a differential I/O.                            ; High     ; No Differential I/O Standard assignments found.                          ; I/O  ;                   ;
; Inapplicable ; IO_000042 ; SI Related SSO Limit Checks       ; No more than 20 outputs are allowed in a VREF group when VREF is being read from.                    ; High     ; No VREF I/O Standard assignments found.                                  ; I/O  ;                   ;
+--------------+-----------+-----------------------------------+------------------------------------------------------------------------------------------------------+----------+--------------------------------------------------------------------------+------+-------------------+


+---------------------------------------------------------------------------------------------------------------------------------------------------------------------------------------------------------------------------------------------------------------------------------------------------------------------------------------------------------------------------------------------------------------------------------------------------------------------------+
; I/O Rules Matrix                                                                                                                                                                                                                                                                                                                                                                                                                                                          ;
+---------------------+--------------+--------------+--------------+--------------+--------------+-----------+--------------+--------------+-----------+-----------+--------------+--------------+--------------+--------------+--------------+--------------+--------------+--------------+--------------+--------------+--------------+--------------+--------------+--------------+--------------+--------------+--------------+-----------+--------------+--------------+
; Pin/Rules           ; IO_000001    ; IO_000002    ; IO_000003    ; IO_000004    ; IO_000005    ; IO_000006 ; IO_000007    ; IO_000008    ; IO_000009 ; IO_000010 ; IO_000011    ; IO_000012    ; IO_000013    ; IO_000014    ; IO_000015    ; IO_000018    ; IO_000019    ; IO_000020    ; IO_000021    ; IO_000022    ; IO_000023    ; IO_000024    ; IO_000026    ; IO_000027    ; IO_000045    ; IO_000046    ; IO_000047    ; IO_000033 ; IO_000034    ; IO_000042    ;
+---------------------+--------------+--------------+--------------+--------------+--------------+-----------+--------------+--------------+-----------+-----------+--------------+--------------+--------------+--------------+--------------+--------------+--------------+--------------+--------------+--------------+--------------+--------------+--------------+--------------+--------------+--------------+--------------+-----------+--------------+--------------+
; Total Pass          ; 70           ; 0            ; 70           ; 0            ; 0            ; 74        ; 70           ; 0            ; 74        ; 74        ; 0            ; 0            ; 0            ; 0            ; 47           ; 0            ; 0            ; 47           ; 0            ; 0            ; 0            ; 0            ; 0            ; 0            ; 0            ; 0            ; 0            ; 74        ; 0            ; 0            ;
; Total Unchecked     ; 0            ; 0            ; 0            ; 0            ; 0            ; 0         ; 0            ; 0            ; 0         ; 0         ; 0            ; 0            ; 0            ; 0            ; 0            ; 0            ; 0            ; 0            ; 0            ; 0            ; 0            ; 0            ; 0            ; 0            ; 0            ; 0            ; 0            ; 0         ; 0            ; 0            ;
; Total Inapplicable  ; 4            ; 74           ; 4            ; 74           ; 74           ; 0         ; 4            ; 74           ; 0         ; 0         ; 74           ; 74           ; 74           ; 74           ; 27           ; 74           ; 74           ; 27           ; 74           ; 74           ; 74           ; 74           ; 74           ; 74           ; 74           ; 74           ; 74           ; 0         ; 74           ; 74           ;
; Total Fail          ; 0            ; 0            ; 0            ; 0            ; 0            ; 0         ; 0            ; 0            ; 0         ; 0         ; 0            ; 0            ; 0            ; 0            ; 0            ; 0            ; 0            ; 0            ; 0            ; 0            ; 0            ; 0            ; 0            ; 0            ; 0            ; 0            ; 0            ; 0         ; 0            ; 0            ;
; DAC_CLK             ; Pass         ; Inapplicable ; Pass         ; Inapplicable ; Inapplicable ; Pass      ; Pass         ; Inapplicable ; Pass      ; Pass      ; Inapplicable ; Inapplicable ; Inapplicable ; Inapplicable ; Inapplicable ; Inapplicable ; Inapplicable ; Inapplicable ; Inapplicable ; Inapplicable ; Inapplicable ; Inapplicable ; Inapplicable ; Inapplicable ; Inapplicable ; Inapplicable ; Inapplicable ; Pass      ; Inapplicable ; Inapplicable ;
; DAC2_CLK            ; Pass         ; Inapplicable ; Pass         ; Inapplicable ; Inapplicable ; Pass      ; Pass         ; Inapplicable ; Pass      ; Pass      ; Inapplicable ; Inapplicable ; Inapplicable ; Inapplicable ; Inapplicable ; Inapplicable ; Inapplicable ; Inapplicable ; Inapplicable ; Inapplicable ; Inapplicable ; Inapplicable ; Inapplicable ; Inapplicable ; Inapplicable ; Inapplicable ; Inapplicable ; Pass      ; Inapplicable ; Inapplicable ;
; DAC_D[0]            ; Pass         ; Inapplicable ; Pass         ; Inapplicable ; Inapplicable ; Pass      ; Pass         ; Inapplicable ; Pass      ; Pass      ; Inapplicable ; Inapplicable ; Inapplicable ; Inapplicable ; Inapplicable ; Inapplicable ; Inapplicable ; Inapplicable ; Inapplicable ; Inapplicable ; Inapplicable ; Inapplicable ; Inapplicable ; Inapplicable ; Inapplicable ; Inapplicable ; Inapplicable ; Pass      ; Inapplicable ; Inapplicable ;
; DAC_D[1]            ; Pass         ; Inapplicable ; Pass         ; Inapplicable ; Inapplicable ; Pass      ; Pass         ; Inapplicable ; Pass      ; Pass      ; Inapplicable ; Inapplicable ; Inapplicable ; Inapplicable ; Inapplicable ; Inapplicable ; Inapplicable ; Inapplicable ; Inapplicable ; Inapplicable ; Inapplicable ; Inapplicable ; Inapplicable ; Inapplicable ; Inapplicable ; Inapplicable ; Inapplicable ; Pass      ; Inapplicable ; Inapplicable ;
; DAC_D[2]            ; Pass         ; Inapplicable ; Pass         ; Inapplicable ; Inapplicable ; Pass      ; Pass         ; Inapplicable ; Pass      ; Pass      ; Inapplicable ; Inapplicable ; Inapplicable ; Inapplicable ; Inapplicable ; Inapplicable ; Inapplicable ; Inapplicable ; Inapplicable ; Inapplicable ; Inapplicable ; Inapplicable ; Inapplicable ; Inapplicable ; Inapplicable ; Inapplicable ; Inapplicable ; Pass      ; Inapplicable ; Inapplicable ;
; DAC_D[3]            ; Pass         ; Inapplicable ; Pass         ; Inapplicable ; Inapplicable ; Pass      ; Pass         ; Inapplicable ; Pass      ; Pass      ; Inapplicable ; Inapplicable ; Inapplicable ; Inapplicable ; Inapplicable ; Inapplicable ; Inapplicable ; Inapplicable ; Inapplicable ; Inapplicable ; Inapplicable ; Inapplicable ; Inapplicable ; Inapplicable ; Inapplicable ; Inapplicable ; Inapplicable ; Pass      ; Inapplicable ; Inapplicable ;
; DAC_D[4]            ; Pass         ; Inapplicable ; Pass         ; Inapplicable ; Inapplicable ; Pass      ; Pass         ; Inapplicable ; Pass      ; Pass      ; Inapplicable ; Inapplicable ; Inapplicable ; Inapplicable ; Inapplicable ; Inapplicable ; Inapplicable ; Inapplicable ; Inapplicable ; Inapplicable ; Inapplicable ; Inapplicable ; Inapplicable ; Inapplicable ; Inapplicable ; Inapplicable ; Inapplicable ; Pass      ; Inapplicable ; Inapplicable ;
; DAC_D[5]            ; Pass         ; Inapplicable ; Pass         ; Inapplicable ; Inapplicable ; Pass      ; Pass         ; Inapplicable ; Pass      ; Pass      ; Inapplicable ; Inapplicable ; Inapplicable ; Inapplicable ; Inapplicable ; Inapplicable ; Inapplicable ; Inapplicable ; Inapplicable ; Inapplicable ; Inapplicable ; Inapplicable ; Inapplicable ; Inapplicable ; Inapplicable ; Inapplicable ; Inapplicable ; Pass      ; Inapplicable ; Inapplicable ;
; DAC_D[6]            ; Pass         ; Inapplicable ; Pass         ; Inapplicable ; Inapplicable ; Pass      ; Pass         ; Inapplicable ; Pass      ; Pass      ; Inapplicable ; Inapplicable ; Inapplicable ; Inapplicable ; Inapplicable ; Inapplicable ; Inapplicable ; Inapplicable ; Inapplicable ; Inapplicable ; Inapplicable ; Inapplicable ; Inapplicable ; Inapplicable ; Inapplicable ; Inapplicable ; Inapplicable ; Pass      ; Inapplicable ; Inapplicable ;
; DAC_D[7]            ; Pass         ; Inapplicable ; Pass         ; Inapplicable ; Inapplicable ; Pass      ; Pass         ; Inapplicable ; Pass      ; Pass      ; Inapplicable ; Inapplicable ; Inapplicable ; Inapplicable ; Inapplicable ; Inapplicable ; Inapplicable ; Inapplicable ; Inapplicable ; Inapplicable ; Inapplicable ; Inapplicable ; Inapplicable ; Inapplicable ; Inapplicable ; Inapplicable ; Inapplicable ; Pass      ; Inapplicable ; Inapplicable ;
; DAC_D[8]            ; Pass         ; Inapplicable ; Pass         ; Inapplicable ; Inapplicable ; Pass      ; Pass         ; Inapplicable ; Pass      ; Pass      ; Inapplicable ; Inapplicable ; Inapplicable ; Inapplicable ; Inapplicable ; Inapplicable ; Inapplicable ; Inapplicable ; Inapplicable ; Inapplicable ; Inapplicable ; Inapplicable ; Inapplicable ; Inapplicable ; Inapplicable ; Inapplicable ; Inapplicable ; Pass      ; Inapplicable ; Inapplicable ;
; DAC_D[9]            ; Pass         ; Inapplicable ; Pass         ; Inapplicable ; Inapplicable ; Pass      ; Pass         ; Inapplicable ; Pass      ; Pass      ; Inapplicable ; Inapplicable ; Inapplicable ; Inapplicable ; Inapplicable ; Inapplicable ; Inapplicable ; Inapplicable ; Inapplicable ; Inapplicable ; Inapplicable ; Inapplicable ; Inapplicable ; Inapplicable ; Inapplicable ; Inapplicable ; Inapplicable ; Pass      ; Inapplicable ; Inapplicable ;
; DAC2_D[0]           ; Pass         ; Inapplicable ; Pass         ; Inapplicable ; Inapplicable ; Pass      ; Pass         ; Inapplicable ; Pass      ; Pass      ; Inapplicable ; Inapplicable ; Inapplicable ; Inapplicable ; Inapplicable ; Inapplicable ; Inapplicable ; Inapplicable ; Inapplicable ; Inapplicable ; Inapplicable ; Inapplicable ; Inapplicable ; Inapplicable ; Inapplicable ; Inapplicable ; Inapplicable ; Pass      ; Inapplicable ; Inapplicable ;
; DAC2_D[1]           ; Pass         ; Inapplicable ; Pass         ; Inapplicable ; Inapplicable ; Pass      ; Pass         ; Inapplicable ; Pass      ; Pass      ; Inapplicable ; Inapplicable ; Inapplicable ; Inapplicable ; Inapplicable ; Inapplicable ; Inapplicable ; Inapplicable ; Inapplicable ; Inapplicable ; Inapplicable ; Inapplicable ; Inapplicable ; Inapplicable ; Inapplicable ; Inapplicable ; Inapplicable ; Pass      ; Inapplicable ; Inapplicable ;
; DAC2_D[2]           ; Pass         ; Inapplicable ; Pass         ; Inapplicable ; Inapplicable ; Pass      ; Pass         ; Inapplicable ; Pass      ; Pass      ; Inapplicable ; Inapplicable ; Inapplicable ; Inapplicable ; Inapplicable ; Inapplicable ; Inapplicable ; Inapplicable ; Inapplicable ; Inapplicable ; Inapplicable ; Inapplicable ; Inapplicable ; Inapplicable ; Inapplicable ; Inapplicable ; Inapplicable ; Pass      ; Inapplicable ; Inapplicable ;
; DAC2_D[3]           ; Pass         ; Inapplicable ; Pass         ; Inapplicable ; Inapplicable ; Pass      ; Pass         ; Inapplicable ; Pass      ; Pass      ; Inapplicable ; Inapplicable ; Inapplicable ; Inapplicable ; Inapplicable ; Inapplicable ; Inapplicable ; Inapplicable ; Inapplicable ; Inapplicable ; Inapplicable ; Inapplicable ; Inapplicable ; Inapplicable ; Inapplicable ; Inapplicable ; Inapplicable ; Pass      ; Inapplicable ; Inapplicable ;
; DAC2_D[4]           ; Pass         ; Inapplicable ; Pass         ; Inapplicable ; Inapplicable ; Pass      ; Pass         ; Inapplicable ; Pass      ; Pass      ; Inapplicable ; Inapplicable ; Inapplicable ; Inapplicable ; Inapplicable ; Inapplicable ; Inapplicable ; Inapplicable ; Inapplicable ; Inapplicable ; Inapplicable ; Inapplicable ; Inapplicable ; Inapplicable ; Inapplicable ; Inapplicable ; Inapplicable ; Pass      ; Inapplicable ; Inapplicable ;
; DAC2_D[5]           ; Pass         ; Inapplicable ; Pass         ; Inapplicable ; Inapplicable ; Pass      ; Pass         ; Inapplicable ; Pass      ; Pass      ; Inapplicable ; Inapplicable ; Inapplicable ; Inapplicable ; Inapplicable ; Inapplicable ; Inapplicable ; Inapplicable ; Inapplicable ; Inapplicable ; Inapplicable ; Inapplicable ; Inapplicable ; Inapplicable ; Inapplicable ; Inapplicable ; Inapplicable ; Pass      ; Inapplicable ; Inapplicable ;
; DAC2_D[6]           ; Pass         ; Inapplicable ; Pass         ; Inapplicable ; Inapplicable ; Pass      ; Pass         ; Inapplicable ; Pass      ; Pass      ; Inapplicable ; Inapplicable ; Inapplicable ; Inapplicable ; Inapplicable ; Inapplicable ; Inapplicable ; Inapplicable ; Inapplicable ; Inapplicable ; Inapplicable ; Inapplicable ; Inapplicable ; Inapplicable ; Inapplicable ; Inapplicable ; Inapplicable ; Pass      ; Inapplicable ; Inapplicable ;
; DAC2_D[7]           ; Pass         ; Inapplicable ; Pass         ; Inapplicable ; Inapplicable ; Pass      ; Pass         ; Inapplicable ; Pass      ; Pass      ; Inapplicable ; Inapplicable ; Inapplicable ; Inapplicable ; Inapplicable ; Inapplicable ; Inapplicable ; Inapplicable ; Inapplicable ; Inapplicable ; Inapplicable ; Inapplicable ; Inapplicable ; Inapplicable ; Inapplicable ; Inapplicable ; Inapplicable ; Pass      ; Inapplicable ; Inapplicable ;
; DAC2_D[8]           ; Pass         ; Inapplicable ; Pass         ; Inapplicable ; Inapplicable ; Pass      ; Pass         ; Inapplicable ; Pass      ; Pass      ; Inapplicable ; Inapplicable ; Inapplicable ; Inapplicable ; Inapplicable ; Inapplicable ; Inapplicable ; Inapplicable ; Inapplicable ; Inapplicable ; Inapplicable ; Inapplicable ; Inapplicable ; Inapplicable ; Inapplicable ; Inapplicable ; Inapplicable ; Pass      ; Inapplicable ; Inapplicable ;
; DAC2_D[9]           ; Pass         ; Inapplicable ; Pass         ; Inapplicable ; Inapplicable ; Pass      ; Pass         ; Inapplicable ; Pass      ; Pass      ; Inapplicable ; Inapplicable ; Inapplicable ; Inapplicable ; Inapplicable ; Inapplicable ; Inapplicable ; Inapplicable ; Inapplicable ; Inapplicable ; Inapplicable ; Inapplicable ; Inapplicable ; Inapplicable ; Inapplicable ; Inapplicable ; Inapplicable ; Pass      ; Inapplicable ; Inapplicable ;
; ADCCLK              ; Pass         ; Inapplicable ; Pass         ; Inapplicable ; Inapplicable ; Pass      ; Pass         ; Inapplicable ; Pass      ; Pass      ; Inapplicable ; Inapplicable ; Inapplicable ; Inapplicable ; Inapplicable ; Inapplicable ; Inapplicable ; Inapplicable ; Inapplicable ; Inapplicable ; Inapplicable ; Inapplicable ; Inapplicable ; Inapplicable ; Inapplicable ; Inapplicable ; Inapplicable ; Pass      ; Inapplicable ; Inapplicable ;
; FMC_D[0]            ; Pass         ; Inapplicable ; Pass         ; Inapplicable ; Inapplicable ; Pass      ; Pass         ; Inapplicable ; Pass      ; Pass      ; Inapplicable ; Inapplicable ; Inapplicable ; Inapplicable ; Pass         ; Inapplicable ; Inapplicable ; Pass         ; Inapplicable ; Inapplicable ; Inapplicable ; Inapplicable ; Inapplicable ; Inapplicable ; Inapplicable ; Inapplicable ; Inapplicable ; Pass      ; Inapplicable ; Inapplicable ;
; FMC_D[1]            ; Pass         ; Inapplicable ; Pass         ; Inapplicable ; Inapplicable ; Pass      ; Pass         ; Inapplicable ; Pass      ; Pass      ; Inapplicable ; Inapplicable ; Inapplicable ; Inapplicable ; Pass         ; Inapplicable ; Inapplicable ; Pass         ; Inapplicable ; Inapplicable ; Inapplicable ; Inapplicable ; Inapplicable ; Inapplicable ; Inapplicable ; Inapplicable ; Inapplicable ; Pass      ; Inapplicable ; Inapplicable ;
; FMC_D[2]            ; Pass         ; Inapplicable ; Pass         ; Inapplicable ; Inapplicable ; Pass      ; Pass         ; Inapplicable ; Pass      ; Pass      ; Inapplicable ; Inapplicable ; Inapplicable ; Inapplicable ; Pass         ; Inapplicable ; Inapplicable ; Pass         ; Inapplicable ; Inapplicable ; Inapplicable ; Inapplicable ; Inapplicable ; Inapplicable ; Inapplicable ; Inapplicable ; Inapplicable ; Pass      ; Inapplicable ; Inapplicable ;
; FMC_D[3]            ; Pass         ; Inapplicable ; Pass         ; Inapplicable ; Inapplicable ; Pass      ; Pass         ; Inapplicable ; Pass      ; Pass      ; Inapplicable ; Inapplicable ; Inapplicable ; Inapplicable ; Pass         ; Inapplicable ; Inapplicable ; Pass         ; Inapplicable ; Inapplicable ; Inapplicable ; Inapplicable ; Inapplicable ; Inapplicable ; Inapplicable ; Inapplicable ; Inapplicable ; Pass      ; Inapplicable ; Inapplicable ;
; FMC_D[4]            ; Pass         ; Inapplicable ; Pass         ; Inapplicable ; Inapplicable ; Pass      ; Pass         ; Inapplicable ; Pass      ; Pass      ; Inapplicable ; Inapplicable ; Inapplicable ; Inapplicable ; Pass         ; Inapplicable ; Inapplicable ; Pass         ; Inapplicable ; Inapplicable ; Inapplicable ; Inapplicable ; Inapplicable ; Inapplicable ; Inapplicable ; Inapplicable ; Inapplicable ; Pass      ; Inapplicable ; Inapplicable ;
; FMC_D[5]            ; Pass         ; Inapplicable ; Pass         ; Inapplicable ; Inapplicable ; Pass      ; Pass         ; Inapplicable ; Pass      ; Pass      ; Inapplicable ; Inapplicable ; Inapplicable ; Inapplicable ; Pass         ; Inapplicable ; Inapplicable ; Pass         ; Inapplicable ; Inapplicable ; Inapplicable ; Inapplicable ; Inapplicable ; Inapplicable ; Inapplicable ; Inapplicable ; Inapplicable ; Pass      ; Inapplicable ; Inapplicable ;
; FMC_D[6]            ; Pass         ; Inapplicable ; Pass         ; Inapplicable ; Inapplicable ; Pass      ; Pass         ; Inapplicable ; Pass      ; Pass      ; Inapplicable ; Inapplicable ; Inapplicable ; Inapplicable ; Pass         ; Inapplicable ; Inapplicable ; Pass         ; Inapplicable ; Inapplicable ; Inapplicable ; Inapplicable ; Inapplicable ; Inapplicable ; Inapplicable ; Inapplicable ; Inapplicable ; Pass      ; Inapplicable ; Inapplicable ;
; FMC_D[7]            ; Pass         ; Inapplicable ; Pass         ; Inapplicable ; Inapplicable ; Pass      ; Pass         ; Inapplicable ; Pass      ; Pass      ; Inapplicable ; Inapplicable ; Inapplicable ; Inapplicable ; Pass         ; Inapplicable ; Inapplicable ; Pass         ; Inapplicable ; Inapplicable ; Inapplicable ; Inapplicable ; Inapplicable ; Inapplicable ; Inapplicable ; Inapplicable ; Inapplicable ; Pass      ; Inapplicable ; Inapplicable ;
; FMC_D[8]            ; Pass         ; Inapplicable ; Pass         ; Inapplicable ; Inapplicable ; Pass      ; Pass         ; Inapplicable ; Pass      ; Pass      ; Inapplicable ; Inapplicable ; Inapplicable ; Inapplicable ; Pass         ; Inapplicable ; Inapplicable ; Pass         ; Inapplicable ; Inapplicable ; Inapplicable ; Inapplicable ; Inapplicable ; Inapplicable ; Inapplicable ; Inapplicable ; Inapplicable ; Pass      ; Inapplicable ; Inapplicable ;
; FMC_D[9]            ; Pass         ; Inapplicable ; Pass         ; Inapplicable ; Inapplicable ; Pass      ; Pass         ; Inapplicable ; Pass      ; Pass      ; Inapplicable ; Inapplicable ; Inapplicable ; Inapplicable ; Pass         ; Inapplicable ; Inapplicable ; Pass         ; Inapplicable ; Inapplicable ; Inapplicable ; Inapplicable ; Inapplicable ; Inapplicable ; Inapplicable ; Inapplicable ; Inapplicable ; Pass      ; Inapplicable ; Inapplicable ;
; FMC_D[10]           ; Pass         ; Inapplicable ; Pass         ; Inapplicable ; Inapplicable ; Pass      ; Pass         ; Inapplicable ; Pass      ; Pass      ; Inapplicable ; Inapplicable ; Inapplicable ; Inapplicable ; Pass         ; Inapplicable ; Inapplicable ; Pass         ; Inapplicable ; Inapplicable ; Inapplicable ; Inapplicable ; Inapplicable ; Inapplicable ; Inapplicable ; Inapplicable ; Inapplicable ; Pass      ; Inapplicable ; Inapplicable ;
; FMC_D[11]           ; Pass         ; Inapplicable ; Pass         ; Inapplicable ; Inapplicable ; Pass      ; Pass         ; Inapplicable ; Pass      ; Pass      ; Inapplicable ; Inapplicable ; Inapplicable ; Inapplicable ; Pass         ; Inapplicable ; Inapplicable ; Pass         ; Inapplicable ; Inapplicable ; Inapplicable ; Inapplicable ; Inapplicable ; Inapplicable ; Inapplicable ; Inapplicable ; Inapplicable ; Pass      ; Inapplicable ; Inapplicable ;
; FMC_D[12]           ; Pass         ; Inapplicable ; Pass         ; Inapplicable ; Inapplicable ; Pass      ; Pass         ; Inapplicable ; Pass      ; Pass      ; Inapplicable ; Inapplicable ; Inapplicable ; Inapplicable ; Pass         ; Inapplicable ; Inapplicable ; Pass         ; Inapplicable ; Inapplicable ; Inapplicable ; Inapplicable ; Inapplicable ; Inapplicable ; Inapplicable ; Inapplicable ; Inapplicable ; Pass      ; Inapplicable ; Inapplicable ;
; FMC_D[13]           ; Pass         ; Inapplicable ; Pass         ; Inapplicable ; Inapplicable ; Pass      ; Pass         ; Inapplicable ; Pass      ; Pass      ; Inapplicable ; Inapplicable ; Inapplicable ; Inapplicable ; Pass         ; Inapplicable ; Inapplicable ; Pass         ; Inapplicable ; Inapplicable ; Inapplicable ; Inapplicable ; Inapplicable ; Inapplicable ; Inapplicable ; Inapplicable ; Inapplicable ; Pass      ; Inapplicable ; Inapplicable ;
; FMC_D[14]           ; Pass         ; Inapplicable ; Pass         ; Inapplicable ; Inapplicable ; Pass      ; Pass         ; Inapplicable ; Pass      ; Pass      ; Inapplicable ; Inapplicable ; Inapplicable ; Inapplicable ; Pass         ; Inapplicable ; Inapplicable ; Pass         ; Inapplicable ; Inapplicable ; Inapplicable ; Inapplicable ; Inapplicable ; Inapplicable ; Inapplicable ; Inapplicable ; Inapplicable ; Pass      ; Inapplicable ; Inapplicable ;
; FMC_D[15]           ; Pass         ; Inapplicable ; Pass         ; Inapplicable ; Inapplicable ; Pass      ; Pass         ; Inapplicable ; Pass      ; Pass      ; Inapplicable ; Inapplicable ; Inapplicable ; Inapplicable ; Pass         ; Inapplicable ; Inapplicable ; Pass         ; Inapplicable ; Inapplicable ; Inapplicable ; Inapplicable ; Inapplicable ; Inapplicable ; Inapplicable ; Inapplicable ; Inapplicable ; Pass      ; Inapplicable ; Inapplicable ;
; CLK_50M             ; Pass         ; Inapplicable ; Pass         ; Inapplicable ; Inapplicable ; Pass      ; Pass         ; Inapplicable ; Pass      ; Pass      ; Inapplicable ; Inapplicable ; Inapplicable ; Inapplicable ; Pass         ; Inapplicable ; Inapplicable ; Pass         ; Inapplicable ; Inapplicable ; Inapplicable ; Inapplicable ; Inapplicable ; Inapplicable ; Inapplicable ; Inapplicable ; Inapplicable ; Pass      ; Inapplicable ; Inapplicable ;
; FMC_A[13]           ; Pass         ; Inapplicable ; Pass         ; Inapplicable ; Inapplicable ; Pass      ; Pass         ; Inapplicable ; Pass      ; Pass      ; Inapplicable ; Inapplicable ; Inapplicable ; Inapplicable ; Pass         ; Inapplicable ; Inapplicable ; Pass         ; Inapplicable ; Inapplicable ; Inapplicable ; Inapplicable ; Inapplicable ; Inapplicable ; Inapplicable ; Inapplicable ; Inapplicable ; Pass      ; Inapplicable ; Inapplicable ;
; FMC_A[12]           ; Pass         ; Inapplicable ; Pass         ; Inapplicable ; Inapplicable ; Pass      ; Pass         ; Inapplicable ; Pass      ; Pass      ; Inapplicable ; Inapplicable ; Inapplicable ; Inapplicable ; Pass         ; Inapplicable ; Inapplicable ; Pass         ; Inapplicable ; Inapplicable ; Inapplicable ; Inapplicable ; Inapplicable ; Inapplicable ; Inapplicable ; Inapplicable ; Inapplicable ; Pass      ; Inapplicable ; Inapplicable ;
; FMC_A[9]            ; Pass         ; Inapplicable ; Pass         ; Inapplicable ; Inapplicable ; Pass      ; Pass         ; Inapplicable ; Pass      ; Pass      ; Inapplicable ; Inapplicable ; Inapplicable ; Inapplicable ; Pass         ; Inapplicable ; Inapplicable ; Pass         ; Inapplicable ; Inapplicable ; Inapplicable ; Inapplicable ; Inapplicable ; Inapplicable ; Inapplicable ; Inapplicable ; Inapplicable ; Pass      ; Inapplicable ; Inapplicable ;
; FMC_A[8]            ; Pass         ; Inapplicable ; Pass         ; Inapplicable ; Inapplicable ; Pass      ; Pass         ; Inapplicable ; Pass      ; Pass      ; Inapplicable ; Inapplicable ; Inapplicable ; Inapplicable ; Pass         ; Inapplicable ; Inapplicable ; Pass         ; Inapplicable ; Inapplicable ; Inapplicable ; Inapplicable ; Inapplicable ; Inapplicable ; Inapplicable ; Inapplicable ; Inapplicable ; Pass      ; Inapplicable ; Inapplicable ;
; FMC_A[7]            ; Pass         ; Inapplicable ; Pass         ; Inapplicable ; Inapplicable ; Pass      ; Pass         ; Inapplicable ; Pass      ; Pass      ; Inapplicable ; Inapplicable ; Inapplicable ; Inapplicable ; Pass         ; Inapplicable ; Inapplicable ; Pass         ; Inapplicable ; Inapplicable ; Inapplicable ; Inapplicable ; Inapplicable ; Inapplicable ; Inapplicable ; Inapplicable ; Inapplicable ; Pass      ; Inapplicable ; Inapplicable ;
; FMC_A[6]            ; Pass         ; Inapplicable ; Pass         ; Inapplicable ; Inapplicable ; Pass      ; Pass         ; Inapplicable ; Pass      ; Pass      ; Inapplicable ; Inapplicable ; Inapplicable ; Inapplicable ; Pass         ; Inapplicable ; Inapplicable ; Pass         ; Inapplicable ; Inapplicable ; Inapplicable ; Inapplicable ; Inapplicable ; Inapplicable ; Inapplicable ; Inapplicable ; Inapplicable ; Pass      ; Inapplicable ; Inapplicable ;
; FMC_A[5]            ; Pass         ; Inapplicable ; Pass         ; Inapplicable ; Inapplicable ; Pass      ; Pass         ; Inapplicable ; Pass      ; Pass      ; Inapplicable ; Inapplicable ; Inapplicable ; Inapplicable ; Pass         ; Inapplicable ; Inapplicable ; Pass         ; Inapplicable ; Inapplicable ; Inapplicable ; Inapplicable ; Inapplicable ; Inapplicable ; Inapplicable ; Inapplicable ; Inapplicable ; Pass      ; Inapplicable ; Inapplicable ;
; FMC_A[4]            ; Pass         ; Inapplicable ; Pass         ; Inapplicable ; Inapplicable ; Pass      ; Pass         ; Inapplicable ; Pass      ; Pass      ; Inapplicable ; Inapplicable ; Inapplicable ; Inapplicable ; Pass         ; Inapplicable ; Inapplicable ; Pass         ; Inapplicable ; Inapplicable ; Inapplicable ; Inapplicable ; Inapplicable ; Inapplicable ; Inapplicable ; Inapplicable ; Inapplicable ; Pass      ; Inapplicable ; Inapplicable ;
; FMC_A[10]           ; Pass         ; Inapplicable ; Pass         ; Inapplicable ; Inapplicable ; Pass      ; Pass         ; Inapplicable ; Pass      ; Pass      ; Inapplicable ; Inapplicable ; Inapplicable ; Inapplicable ; Pass         ; Inapplicable ; Inapplicable ; Pass         ; Inapplicable ; Inapplicable ; Inapplicable ; Inapplicable ; Inapplicable ; Inapplicable ; Inapplicable ; Inapplicable ; Inapplicable ; Pass      ; Inapplicable ; Inapplicable ;
; FMC_A[14]           ; Pass         ; Inapplicable ; Pass         ; Inapplicable ; Inapplicable ; Pass      ; Pass         ; Inapplicable ; Pass      ; Pass      ; Inapplicable ; Inapplicable ; Inapplicable ; Inapplicable ; Pass         ; Inapplicable ; Inapplicable ; Pass         ; Inapplicable ; Inapplicable ; Inapplicable ; Inapplicable ; Inapplicable ; Inapplicable ; Inapplicable ; Inapplicable ; Inapplicable ; Pass      ; Inapplicable ; Inapplicable ;
; FMC_A[1]            ; Pass         ; Inapplicable ; Pass         ; Inapplicable ; Inapplicable ; Pass      ; Pass         ; Inapplicable ; Pass      ; Pass      ; Inapplicable ; Inapplicable ; Inapplicable ; Inapplicable ; Pass         ; Inapplicable ; Inapplicable ; Pass         ; Inapplicable ; Inapplicable ; Inapplicable ; Inapplicable ; Inapplicable ; Inapplicable ; Inapplicable ; Inapplicable ; Inapplicable ; Pass      ; Inapplicable ; Inapplicable ;
; FMC_A[3]            ; Pass         ; Inapplicable ; Pass         ; Inapplicable ; Inapplicable ; Pass      ; Pass         ; Inapplicable ; Pass      ; Pass      ; Inapplicable ; Inapplicable ; Inapplicable ; Inapplicable ; Pass         ; Inapplicable ; Inapplicable ; Pass         ; Inapplicable ; Inapplicable ; Inapplicable ; Inapplicable ; Inapplicable ; Inapplicable ; Inapplicable ; Inapplicable ; Inapplicable ; Pass      ; Inapplicable ; Inapplicable ;
; FMC_A[2]            ; Pass         ; Inapplicable ; Pass         ; Inapplicable ; Inapplicable ; Pass      ; Pass         ; Inapplicable ; Pass      ; Pass      ; Inapplicable ; Inapplicable ; Inapplicable ; Inapplicable ; Pass         ; Inapplicable ; Inapplicable ; Pass         ; Inapplicable ; Inapplicable ; Inapplicable ; Inapplicable ; Inapplicable ; Inapplicable ; Inapplicable ; Inapplicable ; Inapplicable ; Pass      ; Inapplicable ; Inapplicable ;
; FMC_A[11]           ; Pass         ; Inapplicable ; Pass         ; Inapplicable ; Inapplicable ; Pass      ; Pass         ; Inapplicable ; Pass      ; Pass      ; Inapplicable ; Inapplicable ; Inapplicable ; Inapplicable ; Pass         ; Inapplicable ; Inapplicable ; Pass         ; Inapplicable ; Inapplicable ; Inapplicable ; Inapplicable ; Inapplicable ; Inapplicable ; Inapplicable ; Inapplicable ; Inapplicable ; Pass      ; Inapplicable ; Inapplicable ;
; FMC_A[0]            ; Pass         ; Inapplicable ; Pass         ; Inapplicable ; Inapplicable ; Pass      ; Pass         ; Inapplicable ; Pass      ; Pass      ; Inapplicable ; Inapplicable ; Inapplicable ; Inapplicable ; Pass         ; Inapplicable ; Inapplicable ; Pass         ; Inapplicable ; Inapplicable ; Inapplicable ; Inapplicable ; Inapplicable ; Inapplicable ; Inapplicable ; Inapplicable ; Inapplicable ; Pass      ; Inapplicable ; Inapplicable ;
; FMC_NE1             ; Pass         ; Inapplicable ; Pass         ; Inapplicable ; Inapplicable ; Pass      ; Pass         ; Inapplicable ; Pass      ; Pass      ; Inapplicable ; Inapplicable ; Inapplicable ; Inapplicable ; Pass         ; Inapplicable ; Inapplicable ; Pass         ; Inapplicable ; Inapplicable ; Inapplicable ; Inapplicable ; Inapplicable ; Inapplicable ; Inapplicable ; Inapplicable ; Inapplicable ; Pass      ; Inapplicable ; Inapplicable ;
; FMC_NWE             ; Pass         ; Inapplicable ; Pass         ; Inapplicable ; Inapplicable ; Pass      ; Pass         ; Inapplicable ; Pass      ; Pass      ; Inapplicable ; Inapplicable ; Inapplicable ; Inapplicable ; Pass         ; Inapplicable ; Inapplicable ; Pass         ; Inapplicable ; Inapplicable ; Inapplicable ; Inapplicable ; Inapplicable ; Inapplicable ; Inapplicable ; Inapplicable ; Inapplicable ; Pass      ; Inapplicable ; Inapplicable ;
; FMC_NOE             ; Pass         ; Inapplicable ; Pass         ; Inapplicable ; Inapplicable ; Pass      ; Pass         ; Inapplicable ; Pass      ; Pass      ; Inapplicable ; Inapplicable ; Inapplicable ; Inapplicable ; Pass         ; Inapplicable ; Inapplicable ; Pass         ; Inapplicable ; Inapplicable ; Inapplicable ; Inapplicable ; Inapplicable ; Inapplicable ; Inapplicable ; Inapplicable ; Inapplicable ; Pass      ; Inapplicable ; Inapplicable ;
; ADC_D[0]            ; Pass         ; Inapplicable ; Pass         ; Inapplicable ; Inapplicable ; Pass      ; Pass         ; Inapplicable ; Pass      ; Pass      ; Inapplicable ; Inapplicable ; Inapplicable ; Inapplicable ; Pass         ; Inapplicable ; Inapplicable ; Pass         ; Inapplicable ; Inapplicable ; Inapplicable ; Inapplicable ; Inapplicable ; Inapplicable ; Inapplicable ; Inapplicable ; Inapplicable ; Pass      ; Inapplicable ; Inapplicable ;
; ADC_D[1]            ; Pass         ; Inapplicable ; Pass         ; Inapplicable ; Inapplicable ; Pass      ; Pass         ; Inapplicable ; Pass      ; Pass      ; Inapplicable ; Inapplicable ; Inapplicable ; Inapplicable ; Pass         ; Inapplicable ; Inapplicable ; Pass         ; Inapplicable ; Inapplicable ; Inapplicable ; Inapplicable ; Inapplicable ; Inapplicable ; Inapplicable ; Inapplicable ; Inapplicable ; Pass      ; Inapplicable ; Inapplicable ;
; ADC_D[2]            ; Pass         ; Inapplicable ; Pass         ; Inapplicable ; Inapplicable ; Pass      ; Pass         ; Inapplicable ; Pass      ; Pass      ; Inapplicable ; Inapplicable ; Inapplicable ; Inapplicable ; Pass         ; Inapplicable ; Inapplicable ; Pass         ; Inapplicable ; Inapplicable ; Inapplicable ; Inapplicable ; Inapplicable ; Inapplicable ; Inapplicable ; Inapplicable ; Inapplicable ; Pass      ; Inapplicable ; Inapplicable ;
; ADC_D[3]            ; Pass         ; Inapplicable ; Pass         ; Inapplicable ; Inapplicable ; Pass      ; Pass         ; Inapplicable ; Pass      ; Pass      ; Inapplicable ; Inapplicable ; Inapplicable ; Inapplicable ; Pass         ; Inapplicable ; Inapplicable ; Pass         ; Inapplicable ; Inapplicable ; Inapplicable ; Inapplicable ; Inapplicable ; Inapplicable ; Inapplicable ; Inapplicable ; Inapplicable ; Pass      ; Inapplicable ; Inapplicable ;
; ADC_D[4]            ; Pass         ; Inapplicable ; Pass         ; Inapplicable ; Inapplicable ; Pass      ; Pass         ; Inapplicable ; Pass      ; Pass      ; Inapplicable ; Inapplicable ; Inapplicable ; Inapplicable ; Pass         ; Inapplicable ; Inapplicable ; Pass         ; Inapplicable ; Inapplicable ; Inapplicable ; Inapplicable ; Inapplicable ; Inapplicable ; Inapplicable ; Inapplicable ; Inapplicable ; Pass      ; Inapplicable ; Inapplicable ;
; ADC_D[5]            ; Pass         ; Inapplicable ; Pass         ; Inapplicable ; Inapplicable ; Pass      ; Pass         ; Inapplicable ; Pass      ; Pass      ; Inapplicable ; Inapplicable ; Inapplicable ; Inapplicable ; Pass         ; Inapplicable ; Inapplicable ; Pass         ; Inapplicable ; Inapplicable ; Inapplicable ; Inapplicable ; Inapplicable ; Inapplicable ; Inapplicable ; Inapplicable ; Inapplicable ; Pass      ; Inapplicable ; Inapplicable ;
; ADC_D[6]            ; Pass         ; Inapplicable ; Pass         ; Inapplicable ; Inapplicable ; Pass      ; Pass         ; Inapplicable ; Pass      ; Pass      ; Inapplicable ; Inapplicable ; Inapplicable ; Inapplicable ; Pass         ; Inapplicable ; Inapplicable ; Pass         ; Inapplicable ; Inapplicable ; Inapplicable ; Inapplicable ; Inapplicable ; Inapplicable ; Inapplicable ; Inapplicable ; Inapplicable ; Pass      ; Inapplicable ; Inapplicable ;
; ADC_D[7]            ; Pass         ; Inapplicable ; Pass         ; Inapplicable ; Inapplicable ; Pass      ; Pass         ; Inapplicable ; Pass      ; Pass      ; Inapplicable ; Inapplicable ; Inapplicable ; Inapplicable ; Pass         ; Inapplicable ; Inapplicable ; Pass         ; Inapplicable ; Inapplicable ; Inapplicable ; Inapplicable ; Inapplicable ; Inapplicable ; Inapplicable ; Inapplicable ; Inapplicable ; Pass      ; Inapplicable ; Inapplicable ;
; ADC_D[8]            ; Pass         ; Inapplicable ; Pass         ; Inapplicable ; Inapplicable ; Pass      ; Pass         ; Inapplicable ; Pass      ; Pass      ; Inapplicable ; Inapplicable ; Inapplicable ; Inapplicable ; Pass         ; Inapplicable ; Inapplicable ; Pass         ; Inapplicable ; Inapplicable ; Inapplicable ; Inapplicable ; Inapplicable ; Inapplicable ; Inapplicable ; Inapplicable ; Inapplicable ; Pass      ; Inapplicable ; Inapplicable ;
; ADC_D[9]            ; Pass         ; Inapplicable ; Pass         ; Inapplicable ; Inapplicable ; Pass      ; Pass         ; Inapplicable ; Pass      ; Pass      ; Inapplicable ; Inapplicable ; Inapplicable ; Inapplicable ; Pass         ; Inapplicable ; Inapplicable ; Pass         ; Inapplicable ; Inapplicable ; Inapplicable ; Inapplicable ; Inapplicable ; Inapplicable ; Inapplicable ; Inapplicable ; Inapplicable ; Pass      ; Inapplicable ; Inapplicable ;
; ADC_D[10]           ; Pass         ; Inapplicable ; Pass         ; Inapplicable ; Inapplicable ; Pass      ; Pass         ; Inapplicable ; Pass      ; Pass      ; Inapplicable ; Inapplicable ; Inapplicable ; Inapplicable ; Pass         ; Inapplicable ; Inapplicable ; Pass         ; Inapplicable ; Inapplicable ; Inapplicable ; Inapplicable ; Inapplicable ; Inapplicable ; Inapplicable ; Inapplicable ; Inapplicable ; Pass      ; Inapplicable ; Inapplicable ;
; ADC_D[11]           ; Pass         ; Inapplicable ; Pass         ; Inapplicable ; Inapplicable ; Pass      ; Pass         ; Inapplicable ; Pass      ; Pass      ; Inapplicable ; Inapplicable ; Inapplicable ; Inapplicable ; Pass         ; Inapplicable ; Inapplicable ; Pass         ; Inapplicable ; Inapplicable ; Inapplicable ; Inapplicable ; Inapplicable ; Inapplicable ; Inapplicable ; Inapplicable ; Inapplicable ; Pass      ; Inapplicable ; Inapplicable ;
; altera_reserved_tms ; Inapplicable ; Inapplicable ; Inapplicable ; Inapplicable ; Inapplicable ; Pass      ; Inapplicable ; Inapplicable ; Pass      ; Pass      ; Inapplicable ; Inapplicable ; Inapplicable ; Inapplicable ; Inapplicable ; Inapplicable ; Inapplicable ; Inapplicable ; Inapplicable ; Inapplicable ; Inapplicable ; Inapplicable ; Inapplicable ; Inapplicable ; Inapplicable ; Inapplicable ; Inapplicable ; Pass      ; Inapplicable ; Inapplicable ;
; altera_reserved_tck ; Inapplicable ; Inapplicable ; Inapplicable ; Inapplicable ; Inapplicable ; Pass      ; Inapplicable ; Inapplicable ; Pass      ; Pass      ; Inapplicable ; Inapplicable ; Inapplicable ; Inapplicable ; Inapplicable ; Inapplicable ; Inapplicable ; Inapplicable ; Inapplicable ; Inapplicable ; Inapplicable ; Inapplicable ; Inapplicable ; Inapplicable ; Inapplicable ; Inapplicable ; Inapplicable ; Pass      ; Inapplicable ; Inapplicable ;
; altera_reserved_tdi ; Inapplicable ; Inapplicable ; Inapplicable ; Inapplicable ; Inapplicable ; Pass      ; Inapplicable ; Inapplicable ; Pass      ; Pass      ; Inapplicable ; Inapplicable ; Inapplicable ; Inapplicable ; Inapplicable ; Inapplicable ; Inapplicable ; Inapplicable ; Inapplicable ; Inapplicable ; Inapplicable ; Inapplicable ; Inapplicable ; Inapplicable ; Inapplicable ; Inapplicable ; Inapplicable ; Pass      ; Inapplicable ; Inapplicable ;
; altera_reserved_tdo ; Inapplicable ; Inapplicable ; Inapplicable ; Inapplicable ; Inapplicable ; Pass      ; Inapplicable ; Inapplicable ; Pass      ; Pass      ; Inapplicable ; Inapplicable ; Inapplicable ; Inapplicable ; Inapplicable ; Inapplicable ; Inapplicable ; Inapplicable ; Inapplicable ; Inapplicable ; Inapplicable ; Inapplicable ; Inapplicable ; Inapplicable ; Inapplicable ; Inapplicable ; Inapplicable ; Pass      ; Inapplicable ; Inapplicable ;
+---------------------+--------------+--------------+--------------+--------------+--------------+-----------+--------------+--------------+-----------+-----------+--------------+--------------+--------------+--------------+--------------+--------------+--------------+--------------+--------------+--------------+--------------+--------------+--------------+--------------+--------------+--------------+--------------+-----------+--------------+--------------+


+---------------------------------------------------------------------------------------------+
; Fitter Device Options                                                                       ;
+------------------------------------------------------------------+--------------------------+
; Option                                                           ; Setting                  ;
+------------------------------------------------------------------+--------------------------+
; Enable user-supplied start-up clock (CLKUSR)                     ; Off                      ;
; Enable device-wide reset (DEV_CLRn)                              ; Off                      ;
; Enable device-wide output enable (DEV_OE)                        ; Off                      ;
; Enable INIT_DONE output                                          ; Off                      ;
; Configuration scheme                                             ; Active Serial            ;
; Error detection CRC                                              ; Off                      ;
; Enable open drain on CRC_ERROR pin                               ; Off                      ;
; Enable input tri-state on active configuration pins in user mode ; Off                      ;
; Configuration Voltage Level                                      ; 3.3V                     ;
; Force Configuration Voltage Level                                ; Off                      ;
; nCEO                                                             ; Unreserved               ;
; Data[0]                                                          ; As input tri-stated      ;
; Data[1]/ASDO                                                     ; As input tri-stated      ;
; Data[7..2]                                                       ; Unreserved               ;
; FLASH_nCE/nCSO                                                   ; As input tri-stated      ;
; Other Active Parallel pins                                       ; Unreserved               ;
; DCLK                                                             ; As output driving ground ;
+------------------------------------------------------------------+--------------------------+


+------------------------------------+
; Operating Settings and Conditions  ;
+---------------------------+--------+
; Setting                   ; Value  ;
+---------------------------+--------+
; Nominal Core Voltage      ; 1.20 V ;
; Low Junction Temperature  ; -40 °C ;
; High Junction Temperature ; 100 °C ;
+---------------------------+--------+


+-----------------+
; Fitter Messages ;
+-----------------+
Info (20030): Parallel compilation is enabled and will use 16 of the 16 processors detected
Info (119006): Selected device EP4CE10E22I7 for design "FMC_Demo"
Info (21077): Low junction temperature is -40 degrees C
Info (21077): High junction temperature is 100 degrees C
Info (15535): Implemented PLL "pll1:pll1_inst|altpll:altpll_component|pll1_altpll1:auto_generated|pll1" as Cyclone IV E PLL type
    Info (15099): Implementing clock multiplication of 5, clock division of 2, and phase shift of 0 degrees (0 ps) for pll1:pll1_inst|altpll:altpll_component|pll1_altpll1:auto_generated|wire_pll1_clk[0] port
    Info (15099): Implementing clock multiplication of 5, clock division of 2, and phase shift of 90 degrees (2000 ps) for pll1:pll1_inst|altpll:altpll_component|pll1_altpll1:auto_generated|wire_pll1_clk[1] port
    Info (15099): Implementing clock multiplication of 1, clock division of 5, and phase shift of 0 degrees (0 ps) for pll1:pll1_inst|altpll:altpll_component|pll1_altpll1:auto_generated|wire_pll1_clk[2] port
    Info (15099): Implementing clock multiplication of 1, clock division of 1, and phase shift of 0 degrees (0 ps) for pll1:pll1_inst|altpll:altpll_component|pll1_altpll1:auto_generated|wire_pll1_clk[3] port
Info (171003): Fitter is performing an Auto Fit compilation, which may decrease Fitter effort to reduce compilation time
Info (176444): Device migration not selected. If you intend to use device migration later, you may need to change the pin assignments as they may be incompatible with other devices
    Info (176445): Device EP4CE10E22A7 is compatible
    Info (176445): Device EP4CE10E22C7 is compatible
    Info (176445): Device EP4CE6E22A7 is compatible
    Info (176445): Device EP4CE6E22C7 is compatible
    Info (176445): Device EP4CE6E22I7 is compatible
    Info (176445): Device EP4CE15E22C7 is compatible
    Info (176445): Device EP4CE15E22I7 is compatible
    Info (176445): Device EP4CE22E22A7 is compatible
    Info (176445): Device EP4CE22E22C7 is compatible
    Info (176445): Device EP4CE22E22I7 is compatible
Info (169124): Fitter converted 4 user pins into dedicated programming pins
    Info (169125): Pin ~ALTERA_ASDO_DATA1~ is reserved at location 6
    Info (169125): Pin ~ALTERA_FLASH_nCE_nCSO~ is reserved at location 8
    Info (169125): Pin ~ALTERA_DCLK~ is reserved at location 12
    Info (169125): Pin ~ALTERA_DATA0~ is reserved at location 13
Warning (15714): Some pins have incomplete I/O assignments. Refer to the I/O Assignment Warnings report for details
Info (176045): Design uses memory blocks. Violating setup or hold times of memory block address registers for either read or write operations could cause memory contents to be corrupted. Make sure that all memory block address registers meet the setup and hold time requirements.
Info (169197): Configuration voltage level is automatically enforced for the device family 'Cyclone IV E' with the configuration scheme 'Active Serial'
Info (169213): Configuration voltage level of 3.3V is enforced on the I/O bank 1. The VCCIO of the I/O bank 1 is set to 3.3V.
Info (169213): Configuration voltage level of 3.3V is enforced on the I/O bank 1. The VCCIO of the I/O bank 1 is set to 3.3V.
Critical Warning (176584): Output pin "DAC_CLK" (external output clock of PLL "pll1:pll1_inst|altpll:altpll_component|pll1_altpll1:auto_generated|pll1") uses I/O standard 3.3-V LVCMOS, has current strength 2mA, output load 0pF, and output clock frequency of 125 MHz, but target device can support only maximum output clock frequency of 74 MHz for this combination of I/O standard, current strength and load
Critical Warning (176584): Output pin "DAC2_CLK" (external output clock of PLL "pll1:pll1_inst|altpll:altpll_component|pll1_altpll1:auto_generated|pll1") uses I/O standard 3.3-V LVCMOS, has current strength 2mA, output load 0pF, and output clock frequency of 125 MHz, but target device can support only maximum output clock frequency of 74 MHz for this combination of I/O standard, current strength and load
Info (332164): Evaluating HDL-embedded SDC commands
    Info (332165): Entity sld_hub
        Info (332166): create_clock -name altera_reserved_tck [get_ports {altera_reserved_tck}] -period 10MHz   
        Info (332166): set_clock_groups -asynchronous -group {altera_reserved_tck}
Critical Warning (332012): Synopsys Design Constraints File file not found: 'FMC_Demo.sdc'. A Synopsys Design Constraints File is required by the TimeQuest Timing Analyzer to get proper timing constraints. Without it, the Compiler will not properly optimize the design.
Warning (332060): Node: CLK_50M was determined to be a clock but was found without an associated clock assignment.
    Info (13166): Register ram_2port1:ram1_inst|altsyncram:mem_rtl_0|altsyncram_fh02:auto_generated|ram_block1a0~porta_we_reg is being clocked by CLK_50M
Warning (332056): PLL cross checking found inconsistent PLL clock settings:
    Warning (332056): Node: pll1_inst|altpll_component|auto_generated|pll1|clk[0] was found missing 1 generated clock that corresponds to a base clock with a period of: 20.000
    Warning (332056): Node: pll1_inst|altpll_component|auto_generated|pll1|clk[1] was found missing 1 generated clock that corresponds to a base clock with a period of: 20.000
    Warning (332056): Node: pll1_inst|altpll_component|auto_generated|pll1|clk[2] was found missing 1 generated clock that corresponds to a base clock with a period of: 20.000
    Warning (332056): Node: pll1_inst|altpll_component|auto_generated|pll1|clk[3] was found missing 1 generated clock that corresponds to a base clock with a period of: 20.000
Critical Warning (332168): The following clock transfers have no clock uncertainty assignment. For more accurate results, apply clock uncertainty assignments or use the derive_clock_uncertainty command.
    Critical Warning (332169): From altera_reserved_tck (Rise) to altera_reserved_tck (Rise) (setup and hold)
    Critical Warning (332169): From altera_reserved_tck (Rise) to altera_reserved_tck (Fall) (setup and hold)
Info (332129): Detected timing requirements -- optimizing circuit to achieve only the specified requirements
Info (332111): Found 1 clocks
    Info (332111):   Period   Clock Name
    Info (332111): ======== ============
    Info (332111):  100.000 altera_reserved_tck
Info (176353): Automatically promoted node CLK_50M~input (placed in PIN 23 (CLK1, DIFFCLK_0n))
    Info (176355): Automatically promoted destinations to use location or clock signal Global Clock CLKCTRL_G2
Info (176353): Automatically promoted node pll1:pll1_inst|altpll:altpll_component|pll1_altpll1:auto_generated|wire_pll1_clk[0] (placed in counter C0 of PLL_1)
    Info (176355): Automatically promoted destinations to use location or clock signal Global Clock CLKCTRL_G3
Info (176353): Automatically promoted node pll1:pll1_inst|altpll:altpll_component|pll1_altpll1:auto_generated|wire_pll1_clk[1] (placed in counter C3 of PLL_1)
    Info (176355): Automatically promoted destinations to use location or clock signal Global Clock CLKCTRL_G1
Info (176353): Automatically promoted node pll1:pll1_inst|altpll:altpll_component|pll1_altpll1:auto_generated|wire_pll1_clk[2] (placed in counter C2 of PLL_1)
    Info (176355): Automatically promoted destinations to use location or clock signal Global Clock CLKCTRL_G0
Info (176353): Automatically promoted node pll1:pll1_inst|altpll:altpll_component|pll1_altpll1:auto_generated|wire_pll1_clk[3] (placed in counter C1 of PLL_1)
    Info (176355): Automatically promoted destinations to use location or clock signal Global Clock CLKCTRL_G4
Info (176353): Automatically promoted node altera_internal_jtag~TCKUTAP 
    Info (176355): Automatically promoted destinations to use location or clock signal Global Clock
Info (176353): Automatically promoted node Equal1~2 
    Info (176355): Automatically promoted destinations to use location or clock signal Global Clock
    Info (176356): Following destination nodes may be non-global or may not use global or regional clocks
        Info (176357): Destination node por_cnt[1]
        Info (176357): Destination node por_cnt[2]
        Info (176357): Destination node por_cnt[3]
        Info (176357): Destination node por_cnt[4]
        Info (176357): Destination node por_cnt[5]
        Info (176357): Destination node por_cnt[6]
        Info (176357): Destination node por_cnt[7]
        Info (176357): Destination node por_cnt[8]
        Info (176357): Destination node por_cnt[9]
        Info (176357): Destination node por_cnt[0]~9
Info (176353): Automatically promoted node sld_signaltap:auto_signaltap_0|sld_signaltap_impl:sld_signaltap_body|sld_signaltap_implb:sld_signaltap_body|reset_all 
    Info (176355): Automatically promoted destinations to use location or clock signal Global Clock
    Info (176356): Following destination nodes may be non-global or may not use global or regional clocks
        Info (176357): Destination node sld_signaltap:auto_signaltap_0|sld_signaltap_impl:sld_signaltap_body|sld_signaltap_implb:sld_signaltap_body|sld_offload_buffer_mgr:\stp_non_zero_depth_offload_gen:stp_offload_buff_mgr_inst|acq_buf_read_reset~0
        Info (176357): Destination node sld_signaltap:auto_signaltap_0|sld_signaltap_impl:sld_signaltap_body|sld_signaltap_implb:sld_signaltap_body|sld_offload_buffer_mgr:\stp_non_zero_depth_offload_gen:stp_offload_buff_mgr_inst|acq_buf_read_reset
Info (176233): Starting register packing
Info (176235): Finished register packing
    Extra Info (176219): No registers were packed into other blocks
Warning (15064): PLL "pll1:pll1_inst|altpll:altpll_component|pll1_altpll1:auto_generated|pll1" output port clk[1] feeds output pin "DAC2_CLK~output" via non-dedicated routing -- jitter performance depends on switching rate of other design elements. Use PLL dedicated clock outputs to ensure jitter performance
Warning (15064): PLL "pll1:pll1_inst|altpll:altpll_component|pll1_altpll1:auto_generated|pll1" output port clk[1] feeds output pin "DAC_CLK~output" via non-dedicated routing -- jitter performance depends on switching rate of other design elements. Use PLL dedicated clock outputs to ensure jitter performance
Warning (15064): PLL "pll1:pll1_inst|altpll:altpll_component|pll1_altpll1:auto_generated|pll1" output port clk[2] feeds output pin "ADCCLK~output" via non-dedicated routing -- jitter performance depends on switching rate of other design elements. Use PLL dedicated clock outputs to ensure jitter performance
Info (171121): Fitter preparation operations ending: elapsed time is 00:00:02
Info (14896): Fitter has disabled Advanced Physical Optimization because it is not supported for the current family.
Info (170189): Fitter placement preparation operations beginning
Info (170190): Fitter placement preparation operations ending: elapsed time is 00:00:00
Info (170191): Fitter placement operations beginning
Info (170137): Fitter placement was successful
Info (170192): Fitter placement operations ending: elapsed time is 00:00:01
Info (170193): Fitter routing operations beginning
Info (170195): Router estimated average interconnect usage is 8% of the available device resources
    Info (170196): Router estimated peak interconnect usage is 17% of the available device resources in the region that extends from location X11_Y12 to location X22_Y24
Info (170194): Fitter routing operations ending: elapsed time is 00:00:01
Info (170199): The Fitter performed an Auto Fit compilation.  Optimizations were skipped to reduce compilation time.
    Info (170201): Optimizations that may affect the design's routability were skipped
    Info (170200): Optimizations that may affect the design's timing were skipped
Info (11888): Total time spent on timing analysis during the Fitter is 0.68 seconds.
Info (334003): Started post-fitting delay annotation
Info (334004): Delay annotation completed successfully
Info (334003): Started post-fitting delay annotation
Info (334004): Delay annotation completed successfully
Info (11218): Fitter post-fit operations ending: elapsed time is 00:00:02
Info (169197): Configuration voltage level is automatically enforced for the device family 'Cyclone IV E' with the configuration scheme 'Active Serial'
Info (169213): Configuration voltage level of 3.3V is enforced on the I/O bank 1. The VCCIO of the I/O bank 1 is set to 3.3V.
Info (169213): Configuration voltage level of 3.3V is enforced on the I/O bank 1. The VCCIO of the I/O bank 1 is set to 3.3V.
Warning (169177): 47 pins must meet Altera requirements for 3.3-, 3.0-, and 2.5-V interfaces. For more information, refer to AN 447: Interfacing Cyclone IV E Devices with 3.3/3.0/2.5-V LVTTL/LVCMOS I/O Systems.
    Info (169178): Pin FMC_D[0] uses I/O standard 3.3-V LVCMOS at 69
    Info (169178): Pin FMC_D[1] uses I/O standard 3.3-V LVCMOS at 68
    Info (169178): Pin FMC_D[2] uses I/O standard 3.3-V LVCMOS at 75
    Info (169178): Pin FMC_D[3] uses I/O standard 3.3-V LVCMOS at 76
    Info (169178): Pin FMC_D[4] uses I/O standard 3.3-V LVCMOS at 101
    Info (169178): Pin FMC_D[5] uses I/O standard 3.3-V LVCMOS at 100
    Info (169178): Pin FMC_D[6] uses I/O standard 3.3-V LVCMOS at 99
    Info (169178): Pin FMC_D[7] uses I/O standard 3.3-V LVCMOS at 98
    Info (169178): Pin FMC_D[8] uses I/O standard 3.3-V LVCMOS at 87
    Info (169178): Pin FMC_D[9] uses I/O standard 3.3-V LVCMOS at 86
    Info (169178): Pin FMC_D[10] uses I/O standard 3.3-V LVCMOS at 85
    Info (169178): Pin FMC_D[11] uses I/O standard 3.3-V LVCMOS at 84
    Info (169178): Pin FMC_D[12] uses I/O standard 3.3-V LVCMOS at 83
    Info (169178): Pin FMC_D[13] uses I/O standard 3.3-V LVCMOS at 70
    Info (169178): Pin FMC_D[14] uses I/O standard 3.3-V LVCMOS at 71
    Info (169178): Pin FMC_D[15] uses I/O standard 3.3-V LVCMOS at 72
    Info (169178): Pin CLK_50M uses I/O standard 3.3-V LVCMOS at 23
    Info (169178): Pin FMC_A[13] uses I/O standard 3.3-V LVCMOS at 66
    Info (169178): Pin FMC_A[12] uses I/O standard 3.3-V LVCMOS at 67
    Info (169178): Pin FMC_A[9] uses I/O standard 3.3-V LVCMOS at 105
    Info (169178): Pin FMC_A[8] uses I/O standard 3.3-V LVCMOS at 106
    Info (169178): Pin FMC_A[7] uses I/O standard 3.3-V LVCMOS at 111
    Info (169178): Pin FMC_A[6] uses I/O standard 3.3-V LVCMOS at 110
    Info (169178): Pin FMC_A[5] uses I/O standard 3.3-V LVCMOS at 112
    Info (169178): Pin FMC_A[4] uses I/O standard 3.3-V LVCMOS at 113
    Info (169178): Pin FMC_A[10] uses I/O standard 3.3-V LVCMOS at 104
    Info (169178): Pin FMC_A[14] uses I/O standard 3.3-V LVCMOS at 73
    Info (169178): Pin FMC_A[1] uses I/O standard 3.3-V LVCMOS at 119
    Info (169178): Pin FMC_A[3] uses I/O standard 3.3-V LVCMOS at 114
    Info (169178): Pin FMC_A[2] uses I/O standard 3.3-V LVCMOS at 115
    Info (169178): Pin FMC_A[11] uses I/O standard 3.3-V LVCMOS at 103
    Info (169178): Pin FMC_A[0] uses I/O standard 3.3-V LVCMOS at 120
    Info (169178): Pin FMC_NE1 uses I/O standard 3.3-V LVCMOS at 74
    Info (169178): Pin FMC_NWE uses I/O standard 3.3-V LVCMOS at 80
    Info (169178): Pin FMC_NOE uses I/O standard 3.3-V LVCMOS at 77
    Info (169178): Pin ADC_D[0] uses I/O standard 3.3-V LVCMOS at 137
    Info (169178): Pin ADC_D[1] uses I/O standard 3.3-V LVCMOS at 135
    Info (169178): Pin ADC_D[2] uses I/O standard 3.3-V LVCMOS at 136
    Info (169178): Pin ADC_D[3] uses I/O standard 3.3-V LVCMOS at 132
    Info (169178): Pin ADC_D[4] uses I/O standard 3.3-V LVCMOS at 133
    Info (169178): Pin ADC_D[5] uses I/O standard 3.3-V LVCMOS at 128
    Info (169178): Pin ADC_D[6] uses I/O standard 3.3-V LVCMOS at 126
    Info (169178): Pin ADC_D[7] uses I/O standard 3.3-V LVCMOS at 127
    Info (169178): Pin ADC_D[8] uses I/O standard 3.3-V LVCMOS at 124
    Info (169178): Pin ADC_D[9] uses I/O standard 3.3-V LVCMOS at 125
    Info (169178): Pin ADC_D[10] uses I/O standard 3.3-V LVCMOS at 121
    Info (169178): Pin ADC_D[11] uses I/O standard 3.3-V LVCMOS at 91
Info (144001): Generated suppressed messages file D:/File/CubeMX/STM-FPGA/DDS_AD9959_(double)AD9740_AD9220/FPGA/output_files/FMC_Demo.fit.smsg
Info: Quartus II 64-Bit Fitter was successful. 0 errors, 17 warnings
    Info: Peak virtual memory: 6642 megabytes
    Info: Processing ended: Wed Jul 29 16:06:50 2026
    Info: Elapsed time: 00:00:10
    Info: Total CPU time (on all processors): 00:00:17


+----------------------------+
; Fitter Suppressed Messages ;
+----------------------------+
The suppressed messages can be found in D:/File/CubeMX/STM-FPGA/DDS_AD9959_(double)AD9740_AD9220/FPGA/output_files/FMC_Demo.fit.smsg.


