Analysis & Synthesis report for FMC_Demo
Wed Jul 29 16:06:38 2026
Quartus II 64-Bit Version 14.1.0 Build 186 12/03/2014 SJ Full Version


---------------------
; Table of Contents ;
---------------------
  1. Legal Notice
  2. Analysis & Synthesis Summary
  3. Analysis & Synthesis Settings
  4. Parallel Compilation
  5. Analysis & Synthesis Source Files Read
  6. Analysis & Synthesis Resource Usage Summary
  7. Analysis & Synthesis Resource Utilization by Entity
  8. Analysis & Synthesis RAM Summary
  9. Analysis & Synthesis DSP Block Usage Summary
 10. Analysis & Synthesis IP Cores Summary
 11. State Machine - |FMC_Demo|stm32_fmc_16bit:fmc_inst|FIR1:u_fir|FIR1_0002:fir1_inst|FIR1_0002_ast:FIR1_0002_ast_inst|auk_dspip_avalon_streaming_sink_hpfir:sink|sink_state
 12. Registers Removed During Synthesis
 13. Removed Registers Triggering Further Register Optimizations
 14. General Register Statistics
 15. Inverted Register Statistics
 16. Registers Packed Into Inferred Megafunctions
 17. Multiplexer Restructuring Statistics (Restructuring Performed)
 18. Source assignments for stm32_fmc_16bit:fmc_inst|FIR1:u_fir|FIR1_0002:fir1_inst|FIR1_0002_ast:FIR1_0002_ast_inst
 19. Source assignments for stm32_fmc_16bit:fmc_inst|FIR1:u_fir|FIR1_0002:fir1_inst|FIR1_0002_ast:FIR1_0002_ast_inst|FIR1_0002_rtl:hpfircore
 20. Source assignments for stm32_fmc_16bit:fmc_inst|FIR1:u_fir|FIR1_0002:fir1_inst|FIR1_0002_ast:FIR1_0002_ast_inst|FIR1_0002_rtl:hpfircore|altsyncram:u0_m0_wo0_wi0_delayr0_dmem|altsyncram_a2o3:auto_generated
 21. Source assignments for stm32_fmc_16bit:fmc_inst|FIR1:u_fir|FIR1_0002:fir1_inst|FIR1_0002_ast:FIR1_0002_ast_inst|FIR1_0002_rtl:hpfircore|altsyncram:u0_m0_wo0_wi0_delayr1_dmem|altsyncram_m2o3:auto_generated
 22. Source assignments for stm32_fmc_16bit:fmc_inst|FIR1:u_fir|FIR1_0002:fir1_inst|FIR1_0002_ast:FIR1_0002_ast_inst|FIR1_0002_rtl:hpfircore|altsyncram:u0_m0_wo0_wi0_delayr4_dmem|altsyncram_m2o3:auto_generated
 23. Source assignments for stm32_fmc_16bit:fmc_inst|FIR1:u_fir|FIR1_0002:fir1_inst|FIR1_0002_ast:FIR1_0002_ast_inst|FIR1_0002_rtl:hpfircore|altsyncram:u0_m0_wo0_wi0_delayr7_dmem|altsyncram_m2o3:auto_generated
 24. Source assignments for stm32_fmc_16bit:fmc_inst|FIR1:u_fir|FIR1_0002:fir1_inst|FIR1_0002_ast:FIR1_0002_ast_inst|FIR1_0002_rtl:hpfircore|altsyncram:u0_m0_wo0_wi0_delayr10_dmem|altsyncram_m2o3:auto_generated
 25. Source assignments for stm32_fmc_16bit:fmc_inst|FIR1:u_fir|FIR1_0002:fir1_inst|FIR1_0002_ast:FIR1_0002_ast_inst|FIR1_0002_rtl:hpfircore|altsyncram:u0_m0_wo0_wi0_delayr14_dmem|altsyncram_g2o3:auto_generated
 26. Source assignments for stm32_fmc_16bit:fmc_inst|FIR1:u_fir|FIR1_0002:fir1_inst|FIR1_0002_ast:FIR1_0002_ast_inst|FIR1_0002_rtl:hpfircore|altsyncram:u0_m0_wo0_wi0_delayr15_dmem|altsyncram_s2o3:auto_generated
 27. Source assignments for stm32_fmc_16bit:fmc_inst|FIR1:u_fir|FIR1_0002:fir1_inst|FIR1_0002_ast:FIR1_0002_ast_inst|FIR1_0002_rtl:hpfircore|altsyncram:u0_m0_wo0_wi0_delayr18_dmem|altsyncram_s2o3:auto_generated
 28. Source assignments for stm32_fmc_16bit:fmc_inst|FIR1:u_fir|FIR1_0002:fir1_inst|FIR1_0002_ast:FIR1_0002_ast_inst|FIR1_0002_rtl:hpfircore|altsyncram:u0_m0_wo0_wi0_delayr21_dmem|altsyncram_s2o3:auto_generated
 29. Source assignments for stm32_fmc_16bit:fmc_inst|FIR1:u_fir|FIR1_0002:fir1_inst|FIR1_0002_ast:FIR1_0002_ast_inst|FIR1_0002_rtl:hpfircore|altsyncram:u0_m0_wo0_wi0_delayr24_dmem|altsyncram_n2o3:auto_generated
 30. Source assignments for sld_signaltap:auto_signaltap_0
 31. Source assignments for ram_2port1:ram1_inst|altsyncram:mem_rtl_0|altsyncram_fh02:auto_generated
 32. Source assignments for ram_2port1:ram2_inst|altsyncram:mem_rtl_0|altsyncram_fh02:auto_generated
 33. Source assignments for stm32_fmc_16bit:fmc_inst|altsyncram:adc1_ram_rtl_0|altsyncram_h5f1:auto_generated
 34. Parameter Settings for User Entity Instance: pll1:pll1_inst|altpll:altpll_component
 35. Parameter Settings for User Entity Instance: stm32_fmc_16bit:fmc_inst|FIR1:u_fir|FIR1_0002:fir1_inst|FIR1_0002_ast:FIR1_0002_ast_inst
 36. Parameter Settings for User Entity Instance: stm32_fmc_16bit:fmc_inst|FIR1:u_fir|FIR1_0002:fir1_inst|FIR1_0002_ast:FIR1_0002_ast_inst|auk_dspip_avalon_streaming_sink_hpfir:sink
 37. Parameter Settings for User Entity Instance: stm32_fmc_16bit:fmc_inst|FIR1:u_fir|FIR1_0002:fir1_inst|FIR1_0002_ast:FIR1_0002_ast_inst|auk_dspip_avalon_streaming_source_hpfir:source
 38. Parameter Settings for User Entity Instance: stm32_fmc_16bit:fmc_inst|FIR1:u_fir|FIR1_0002:fir1_inst|FIR1_0002_ast:FIR1_0002_ast_inst|FIR1_0002_rtl:hpfircore|dspba_delay:u0_m0_wo0_memread
 39. Parameter Settings for User Entity Instance: stm32_fmc_16bit:fmc_inst|FIR1:u_fir|FIR1_0002:fir1_inst|FIR1_0002_ast:FIR1_0002_ast_inst|FIR1_0002_rtl:hpfircore|dspba_delay:d_u0_m0_wo0_memread_q_13
 40. Parameter Settings for User Entity Instance: stm32_fmc_16bit:fmc_inst|FIR1:u_fir|FIR1_0002:fir1_inst|FIR1_0002_ast:FIR1_0002_ast_inst|FIR1_0002_rtl:hpfircore|dspba_delay:u0_m0_wo0_compute
 41. Parameter Settings for User Entity Instance: stm32_fmc_16bit:fmc_inst|FIR1:u_fir|FIR1_0002:fir1_inst|FIR1_0002_ast:FIR1_0002_ast_inst|FIR1_0002_rtl:hpfircore|dspba_delay:d_u0_m0_wo0_compute_q_19
 42. Parameter Settings for User Entity Instance: stm32_fmc_16bit:fmc_inst|FIR1:u_fir|FIR1_0002:fir1_inst|FIR1_0002_ast:FIR1_0002_ast_inst|FIR1_0002_rtl:hpfircore|dspba_delay:d_u0_m0_wo0_compute_q_20
 43. Parameter Settings for User Entity Instance: stm32_fmc_16bit:fmc_inst|FIR1:u_fir|FIR1_0002:fir1_inst|FIR1_0002_ast:FIR1_0002_ast_inst|FIR1_0002_rtl:hpfircore|dspba_delay:d_xIn_0_13
 44. Parameter Settings for User Entity Instance: stm32_fmc_16bit:fmc_inst|FIR1:u_fir|FIR1_0002:fir1_inst|FIR1_0002_ast:FIR1_0002_ast_inst|FIR1_0002_rtl:hpfircore|dspba_delay:d_in0_m0_wi0_wo0_assign_sel_q_13
 45. Parameter Settings for User Entity Instance: stm32_fmc_16bit:fmc_inst|FIR1:u_fir|FIR1_0002:fir1_inst|FIR1_0002_ast:FIR1_0002_ast_inst|FIR1_0002_rtl:hpfircore|altsyncram:u0_m0_wo0_wi0_delayr0_dmem
 46. Parameter Settings for User Entity Instance: stm32_fmc_16bit:fmc_inst|FIR1:u_fir|FIR1_0002:fir1_inst|FIR1_0002_ast:FIR1_0002_ast_inst|FIR1_0002_rtl:hpfircore|altsyncram:u0_m0_wo0_wi0_delayr1_dmem
 47. Parameter Settings for User Entity Instance: stm32_fmc_16bit:fmc_inst|FIR1:u_fir|FIR1_0002:fir1_inst|FIR1_0002_ast:FIR1_0002_ast_inst|FIR1_0002_rtl:hpfircore|altsyncram:u0_m0_wo0_wi0_delayr4_dmem
 48. Parameter Settings for User Entity Instance: stm32_fmc_16bit:fmc_inst|FIR1:u_fir|FIR1_0002:fir1_inst|FIR1_0002_ast:FIR1_0002_ast_inst|FIR1_0002_rtl:hpfircore|altsyncram:u0_m0_wo0_wi0_delayr7_dmem
 49. Parameter Settings for User Entity Instance: stm32_fmc_16bit:fmc_inst|FIR1:u_fir|FIR1_0002:fir1_inst|FIR1_0002_ast:FIR1_0002_ast_inst|FIR1_0002_rtl:hpfircore|altsyncram:u0_m0_wo0_wi0_delayr10_dmem
 50. Parameter Settings for User Entity Instance: stm32_fmc_16bit:fmc_inst|FIR1:u_fir|FIR1_0002:fir1_inst|FIR1_0002_ast:FIR1_0002_ast_inst|FIR1_0002_rtl:hpfircore|altsyncram:u0_m0_wo0_wi0_delayr14_dmem
 51. Parameter Settings for User Entity Instance: stm32_fmc_16bit:fmc_inst|FIR1:u_fir|FIR1_0002:fir1_inst|FIR1_0002_ast:FIR1_0002_ast_inst|FIR1_0002_rtl:hpfircore|altsyncram:u0_m0_wo0_wi0_delayr15_dmem
 52. Parameter Settings for User Entity Instance: stm32_fmc_16bit:fmc_inst|FIR1:u_fir|FIR1_0002:fir1_inst|FIR1_0002_ast:FIR1_0002_ast_inst|FIR1_0002_rtl:hpfircore|altsyncram:u0_m0_wo0_wi0_delayr18_dmem
 53. Parameter Settings for User Entity Instance: stm32_fmc_16bit:fmc_inst|FIR1:u_fir|FIR1_0002:fir1_inst|FIR1_0002_ast:FIR1_0002_ast_inst|FIR1_0002_rtl:hpfircore|altsyncram:u0_m0_wo0_wi0_delayr21_dmem
 54. Parameter Settings for User Entity Instance: stm32_fmc_16bit:fmc_inst|FIR1:u_fir|FIR1_0002:fir1_inst|FIR1_0002_ast:FIR1_0002_ast_inst|FIR1_0002_rtl:hpfircore|altsyncram:u0_m0_wo0_wi0_delayr24_dmem
 55. Parameter Settings for User Entity Instance: stm32_fmc_16bit:fmc_inst|FIR1:u_fir|FIR1_0002:fir1_inst|FIR1_0002_ast:FIR1_0002_ast_inst|FIR1_0002_rtl:hpfircore|dspba_delay:d_u0_m0_wo0_wi0_split24_c_15
 56. Parameter Settings for User Entity Instance: stm32_fmc_16bit:fmc_inst|FIR1:u_fir|FIR1_0002:fir1_inst|FIR1_0002_ast:FIR1_0002_ast_inst|FIR1_0002_rtl:hpfircore|dspba_delay:d_u0_m0_wo0_wi0_delayr0_q_15
 57. Parameter Settings for User Entity Instance: stm32_fmc_16bit:fmc_inst|FIR1:u_fir|FIR1_0002:fir1_inst|FIR1_0002_ast:FIR1_0002_ast_inst|FIR1_0002_rtl:hpfircore|dspba_delay:d_u0_m0_wo0_ca12_q_15
 58. Parameter Settings for User Entity Instance: stm32_fmc_16bit:fmc_inst|FIR1:u_fir|FIR1_0002:fir1_inst|FIR1_0002_ast:FIR1_0002_ast_inst|FIR1_0002_rtl:hpfircore|LPM_MULT:u0_m0_wo0_mtree_mult1_12_component
 59. Parameter Settings for User Entity Instance: stm32_fmc_16bit:fmc_inst|FIR1:u_fir|FIR1_0002:fir1_inst|FIR1_0002_ast:FIR1_0002_ast_inst|FIR1_0002_rtl:hpfircore|LPM_MULT:u0_m0_wo0_mtree_mult1_11_component
 60. Parameter Settings for User Entity Instance: stm32_fmc_16bit:fmc_inst|FIR1:u_fir|FIR1_0002:fir1_inst|FIR1_0002_ast:FIR1_0002_ast_inst|FIR1_0002_rtl:hpfircore|LPM_MULT:u0_m0_wo0_mtree_mult1_10_component
 61. Parameter Settings for User Entity Instance: stm32_fmc_16bit:fmc_inst|FIR1:u_fir|FIR1_0002:fir1_inst|FIR1_0002_ast:FIR1_0002_ast_inst|FIR1_0002_rtl:hpfircore|LPM_MULT:u0_m0_wo0_mtree_mult1_9_component
 62. Parameter Settings for User Entity Instance: stm32_fmc_16bit:fmc_inst|FIR1:u_fir|FIR1_0002:fir1_inst|FIR1_0002_ast:FIR1_0002_ast_inst|FIR1_0002_rtl:hpfircore|LPM_MULT:u0_m0_wo0_mtree_mult1_8_component
 63. Parameter Settings for User Entity Instance: stm32_fmc_16bit:fmc_inst|FIR1:u_fir|FIR1_0002:fir1_inst|FIR1_0002_ast:FIR1_0002_ast_inst|FIR1_0002_rtl:hpfircore|LPM_MULT:u0_m0_wo0_mtree_mult1_7_component
 64. Parameter Settings for User Entity Instance: stm32_fmc_16bit:fmc_inst|FIR1:u_fir|FIR1_0002:fir1_inst|FIR1_0002_ast:FIR1_0002_ast_inst|FIR1_0002_rtl:hpfircore|LPM_MULT:u0_m0_wo0_mtree_mult1_6_component
 65. Parameter Settings for User Entity Instance: stm32_fmc_16bit:fmc_inst|FIR1:u_fir|FIR1_0002:fir1_inst|FIR1_0002_ast:FIR1_0002_ast_inst|FIR1_0002_rtl:hpfircore|LPM_MULT:u0_m0_wo0_mtree_mult1_5_component
 66. Parameter Settings for User Entity Instance: stm32_fmc_16bit:fmc_inst|FIR1:u_fir|FIR1_0002:fir1_inst|FIR1_0002_ast:FIR1_0002_ast_inst|FIR1_0002_rtl:hpfircore|LPM_MULT:u0_m0_wo0_mtree_mult1_4_component
 67. Parameter Settings for User Entity Instance: stm32_fmc_16bit:fmc_inst|FIR1:u_fir|FIR1_0002:fir1_inst|FIR1_0002_ast:FIR1_0002_ast_inst|FIR1_0002_rtl:hpfircore|LPM_MULT:u0_m0_wo0_mtree_mult1_3_component
 68. Parameter Settings for User Entity Instance: stm32_fmc_16bit:fmc_inst|FIR1:u_fir|FIR1_0002:fir1_inst|FIR1_0002_ast:FIR1_0002_ast_inst|FIR1_0002_rtl:hpfircore|LPM_MULT:u0_m0_wo0_mtree_mult1_2_component
 69. Parameter Settings for User Entity Instance: stm32_fmc_16bit:fmc_inst|FIR1:u_fir|FIR1_0002:fir1_inst|FIR1_0002_ast:FIR1_0002_ast_inst|FIR1_0002_rtl:hpfircore|LPM_MULT:u0_m0_wo0_mtree_mult1_1_component
 70. Parameter Settings for User Entity Instance: stm32_fmc_16bit:fmc_inst|FIR1:u_fir|FIR1_0002:fir1_inst|FIR1_0002_ast:FIR1_0002_ast_inst|FIR1_0002_rtl:hpfircore|LPM_MULT:u0_m0_wo0_mtree_mult1_0_component
 71. Parameter Settings for User Entity Instance: stm32_fmc_16bit:fmc_inst|FIR1:u_fir|FIR1_0002:fir1_inst|FIR1_0002_ast:FIR1_0002_ast_inst|auk_dspip_roundsat_hpfir:\gen_outp_blk:0:outp_blk
 72. Parameter Settings for Inferred Entity Instance: sld_signaltap:auto_signaltap_0
 73. Parameter Settings for Inferred Entity Instance: ram_2port1:ram1_inst|altsyncram:mem_rtl_0
 74. Parameter Settings for Inferred Entity Instance: ram_2port1:ram2_inst|altsyncram:mem_rtl_0
 75. Parameter Settings for Inferred Entity Instance: stm32_fmc_16bit:fmc_inst|altsyncram:adc1_ram_rtl_0
 76. altpll Parameter Settings by Entity Instance
 77. altsyncram Parameter Settings by Entity Instance
 78. lpm_mult Parameter Settings by Entity Instance
 79. Port Connectivity Checks: "ram_2port1:ram2_inst"
 80. Port Connectivity Checks: "ram_2port1:ram1_inst"
 81. Port Connectivity Checks: "stm32_fmc_16bit:fmc_inst|FIR1:u_fir"
 82. SignalTap II Logic Analyzer Settings
 83. Post-Synthesis Netlist Statistics for Top Partition
 84. Post-Synthesis Netlist Statistics for Partition sld_hub:auto_hub
 85. Elapsed Time Per Partition
 86. Connections to In-System Debugging Instance "auto_signaltap_0"
 87. Analysis & Synthesis Messages



----------------
; Legal Notice ;
----------------
Copyright (C) 1991-2014 Altera Corporation. All rights reserved.
Your use of Altera Corporation's design tools, logic functions 
and other software and tools, and its AMPP partner logic 
functions, and any output files from any of the foregoing 
(including device programming or simulation files), and any 
associated documentation or information are expressly subject 
to the terms and conditions of the Altera Program License 
Subscription Agreement, the Altera Quartus II License Agreement,
the Altera MegaCore Function License Agreement, or other 
applicable license agreement, including, without limitation, 
that your use is for the sole purpose of programming logic 
devices manufactured by Altera and sold by Altera or its 
authorized distributors.  Please refer to the applicable 
agreement for further details.



+----------------------------------------------------------------------------------+
; Analysis & Synthesis Summary                                                     ;
+------------------------------------+---------------------------------------------+
; Analysis & Synthesis Status        ; Successful - Wed Jul 29 16:06:38 2026       ;
; Quartus II 64-Bit Version          ; 14.1.0 Build 186 12/03/2014 SJ Full Version ;
; Revision Name                      ; FMC_Demo                                    ;
; Top-level Entity Name              ; FMC_Demo                                    ;
; Family                             ; Cyclone IV E                                ;
; Total logic elements               ; 2,159                                       ;
;     Total combinational functions  ; 1,553                                       ;
;     Dedicated logic registers      ; 1,714                                       ;
; Total registers                    ; 1714                                        ;
; Total pins                         ; 70                                          ;
; Total virtual pins                 ; 0                                           ;
; Total memory bits                  ; 171,916                                     ;
; Embedded Multiplier 9-bit elements ; 26                                          ;
; Total PLLs                         ; 1                                           ;
+------------------------------------+---------------------------------------------+


+----------------------------------------------------------------------------------------------------------------------+
; Analysis & Synthesis Settings                                                                                        ;
+----------------------------------------------------------------------------+--------------------+--------------------+
; Option                                                                     ; Setting            ; Default Value      ;
+----------------------------------------------------------------------------+--------------------+--------------------+
; Device                                                                     ; EP4CE10E22I7       ;                    ;
; Top-level entity name                                                      ; FMC_Demo           ; FMC_Demo           ;
; Family name                                                                ; Cyclone IV E       ; Cyclone IV GX      ;
; Use smart compilation                                                      ; Off                ; Off                ;
; Enable parallel Assembler and TimeQuest Timing Analyzer during compilation ; On                 ; On                 ;
; Enable compact report table                                                ; Off                ; Off                ;
; Restructure Multiplexers                                                   ; Auto               ; Auto               ;
; Create Debugging Nodes for IP Cores                                        ; Off                ; Off                ;
; Preserve fewer node names                                                  ; On                 ; On                 ;
; Disable OpenCore Plus hardware evaluation                                  ; Off                ; Off                ;
; Verilog Version                                                            ; Verilog_2001       ; Verilog_2001       ;
; VHDL Version                                                               ; VHDL_1993          ; VHDL_1993          ;
; State Machine Processing                                                   ; Auto               ; Auto               ;
; Safe State Machine                                                         ; Off                ; Off                ;
; Extract Verilog State Machines                                             ; On                 ; On                 ;
; Extract VHDL State Machines                                                ; On                 ; On                 ;
; Ignore Verilog initial constructs                                          ; Off                ; Off                ;
; Iteration limit for constant Verilog loops                                 ; 5000               ; 5000               ;
; Iteration limit for non-constant Verilog loops                             ; 250                ; 250                ;
; Add Pass-Through Logic to Inferred RAMs                                    ; On                 ; On                 ;
; Infer RAMs from Raw Logic                                                  ; On                 ; On                 ;
; Parallel Synthesis                                                         ; On                 ; On                 ;
; DSP Block Balancing                                                        ; Auto               ; Auto               ;
; NOT Gate Push-Back                                                         ; On                 ; On                 ;
; Power-Up Don't Care                                                        ; On                 ; On                 ;
; Remove Redundant Logic Cells                                               ; Off                ; Off                ;
; Remove Duplicate Registers                                                 ; On                 ; On                 ;
; Ignore CARRY Buffers                                                       ; Off                ; Off                ;
; Ignore CASCADE Buffers                                                     ; Off                ; Off                ;
; Ignore GLOBAL Buffers                                                      ; Off                ; Off                ;
; Ignore ROW GLOBAL Buffers                                                  ; Off                ; Off                ;
; Ignore LCELL Buffers                                                       ; Off                ; Off                ;
; Ignore SOFT Buffers                                                        ; On                 ; On                 ;
; Limit AHDL Integers to 32 Bits                                             ; Off                ; Off                ;
; Optimization Technique                                                     ; Balanced           ; Balanced           ;
; Carry Chain Length                                                         ; 70                 ; 70                 ;
; Auto Carry Chains                                                          ; On                 ; On                 ;
; Auto Open-Drain Pins                                                       ; On                 ; On                 ;
; Perform WYSIWYG Primitive Resynthesis                                      ; Off                ; Off                ;
; Auto ROM Replacement                                                       ; On                 ; On                 ;
; Auto RAM Replacement                                                       ; On                 ; On                 ;
; Auto DSP Block Replacement                                                 ; On                 ; On                 ;
; Auto Shift Register Replacement                                            ; Auto               ; Auto               ;
; Allow Shift Register Merging across Hierarchies                            ; Auto               ; Auto               ;
; Auto Clock Enable Replacement                                              ; On                 ; On                 ;
; Strict RAM Replacement                                                     ; Off                ; Off                ;
; Allow Synchronous Control Signals                                          ; On                 ; On                 ;
; Force Use of Synchronous Clear Signals                                     ; Off                ; Off                ;
; Auto RAM Block Balancing                                                   ; On                 ; On                 ;
; Auto RAM to Logic Cell Conversion                                          ; Off                ; Off                ;
; Auto Resource Sharing                                                      ; Off                ; Off                ;
; Allow Any RAM Size For Recognition                                         ; Off                ; Off                ;
; Allow Any ROM Size For Recognition                                         ; Off                ; Off                ;
; Allow Any Shift Register Size For Recognition                              ; Off                ; Off                ;
; Use LogicLock Constraints during Resource Balancing                        ; On                 ; On                 ;
; Ignore translate_off and synthesis_off directives                          ; Off                ; Off                ;
; Timing-Driven Synthesis                                                    ; On                 ; On                 ;
; Report Parameter Settings                                                  ; On                 ; On                 ;
; Report Source Assignments                                                  ; On                 ; On                 ;
; Report Connectivity Checks                                                 ; On                 ; On                 ;
; Ignore Maximum Fan-Out Assignments                                         ; Off                ; Off                ;
; Synchronization Register Chain Length                                      ; 2                  ; 2                  ;
; PowerPlay Power Optimization During Synthesis                              ; Normal compilation ; Normal compilation ;
; HDL message level                                                          ; Level2             ; Level2             ;
; Suppress Register Optimization Related Messages                            ; Off                ; Off                ;
; Number of Removed Registers Reported in Synthesis Report                   ; 5000               ; 5000               ;
; Number of Swept Nodes Reported in Synthesis Report                         ; 5000               ; 5000               ;
; Number of Inverted Registers Reported in Synthesis Report                  ; 100                ; 100                ;
; Clock MUX Protection                                                       ; On                 ; On                 ;
; Auto Gated Clock Conversion                                                ; Off                ; Off                ;
; Block Design Naming                                                        ; Auto               ; Auto               ;
; SDC constraint protection                                                  ; Off                ; Off                ;
; Synthesis Effort                                                           ; Auto               ; Auto               ;
; Shift Register Replacement - Allow Asynchronous Clear Signal               ; On                 ; On                 ;
; Pre-Mapping Resynthesis Optimization                                       ; Off                ; Off                ;
; Analysis & Synthesis Message Level                                         ; Medium             ; Medium             ;
; Disable Register Merging Across Hierarchies                                ; Auto               ; Auto               ;
; Resource Aware Inference For Block RAM                                     ; On                 ; On                 ;
; Synthesis Seed                                                             ; 1                  ; 1                  ;
+----------------------------------------------------------------------------+--------------------+--------------------+


+------------------------------------------+
; Parallel Compilation                     ;
+----------------------------+-------------+
; Processors                 ; Number      ;
+----------------------------+-------------+
; Number detected on machine ; 16          ;
; Maximum allowed            ; 16          ;
;                            ;             ;
; Average used               ; 1.00        ;
; Maximum used               ; 8           ;
;                            ;             ;
; Usage by Processor         ; % Time Used ;
;     Processor 1            ; 100.0%      ;
;     Processors 2-8         ; < 0.1%      ;
;     Processors 9-16        ;   0.0%      ;
+----------------------------+-------------+


+--------------------------------------------------------------------------------------------------------------------------------------------------------------------------------------------------------------------------------------------------------------+
; Analysis & Synthesis Source Files Read                                                                                                                                                                                                                       ;
+--------------------------------------------------------+-----------------+----------------------------------------------+----------------------------------------------------------------------------------------------------------------------+-------------+
; File Name with User-Entered Path                       ; Used in Netlist ; File Type                                    ; File Name with Absolute Path                                                                                         ; Library     ;
+--------------------------------------------------------+-----------------+----------------------------------------------+----------------------------------------------------------------------------------------------------------------------+-------------+
; stm32_fmc_16bit.v                                      ; yes             ; User Verilog HDL File                        ; D:/File/CubeMX/STM-FPGA/DDS_AD9959_(double)AD9740_AD9220/FPGA/stm32_fmc_16bit.v                                      ;             ;
; ram_2port1.v                                           ; yes             ; User Verilog HDL File                        ; D:/File/CubeMX/STM-FPGA/DDS_AD9959_(double)AD9740_AD9220/FPGA/ram_2port1.v                                           ;             ;
; dds_core.v                                             ; yes             ; User Verilog HDL File                        ; D:/File/CubeMX/STM-FPGA/DDS_AD9959_(double)AD9740_AD9220/FPGA/dds_core.v                                             ;             ;
; dac_control.v                                          ; yes             ; User Verilog HDL File                        ; D:/File/CubeMX/STM-FPGA/DDS_AD9959_(double)AD9740_AD9220/FPGA/dac_control.v                                          ;             ;
; FMC_Demo.v                                             ; yes             ; User Verilog HDL File                        ; D:/File/CubeMX/STM-FPGA/DDS_AD9959_(double)AD9740_AD9220/FPGA/FMC_Demo.v                                             ;             ;
; pll1.v                                                 ; yes             ; User Wizard-Generated File                   ; D:/File/CubeMX/STM-FPGA/DDS_AD9959_(double)AD9740_AD9220/FPGA/pll1.v                                                 ;             ;
; FIR1.v                                                 ; yes             ; User Wizard-Generated File                   ; D:/File/CubeMX/STM-FPGA/DDS_AD9959_(double)AD9740_AD9220/FPGA/FIR1.v                                                 ; FIR1        ;
; FIR1/dspba_library_package.vhd                         ; yes             ; User VHDL File                               ; D:/File/CubeMX/STM-FPGA/DDS_AD9959_(double)AD9740_AD9220/FPGA/FIR1/dspba_library_package.vhd                         ; FIR1        ;
; FIR1/dspba_library.vhd                                 ; yes             ; User VHDL File                               ; D:/File/CubeMX/STM-FPGA/DDS_AD9959_(double)AD9740_AD9220/FPGA/FIR1/dspba_library.vhd                                 ; FIR1        ;
; FIR1/auk_dspip_math_pkg_hpfir.vhd                      ; yes             ; User VHDL File                               ; D:/File/CubeMX/STM-FPGA/DDS_AD9959_(double)AD9740_AD9220/FPGA/FIR1/auk_dspip_math_pkg_hpfir.vhd                      ; FIR1        ;
; FIR1/auk_dspip_lib_pkg_hpfir.vhd                       ; yes             ; User VHDL File                               ; D:/File/CubeMX/STM-FPGA/DDS_AD9959_(double)AD9740_AD9220/FPGA/FIR1/auk_dspip_lib_pkg_hpfir.vhd                       ; FIR1        ;
; FIR1/auk_dspip_avalon_streaming_controller_hpfir.vhd   ; yes             ; User VHDL File                               ; D:/File/CubeMX/STM-FPGA/DDS_AD9959_(double)AD9740_AD9220/FPGA/FIR1/auk_dspip_avalon_streaming_controller_hpfir.vhd   ; FIR1        ;
; FIR1/auk_dspip_avalon_streaming_sink_hpfir.vhd         ; yes             ; User VHDL File                               ; D:/File/CubeMX/STM-FPGA/DDS_AD9959_(double)AD9740_AD9220/FPGA/FIR1/auk_dspip_avalon_streaming_sink_hpfir.vhd         ; FIR1        ;
; FIR1/auk_dspip_avalon_streaming_source_hpfir.vhd       ; yes             ; User VHDL File                               ; D:/File/CubeMX/STM-FPGA/DDS_AD9959_(double)AD9740_AD9220/FPGA/FIR1/auk_dspip_avalon_streaming_source_hpfir.vhd       ; FIR1        ;
; FIR1/auk_dspip_roundsat_hpfir.vhd                      ; yes             ; User VHDL File                               ; D:/File/CubeMX/STM-FPGA/DDS_AD9959_(double)AD9740_AD9220/FPGA/FIR1/auk_dspip_roundsat_hpfir.vhd                      ; FIR1        ;
; FIR1/FIR1_0002_rtl.vhd                                 ; yes             ; User VHDL File                               ; D:/File/CubeMX/STM-FPGA/DDS_AD9959_(double)AD9740_AD9220/FPGA/FIR1/FIR1_0002_rtl.vhd                                 ; FIR1        ;
; FIR1/FIR1_0002_ast.vhd                                 ; yes             ; User VHDL File                               ; D:/File/CubeMX/STM-FPGA/DDS_AD9959_(double)AD9740_AD9220/FPGA/FIR1/FIR1_0002_ast.vhd                                 ; FIR1        ;
; FIR1/FIR1_0002.vhd                                     ; yes             ; User VHDL File                               ; D:/File/CubeMX/STM-FPGA/DDS_AD9959_(double)AD9740_AD9220/FPGA/FIR1/FIR1_0002.vhd                                     ; FIR1        ;
; altpll.tdf                                             ; yes             ; Megafunction                                 ; d:/app/altera/14.1/quartus/libraries/megafunctions/altpll.tdf                                                        ;             ;
; aglobal141.inc                                         ; yes             ; Megafunction                                 ; d:/app/altera/14.1/quartus/libraries/megafunctions/aglobal141.inc                                                    ;             ;
; stratix_pll.inc                                        ; yes             ; Megafunction                                 ; d:/app/altera/14.1/quartus/libraries/megafunctions/stratix_pll.inc                                                   ;             ;
; stratixii_pll.inc                                      ; yes             ; Megafunction                                 ; d:/app/altera/14.1/quartus/libraries/megafunctions/stratixii_pll.inc                                                 ;             ;
; cycloneii_pll.inc                                      ; yes             ; Megafunction                                 ; d:/app/altera/14.1/quartus/libraries/megafunctions/cycloneii_pll.inc                                                 ;             ;
; db/pll1_altpll1.v                                      ; yes             ; Auto-Generated Megafunction                  ; D:/File/CubeMX/STM-FPGA/DDS_AD9959_(double)AD9740_AD9220/FPGA/db/pll1_altpll1.v                                      ;             ;
; altsyncram.tdf                                         ; yes             ; Megafunction                                 ; d:/app/altera/14.1/quartus/libraries/megafunctions/altsyncram.tdf                                                    ;             ;
; stratix_ram_block.inc                                  ; yes             ; Megafunction                                 ; d:/app/altera/14.1/quartus/libraries/megafunctions/stratix_ram_block.inc                                             ;             ;
; lpm_mux.inc                                            ; yes             ; Megafunction                                 ; d:/app/altera/14.1/quartus/libraries/megafunctions/lpm_mux.inc                                                       ;             ;
; lpm_decode.inc                                         ; yes             ; Megafunction                                 ; d:/app/altera/14.1/quartus/libraries/megafunctions/lpm_decode.inc                                                    ;             ;
; a_rdenreg.inc                                          ; yes             ; Megafunction                                 ; d:/app/altera/14.1/quartus/libraries/megafunctions/a_rdenreg.inc                                                     ;             ;
; altrom.inc                                             ; yes             ; Megafunction                                 ; d:/app/altera/14.1/quartus/libraries/megafunctions/altrom.inc                                                        ;             ;
; altram.inc                                             ; yes             ; Megafunction                                 ; d:/app/altera/14.1/quartus/libraries/megafunctions/altram.inc                                                        ;             ;
; altdpram.inc                                           ; yes             ; Megafunction                                 ; d:/app/altera/14.1/quartus/libraries/megafunctions/altdpram.inc                                                      ;             ;
; db/altsyncram_a2o3.tdf                                 ; yes             ; Auto-Generated Megafunction                  ; D:/File/CubeMX/STM-FPGA/DDS_AD9959_(double)AD9740_AD9220/FPGA/db/altsyncram_a2o3.tdf                                 ;             ;
; db/altsyncram_m2o3.tdf                                 ; yes             ; Auto-Generated Megafunction                  ; D:/File/CubeMX/STM-FPGA/DDS_AD9959_(double)AD9740_AD9220/FPGA/db/altsyncram_m2o3.tdf                                 ;             ;
; db/altsyncram_g2o3.tdf                                 ; yes             ; Auto-Generated Megafunction                  ; D:/File/CubeMX/STM-FPGA/DDS_AD9959_(double)AD9740_AD9220/FPGA/db/altsyncram_g2o3.tdf                                 ;             ;
; db/altsyncram_s2o3.tdf                                 ; yes             ; Auto-Generated Megafunction                  ; D:/File/CubeMX/STM-FPGA/DDS_AD9959_(double)AD9740_AD9220/FPGA/db/altsyncram_s2o3.tdf                                 ;             ;
; db/altsyncram_n2o3.tdf                                 ; yes             ; Auto-Generated Megafunction                  ; D:/File/CubeMX/STM-FPGA/DDS_AD9959_(double)AD9740_AD9220/FPGA/db/altsyncram_n2o3.tdf                                 ;             ;
; lpm_mult.tdf                                           ; yes             ; Megafunction                                 ; d:/app/altera/14.1/quartus/libraries/megafunctions/lpm_mult.tdf                                                      ;             ;
; lpm_add_sub.inc                                        ; yes             ; Megafunction                                 ; d:/app/altera/14.1/quartus/libraries/megafunctions/lpm_add_sub.inc                                                   ;             ;
; multcore.inc                                           ; yes             ; Megafunction                                 ; d:/app/altera/14.1/quartus/libraries/megafunctions/multcore.inc                                                      ;             ;
; bypassff.inc                                           ; yes             ; Megafunction                                 ; d:/app/altera/14.1/quartus/libraries/megafunctions/bypassff.inc                                                      ;             ;
; altshift.inc                                           ; yes             ; Megafunction                                 ; d:/app/altera/14.1/quartus/libraries/megafunctions/altshift.inc                                                      ;             ;
; db/mult_8eu.tdf                                        ; yes             ; Auto-Generated Megafunction                  ; D:/File/CubeMX/STM-FPGA/DDS_AD9959_(double)AD9740_AD9220/FPGA/db/mult_8eu.tdf                                        ;             ;
; sld_signaltap.vhd                                      ; yes             ; Megafunction                                 ; d:/app/altera/14.1/quartus/libraries/megafunctions/sld_signaltap.vhd                                                 ;             ;
; sld_signaltap_impl.vhd                                 ; yes             ; Encrypted Megafunction                       ; d:/app/altera/14.1/quartus/libraries/megafunctions/sld_signaltap_impl.vhd                                            ;             ;
; sld_ela_control.vhd                                    ; yes             ; Encrypted Megafunction                       ; d:/app/altera/14.1/quartus/libraries/megafunctions/sld_ela_control.vhd                                               ;             ;
; lpm_shiftreg.tdf                                       ; yes             ; Megafunction                                 ; d:/app/altera/14.1/quartus/libraries/megafunctions/lpm_shiftreg.tdf                                                  ;             ;
; lpm_constant.inc                                       ; yes             ; Megafunction                                 ; d:/app/altera/14.1/quartus/libraries/megafunctions/lpm_constant.inc                                                  ;             ;
; dffeea.inc                                             ; yes             ; Megafunction                                 ; d:/app/altera/14.1/quartus/libraries/megafunctions/dffeea.inc                                                        ;             ;
; sld_mbpmg.vhd                                          ; yes             ; Encrypted Megafunction                       ; d:/app/altera/14.1/quartus/libraries/megafunctions/sld_mbpmg.vhd                                                     ;             ;
; sld_ela_trigger_flow_mgr.vhd                           ; yes             ; Encrypted Megafunction                       ; d:/app/altera/14.1/quartus/libraries/megafunctions/sld_ela_trigger_flow_mgr.vhd                                      ;             ;
; sld_buffer_manager.vhd                                 ; yes             ; Encrypted Megafunction                       ; d:/app/altera/14.1/quartus/libraries/megafunctions/sld_buffer_manager.vhd                                            ;             ;
; db/altsyncram_au14.tdf                                 ; yes             ; Auto-Generated Megafunction                  ; D:/File/CubeMX/STM-FPGA/DDS_AD9959_(double)AD9740_AD9220/FPGA/db/altsyncram_au14.tdf                                 ;             ;
; altdpram.tdf                                           ; yes             ; Megafunction                                 ; d:/app/altera/14.1/quartus/libraries/megafunctions/altdpram.tdf                                                      ;             ;
; memmodes.inc                                           ; yes             ; Megafunction                                 ; d:/app/altera/14.1/quartus/libraries/others/maxplus2/memmodes.inc                                                    ;             ;
; a_hdffe.inc                                            ; yes             ; Megafunction                                 ; d:/app/altera/14.1/quartus/libraries/megafunctions/a_hdffe.inc                                                       ;             ;
; alt_le_rden_reg.inc                                    ; yes             ; Megafunction                                 ; d:/app/altera/14.1/quartus/libraries/megafunctions/alt_le_rden_reg.inc                                               ;             ;
; altsyncram.inc                                         ; yes             ; Megafunction                                 ; d:/app/altera/14.1/quartus/libraries/megafunctions/altsyncram.inc                                                    ;             ;
; lpm_mux.tdf                                            ; yes             ; Megafunction                                 ; d:/app/altera/14.1/quartus/libraries/megafunctions/lpm_mux.tdf                                                       ;             ;
; muxlut.inc                                             ; yes             ; Megafunction                                 ; d:/app/altera/14.1/quartus/libraries/megafunctions/muxlut.inc                                                        ;             ;
; db/mux_0tc.tdf                                         ; yes             ; Auto-Generated Megafunction                  ; D:/File/CubeMX/STM-FPGA/DDS_AD9959_(double)AD9740_AD9220/FPGA/db/mux_0tc.tdf                                         ;             ;
; lpm_decode.tdf                                         ; yes             ; Megafunction                                 ; d:/app/altera/14.1/quartus/libraries/megafunctions/lpm_decode.tdf                                                    ;             ;
; declut.inc                                             ; yes             ; Megafunction                                 ; d:/app/altera/14.1/quartus/libraries/megafunctions/declut.inc                                                        ;             ;
; lpm_compare.inc                                        ; yes             ; Megafunction                                 ; d:/app/altera/14.1/quartus/libraries/megafunctions/lpm_compare.inc                                                   ;             ;
; db/decode_dvf.tdf                                      ; yes             ; Auto-Generated Megafunction                  ; D:/File/CubeMX/STM-FPGA/DDS_AD9959_(double)AD9740_AD9220/FPGA/db/decode_dvf.tdf                                      ;             ;
; lpm_counter.tdf                                        ; yes             ; Megafunction                                 ; d:/app/altera/14.1/quartus/libraries/megafunctions/lpm_counter.tdf                                                   ;             ;
; cmpconst.inc                                           ; yes             ; Megafunction                                 ; d:/app/altera/14.1/quartus/libraries/megafunctions/cmpconst.inc                                                      ;             ;
; lpm_counter.inc                                        ; yes             ; Megafunction                                 ; d:/app/altera/14.1/quartus/libraries/megafunctions/lpm_counter.inc                                                   ;             ;
; alt_counter_stratix.inc                                ; yes             ; Megafunction                                 ; d:/app/altera/14.1/quartus/libraries/megafunctions/alt_counter_stratix.inc                                           ;             ;
; db/cntr_bgi.tdf                                        ; yes             ; Auto-Generated Megafunction                  ; D:/File/CubeMX/STM-FPGA/DDS_AD9959_(double)AD9740_AD9220/FPGA/db/cntr_bgi.tdf                                        ;             ;
; db/cmpr_qgc.tdf                                        ; yes             ; Auto-Generated Megafunction                  ; D:/File/CubeMX/STM-FPGA/DDS_AD9959_(double)AD9740_AD9220/FPGA/db/cmpr_qgc.tdf                                        ;             ;
; db/cntr_h6j.tdf                                        ; yes             ; Auto-Generated Megafunction                  ; D:/File/CubeMX/STM-FPGA/DDS_AD9959_(double)AD9740_AD9220/FPGA/db/cntr_h6j.tdf                                        ;             ;
; db/cntr_jgi.tdf                                        ; yes             ; Auto-Generated Megafunction                  ; D:/File/CubeMX/STM-FPGA/DDS_AD9959_(double)AD9740_AD9220/FPGA/db/cntr_jgi.tdf                                        ;             ;
; db/cmpr_rgc.tdf                                        ; yes             ; Auto-Generated Megafunction                  ; D:/File/CubeMX/STM-FPGA/DDS_AD9959_(double)AD9740_AD9220/FPGA/db/cmpr_rgc.tdf                                        ;             ;
; db/cntr_23j.tdf                                        ; yes             ; Auto-Generated Megafunction                  ; D:/File/CubeMX/STM-FPGA/DDS_AD9959_(double)AD9740_AD9220/FPGA/db/cntr_23j.tdf                                        ;             ;
; db/cmpr_ngc.tdf                                        ; yes             ; Auto-Generated Megafunction                  ; D:/File/CubeMX/STM-FPGA/DDS_AD9959_(double)AD9740_AD9220/FPGA/db/cmpr_ngc.tdf                                        ;             ;
; sld_rom_sr.vhd                                         ; yes             ; Encrypted Megafunction                       ; d:/app/altera/14.1/quartus/libraries/megafunctions/sld_rom_sr.vhd                                                    ;             ;
; sld_hub.vhd                                            ; yes             ; Encrypted Megafunction                       ; d:/app/altera/14.1/quartus/libraries/megafunctions/sld_hub.vhd                                                       ; work        ;
; db/ip/sld2079b1f0/alt_sld_fab.v                        ; yes             ; Encrypted Auto-Found Verilog HDL File        ; D:/File/CubeMX/STM-FPGA/DDS_AD9959_(double)AD9740_AD9220/FPGA/db/ip/sld2079b1f0/alt_sld_fab.v                        ; alt_sld_fab ;
; db/ip/sld2079b1f0/submodules/alt_sld_fab_ident.sv      ; yes             ; Auto-Found SystemVerilog HDL File            ; D:/File/CubeMX/STM-FPGA/DDS_AD9959_(double)AD9740_AD9220/FPGA/db/ip/sld2079b1f0/submodules/alt_sld_fab_ident.sv      ; alt_sld_fab ;
; db/ip/sld2079b1f0/submodules/alt_sld_fab_presplit.sv   ; yes             ; Encrypted Auto-Found SystemVerilog HDL File  ; D:/File/CubeMX/STM-FPGA/DDS_AD9959_(double)AD9740_AD9220/FPGA/db/ip/sld2079b1f0/submodules/alt_sld_fab_presplit.sv   ; alt_sld_fab ;
; db/ip/sld2079b1f0/submodules/alt_sld_fab_sldfabric.vhd ; yes             ; Encrypted Auto-Found VHDL File               ; D:/File/CubeMX/STM-FPGA/DDS_AD9959_(double)AD9740_AD9220/FPGA/db/ip/sld2079b1f0/submodules/alt_sld_fab_sldfabric.vhd ; alt_sld_fab ;
; db/ip/sld2079b1f0/submodules/alt_sld_fab_splitter.sv   ; yes             ; Encrypted Auto-Found SystemVerilog HDL File  ; D:/File/CubeMX/STM-FPGA/DDS_AD9959_(double)AD9740_AD9220/FPGA/db/ip/sld2079b1f0/submodules/alt_sld_fab_splitter.sv   ; alt_sld_fab ;
; sld_jtag_hub.vhd                                       ; yes             ; Encrypted Megafunction                       ; d:/app/altera/14.1/quartus/libraries/megafunctions/sld_jtag_hub.vhd                                                  ;             ;
; db/altsyncram_fh02.tdf                                 ; yes             ; Auto-Generated Megafunction                  ; D:/File/CubeMX/STM-FPGA/DDS_AD9959_(double)AD9740_AD9220/FPGA/db/altsyncram_fh02.tdf                                 ;             ;
; db/altsyncram_h5f1.tdf                                 ; yes             ; Auto-Generated Megafunction                  ; D:/File/CubeMX/STM-FPGA/DDS_AD9959_(double)AD9740_AD9220/FPGA/db/altsyncram_h5f1.tdf                                 ;             ;
; db/altsyncram_55f1.tdf                                 ; yes             ; Auto-Generated Megafunction                  ; D:/File/CubeMX/STM-FPGA/DDS_AD9959_(double)AD9740_AD9220/FPGA/db/altsyncram_55f1.tdf                                 ;             ;
+--------------------------------------------------------+-----------------+----------------------------------------------+----------------------------------------------------------------------------------------------------------------------+-------------+


+-----------------------------------------------------------------------------------------------------------------------------------+
; Analysis & Synthesis Resource Usage Summary                                                                                       ;
+---------------------------------------------+-------------------------------------------------------------------------------------+
; Resource                                    ; Usage                                                                               ;
+---------------------------------------------+-------------------------------------------------------------------------------------+
; Estimated Total logic elements              ; 2,159                                                                               ;
;                                             ;                                                                                     ;
; Total combinational functions               ; 1553                                                                                ;
; Logic element usage by number of LUT inputs ;                                                                                     ;
;     -- 4 input functions                    ; 397                                                                                 ;
;     -- 3 input functions                    ; 823                                                                                 ;
;     -- <=2 input functions                  ; 333                                                                                 ;
;                                             ;                                                                                     ;
; Logic elements by mode                      ;                                                                                     ;
;     -- normal mode                          ; 828                                                                                 ;
;     -- arithmetic mode                      ; 725                                                                                 ;
;                                             ;                                                                                     ;
; Total registers                             ; 1714                                                                                ;
;     -- Dedicated logic registers            ; 1714                                                                                ;
;     -- I/O registers                        ; 0                                                                                   ;
;                                             ;                                                                                     ;
; I/O pins                                    ; 70                                                                                  ;
; Total memory bits                           ; 171916                                                                              ;
;                                             ;                                                                                     ;
; Embedded Multiplier 9-bit elements          ; 26                                                                                  ;
;                                             ;                                                                                     ;
; Total PLLs                                  ; 1                                                                                   ;
;     -- PLLs                                 ; 1                                                                                   ;
;                                             ;                                                                                     ;
; Maximum fan-out node                        ; pll1:pll1_inst|altpll:altpll_component|pll1_altpll1:auto_generated|wire_pll1_clk[0] ;
; Maximum fan-out                             ; 1758                                                                                ;
; Total fan-out                               ; 15335                                                                               ;
; Average fan-out                             ; 4.02                                                                                ;
+---------------------------------------------+-------------------------------------------------------------------------------------+


+-------------------------------------------------------------------------------------------------------------------------------------------------------------------------------------------------------------------------------------------------------------------------------------------------------------------------------------------------------------------------------------------------------------------------------------------------------------------------------------------------------------------------------------------------------------------------------------+
; Analysis & Synthesis Resource Utilization by Entity                                                                                                                                                                                                                                                                                                                                                                                                                                                                                                                                 ;
+---------------------------------------------------------------------------------------------------------+-------------------+--------------+-------------+--------------+---------+-----------+------+--------------+------------------------------------------------------------------------------------------------------------------------------------------------------------------------------------------------------------------------------------------------------------------------------------------------------------------------------------------------+--------------+
; Compilation Hierarchy Node                                                                              ; LC Combinationals ; LC Registers ; Memory Bits ; DSP Elements ; DSP 9x9 ; DSP 18x18 ; Pins ; Virtual Pins ; Full Hierarchy Name                                                                                                                                                                                                                                                                                                                            ; Library Name ;
+---------------------------------------------------------------------------------------------------------+-------------------+--------------+-------------+--------------+---------+-----------+------+--------------+------------------------------------------------------------------------------------------------------------------------------------------------------------------------------------------------------------------------------------------------------------------------------------------------------------------------------------------------+--------------+
; |FMC_Demo                                                                                               ; 1553 (14)         ; 1714 (10)    ; 171916      ; 26           ; 0       ; 13        ; 70   ; 0            ; |FMC_Demo                                                                                                                                                                                                                                                                                                                                      ; work         ;
;    |dac_control:dac_ctrl1_inst|                                                                         ; 10 (10)           ; 10 (10)      ; 0           ; 0            ; 0       ; 0         ; 0    ; 0            ; |FMC_Demo|dac_control:dac_ctrl1_inst                                                                                                                                                                                                                                                                                                           ; work         ;
;    |dac_control:dac_ctrl2_inst|                                                                         ; 10 (10)           ; 10 (10)      ; 0           ; 0            ; 0       ; 0         ; 0    ; 0            ; |FMC_Demo|dac_control:dac_ctrl2_inst                                                                                                                                                                                                                                                                                                           ; work         ;
;    |dds_core:dds1_inst|                                                                                 ; 32 (32)           ; 32 (32)      ; 0           ; 0            ; 0       ; 0         ; 0    ; 0            ; |FMC_Demo|dds_core:dds1_inst                                                                                                                                                                                                                                                                                                                   ; work         ;
;    |dds_core:dds2_inst|                                                                                 ; 32 (32)           ; 32 (32)      ; 0           ; 0            ; 0       ; 0         ; 0    ; 0            ; |FMC_Demo|dds_core:dds2_inst                                                                                                                                                                                                                                                                                                                   ; work         ;
;    |pll1:pll1_inst|                                                                                     ; 0 (0)             ; 0 (0)        ; 0           ; 0            ; 0       ; 0         ; 0    ; 0            ; |FMC_Demo|pll1:pll1_inst                                                                                                                                                                                                                                                                                                                       ; work         ;
;       |altpll:altpll_component|                                                                         ; 0 (0)             ; 0 (0)        ; 0           ; 0            ; 0       ; 0         ; 0    ; 0            ; |FMC_Demo|pll1:pll1_inst|altpll:altpll_component                                                                                                                                                                                                                                                                                               ; work         ;
;          |pll1_altpll1:auto_generated|                                                                  ; 0 (0)             ; 0 (0)        ; 0           ; 0            ; 0       ; 0         ; 0    ; 0            ; |FMC_Demo|pll1:pll1_inst|altpll:altpll_component|pll1_altpll1:auto_generated                                                                                                                                                                                                                                                                   ; work         ;
;    |ram_2port1:ram1_inst|                                                                               ; 0 (0)             ; 0 (0)        ; 16384       ; 0            ; 0       ; 0         ; 0    ; 0            ; |FMC_Demo|ram_2port1:ram1_inst                                                                                                                                                                                                                                                                                                                 ; work         ;
;       |altsyncram:mem_rtl_0|                                                                            ; 0 (0)             ; 0 (0)        ; 16384       ; 0            ; 0       ; 0         ; 0    ; 0            ; |FMC_Demo|ram_2port1:ram1_inst|altsyncram:mem_rtl_0                                                                                                                                                                                                                                                                                            ; work         ;
;          |altsyncram_fh02:auto_generated|                                                               ; 0 (0)             ; 0 (0)        ; 16384       ; 0            ; 0       ; 0         ; 0    ; 0            ; |FMC_Demo|ram_2port1:ram1_inst|altsyncram:mem_rtl_0|altsyncram_fh02:auto_generated                                                                                                                                                                                                                                                             ; work         ;
;    |ram_2port1:ram2_inst|                                                                               ; 0 (0)             ; 0 (0)        ; 16384       ; 0            ; 0       ; 0         ; 0    ; 0            ; |FMC_Demo|ram_2port1:ram2_inst                                                                                                                                                                                                                                                                                                                 ; work         ;
;       |altsyncram:mem_rtl_0|                                                                            ; 0 (0)             ; 0 (0)        ; 16384       ; 0            ; 0       ; 0         ; 0    ; 0            ; |FMC_Demo|ram_2port1:ram2_inst|altsyncram:mem_rtl_0                                                                                                                                                                                                                                                                                            ; work         ;
;          |altsyncram_fh02:auto_generated|                                                               ; 0 (0)             ; 0 (0)        ; 16384       ; 0            ; 0       ; 0         ; 0    ; 0            ; |FMC_Demo|ram_2port1:ram2_inst|altsyncram:mem_rtl_0|altsyncram_fh02:auto_generated                                                                                                                                                                                                                                                             ; work         ;
;    |sld_hub:auto_hub|                                                                                   ; 151 (1)           ; 100 (0)      ; 0           ; 0            ; 0       ; 0         ; 0    ; 0            ; |FMC_Demo|sld_hub:auto_hub                                                                                                                                                                                                                                                                                                                     ; work         ;
;       |alt_sld_fab:\instrumentation_fabric_with_node_gen:fabric_gen_new_way:instrumentation_fabric|     ; 150 (1)           ; 100 (5)      ; 0           ; 0            ; 0       ; 0         ; 0    ; 0            ; |FMC_Demo|sld_hub:auto_hub|alt_sld_fab:\instrumentation_fabric_with_node_gen:fabric_gen_new_way:instrumentation_fabric                                                                                                                                                                                                                         ; alt_sld_fab  ;
;          |alt_sld_fab_sldfabric:sldfabric|                                                              ; 149 (0)           ; 95 (0)       ; 0           ; 0            ; 0       ; 0         ; 0    ; 0            ; |FMC_Demo|sld_hub:auto_hub|alt_sld_fab:\instrumentation_fabric_with_node_gen:fabric_gen_new_way:instrumentation_fabric|alt_sld_fab_sldfabric:sldfabric                                                                                                                                                                                         ; alt_sld_fab  ;
;             |sld_jtag_hub:\jtag_hub_gen:real_sld_jtag_hub|                                              ; 149 (110)         ; 95 (67)      ; 0           ; 0            ; 0       ; 0         ; 0    ; 0            ; |FMC_Demo|sld_hub:auto_hub|alt_sld_fab:\instrumentation_fabric_with_node_gen:fabric_gen_new_way:instrumentation_fabric|alt_sld_fab_sldfabric:sldfabric|sld_jtag_hub:\jtag_hub_gen:real_sld_jtag_hub                                                                                                                                            ; work         ;
;                |sld_rom_sr:hub_info_reg|                                                                ; 21 (21)           ; 9 (9)        ; 0           ; 0            ; 0       ; 0         ; 0    ; 0            ; |FMC_Demo|sld_hub:auto_hub|alt_sld_fab:\instrumentation_fabric_with_node_gen:fabric_gen_new_way:instrumentation_fabric|alt_sld_fab_sldfabric:sldfabric|sld_jtag_hub:\jtag_hub_gen:real_sld_jtag_hub|sld_rom_sr:hub_info_reg                                                                                                                    ; work         ;
;                |sld_shadow_jsm:shadow_jsm|                                                              ; 18 (18)           ; 19 (19)      ; 0           ; 0            ; 0       ; 0         ; 0    ; 0            ; |FMC_Demo|sld_hub:auto_hub|alt_sld_fab:\instrumentation_fabric_with_node_gen:fabric_gen_new_way:instrumentation_fabric|alt_sld_fab_sldfabric:sldfabric|sld_jtag_hub:\jtag_hub_gen:real_sld_jtag_hub|sld_shadow_jsm:shadow_jsm                                                                                                                  ; work         ;
;    |sld_signaltap:auto_signaltap_0|                                                                     ; 358 (2)           ; 454 (24)     ; 6144        ; 0            ; 0       ; 0         ; 0    ; 0            ; |FMC_Demo|sld_signaltap:auto_signaltap_0                                                                                                                                                                                                                                                                                                       ; work         ;
;       |sld_signaltap_impl:sld_signaltap_body|                                                           ; 356 (0)           ; 430 (0)      ; 6144        ; 0            ; 0       ; 0         ; 0    ; 0            ; |FMC_Demo|sld_signaltap:auto_signaltap_0|sld_signaltap_impl:sld_signaltap_body                                                                                                                                                                                                                                                                 ; work         ;
;          |sld_signaltap_implb:sld_signaltap_body|                                                       ; 356 (88)          ; 430 (126)    ; 6144        ; 0            ; 0       ; 0         ; 0    ; 0            ; |FMC_Demo|sld_signaltap:auto_signaltap_0|sld_signaltap_impl:sld_signaltap_body|sld_signaltap_implb:sld_signaltap_body                                                                                                                                                                                                                          ; work         ;
;             |altdpram:\stp_non_zero_ram_gen:attribute_mem_gen:attribute_mem|                            ; 21 (0)            ; 58 (58)      ; 0           ; 0            ; 0       ; 0         ; 0    ; 0            ; |FMC_Demo|sld_signaltap:auto_signaltap_0|sld_signaltap_impl:sld_signaltap_body|sld_signaltap_implb:sld_signaltap_body|altdpram:\stp_non_zero_ram_gen:attribute_mem_gen:attribute_mem                                                                                                                                                           ; work         ;
;                |lpm_decode:wdecoder|                                                                    ; 2 (0)             ; 0 (0)        ; 0           ; 0            ; 0       ; 0         ; 0    ; 0            ; |FMC_Demo|sld_signaltap:auto_signaltap_0|sld_signaltap_impl:sld_signaltap_body|sld_signaltap_implb:sld_signaltap_body|altdpram:\stp_non_zero_ram_gen:attribute_mem_gen:attribute_mem|lpm_decode:wdecoder                                                                                                                                       ; work         ;
;                   |decode_dvf:auto_generated|                                                           ; 2 (2)             ; 0 (0)        ; 0           ; 0            ; 0       ; 0         ; 0    ; 0            ; |FMC_Demo|sld_signaltap:auto_signaltap_0|sld_signaltap_impl:sld_signaltap_body|sld_signaltap_implb:sld_signaltap_body|altdpram:\stp_non_zero_ram_gen:attribute_mem_gen:attribute_mem|lpm_decode:wdecoder|decode_dvf:auto_generated                                                                                                             ; work         ;
;                |lpm_mux:mux|                                                                            ; 19 (0)            ; 0 (0)        ; 0           ; 0            ; 0       ; 0         ; 0    ; 0            ; |FMC_Demo|sld_signaltap:auto_signaltap_0|sld_signaltap_impl:sld_signaltap_body|sld_signaltap_implb:sld_signaltap_body|altdpram:\stp_non_zero_ram_gen:attribute_mem_gen:attribute_mem|lpm_mux:mux                                                                                                                                               ; work         ;
;                   |mux_0tc:auto_generated|                                                              ; 19 (19)           ; 0 (0)        ; 0           ; 0            ; 0       ; 0         ; 0    ; 0            ; |FMC_Demo|sld_signaltap:auto_signaltap_0|sld_signaltap_impl:sld_signaltap_body|sld_signaltap_implb:sld_signaltap_body|altdpram:\stp_non_zero_ram_gen:attribute_mem_gen:attribute_mem|lpm_mux:mux|mux_0tc:auto_generated                                                                                                                        ; work         ;
;             |altsyncram:\stp_non_zero_ram_gen:stp_buffer_ram|                                           ; 0 (0)             ; 0 (0)        ; 6144        ; 0            ; 0       ; 0         ; 0    ; 0            ; |FMC_Demo|sld_signaltap:auto_signaltap_0|sld_signaltap_impl:sld_signaltap_body|sld_signaltap_implb:sld_signaltap_body|altsyncram:\stp_non_zero_ram_gen:stp_buffer_ram                                                                                                                                                                          ; work         ;
;                |altsyncram_au14:auto_generated|                                                         ; 0 (0)             ; 0 (0)        ; 6144        ; 0            ; 0       ; 0         ; 0    ; 0            ; |FMC_Demo|sld_signaltap:auto_signaltap_0|sld_signaltap_impl:sld_signaltap_body|sld_signaltap_implb:sld_signaltap_body|altsyncram:\stp_non_zero_ram_gen:stp_buffer_ram|altsyncram_au14:auto_generated                                                                                                                                           ; work         ;
;             |lpm_shiftreg:segment_offset_config_deserialize|                                            ; 0 (0)             ; 9 (9)        ; 0           ; 0            ; 0       ; 0         ; 0    ; 0            ; |FMC_Demo|sld_signaltap:auto_signaltap_0|sld_signaltap_impl:sld_signaltap_body|sld_signaltap_implb:sld_signaltap_body|lpm_shiftreg:segment_offset_config_deserialize                                                                                                                                                                           ; work         ;
;             |lpm_shiftreg:status_register|                                                              ; 17 (17)           ; 17 (17)      ; 0           ; 0            ; 0       ; 0         ; 0    ; 0            ; |FMC_Demo|sld_signaltap:auto_signaltap_0|sld_signaltap_impl:sld_signaltap_body|sld_signaltap_implb:sld_signaltap_body|lpm_shiftreg:status_register                                                                                                                                                                                             ; work         ;
;             |serial_crc_16:\tdo_crc_gen:tdo_crc_calc|                                                   ; 14 (14)           ; 13 (13)      ; 0           ; 0            ; 0       ; 0         ; 0    ; 0            ; |FMC_Demo|sld_signaltap:auto_signaltap_0|sld_signaltap_impl:sld_signaltap_body|sld_signaltap_implb:sld_signaltap_body|serial_crc_16:\tdo_crc_gen:tdo_crc_calc                                                                                                                                                                                  ; work         ;
;             |sld_buffer_manager:sld_buffer_manager_inst|                                                ; 72 (72)           ; 54 (54)      ; 0           ; 0            ; 0       ; 0         ; 0    ; 0            ; |FMC_Demo|sld_signaltap:auto_signaltap_0|sld_signaltap_impl:sld_signaltap_body|sld_signaltap_implb:sld_signaltap_body|sld_buffer_manager:sld_buffer_manager_inst                                                                                                                                                                               ; work         ;
;             |sld_ela_control:ela_control|                                                               ; 30 (1)            ; 76 (1)       ; 0           ; 0            ; 0       ; 0         ; 0    ; 0            ; |FMC_Demo|sld_signaltap:auto_signaltap_0|sld_signaltap_impl:sld_signaltap_body|sld_signaltap_implb:sld_signaltap_body|sld_ela_control:ela_control                                                                                                                                                                                              ; work         ;
;                |lpm_shiftreg:trigger_config_deserialize|                                                ; 0 (0)             ; 4 (4)        ; 0           ; 0            ; 0       ; 0         ; 0    ; 0            ; |FMC_Demo|sld_signaltap:auto_signaltap_0|sld_signaltap_impl:sld_signaltap_body|sld_signaltap_implb:sld_signaltap_body|sld_ela_control:ela_control|lpm_shiftreg:trigger_config_deserialize                                                                                                                                                      ; work         ;
;                |sld_ela_basic_multi_level_trigger:\basic_multi_level_mbpm_trigger_gen:multi_level_mbpm| ; 24 (0)            ; 60 (0)       ; 0           ; 0            ; 0       ; 0         ; 0    ; 0            ; |FMC_Demo|sld_signaltap:auto_signaltap_0|sld_signaltap_impl:sld_signaltap_body|sld_signaltap_implb:sld_signaltap_body|sld_ela_control:ela_control|sld_ela_basic_multi_level_trigger:\basic_multi_level_mbpm_trigger_gen:multi_level_mbpm                                                                                                       ; work         ;
;                   |lpm_shiftreg:trigger_condition_deserialize|                                          ; 0 (0)             ; 36 (36)      ; 0           ; 0            ; 0       ; 0         ; 0    ; 0            ; |FMC_Demo|sld_signaltap:auto_signaltap_0|sld_signaltap_impl:sld_signaltap_body|sld_signaltap_implb:sld_signaltap_body|sld_ela_control:ela_control|sld_ela_basic_multi_level_trigger:\basic_multi_level_mbpm_trigger_gen:multi_level_mbpm|lpm_shiftreg:trigger_condition_deserialize                                                            ; work         ;
;                   |sld_mbpmg:\trigger_modules_gen:0:trigger_match|                                      ; 24 (0)            ; 24 (0)       ; 0           ; 0            ; 0       ; 0         ; 0    ; 0            ; |FMC_Demo|sld_signaltap:auto_signaltap_0|sld_signaltap_impl:sld_signaltap_body|sld_signaltap_implb:sld_signaltap_body|sld_ela_control:ela_control|sld_ela_basic_multi_level_trigger:\basic_multi_level_mbpm_trigger_gen:multi_level_mbpm|sld_mbpmg:\trigger_modules_gen:0:trigger_match                                                        ; work         ;
;                      |sld_sbpmg:\gen_sbpmg_pipeline_less_than_two:sm0:0:sm1|                            ; 2 (2)             ; 2 (2)        ; 0           ; 0            ; 0       ; 0         ; 0    ; 0            ; |FMC_Demo|sld_signaltap:auto_signaltap_0|sld_signaltap_impl:sld_signaltap_body|sld_signaltap_implb:sld_signaltap_body|sld_ela_control:ela_control|sld_ela_basic_multi_level_trigger:\basic_multi_level_mbpm_trigger_gen:multi_level_mbpm|sld_mbpmg:\trigger_modules_gen:0:trigger_match|sld_sbpmg:\gen_sbpmg_pipeline_less_than_two:sm0:0:sm1  ; work         ;
;                      |sld_sbpmg:\gen_sbpmg_pipeline_less_than_two:sm0:10:sm1|                           ; 2 (2)             ; 2 (2)        ; 0           ; 0            ; 0       ; 0         ; 0    ; 0            ; |FMC_Demo|sld_signaltap:auto_signaltap_0|sld_signaltap_impl:sld_signaltap_body|sld_signaltap_implb:sld_signaltap_body|sld_ela_control:ela_control|sld_ela_basic_multi_level_trigger:\basic_multi_level_mbpm_trigger_gen:multi_level_mbpm|sld_mbpmg:\trigger_modules_gen:0:trigger_match|sld_sbpmg:\gen_sbpmg_pipeline_less_than_two:sm0:10:sm1 ; work         ;
;                      |sld_sbpmg:\gen_sbpmg_pipeline_less_than_two:sm0:11:sm1|                           ; 2 (2)             ; 2 (2)        ; 0           ; 0            ; 0       ; 0         ; 0    ; 0            ; |FMC_Demo|sld_signaltap:auto_signaltap_0|sld_signaltap_impl:sld_signaltap_body|sld_signaltap_implb:sld_signaltap_body|sld_ela_control:ela_control|sld_ela_basic_multi_level_trigger:\basic_multi_level_mbpm_trigger_gen:multi_level_mbpm|sld_mbpmg:\trigger_modules_gen:0:trigger_match|sld_sbpmg:\gen_sbpmg_pipeline_less_than_two:sm0:11:sm1 ; work         ;
;                      |sld_sbpmg:\gen_sbpmg_pipeline_less_than_two:sm0:1:sm1|                            ; 2 (2)             ; 2 (2)        ; 0           ; 0            ; 0       ; 0         ; 0    ; 0            ; |FMC_Demo|sld_signaltap:auto_signaltap_0|sld_signaltap_impl:sld_signaltap_body|sld_signaltap_implb:sld_signaltap_body|sld_ela_control:ela_control|sld_ela_basic_multi_level_trigger:\basic_multi_level_mbpm_trigger_gen:multi_level_mbpm|sld_mbpmg:\trigger_modules_gen:0:trigger_match|sld_sbpmg:\gen_sbpmg_pipeline_less_than_two:sm0:1:sm1  ; work         ;
;                      |sld_sbpmg:\gen_sbpmg_pipeline_less_than_two:sm0:2:sm1|                            ; 2 (2)             ; 2 (2)        ; 0           ; 0            ; 0       ; 0         ; 0    ; 0            ; |FMC_Demo|sld_signaltap:auto_signaltap_0|sld_signaltap_impl:sld_signaltap_body|sld_signaltap_implb:sld_signaltap_body|sld_ela_control:ela_control|sld_ela_basic_multi_level_trigger:\basic_multi_level_mbpm_trigger_gen:multi_level_mbpm|sld_mbpmg:\trigger_modules_gen:0:trigger_match|sld_sbpmg:\gen_sbpmg_pipeline_less_than_two:sm0:2:sm1  ; work         ;
;                      |sld_sbpmg:\gen_sbpmg_pipeline_less_than_two:sm0:3:sm1|                            ; 2 (2)             ; 2 (2)        ; 0           ; 0            ; 0       ; 0         ; 0    ; 0            ; |FMC_Demo|sld_signaltap:auto_signaltap_0|sld_signaltap_impl:sld_signaltap_body|sld_signaltap_implb:sld_signaltap_body|sld_ela_control:ela_control|sld_ela_basic_multi_level_trigger:\basic_multi_level_mbpm_trigger_gen:multi_level_mbpm|sld_mbpmg:\trigger_modules_gen:0:trigger_match|sld_sbpmg:\gen_sbpmg_pipeline_less_than_two:sm0:3:sm1  ; work         ;
;                      |sld_sbpmg:\gen_sbpmg_pipeline_less_than_two:sm0:4:sm1|                            ; 2 (2)             ; 2 (2)        ; 0           ; 0            ; 0       ; 0         ; 0    ; 0            ; |FMC_Demo|sld_signaltap:auto_signaltap_0|sld_signaltap_impl:sld_signaltap_body|sld_signaltap_implb:sld_signaltap_body|sld_ela_control:ela_control|sld_ela_basic_multi_level_trigger:\basic_multi_level_mbpm_trigger_gen:multi_level_mbpm|sld_mbpmg:\trigger_modules_gen:0:trigger_match|sld_sbpmg:\gen_sbpmg_pipeline_less_than_two:sm0:4:sm1  ; work         ;
;                      |sld_sbpmg:\gen_sbpmg_pipeline_less_than_two:sm0:5:sm1|                            ; 2 (2)             ; 2 (2)        ; 0           ; 0            ; 0       ; 0         ; 0    ; 0            ; |FMC_Demo|sld_signaltap:auto_signaltap_0|sld_signaltap_impl:sld_signaltap_body|sld_signaltap_implb:sld_signaltap_body|sld_ela_control:ela_control|sld_ela_basic_multi_level_trigger:\basic_multi_level_mbpm_trigger_gen:multi_level_mbpm|sld_mbpmg:\trigger_modules_gen:0:trigger_match|sld_sbpmg:\gen_sbpmg_pipeline_less_than_two:sm0:5:sm1  ; work         ;
;                      |sld_sbpmg:\gen_sbpmg_pipeline_less_than_two:sm0:6:sm1|                            ; 2 (2)             ; 2 (2)        ; 0           ; 0            ; 0       ; 0         ; 0    ; 0            ; |FMC_Demo|sld_signaltap:auto_signaltap_0|sld_signaltap_impl:sld_signaltap_body|sld_signaltap_implb:sld_signaltap_body|sld_ela_control:ela_control|sld_ela_basic_multi_level_trigger:\basic_multi_level_mbpm_trigger_gen:multi_level_mbpm|sld_mbpmg:\trigger_modules_gen:0:trigger_match|sld_sbpmg:\gen_sbpmg_pipeline_less_than_two:sm0:6:sm1  ; work         ;
;                      |sld_sbpmg:\gen_sbpmg_pipeline_less_than_two:sm0:7:sm1|                            ; 2 (2)             ; 2 (2)        ; 0           ; 0            ; 0       ; 0         ; 0    ; 0            ; |FMC_Demo|sld_signaltap:auto_signaltap_0|sld_signaltap_impl:sld_signaltap_body|sld_signaltap_implb:sld_signaltap_body|sld_ela_control:ela_control|sld_ela_basic_multi_level_trigger:\basic_multi_level_mbpm_trigger_gen:multi_level_mbpm|sld_mbpmg:\trigger_modules_gen:0:trigger_match|sld_sbpmg:\gen_sbpmg_pipeline_less_than_two:sm0:7:sm1  ; work         ;
;                      |sld_sbpmg:\gen_sbpmg_pipeline_less_than_two:sm0:8:sm1|                            ; 2 (2)             ; 2 (2)        ; 0           ; 0            ; 0       ; 0         ; 0    ; 0            ; |FMC_Demo|sld_signaltap:auto_signaltap_0|sld_signaltap_impl:sld_signaltap_body|sld_signaltap_implb:sld_signaltap_body|sld_ela_control:ela_control|sld_ela_basic_multi_level_trigger:\basic_multi_level_mbpm_trigger_gen:multi_level_mbpm|sld_mbpmg:\trigger_modules_gen:0:trigger_match|sld_sbpmg:\gen_sbpmg_pipeline_less_than_two:sm0:8:sm1  ; work         ;
;                      |sld_sbpmg:\gen_sbpmg_pipeline_less_than_two:sm0:9:sm1|                            ; 2 (2)             ; 2 (2)        ; 0           ; 0            ; 0       ; 0         ; 0    ; 0            ; |FMC_Demo|sld_signaltap:auto_signaltap_0|sld_signaltap_impl:sld_signaltap_body|sld_signaltap_implb:sld_signaltap_body|sld_ela_control:ela_control|sld_ela_basic_multi_level_trigger:\basic_multi_level_mbpm_trigger_gen:multi_level_mbpm|sld_mbpmg:\trigger_modules_gen:0:trigger_match|sld_sbpmg:\gen_sbpmg_pipeline_less_than_two:sm0:9:sm1  ; work         ;
;                |sld_ela_trigger_flow_mgr:\builtin:ela_trigger_flow_mgr_entity|                          ; 5 (5)             ; 11 (1)       ; 0           ; 0            ; 0       ; 0         ; 0    ; 0            ; |FMC_Demo|sld_signaltap:auto_signaltap_0|sld_signaltap_impl:sld_signaltap_body|sld_signaltap_implb:sld_signaltap_body|sld_ela_control:ela_control|sld_ela_trigger_flow_mgr:\builtin:ela_trigger_flow_mgr_entity                                                                                                                                ; work         ;
;                   |lpm_shiftreg:trigger_config_deserialize|                                             ; 0 (0)             ; 10 (10)      ; 0           ; 0            ; 0       ; 0         ; 0    ; 0            ; |FMC_Demo|sld_signaltap:auto_signaltap_0|sld_signaltap_impl:sld_signaltap_body|sld_signaltap_implb:sld_signaltap_body|sld_ela_control:ela_control|sld_ela_trigger_flow_mgr:\builtin:ela_trigger_flow_mgr_entity|lpm_shiftreg:trigger_config_deserialize                                                                                        ; work         ;
;             |sld_offload_buffer_mgr:\stp_non_zero_depth_offload_gen:stp_offload_buff_mgr_inst|          ; 84 (9)            ; 69 (0)       ; 0           ; 0            ; 0       ; 0         ; 0    ; 0            ; |FMC_Demo|sld_signaltap:auto_signaltap_0|sld_signaltap_impl:sld_signaltap_body|sld_signaltap_implb:sld_signaltap_body|sld_offload_buffer_mgr:\stp_non_zero_depth_offload_gen:stp_offload_buff_mgr_inst                                                                                                                                         ; work         ;
;                |lpm_counter:\adv_point_3_and_more:advance_pointer_counter|                              ; 6 (0)             ; 4 (0)        ; 0           ; 0            ; 0       ; 0         ; 0    ; 0            ; |FMC_Demo|sld_signaltap:auto_signaltap_0|sld_signaltap_impl:sld_signaltap_body|sld_signaltap_implb:sld_signaltap_body|sld_offload_buffer_mgr:\stp_non_zero_depth_offload_gen:stp_offload_buff_mgr_inst|lpm_counter:\adv_point_3_and_more:advance_pointer_counter                                                                               ; work         ;
;                   |cntr_bgi:auto_generated|                                                             ; 6 (6)             ; 4 (4)        ; 0           ; 0            ; 0       ; 0         ; 0    ; 0            ; |FMC_Demo|sld_signaltap:auto_signaltap_0|sld_signaltap_impl:sld_signaltap_body|sld_signaltap_implb:sld_signaltap_body|sld_offload_buffer_mgr:\stp_non_zero_depth_offload_gen:stp_offload_buff_mgr_inst|lpm_counter:\adv_point_3_and_more:advance_pointer_counter|cntr_bgi:auto_generated                                                       ; work         ;
;                |lpm_counter:read_pointer_counter|                                                       ; 9 (0)             ; 9 (0)        ; 0           ; 0            ; 0       ; 0         ; 0    ; 0            ; |FMC_Demo|sld_signaltap:auto_signaltap_0|sld_signaltap_impl:sld_signaltap_body|sld_signaltap_implb:sld_signaltap_body|sld_offload_buffer_mgr:\stp_non_zero_depth_offload_gen:stp_offload_buff_mgr_inst|lpm_counter:read_pointer_counter                                                                                                        ; work         ;
;                   |cntr_h6j:auto_generated|                                                             ; 9 (9)             ; 9 (9)        ; 0           ; 0            ; 0       ; 0         ; 0    ; 0            ; |FMC_Demo|sld_signaltap:auto_signaltap_0|sld_signaltap_impl:sld_signaltap_body|sld_signaltap_implb:sld_signaltap_body|sld_offload_buffer_mgr:\stp_non_zero_depth_offload_gen:stp_offload_buff_mgr_inst|lpm_counter:read_pointer_counter|cntr_h6j:auto_generated                                                                                ; work         ;
;                |lpm_counter:status_advance_pointer_counter|                                             ; 7 (0)             ; 5 (0)        ; 0           ; 0            ; 0       ; 0         ; 0    ; 0            ; |FMC_Demo|sld_signaltap:auto_signaltap_0|sld_signaltap_impl:sld_signaltap_body|sld_signaltap_implb:sld_signaltap_body|sld_offload_buffer_mgr:\stp_non_zero_depth_offload_gen:stp_offload_buff_mgr_inst|lpm_counter:status_advance_pointer_counter                                                                                              ; work         ;
;                   |cntr_jgi:auto_generated|                                                             ; 7 (7)             ; 5 (5)        ; 0           ; 0            ; 0       ; 0         ; 0    ; 0            ; |FMC_Demo|sld_signaltap:auto_signaltap_0|sld_signaltap_impl:sld_signaltap_body|sld_signaltap_implb:sld_signaltap_body|sld_offload_buffer_mgr:\stp_non_zero_depth_offload_gen:stp_offload_buff_mgr_inst|lpm_counter:status_advance_pointer_counter|cntr_jgi:auto_generated                                                                      ; work         ;
;                |lpm_counter:status_read_pointer_counter|                                                ; 3 (0)             ; 1 (0)        ; 0           ; 0            ; 0       ; 0         ; 0    ; 0            ; |FMC_Demo|sld_signaltap:auto_signaltap_0|sld_signaltap_impl:sld_signaltap_body|sld_signaltap_implb:sld_signaltap_body|sld_offload_buffer_mgr:\stp_non_zero_depth_offload_gen:stp_offload_buff_mgr_inst|lpm_counter:status_read_pointer_counter                                                                                                 ; work         ;
;                   |cntr_23j:auto_generated|                                                             ; 3 (3)             ; 1 (1)        ; 0           ; 0            ; 0       ; 0         ; 0    ; 0            ; |FMC_Demo|sld_signaltap:auto_signaltap_0|sld_signaltap_impl:sld_signaltap_body|sld_signaltap_implb:sld_signaltap_body|sld_offload_buffer_mgr:\stp_non_zero_depth_offload_gen:stp_offload_buff_mgr_inst|lpm_counter:status_read_pointer_counter|cntr_23j:auto_generated                                                                         ; work         ;
;                |lpm_shiftreg:info_data_shift_out|                                                       ; 19 (19)           ; 19 (19)      ; 0           ; 0            ; 0       ; 0         ; 0    ; 0            ; |FMC_Demo|sld_signaltap:auto_signaltap_0|sld_signaltap_impl:sld_signaltap_body|sld_signaltap_implb:sld_signaltap_body|sld_offload_buffer_mgr:\stp_non_zero_depth_offload_gen:stp_offload_buff_mgr_inst|lpm_shiftreg:info_data_shift_out                                                                                                        ; work         ;
;                |lpm_shiftreg:ram_data_shift_out|                                                        ; 12 (12)           ; 12 (12)      ; 0           ; 0            ; 0       ; 0         ; 0    ; 0            ; |FMC_Demo|sld_signaltap:auto_signaltap_0|sld_signaltap_impl:sld_signaltap_body|sld_signaltap_implb:sld_signaltap_body|sld_offload_buffer_mgr:\stp_non_zero_depth_offload_gen:stp_offload_buff_mgr_inst|lpm_shiftreg:ram_data_shift_out                                                                                                         ; work         ;
;                |lpm_shiftreg:status_data_shift_out|                                                     ; 19 (19)           ; 19 (19)      ; 0           ; 0            ; 0       ; 0         ; 0    ; 0            ; |FMC_Demo|sld_signaltap:auto_signaltap_0|sld_signaltap_impl:sld_signaltap_body|sld_signaltap_implb:sld_signaltap_body|sld_offload_buffer_mgr:\stp_non_zero_depth_offload_gen:stp_offload_buff_mgr_inst|lpm_shiftreg:status_data_shift_out                                                                                                      ; work         ;
;             |sld_rom_sr:crc_rom_sr|                                                                     ; 30 (30)           ; 8 (8)        ; 0           ; 0            ; 0       ; 0         ; 0    ; 0            ; |FMC_Demo|sld_signaltap:auto_signaltap_0|sld_signaltap_impl:sld_signaltap_body|sld_signaltap_implb:sld_signaltap_body|sld_rom_sr:crc_rom_sr                                                                                                                                                                                                    ; work         ;
;    |stm32_fmc_16bit:fmc_inst|                                                                           ; 946 (278)         ; 1066 (301)   ; 133004      ; 26           ; 0       ; 13        ; 0    ; 0            ; |FMC_Demo|stm32_fmc_16bit:fmc_inst                                                                                                                                                                                                                                                                                                             ; work         ;
;       |FIR1:u_fir|                                                                                      ; 668 (0)           ; 765 (0)      ; 1932        ; 26           ; 0       ; 13        ; 0    ; 0            ; |FMC_Demo|stm32_fmc_16bit:fmc_inst|FIR1:u_fir                                                                                                                                                                                                                                                                                                  ; FIR1         ;
;          |FIR1_0002:fir1_inst|                                                                          ; 668 (0)           ; 765 (0)      ; 1932        ; 26           ; 0       ; 13        ; 0    ; 0            ; |FMC_Demo|stm32_fmc_16bit:fmc_inst|FIR1:u_fir|FIR1_0002:fir1_inst                                                                                                                                                                                                                                                                              ; fir1         ;
;             |FIR1_0002_ast:FIR1_0002_ast_inst|                                                          ; 668 (0)           ; 765 (0)      ; 1932        ; 26           ; 0       ; 13        ; 0    ; 0            ; |FMC_Demo|stm32_fmc_16bit:fmc_inst|FIR1:u_fir|FIR1_0002:fir1_inst|FIR1_0002_ast:FIR1_0002_ast_inst                                                                                                                                                                                                                                             ; fir1         ;
;                |FIR1_0002_rtl:hpfircore|                                                                ; 668 (667)         ; 748 (647)    ; 1932        ; 26           ; 0       ; 13        ; 0    ; 0            ; |FMC_Demo|stm32_fmc_16bit:fmc_inst|FIR1:u_fir|FIR1_0002:fir1_inst|FIR1_0002_ast:FIR1_0002_ast_inst|FIR1_0002_rtl:hpfircore                                                                                                                                                                                                                     ; fir1         ;
;                   |altsyncram:u0_m0_wo0_wi0_delayr0_dmem|                                               ; 0 (0)             ; 0 (0)        ; 60          ; 0            ; 0       ; 0         ; 0    ; 0            ; |FMC_Demo|stm32_fmc_16bit:fmc_inst|FIR1:u_fir|FIR1_0002:fir1_inst|FIR1_0002_ast:FIR1_0002_ast_inst|FIR1_0002_rtl:hpfircore|altsyncram:u0_m0_wo0_wi0_delayr0_dmem                                                                                                                                                                               ; work         ;
;                      |altsyncram_a2o3:auto_generated|                                                   ; 0 (0)             ; 0 (0)        ; 60          ; 0            ; 0       ; 0         ; 0    ; 0            ; |FMC_Demo|stm32_fmc_16bit:fmc_inst|FIR1:u_fir|FIR1_0002:fir1_inst|FIR1_0002_ast:FIR1_0002_ast_inst|FIR1_0002_rtl:hpfircore|altsyncram:u0_m0_wo0_wi0_delayr0_dmem|altsyncram_a2o3:auto_generated                                                                                                                                                ; work         ;
;                   |altsyncram:u0_m0_wo0_wi0_delayr10_dmem|                                              ; 0 (0)             ; 0 (0)        ; 180         ; 0            ; 0       ; 0         ; 0    ; 0            ; |FMC_Demo|stm32_fmc_16bit:fmc_inst|FIR1:u_fir|FIR1_0002:fir1_inst|FIR1_0002_ast:FIR1_0002_ast_inst|FIR1_0002_rtl:hpfircore|altsyncram:u0_m0_wo0_wi0_delayr10_dmem                                                                                                                                                                              ; work         ;
;                      |altsyncram_m2o3:auto_generated|                                                   ; 0 (0)             ; 0 (0)        ; 180         ; 0            ; 0       ; 0         ; 0    ; 0            ; |FMC_Demo|stm32_fmc_16bit:fmc_inst|FIR1:u_fir|FIR1_0002:fir1_inst|FIR1_0002_ast:FIR1_0002_ast_inst|FIR1_0002_rtl:hpfircore|altsyncram:u0_m0_wo0_wi0_delayr10_dmem|altsyncram_m2o3:auto_generated                                                                                                                                               ; work         ;
;                   |altsyncram:u0_m0_wo0_wi0_delayr14_dmem|                                              ; 0 (0)             ; 0 (0)        ; 96          ; 0            ; 0       ; 0         ; 0    ; 0            ; |FMC_Demo|stm32_fmc_16bit:fmc_inst|FIR1:u_fir|FIR1_0002:fir1_inst|FIR1_0002_ast:FIR1_0002_ast_inst|FIR1_0002_rtl:hpfircore|altsyncram:u0_m0_wo0_wi0_delayr14_dmem                                                                                                                                                                              ; work         ;
;                      |altsyncram_g2o3:auto_generated|                                                   ; 0 (0)             ; 0 (0)        ; 96          ; 0            ; 0       ; 0         ; 0    ; 0            ; |FMC_Demo|stm32_fmc_16bit:fmc_inst|FIR1:u_fir|FIR1_0002:fir1_inst|FIR1_0002_ast:FIR1_0002_ast_inst|FIR1_0002_rtl:hpfircore|altsyncram:u0_m0_wo0_wi0_delayr14_dmem|altsyncram_g2o3:auto_generated                                                                                                                                               ; work         ;
;                   |altsyncram:u0_m0_wo0_wi0_delayr15_dmem|                                              ; 0 (0)             ; 0 (0)        ; 288         ; 0            ; 0       ; 0         ; 0    ; 0            ; |FMC_Demo|stm32_fmc_16bit:fmc_inst|FIR1:u_fir|FIR1_0002:fir1_inst|FIR1_0002_ast:FIR1_0002_ast_inst|FIR1_0002_rtl:hpfircore|altsyncram:u0_m0_wo0_wi0_delayr15_dmem                                                                                                                                                                              ; work         ;
;                      |altsyncram_s2o3:auto_generated|                                                   ; 0 (0)             ; 0 (0)        ; 288         ; 0            ; 0       ; 0         ; 0    ; 0            ; |FMC_Demo|stm32_fmc_16bit:fmc_inst|FIR1:u_fir|FIR1_0002:fir1_inst|FIR1_0002_ast:FIR1_0002_ast_inst|FIR1_0002_rtl:hpfircore|altsyncram:u0_m0_wo0_wi0_delayr15_dmem|altsyncram_s2o3:auto_generated                                                                                                                                               ; work         ;
;                   |altsyncram:u0_m0_wo0_wi0_delayr18_dmem|                                              ; 0 (0)             ; 0 (0)        ; 288         ; 0            ; 0       ; 0         ; 0    ; 0            ; |FMC_Demo|stm32_fmc_16bit:fmc_inst|FIR1:u_fir|FIR1_0002:fir1_inst|FIR1_0002_ast:FIR1_0002_ast_inst|FIR1_0002_rtl:hpfircore|altsyncram:u0_m0_wo0_wi0_delayr18_dmem                                                                                                                                                                              ; work         ;
;                      |altsyncram_s2o3:auto_generated|                                                   ; 0 (0)             ; 0 (0)        ; 288         ; 0            ; 0       ; 0         ; 0    ; 0            ; |FMC_Demo|stm32_fmc_16bit:fmc_inst|FIR1:u_fir|FIR1_0002:fir1_inst|FIR1_0002_ast:FIR1_0002_ast_inst|FIR1_0002_rtl:hpfircore|altsyncram:u0_m0_wo0_wi0_delayr18_dmem|altsyncram_s2o3:auto_generated                                                                                                                                               ; work         ;
;                   |altsyncram:u0_m0_wo0_wi0_delayr1_dmem|                                               ; 0 (0)             ; 0 (0)        ; 180         ; 0            ; 0       ; 0         ; 0    ; 0            ; |FMC_Demo|stm32_fmc_16bit:fmc_inst|FIR1:u_fir|FIR1_0002:fir1_inst|FIR1_0002_ast:FIR1_0002_ast_inst|FIR1_0002_rtl:hpfircore|altsyncram:u0_m0_wo0_wi0_delayr1_dmem                                                                                                                                                                               ; work         ;
;                      |altsyncram_m2o3:auto_generated|                                                   ; 0 (0)             ; 0 (0)        ; 180         ; 0            ; 0       ; 0         ; 0    ; 0            ; |FMC_Demo|stm32_fmc_16bit:fmc_inst|FIR1:u_fir|FIR1_0002:fir1_inst|FIR1_0002_ast:FIR1_0002_ast_inst|FIR1_0002_rtl:hpfircore|altsyncram:u0_m0_wo0_wi0_delayr1_dmem|altsyncram_m2o3:auto_generated                                                                                                                                                ; work         ;
;                   |altsyncram:u0_m0_wo0_wi0_delayr21_dmem|                                              ; 0 (0)             ; 0 (0)        ; 288         ; 0            ; 0       ; 0         ; 0    ; 0            ; |FMC_Demo|stm32_fmc_16bit:fmc_inst|FIR1:u_fir|FIR1_0002:fir1_inst|FIR1_0002_ast:FIR1_0002_ast_inst|FIR1_0002_rtl:hpfircore|altsyncram:u0_m0_wo0_wi0_delayr21_dmem                                                                                                                                                                              ; work         ;
;                      |altsyncram_s2o3:auto_generated|                                                   ; 0 (0)             ; 0 (0)        ; 288         ; 0            ; 0       ; 0         ; 0    ; 0            ; |FMC_Demo|stm32_fmc_16bit:fmc_inst|FIR1:u_fir|FIR1_0002:fir1_inst|FIR1_0002_ast:FIR1_0002_ast_inst|FIR1_0002_rtl:hpfircore|altsyncram:u0_m0_wo0_wi0_delayr21_dmem|altsyncram_s2o3:auto_generated                                                                                                                                               ; work         ;
;                   |altsyncram:u0_m0_wo0_wi0_delayr24_dmem|                                              ; 0 (0)             ; 0 (0)        ; 192         ; 0            ; 0       ; 0         ; 0    ; 0            ; |FMC_Demo|stm32_fmc_16bit:fmc_inst|FIR1:u_fir|FIR1_0002:fir1_inst|FIR1_0002_ast:FIR1_0002_ast_inst|FIR1_0002_rtl:hpfircore|altsyncram:u0_m0_wo0_wi0_delayr24_dmem                                                                                                                                                                              ; work         ;
;                      |altsyncram_n2o3:auto_generated|                                                   ; 0 (0)             ; 0 (0)        ; 192         ; 0            ; 0       ; 0         ; 0    ; 0            ; |FMC_Demo|stm32_fmc_16bit:fmc_inst|FIR1:u_fir|FIR1_0002:fir1_inst|FIR1_0002_ast:FIR1_0002_ast_inst|FIR1_0002_rtl:hpfircore|altsyncram:u0_m0_wo0_wi0_delayr24_dmem|altsyncram_n2o3:auto_generated                                                                                                                                               ; work         ;
;                   |altsyncram:u0_m0_wo0_wi0_delayr4_dmem|                                               ; 0 (0)             ; 0 (0)        ; 180         ; 0            ; 0       ; 0         ; 0    ; 0            ; |FMC_Demo|stm32_fmc_16bit:fmc_inst|FIR1:u_fir|FIR1_0002:fir1_inst|FIR1_0002_ast:FIR1_0002_ast_inst|FIR1_0002_rtl:hpfircore|altsyncram:u0_m0_wo0_wi0_delayr4_dmem                                                                                                                                                                               ; work         ;
;                      |altsyncram_m2o3:auto_generated|                                                   ; 0 (0)             ; 0 (0)        ; 180         ; 0            ; 0       ; 0         ; 0    ; 0            ; |FMC_Demo|stm32_fmc_16bit:fmc_inst|FIR1:u_fir|FIR1_0002:fir1_inst|FIR1_0002_ast:FIR1_0002_ast_inst|FIR1_0002_rtl:hpfircore|altsyncram:u0_m0_wo0_wi0_delayr4_dmem|altsyncram_m2o3:auto_generated                                                                                                                                                ; work         ;
;                   |altsyncram:u0_m0_wo0_wi0_delayr7_dmem|                                               ; 0 (0)             ; 0 (0)        ; 180         ; 0            ; 0       ; 0         ; 0    ; 0            ; |FMC_Demo|stm32_fmc_16bit:fmc_inst|FIR1:u_fir|FIR1_0002:fir1_inst|FIR1_0002_ast:FIR1_0002_ast_inst|FIR1_0002_rtl:hpfircore|altsyncram:u0_m0_wo0_wi0_delayr7_dmem                                                                                                                                                                               ; work         ;
;                      |altsyncram_m2o3:auto_generated|                                                   ; 0 (0)             ; 0 (0)        ; 180         ; 0            ; 0       ; 0         ; 0    ; 0            ; |FMC_Demo|stm32_fmc_16bit:fmc_inst|FIR1:u_fir|FIR1_0002:fir1_inst|FIR1_0002_ast:FIR1_0002_ast_inst|FIR1_0002_rtl:hpfircore|altsyncram:u0_m0_wo0_wi0_delayr7_dmem|altsyncram_m2o3:auto_generated                                                                                                                                                ; work         ;
;                   |dspba_delay:d_in0_m0_wi0_wo0_assign_sel_q_13|                                        ; 0 (0)             ; 3 (3)        ; 0           ; 0            ; 0       ; 0         ; 0    ; 0            ; |FMC_Demo|stm32_fmc_16bit:fmc_inst|FIR1:u_fir|FIR1_0002:fir1_inst|FIR1_0002_ast:FIR1_0002_ast_inst|FIR1_0002_rtl:hpfircore|dspba_delay:d_in0_m0_wi0_wo0_assign_sel_q_13                                                                                                                                                                        ; fir1         ;
;                   |dspba_delay:d_u0_m0_wo0_ca12_q_15|                                                   ; 0 (0)             ; 3 (3)        ; 0           ; 0            ; 0       ; 0         ; 0    ; 0            ; |FMC_Demo|stm32_fmc_16bit:fmc_inst|FIR1:u_fir|FIR1_0002:fir1_inst|FIR1_0002_ast:FIR1_0002_ast_inst|FIR1_0002_rtl:hpfircore|dspba_delay:d_u0_m0_wo0_ca12_q_15                                                                                                                                                                                   ; fir1         ;
;                   |dspba_delay:d_u0_m0_wo0_compute_q_19|                                                ; 0 (0)             ; 6 (6)        ; 0           ; 0            ; 0       ; 0         ; 0    ; 0            ; |FMC_Demo|stm32_fmc_16bit:fmc_inst|FIR1:u_fir|FIR1_0002:fir1_inst|FIR1_0002_ast:FIR1_0002_ast_inst|FIR1_0002_rtl:hpfircore|dspba_delay:d_u0_m0_wo0_compute_q_19                                                                                                                                                                                ; fir1         ;
;                   |dspba_delay:d_u0_m0_wo0_compute_q_20|                                                ; 0 (0)             ; 1 (1)        ; 0           ; 0            ; 0       ; 0         ; 0    ; 0            ; |FMC_Demo|stm32_fmc_16bit:fmc_inst|FIR1:u_fir|FIR1_0002:fir1_inst|FIR1_0002_ast:FIR1_0002_ast_inst|FIR1_0002_rtl:hpfircore|dspba_delay:d_u0_m0_wo0_compute_q_20                                                                                                                                                                                ; fir1         ;
;                   |dspba_delay:d_u0_m0_wo0_memread_q_13|                                                ; 0 (0)             ; 1 (1)        ; 0           ; 0            ; 0       ; 0         ; 0    ; 0            ; |FMC_Demo|stm32_fmc_16bit:fmc_inst|FIR1:u_fir|FIR1_0002:fir1_inst|FIR1_0002_ast:FIR1_0002_ast_inst|FIR1_0002_rtl:hpfircore|dspba_delay:d_u0_m0_wo0_memread_q_13                                                                                                                                                                                ; fir1         ;
;                   |dspba_delay:d_u0_m0_wo0_wi0_delayr0_q_15|                                            ; 0 (0)             ; 24 (24)      ; 0           ; 0            ; 0       ; 0         ; 0    ; 0            ; |FMC_Demo|stm32_fmc_16bit:fmc_inst|FIR1:u_fir|FIR1_0002:fir1_inst|FIR1_0002_ast:FIR1_0002_ast_inst|FIR1_0002_rtl:hpfircore|dspba_delay:d_u0_m0_wo0_wi0_delayr0_q_15                                                                                                                                                                            ; fir1         ;
;                   |dspba_delay:d_u0_m0_wo0_wi0_split24_c_15|                                            ; 0 (0)             ; 24 (24)      ; 0           ; 0            ; 0       ; 0         ; 0    ; 0            ; |FMC_Demo|stm32_fmc_16bit:fmc_inst|FIR1:u_fir|FIR1_0002:fir1_inst|FIR1_0002_ast:FIR1_0002_ast_inst|FIR1_0002_rtl:hpfircore|dspba_delay:d_u0_m0_wo0_wi0_split24_c_15                                                                                                                                                                            ; fir1         ;
;                   |dspba_delay:d_xIn_0_13|                                                              ; 1 (1)             ; 36 (36)      ; 0           ; 0            ; 0       ; 0         ; 0    ; 0            ; |FMC_Demo|stm32_fmc_16bit:fmc_inst|FIR1:u_fir|FIR1_0002:fir1_inst|FIR1_0002_ast:FIR1_0002_ast_inst|FIR1_0002_rtl:hpfircore|dspba_delay:d_xIn_0_13                                                                                                                                                                                              ; fir1         ;
;                   |dspba_delay:u0_m0_wo0_compute|                                                       ; 0 (0)             ; 2 (2)        ; 0           ; 0            ; 0       ; 0         ; 0    ; 0            ; |FMC_Demo|stm32_fmc_16bit:fmc_inst|FIR1:u_fir|FIR1_0002:fir1_inst|FIR1_0002_ast:FIR1_0002_ast_inst|FIR1_0002_rtl:hpfircore|dspba_delay:u0_m0_wo0_compute                                                                                                                                                                                       ; fir1         ;
;                   |dspba_delay:u0_m0_wo0_memread|                                                       ; 0 (0)             ; 1 (1)        ; 0           ; 0            ; 0       ; 0         ; 0    ; 0            ; |FMC_Demo|stm32_fmc_16bit:fmc_inst|FIR1:u_fir|FIR1_0002:fir1_inst|FIR1_0002_ast:FIR1_0002_ast_inst|FIR1_0002_rtl:hpfircore|dspba_delay:u0_m0_wo0_memread                                                                                                                                                                                       ; fir1         ;
;                   |lpm_mult:u0_m0_wo0_mtree_mult1_0_component|                                          ; 0 (0)             ; 0 (0)        ; 0           ; 2            ; 0       ; 1         ; 0    ; 0            ; |FMC_Demo|stm32_fmc_16bit:fmc_inst|FIR1:u_fir|FIR1_0002:fir1_inst|FIR1_0002_ast:FIR1_0002_ast_inst|FIR1_0002_rtl:hpfircore|lpm_mult:u0_m0_wo0_mtree_mult1_0_component                                                                                                                                                                          ; work         ;
;                      |mult_8eu:auto_generated|                                                          ; 0 (0)             ; 0 (0)        ; 0           ; 2            ; 0       ; 1         ; 0    ; 0            ; |FMC_Demo|stm32_fmc_16bit:fmc_inst|FIR1:u_fir|FIR1_0002:fir1_inst|FIR1_0002_ast:FIR1_0002_ast_inst|FIR1_0002_rtl:hpfircore|lpm_mult:u0_m0_wo0_mtree_mult1_0_component|mult_8eu:auto_generated                                                                                                                                                  ; work         ;
;                   |lpm_mult:u0_m0_wo0_mtree_mult1_10_component|                                         ; 0 (0)             ; 0 (0)        ; 0           ; 2            ; 0       ; 1         ; 0    ; 0            ; |FMC_Demo|stm32_fmc_16bit:fmc_inst|FIR1:u_fir|FIR1_0002:fir1_inst|FIR1_0002_ast:FIR1_0002_ast_inst|FIR1_0002_rtl:hpfircore|lpm_mult:u0_m0_wo0_mtree_mult1_10_component                                                                                                                                                                         ; work         ;
;                      |mult_8eu:auto_generated|                                                          ; 0 (0)             ; 0 (0)        ; 0           ; 2            ; 0       ; 1         ; 0    ; 0            ; |FMC_Demo|stm32_fmc_16bit:fmc_inst|FIR1:u_fir|FIR1_0002:fir1_inst|FIR1_0002_ast:FIR1_0002_ast_inst|FIR1_0002_rtl:hpfircore|lpm_mult:u0_m0_wo0_mtree_mult1_10_component|mult_8eu:auto_generated                                                                                                                                                 ; work         ;
;                   |lpm_mult:u0_m0_wo0_mtree_mult1_11_component|                                         ; 0 (0)             ; 0 (0)        ; 0           ; 2            ; 0       ; 1         ; 0    ; 0            ; |FMC_Demo|stm32_fmc_16bit:fmc_inst|FIR1:u_fir|FIR1_0002:fir1_inst|FIR1_0002_ast:FIR1_0002_ast_inst|FIR1_0002_rtl:hpfircore|lpm_mult:u0_m0_wo0_mtree_mult1_11_component                                                                                                                                                                         ; work         ;
;                      |mult_8eu:auto_generated|                                                          ; 0 (0)             ; 0 (0)        ; 0           ; 2            ; 0       ; 1         ; 0    ; 0            ; |FMC_Demo|stm32_fmc_16bit:fmc_inst|FIR1:u_fir|FIR1_0002:fir1_inst|FIR1_0002_ast:FIR1_0002_ast_inst|FIR1_0002_rtl:hpfircore|lpm_mult:u0_m0_wo0_mtree_mult1_11_component|mult_8eu:auto_generated                                                                                                                                                 ; work         ;
;                   |lpm_mult:u0_m0_wo0_mtree_mult1_12_component|                                         ; 0 (0)             ; 0 (0)        ; 0           ; 2            ; 0       ; 1         ; 0    ; 0            ; |FMC_Demo|stm32_fmc_16bit:fmc_inst|FIR1:u_fir|FIR1_0002:fir1_inst|FIR1_0002_ast:FIR1_0002_ast_inst|FIR1_0002_rtl:hpfircore|lpm_mult:u0_m0_wo0_mtree_mult1_12_component                                                                                                                                                                         ; work         ;
;                      |mult_8eu:auto_generated|                                                          ; 0 (0)             ; 0 (0)        ; 0           ; 2            ; 0       ; 1         ; 0    ; 0            ; |FMC_Demo|stm32_fmc_16bit:fmc_inst|FIR1:u_fir|FIR1_0002:fir1_inst|FIR1_0002_ast:FIR1_0002_ast_inst|FIR1_0002_rtl:hpfircore|lpm_mult:u0_m0_wo0_mtree_mult1_12_component|mult_8eu:auto_generated                                                                                                                                                 ; work         ;
;                   |lpm_mult:u0_m0_wo0_mtree_mult1_1_component|                                          ; 0 (0)             ; 0 (0)        ; 0           ; 2            ; 0       ; 1         ; 0    ; 0            ; |FMC_Demo|stm32_fmc_16bit:fmc_inst|FIR1:u_fir|FIR1_0002:fir1_inst|FIR1_0002_ast:FIR1_0002_ast_inst|FIR1_0002_rtl:hpfircore|lpm_mult:u0_m0_wo0_mtree_mult1_1_component                                                                                                                                                                          ; work         ;
;                      |mult_8eu:auto_generated|                                                          ; 0 (0)             ; 0 (0)        ; 0           ; 2            ; 0       ; 1         ; 0    ; 0            ; |FMC_Demo|stm32_fmc_16bit:fmc_inst|FIR1:u_fir|FIR1_0002:fir1_inst|FIR1_0002_ast:FIR1_0002_ast_inst|FIR1_0002_rtl:hpfircore|lpm_mult:u0_m0_wo0_mtree_mult1_1_component|mult_8eu:auto_generated                                                                                                                                                  ; work         ;
;                   |lpm_mult:u0_m0_wo0_mtree_mult1_2_component|                                          ; 0 (0)             ; 0 (0)        ; 0           ; 2            ; 0       ; 1         ; 0    ; 0            ; |FMC_Demo|stm32_fmc_16bit:fmc_inst|FIR1:u_fir|FIR1_0002:fir1_inst|FIR1_0002_ast:FIR1_0002_ast_inst|FIR1_0002_rtl:hpfircore|lpm_mult:u0_m0_wo0_mtree_mult1_2_component                                                                                                                                                                          ; work         ;
;                      |mult_8eu:auto_generated|                                                          ; 0 (0)             ; 0 (0)        ; 0           ; 2            ; 0       ; 1         ; 0    ; 0            ; |FMC_Demo|stm32_fmc_16bit:fmc_inst|FIR1:u_fir|FIR1_0002:fir1_inst|FIR1_0002_ast:FIR1_0002_ast_inst|FIR1_0002_rtl:hpfircore|lpm_mult:u0_m0_wo0_mtree_mult1_2_component|mult_8eu:auto_generated                                                                                                                                                  ; work         ;
;                   |lpm_mult:u0_m0_wo0_mtree_mult1_3_component|                                          ; 0 (0)             ; 0 (0)        ; 0           ; 2            ; 0       ; 1         ; 0    ; 0            ; |FMC_Demo|stm32_fmc_16bit:fmc_inst|FIR1:u_fir|FIR1_0002:fir1_inst|FIR1_0002_ast:FIR1_0002_ast_inst|FIR1_0002_rtl:hpfircore|lpm_mult:u0_m0_wo0_mtree_mult1_3_component                                                                                                                                                                          ; work         ;
;                      |mult_8eu:auto_generated|                                                          ; 0 (0)             ; 0 (0)        ; 0           ; 2            ; 0       ; 1         ; 0    ; 0            ; |FMC_Demo|stm32_fmc_16bit:fmc_inst|FIR1:u_fir|FIR1_0002:fir1_inst|FIR1_0002_ast:FIR1_0002_ast_inst|FIR1_0002_rtl:hpfircore|lpm_mult:u0_m0_wo0_mtree_mult1_3_component|mult_8eu:auto_generated                                                                                                                                                  ; work         ;
;                   |lpm_mult:u0_m0_wo0_mtree_mult1_4_component|                                          ; 0 (0)             ; 0 (0)        ; 0           ; 2            ; 0       ; 1         ; 0    ; 0            ; |FMC_Demo|stm32_fmc_16bit:fmc_inst|FIR1:u_fir|FIR1_0002:fir1_inst|FIR1_0002_ast:FIR1_0002_ast_inst|FIR1_0002_rtl:hpfircore|lpm_mult:u0_m0_wo0_mtree_mult1_4_component                                                                                                                                                                          ; work         ;
;                      |mult_8eu:auto_generated|                                                          ; 0 (0)             ; 0 (0)        ; 0           ; 2            ; 0       ; 1         ; 0    ; 0            ; |FMC_Demo|stm32_fmc_16bit:fmc_inst|FIR1:u_fir|FIR1_0002:fir1_inst|FIR1_0002_ast:FIR1_0002_ast_inst|FIR1_0002_rtl:hpfircore|lpm_mult:u0_m0_wo0_mtree_mult1_4_component|mult_8eu:auto_generated                                                                                                                                                  ; work         ;
;                   |lpm_mult:u0_m0_wo0_mtree_mult1_5_component|                                          ; 0 (0)             ; 0 (0)        ; 0           ; 2            ; 0       ; 1         ; 0    ; 0            ; |FMC_Demo|stm32_fmc_16bit:fmc_inst|FIR1:u_fir|FIR1_0002:fir1_inst|FIR1_0002_ast:FIR1_0002_ast_inst|FIR1_0002_rtl:hpfircore|lpm_mult:u0_m0_wo0_mtree_mult1_5_component                                                                                                                                                                          ; work         ;
;                      |mult_8eu:auto_generated|                                                          ; 0 (0)             ; 0 (0)        ; 0           ; 2            ; 0       ; 1         ; 0    ; 0            ; |FMC_Demo|stm32_fmc_16bit:fmc_inst|FIR1:u_fir|FIR1_0002:fir1_inst|FIR1_0002_ast:FIR1_0002_ast_inst|FIR1_0002_rtl:hpfircore|lpm_mult:u0_m0_wo0_mtree_mult1_5_component|mult_8eu:auto_generated                                                                                                                                                  ; work         ;
;                   |lpm_mult:u0_m0_wo0_mtree_mult1_6_component|                                          ; 0 (0)             ; 0 (0)        ; 0           ; 2            ; 0       ; 1         ; 0    ; 0            ; |FMC_Demo|stm32_fmc_16bit:fmc_inst|FIR1:u_fir|FIR1_0002:fir1_inst|FIR1_0002_ast:FIR1_0002_ast_inst|FIR1_0002_rtl:hpfircore|lpm_mult:u0_m0_wo0_mtree_mult1_6_component                                                                                                                                                                          ; work         ;
;                      |mult_8eu:auto_generated|                                                          ; 0 (0)             ; 0 (0)        ; 0           ; 2            ; 0       ; 1         ; 0    ; 0            ; |FMC_Demo|stm32_fmc_16bit:fmc_inst|FIR1:u_fir|FIR1_0002:fir1_inst|FIR1_0002_ast:FIR1_0002_ast_inst|FIR1_0002_rtl:hpfircore|lpm_mult:u0_m0_wo0_mtree_mult1_6_component|mult_8eu:auto_generated                                                                                                                                                  ; work         ;
;                   |lpm_mult:u0_m0_wo0_mtree_mult1_7_component|                                          ; 0 (0)             ; 0 (0)        ; 0           ; 2            ; 0       ; 1         ; 0    ; 0            ; |FMC_Demo|stm32_fmc_16bit:fmc_inst|FIR1:u_fir|FIR1_0002:fir1_inst|FIR1_0002_ast:FIR1_0002_ast_inst|FIR1_0002_rtl:hpfircore|lpm_mult:u0_m0_wo0_mtree_mult1_7_component                                                                                                                                                                          ; work         ;
;                      |mult_8eu:auto_generated|                                                          ; 0 (0)             ; 0 (0)        ; 0           ; 2            ; 0       ; 1         ; 0    ; 0            ; |FMC_Demo|stm32_fmc_16bit:fmc_inst|FIR1:u_fir|FIR1_0002:fir1_inst|FIR1_0002_ast:FIR1_0002_ast_inst|FIR1_0002_rtl:hpfircore|lpm_mult:u0_m0_wo0_mtree_mult1_7_component|mult_8eu:auto_generated                                                                                                                                                  ; work         ;
;                   |lpm_mult:u0_m0_wo0_mtree_mult1_8_component|                                          ; 0 (0)             ; 0 (0)        ; 0           ; 2            ; 0       ; 1         ; 0    ; 0            ; |FMC_Demo|stm32_fmc_16bit:fmc_inst|FIR1:u_fir|FIR1_0002:fir1_inst|FIR1_0002_ast:FIR1_0002_ast_inst|FIR1_0002_rtl:hpfircore|lpm_mult:u0_m0_wo0_mtree_mult1_8_component                                                                                                                                                                          ; work         ;
;                      |mult_8eu:auto_generated|                                                          ; 0 (0)             ; 0 (0)        ; 0           ; 2            ; 0       ; 1         ; 0    ; 0            ; |FMC_Demo|stm32_fmc_16bit:fmc_inst|FIR1:u_fir|FIR1_0002:fir1_inst|FIR1_0002_ast:FIR1_0002_ast_inst|FIR1_0002_rtl:hpfircore|lpm_mult:u0_m0_wo0_mtree_mult1_8_component|mult_8eu:auto_generated                                                                                                                                                  ; work         ;
;                   |lpm_mult:u0_m0_wo0_mtree_mult1_9_component|                                          ; 0 (0)             ; 0 (0)        ; 0           ; 2            ; 0       ; 1         ; 0    ; 0            ; |FMC_Demo|stm32_fmc_16bit:fmc_inst|FIR1:u_fir|FIR1_0002:fir1_inst|FIR1_0002_ast:FIR1_0002_ast_inst|FIR1_0002_rtl:hpfircore|lpm_mult:u0_m0_wo0_mtree_mult1_9_component                                                                                                                                                                          ; work         ;
;                      |mult_8eu:auto_generated|                                                          ; 0 (0)             ; 0 (0)        ; 0           ; 2            ; 0       ; 1         ; 0    ; 0            ; |FMC_Demo|stm32_fmc_16bit:fmc_inst|FIR1:u_fir|FIR1_0002:fir1_inst|FIR1_0002_ast:FIR1_0002_ast_inst|FIR1_0002_rtl:hpfircore|lpm_mult:u0_m0_wo0_mtree_mult1_9_component|mult_8eu:auto_generated                                                                                                                                                  ; work         ;
;                |auk_dspip_avalon_streaming_source_hpfir:source|                                         ; 0 (0)             ; 17 (17)      ; 0           ; 0            ; 0       ; 0         ; 0    ; 0            ; |FMC_Demo|stm32_fmc_16bit:fmc_inst|FIR1:u_fir|FIR1_0002:fir1_inst|FIR1_0002_ast:FIR1_0002_ast_inst|auk_dspip_avalon_streaming_source_hpfir:source                                                                                                                                                                                              ; fir1         ;
;       |altsyncram:adc1_ram_rtl_0|                                                                       ; 0 (0)             ; 0 (0)        ; 131072      ; 0            ; 0       ; 0         ; 0    ; 0            ; |FMC_Demo|stm32_fmc_16bit:fmc_inst|altsyncram:adc1_ram_rtl_0                                                                                                                                                                                                                                                                                   ; work         ;
;          |altsyncram_h5f1:auto_generated|                                                               ; 0 (0)             ; 0 (0)        ; 131072      ; 0            ; 0       ; 0         ; 0    ; 0            ; |FMC_Demo|stm32_fmc_16bit:fmc_inst|altsyncram:adc1_ram_rtl_0|altsyncram_h5f1:auto_generated                                                                                                                                                                                                                                                    ; work         ;
+---------------------------------------------------------------------------------------------------------+-------------------+--------------+-------------+--------------+---------+-----------+------+--------------+------------------------------------------------------------------------------------------------------------------------------------------------------------------------------------------------------------------------------------------------------------------------------------------------------------------------------------------------+--------------+
Note: For table entries with two numbers listed, the numbers in parentheses indicate the number of resources of the given type used by the specific entity alone. The numbers listed outside of parentheses indicate the total resources of the given type used by the specific entity and all of its sub-entities in the hierarchy.


+-------------------------------------------------------------------------------------------------------------------------------------------------------------------------------------------------------------------------------------------------------------------------------------------------------------+
; Analysis & Synthesis RAM Summary                                                                                                                                                                                                                                                                            ;
+-------------------------------------------------------------------------------------------------------------------------------------------------------------------------------------------------------+------+------------------+--------------+--------------+--------------+--------------+--------+------+
; Name                                                                                                                                                                                                  ; Type ; Mode             ; Port A Depth ; Port A Width ; Port B Depth ; Port B Width ; Size   ; MIF  ;
+-------------------------------------------------------------------------------------------------------------------------------------------------------------------------------------------------------+------+------------------+--------------+--------------+--------------+--------------+--------+------+
; ram_2port1:ram1_inst|altsyncram:mem_rtl_0|altsyncram_fh02:auto_generated|ALTSYNCRAM                                                                                                                   ; M9K  ; True Dual Port   ; 1024         ; 16           ; 1024         ; 16           ; 16384  ; None ;
; ram_2port1:ram2_inst|altsyncram:mem_rtl_0|altsyncram_fh02:auto_generated|ALTSYNCRAM                                                                                                                   ; M9K  ; True Dual Port   ; 1024         ; 16           ; 1024         ; 16           ; 16384  ; None ;
; sld_signaltap:auto_signaltap_0|sld_signaltap_impl:sld_signaltap_body|sld_signaltap_implb:sld_signaltap_body|altsyncram:\stp_non_zero_ram_gen:stp_buffer_ram|altsyncram_au14:auto_generated|ALTSYNCRAM ; AUTO ; Simple Dual Port ; 512          ; 12           ; 512          ; 12           ; 6144   ; None ;
; stm32_fmc_16bit:fmc_inst|FIR1:u_fir|FIR1_0002:fir1_inst|FIR1_0002_ast:FIR1_0002_ast_inst|FIR1_0002_rtl:hpfircore|altsyncram:u0_m0_wo0_wi0_delayr0_dmem|altsyncram_a2o3:auto_generated|ALTSYNCRAM      ; M9K  ; Simple Dual Port ; 5            ; 12           ; 5            ; 12           ; 60     ; None ;
; stm32_fmc_16bit:fmc_inst|FIR1:u_fir|FIR1_0002:fir1_inst|FIR1_0002_ast:FIR1_0002_ast_inst|FIR1_0002_rtl:hpfircore|altsyncram:u0_m0_wo0_wi0_delayr10_dmem|altsyncram_m2o3:auto_generated|ALTSYNCRAM     ; M9K  ; Simple Dual Port ; 5            ; 36           ; 5            ; 36           ; 180    ; None ;
; stm32_fmc_16bit:fmc_inst|FIR1:u_fir|FIR1_0002:fir1_inst|FIR1_0002_ast:FIR1_0002_ast_inst|FIR1_0002_rtl:hpfircore|altsyncram:u0_m0_wo0_wi0_delayr14_dmem|altsyncram_g2o3:auto_generated|ALTSYNCRAM     ; M9K  ; Simple Dual Port ; 8            ; 12           ; 8            ; 12           ; 96     ; None ;
; stm32_fmc_16bit:fmc_inst|FIR1:u_fir|FIR1_0002:fir1_inst|FIR1_0002_ast:FIR1_0002_ast_inst|FIR1_0002_rtl:hpfircore|altsyncram:u0_m0_wo0_wi0_delayr15_dmem|altsyncram_s2o3:auto_generated|ALTSYNCRAM     ; M9K  ; Simple Dual Port ; 8            ; 36           ; 8            ; 36           ; 288    ; None ;
; stm32_fmc_16bit:fmc_inst|FIR1:u_fir|FIR1_0002:fir1_inst|FIR1_0002_ast:FIR1_0002_ast_inst|FIR1_0002_rtl:hpfircore|altsyncram:u0_m0_wo0_wi0_delayr18_dmem|altsyncram_s2o3:auto_generated|ALTSYNCRAM     ; M9K  ; Simple Dual Port ; 8            ; 36           ; 8            ; 36           ; 288    ; None ;
; stm32_fmc_16bit:fmc_inst|FIR1:u_fir|FIR1_0002:fir1_inst|FIR1_0002_ast:FIR1_0002_ast_inst|FIR1_0002_rtl:hpfircore|altsyncram:u0_m0_wo0_wi0_delayr1_dmem|altsyncram_m2o3:auto_generated|ALTSYNCRAM      ; M9K  ; Simple Dual Port ; 5            ; 36           ; 5            ; 36           ; 180    ; None ;
; stm32_fmc_16bit:fmc_inst|FIR1:u_fir|FIR1_0002:fir1_inst|FIR1_0002_ast:FIR1_0002_ast_inst|FIR1_0002_rtl:hpfircore|altsyncram:u0_m0_wo0_wi0_delayr21_dmem|altsyncram_s2o3:auto_generated|ALTSYNCRAM     ; M9K  ; Simple Dual Port ; 8            ; 36           ; 8            ; 36           ; 288    ; None ;
; stm32_fmc_16bit:fmc_inst|FIR1:u_fir|FIR1_0002:fir1_inst|FIR1_0002_ast:FIR1_0002_ast_inst|FIR1_0002_rtl:hpfircore|altsyncram:u0_m0_wo0_wi0_delayr24_dmem|altsyncram_n2o3:auto_generated|ALTSYNCRAM     ; M9K  ; Simple Dual Port ; 8            ; 24           ; 8            ; 24           ; 192    ; None ;
; stm32_fmc_16bit:fmc_inst|FIR1:u_fir|FIR1_0002:fir1_inst|FIR1_0002_ast:FIR1_0002_ast_inst|FIR1_0002_rtl:hpfircore|altsyncram:u0_m0_wo0_wi0_delayr4_dmem|altsyncram_m2o3:auto_generated|ALTSYNCRAM      ; M9K  ; Simple Dual Port ; 5            ; 36           ; 5            ; 36           ; 180    ; None ;
; stm32_fmc_16bit:fmc_inst|FIR1:u_fir|FIR1_0002:fir1_inst|FIR1_0002_ast:FIR1_0002_ast_inst|FIR1_0002_rtl:hpfircore|altsyncram:u0_m0_wo0_wi0_delayr7_dmem|altsyncram_m2o3:auto_generated|ALTSYNCRAM      ; M9K  ; Simple Dual Port ; 5            ; 36           ; 5            ; 36           ; 180    ; None ;
; stm32_fmc_16bit:fmc_inst|altsyncram:adc1_ram_rtl_0|altsyncram_h5f1:auto_generated|ALTSYNCRAM                                                                                                          ; M9K  ; Simple Dual Port ; 8192         ; 16           ; 8192         ; 16           ; 131072 ; None ;
+-------------------------------------------------------------------------------------------------------------------------------------------------------------------------------------------------------+------+------------------+--------------+--------------+--------------+--------------+--------+------+


+-----------------------------------------------------+
; Analysis & Synthesis DSP Block Usage Summary        ;
+---------------------------------------+-------------+
; Statistic                             ; Number Used ;
+---------------------------------------+-------------+
; Simple Multipliers (9-bit)            ; 0           ;
; Simple Multipliers (18-bit)           ; 13          ;
; Embedded Multiplier Blocks            ; --          ;
; Embedded Multiplier 9-bit elements    ; 26          ;
; Signed Embedded Multipliers           ; 13          ;
; Unsigned Embedded Multipliers         ; 0           ;
; Mixed Sign Embedded Multipliers       ; 0           ;
; Variable Sign Embedded Multipliers    ; 0           ;
; Dedicated Input Shift Register Chains ; 0           ;
+---------------------------------------+-------------+
Note: number of Embedded Multiplier Blocks used is only available after a successful fit.


+----------------------------------------------------------------------------------------------------------------------------------------------------------------------------------------------------------------------------------------------------+
; Analysis & Synthesis IP Cores Summary                                                                                                                                                                                                              ;
+--------+------------------------+---------+--------------+--------------+--------------------------------------------------------------------------------------------------------------------------------------------------------+-----------------+
; Vendor ; IP Core Name           ; Version ; Release Date ; License Type ; Entity Instance                                                                                                                                        ; IP Include File ;
+--------+------------------------+---------+--------------+--------------+--------------------------------------------------------------------------------------------------------------------------------------------------------+-----------------+
; Altera ; Signal Tap             ; N/A     ; N/A          ; Licensed     ; |FMC_Demo|sld_hub:auto_hub|alt_sld_fab:\instrumentation_fabric_with_node_gen:fabric_gen_new_way:instrumentation_fabric                                 ;                 ;
; Altera ; Signal Tap             ; N/A     ; N/A          ; Licensed     ; |FMC_Demo|sld_hub:auto_hub|alt_sld_fab:\instrumentation_fabric_with_node_gen:fabric_gen_new_way:instrumentation_fabric|alt_sld_fab_presplit:presplit   ;                 ;
; Altera ; Signal Tap             ; N/A     ; N/A          ; Licensed     ; |FMC_Demo|sld_hub:auto_hub|alt_sld_fab:\instrumentation_fabric_with_node_gen:fabric_gen_new_way:instrumentation_fabric|alt_sld_fab_sldfabric:sldfabric ;                 ;
; Altera ; Signal Tap             ; N/A     ; N/A          ; Licensed     ; |FMC_Demo|sld_hub:auto_hub|alt_sld_fab:\instrumentation_fabric_with_node_gen:fabric_gen_new_way:instrumentation_fabric|alt_sld_fab_splitter:splitter   ;                 ;
; Altera ; altera_fir_compiler_ii ; 14.1    ; N/A          ; N/A          ; |FMC_Demo|stm32_fmc_16bit:fmc_inst|FIR1:u_fir                                                                                                          ; FIR1.v          ;
; Altera ; ALTPLL                 ; 14.1    ; N/A          ; N/A          ; |FMC_Demo|pll1:pll1_inst                                                                                                                               ; pll1.v          ;
+--------+------------------------+---------+--------------+--------------+--------------------------------------------------------------------------------------------------------------------------------------------------------+-----------------+


Encoding Type:  One-Hot
+--------------------------------------------------------------------------------------------------------------------------------------------------------------------------+
; State Machine - |FMC_Demo|stm32_fmc_16bit:fmc_inst|FIR1:u_fir|FIR1_0002:fir1_inst|FIR1_0002_ast:FIR1_0002_ast_inst|auk_dspip_avalon_streaming_sink_hpfir:sink|sink_state ;
+-------------------+-----------------+-------------------+-----------------+------------------+---------------------------------------------------------------------------+
; Name              ; sink_state.end1 ; sink_state.st_err ; sink_state.run1 ; sink_state.stall ; sink_state.start                                                          ;
+-------------------+-----------------+-------------------+-----------------+------------------+---------------------------------------------------------------------------+
; sink_state.start  ; 0               ; 0                 ; 0               ; 0                ; 0                                                                         ;
; sink_state.stall  ; 0               ; 0                 ; 0               ; 1                ; 1                                                                         ;
; sink_state.run1   ; 0               ; 0                 ; 1               ; 0                ; 1                                                                         ;
; sink_state.st_err ; 0               ; 1                 ; 0               ; 0                ; 1                                                                         ;
; sink_state.end1   ; 1               ; 0                 ; 0               ; 0                ; 1                                                                         ;
+-------------------+-----------------+-------------------+-----------------+------------------+---------------------------------------------------------------------------+


+-------------------------------------------------------------------------------------------------------------------------------------------------------------------------------------------------------------------------------------------------------------------------------------------------------------------------------------------+
; Registers Removed During Synthesis                                                                                                                                                                                                                                                                                                        ;
+------------------------------------------------------------------------------------------------------------------------------------------------------------------------+------------------------------------------------------------------------------------------------------------------------------------------------------------------+
; Register name                                                                                                                                                          ; Reason for Removal                                                                                                                                               ;
+------------------------------------------------------------------------------------------------------------------------------------------------------------------------+------------------------------------------------------------------------------------------------------------------------------------------------------------------+
; stm32_fmc_16bit:fmc_inst|FIR1:u_fir|FIR1_0002:fir1_inst|FIR1_0002_ast:FIR1_0002_ast_inst|FIR1_0002_rtl:hpfircore|u0_m0_wo0_wi0_ra25_count1_lutreg_q[3]                 ; Stuck at GND due to stuck port data_in                                                                                                                           ;
; stm32_fmc_16bit:fmc_inst|FIR1:u_fir|FIR1_0002:fir1_inst|FIR1_0002_ast:FIR1_0002_ast_inst|FIR1_0002_rtl:hpfircore|u0_m0_wo0_cm0_q[3..15]                                ; Stuck at GND due to stuck port data_in                                                                                                                           ;
; stm32_fmc_16bit:fmc_inst|FIR1:u_fir|FIR1_0002:fir1_inst|FIR1_0002_ast:FIR1_0002_ast_inst|FIR1_0002_rtl:hpfircore|u0_m0_wo0_cm3_q[8..15]                                ; Stuck at GND due to stuck port data_in                                                                                                                           ;
; stm32_fmc_16bit:fmc_inst|FIR1:u_fir|FIR1_0002:fir1_inst|FIR1_0002_ast:FIR1_0002_ast_inst|FIR1_0002_rtl:hpfircore|u0_m0_wo0_cm4_q[9..15]                                ; Stuck at VCC due to stuck port data_in                                                                                                                           ;
; stm32_fmc_16bit:fmc_inst|FIR1:u_fir|FIR1_0002:fir1_inst|FIR1_0002_ast:FIR1_0002_ast_inst|FIR1_0002_rtl:hpfircore|u0_m0_wo0_cm5_q[6]                                    ; Stuck at VCC due to stuck port data_in                                                                                                                           ;
; stm32_fmc_16bit:fmc_inst|FIR1:u_fir|FIR1_0002:fir1_inst|FIR1_0002_ast:FIR1_0002_ast_inst|FIR1_0002_rtl:hpfircore|u0_m0_wo0_cm6_q[8]                                    ; Stuck at GND due to stuck port data_in                                                                                                                           ;
; stm32_fmc_16bit:fmc_inst|FIR1:u_fir|FIR1_0002:fir1_inst|FIR1_0002_ast:FIR1_0002_ast_inst|FIR1_0002_rtl:hpfircore|u0_m0_wo0_cm6_q[2]                                    ; Stuck at VCC due to stuck port data_in                                                                                                                           ;
; stm32_fmc_16bit:fmc_inst|FIR1:u_fir|FIR1_0002:fir1_inst|FIR1_0002_ast:FIR1_0002_ast_inst|FIR1_0002_rtl:hpfircore|u0_m0_wo0_cm7_q[11..15]                               ; Stuck at VCC due to stuck port data_in                                                                                                                           ;
; stm32_fmc_16bit:fmc_inst|FIR1:u_fir|FIR1_0002:fir1_inst|FIR1_0002_ast:FIR1_0002_ast_inst|FIR1_0002_rtl:hpfircore|u0_m0_wo0_cm8_q[12..15]                               ; Stuck at GND due to stuck port data_in                                                                                                                           ;
; stm32_fmc_16bit:fmc_inst|FIR1:u_fir|FIR1_0002:fir1_inst|FIR1_0002_ast:FIR1_0002_ast_inst|FIR1_0002_rtl:hpfircore|u0_m0_wo0_cm9_q[9]                                    ; Stuck at GND due to stuck port data_in                                                                                                                           ;
; stm32_fmc_16bit:fmc_inst|FIR1:u_fir|FIR1_0002:fir1_inst|FIR1_0002_ast:FIR1_0002_ast_inst|FIR1_0002_rtl:hpfircore|u0_m0_wo0_cm9_q[5]                                    ; Stuck at VCC due to stuck port data_in                                                                                                                           ;
; stm32_fmc_16bit:fmc_inst|FIR1:u_fir|FIR1_0002:fir1_inst|FIR1_0002_ast:FIR1_0002_ast_inst|FIR1_0002_rtl:hpfircore|u0_m0_wo0_cm10_q[5]                                   ; Stuck at GND due to stuck port data_in                                                                                                                           ;
; stm32_fmc_16bit:fmc_inst|FIR1:u_fir|FIR1_0002:fir1_inst|FIR1_0002_ast:FIR1_0002_ast_inst|FIR1_0002_rtl:hpfircore|u0_m0_wo0_cm11_q[15]                                  ; Stuck at GND due to stuck port data_in                                                                                                                           ;
; stm32_fmc_16bit:fmc_inst|FIR1:u_fir|FIR1_0002:fir1_inst|FIR1_0002_ast:FIR1_0002_ast_inst|FIR1_0002_rtl:hpfircore|u0_m0_wo0_cm12_q[15]                                  ; Stuck at GND due to stuck port data_in                                                                                                                           ;
; stm32_fmc_16bit:fmc_inst|FIR1:u_fir|FIR1_0002:fir1_inst|FIR1_0002_ast:FIR1_0002_ast_inst|FIR1_0002_rtl:hpfircore|u0_m0_wo0_aseq_q[0]                                   ; Merged with stm32_fmc_16bit:fmc_inst|FIR1:u_fir|FIR1_0002:fir1_inst|FIR1_0002_ast:FIR1_0002_ast_inst|FIR1_0002_rtl:hpfircore|\u0_m0_wo0_aseq:u0_m0_wo0_aseq_c[4] ;
; stm32_fmc_16bit:fmc_inst|FIR1:u_fir|FIR1_0002:fir1_inst|FIR1_0002_ast:FIR1_0002_ast_inst|FIR1_0002_rtl:hpfircore|u0_m0_wo0_cm1_q[5..14]                                ; Merged with stm32_fmc_16bit:fmc_inst|FIR1:u_fir|FIR1_0002:fir1_inst|FIR1_0002_ast:FIR1_0002_ast_inst|FIR1_0002_rtl:hpfircore|u0_m0_wo0_cm1_q[15]                 ;
; stm32_fmc_16bit:fmc_inst|FIR1:u_fir|FIR1_0002:fir1_inst|FIR1_0002_ast:FIR1_0002_ast_inst|FIR1_0002_rtl:hpfircore|u0_m0_wo0_cm5_q[0]                                    ; Merged with stm32_fmc_16bit:fmc_inst|FIR1:u_fir|FIR1_0002:fir1_inst|FIR1_0002_ast:FIR1_0002_ast_inst|FIR1_0002_rtl:hpfircore|u0_m0_wo0_cm1_q[15]                 ;
; stm32_fmc_16bit:fmc_inst|FIR1:u_fir|FIR1_0002:fir1_inst|FIR1_0002_ast:FIR1_0002_ast_inst|FIR1_0002_rtl:hpfircore|u0_m0_wo0_cm8_q[11]                                   ; Merged with stm32_fmc_16bit:fmc_inst|FIR1:u_fir|FIR1_0002:fir1_inst|FIR1_0002_ast:FIR1_0002_ast_inst|FIR1_0002_rtl:hpfircore|u0_m0_wo0_cm1_q[15]                 ;
; stm32_fmc_16bit:fmc_inst|FIR1:u_fir|FIR1_0002:fir1_inst|FIR1_0002_ast:FIR1_0002_ast_inst|FIR1_0002_rtl:hpfircore|u0_m0_wo0_cm9_q[2,13..15]                             ; Merged with stm32_fmc_16bit:fmc_inst|FIR1:u_fir|FIR1_0002:fir1_inst|FIR1_0002_ast:FIR1_0002_ast_inst|FIR1_0002_rtl:hpfircore|u0_m0_wo0_cm1_q[15]                 ;
; stm32_fmc_16bit:fmc_inst|FIR1:u_fir|FIR1_0002:fir1_inst|FIR1_0002_ast:FIR1_0002_ast_inst|FIR1_0002_rtl:hpfircore|u0_m0_wo0_cm10_q[11]                                  ; Merged with stm32_fmc_16bit:fmc_inst|FIR1:u_fir|FIR1_0002:fir1_inst|FIR1_0002_ast:FIR1_0002_ast_inst|FIR1_0002_rtl:hpfircore|u0_m0_wo0_cm1_q[15]                 ;
; stm32_fmc_16bit:fmc_inst|FIR1:u_fir|FIR1_0002:fir1_inst|FIR1_0002_ast:FIR1_0002_ast_inst|FIR1_0002_rtl:hpfircore|u0_m0_wo0_cm11_q[14]                                  ; Merged with stm32_fmc_16bit:fmc_inst|FIR1:u_fir|FIR1_0002:fir1_inst|FIR1_0002_ast:FIR1_0002_ast_inst|FIR1_0002_rtl:hpfircore|u0_m0_wo0_cm1_q[15]                 ;
; stm32_fmc_16bit:fmc_inst|FIR1:u_fir|FIR1_0002:fir1_inst|FIR1_0002_ast:FIR1_0002_ast_inst|FIR1_0002_rtl:hpfircore|u0_m0_wo0_cm2_q[5]                                    ; Merged with stm32_fmc_16bit:fmc_inst|FIR1:u_fir|FIR1_0002:fir1_inst|FIR1_0002_ast:FIR1_0002_ast_inst|FIR1_0002_rtl:hpfircore|u0_m0_wo0_cm1_q[4]                  ;
; stm32_fmc_16bit:fmc_inst|FIR1:u_fir|FIR1_0002:fir1_inst|FIR1_0002_ast:FIR1_0002_ast_inst|FIR1_0002_rtl:hpfircore|u0_m0_wo0_cm6_q[4]                                    ; Merged with stm32_fmc_16bit:fmc_inst|FIR1:u_fir|FIR1_0002:fir1_inst|FIR1_0002_ast:FIR1_0002_ast_inst|FIR1_0002_rtl:hpfircore|u0_m0_wo0_cm1_q[4]                  ;
; stm32_fmc_16bit:fmc_inst|FIR1:u_fir|FIR1_0002:fir1_inst|FIR1_0002_ast:FIR1_0002_ast_inst|FIR1_0002_rtl:hpfircore|u0_m0_wo0_cm9_q[12]                                   ; Merged with stm32_fmc_16bit:fmc_inst|FIR1:u_fir|FIR1_0002:fir1_inst|FIR1_0002_ast:FIR1_0002_ast_inst|FIR1_0002_rtl:hpfircore|u0_m0_wo0_cm1_q[4]                  ;
; stm32_fmc_16bit:fmc_inst|FIR1:u_fir|FIR1_0002:fir1_inst|FIR1_0002_ast:FIR1_0002_ast_inst|FIR1_0002_rtl:hpfircore|u0_m0_wo0_cm3_q[7]                                    ; Merged with stm32_fmc_16bit:fmc_inst|FIR1:u_fir|FIR1_0002:fir1_inst|FIR1_0002_ast:FIR1_0002_ast_inst|FIR1_0002_rtl:hpfircore|u0_m0_wo0_cm1_q[3]                  ;
; stm32_fmc_16bit:fmc_inst|FIR1:u_fir|FIR1_0002:fir1_inst|FIR1_0002_ast:FIR1_0002_ast_inst|FIR1_0002_rtl:hpfircore|u0_m0_wo0_cm4_q[0]                                    ; Merged with stm32_fmc_16bit:fmc_inst|FIR1:u_fir|FIR1_0002:fir1_inst|FIR1_0002_ast:FIR1_0002_ast_inst|FIR1_0002_rtl:hpfircore|u0_m0_wo0_cm1_q[3]                  ;
; stm32_fmc_16bit:fmc_inst|FIR1:u_fir|FIR1_0002:fir1_inst|FIR1_0002_ast:FIR1_0002_ast_inst|FIR1_0002_rtl:hpfircore|u0_m0_wo0_cm7_q[8]                                    ; Merged with stm32_fmc_16bit:fmc_inst|FIR1:u_fir|FIR1_0002:fir1_inst|FIR1_0002_ast:FIR1_0002_ast_inst|FIR1_0002_rtl:hpfircore|u0_m0_wo0_cm1_q[3]                  ;
; stm32_fmc_16bit:fmc_inst|FIR1:u_fir|FIR1_0002:fir1_inst|FIR1_0002_ast:FIR1_0002_ast_inst|FIR1_0002_rtl:hpfircore|u0_m0_wo0_cm11_q[7]                                   ; Merged with stm32_fmc_16bit:fmc_inst|FIR1:u_fir|FIR1_0002:fir1_inst|FIR1_0002_ast:FIR1_0002_ast_inst|FIR1_0002_rtl:hpfircore|u0_m0_wo0_cm1_q[3]                  ;
; stm32_fmc_16bit:fmc_inst|FIR1:u_fir|FIR1_0002:fir1_inst|FIR1_0002_ast:FIR1_0002_ast_inst|FIR1_0002_rtl:hpfircore|u0_m0_wo0_cm11_q[0]                                   ; Merged with stm32_fmc_16bit:fmc_inst|FIR1:u_fir|FIR1_0002:fir1_inst|FIR1_0002_ast:FIR1_0002_ast_inst|FIR1_0002_rtl:hpfircore|u0_m0_wo0_cm1_q[2]                  ;
; stm32_fmc_16bit:fmc_inst|FIR1:u_fir|FIR1_0002:fir1_inst|FIR1_0002_ast:FIR1_0002_ast_inst|FIR1_0002_rtl:hpfircore|u0_m0_wo0_cm8_q[1]                                    ; Merged with stm32_fmc_16bit:fmc_inst|FIR1:u_fir|FIR1_0002:fir1_inst|FIR1_0002_ast:FIR1_0002_ast_inst|FIR1_0002_rtl:hpfircore|u0_m0_wo0_cm1_q[2]                  ;
; stm32_fmc_16bit:fmc_inst|FIR1:u_fir|FIR1_0002:fir1_inst|FIR1_0002_ast:FIR1_0002_ast_inst|FIR1_0002_rtl:hpfircore|u0_m0_wo0_cm7_q[9]                                    ; Merged with stm32_fmc_16bit:fmc_inst|FIR1:u_fir|FIR1_0002:fir1_inst|FIR1_0002_ast:FIR1_0002_ast_inst|FIR1_0002_rtl:hpfircore|u0_m0_wo0_cm1_q[2]                  ;
; stm32_fmc_16bit:fmc_inst|FIR1:u_fir|FIR1_0002:fir1_inst|FIR1_0002_ast:FIR1_0002_ast_inst|FIR1_0002_rtl:hpfircore|u0_m0_wo0_cm5_q[8]                                    ; Merged with stm32_fmc_16bit:fmc_inst|FIR1:u_fir|FIR1_0002:fir1_inst|FIR1_0002_ast:FIR1_0002_ast_inst|FIR1_0002_rtl:hpfircore|u0_m0_wo0_cm1_q[2]                  ;
; stm32_fmc_16bit:fmc_inst|FIR1:u_fir|FIR1_0002:fir1_inst|FIR1_0002_ast:FIR1_0002_ast_inst|FIR1_0002_rtl:hpfircore|u0_m0_wo0_cm3_q[1,5]                                  ; Merged with stm32_fmc_16bit:fmc_inst|FIR1:u_fir|FIR1_0002:fir1_inst|FIR1_0002_ast:FIR1_0002_ast_inst|FIR1_0002_rtl:hpfircore|u0_m0_wo0_cm1_q[2]                  ;
; stm32_fmc_16bit:fmc_inst|FIR1:u_fir|FIR1_0002:fir1_inst|FIR1_0002_ast:FIR1_0002_ast_inst|FIR1_0002_rtl:hpfircore|u0_m0_wo0_cm6_q[3]                                    ; Merged with stm32_fmc_16bit:fmc_inst|FIR1:u_fir|FIR1_0002:fir1_inst|FIR1_0002_ast:FIR1_0002_ast_inst|FIR1_0002_rtl:hpfircore|u0_m0_wo0_cm1_q[2]                  ;
; stm32_fmc_16bit:fmc_inst|FIR1:u_fir|FIR1_0002:fir1_inst|FIR1_0002_ast:FIR1_0002_ast_inst|FIR1_0002_rtl:hpfircore|u0_m0_wo0_cm8_q[4]                                    ; Merged with stm32_fmc_16bit:fmc_inst|FIR1:u_fir|FIR1_0002:fir1_inst|FIR1_0002_ast:FIR1_0002_ast_inst|FIR1_0002_rtl:hpfircore|u0_m0_wo0_cm1_q[2]                  ;
; stm32_fmc_16bit:fmc_inst|FIR1:u_fir|FIR1_0002:fir1_inst|FIR1_0002_ast:FIR1_0002_ast_inst|FIR1_0002_rtl:hpfircore|u0_m0_wo0_cm9_q[11]                                   ; Merged with stm32_fmc_16bit:fmc_inst|FIR1:u_fir|FIR1_0002:fir1_inst|FIR1_0002_ast:FIR1_0002_ast_inst|FIR1_0002_rtl:hpfircore|u0_m0_wo0_cm1_q[2]                  ;
; stm32_fmc_16bit:fmc_inst|FIR1:u_fir|FIR1_0002:fir1_inst|FIR1_0002_ast:FIR1_0002_ast_inst|FIR1_0002_rtl:hpfircore|dspba_delay:d_u0_m0_wo0_ca12_q_15|delay_signals[1][0] ; Merged with stm32_fmc_16bit:fmc_inst|FIR1:u_fir|FIR1_0002:fir1_inst|FIR1_0002_ast:FIR1_0002_ast_inst|FIR1_0002_rtl:hpfircore|u0_m0_wo0_cm1_q[2]                  ;
; stm32_fmc_16bit:fmc_inst|FIR1:u_fir|FIR1_0002:fir1_inst|FIR1_0002_ast:FIR1_0002_ast_inst|FIR1_0002_rtl:hpfircore|u0_m0_wo0_cm2_q[3,4]                                  ; Merged with stm32_fmc_16bit:fmc_inst|FIR1:u_fir|FIR1_0002:fir1_inst|FIR1_0002_ast:FIR1_0002_ast_inst|FIR1_0002_rtl:hpfircore|u0_m0_wo0_cm1_q[1]                  ;
; stm32_fmc_16bit:fmc_inst|FIR1:u_fir|FIR1_0002:fir1_inst|FIR1_0002_ast:FIR1_0002_ast_inst|FIR1_0002_rtl:hpfircore|u0_m0_wo0_cm3_q[6]                                    ; Merged with stm32_fmc_16bit:fmc_inst|FIR1:u_fir|FIR1_0002:fir1_inst|FIR1_0002_ast:FIR1_0002_ast_inst|FIR1_0002_rtl:hpfircore|u0_m0_wo0_cm1_q[1]                  ;
; stm32_fmc_16bit:fmc_inst|FIR1:u_fir|FIR1_0002:fir1_inst|FIR1_0002_ast:FIR1_0002_ast_inst|FIR1_0002_rtl:hpfircore|u0_m0_wo0_cm4_q[7]                                    ; Merged with stm32_fmc_16bit:fmc_inst|FIR1:u_fir|FIR1_0002:fir1_inst|FIR1_0002_ast:FIR1_0002_ast_inst|FIR1_0002_rtl:hpfircore|u0_m0_wo0_cm1_q[1]                  ;
; stm32_fmc_16bit:fmc_inst|FIR1:u_fir|FIR1_0002:fir1_inst|FIR1_0002_ast:FIR1_0002_ast_inst|FIR1_0002_rtl:hpfircore|u0_m0_wo0_cm6_q[7]                                    ; Merged with stm32_fmc_16bit:fmc_inst|FIR1:u_fir|FIR1_0002:fir1_inst|FIR1_0002_ast:FIR1_0002_ast_inst|FIR1_0002_rtl:hpfircore|u0_m0_wo0_cm1_q[1]                  ;
; stm32_fmc_16bit:fmc_inst|FIR1:u_fir|FIR1_0002:fir1_inst|FIR1_0002_ast:FIR1_0002_ast_inst|FIR1_0002_rtl:hpfircore|u0_m0_wo0_cm7_q[1]                                    ; Merged with stm32_fmc_16bit:fmc_inst|FIR1:u_fir|FIR1_0002:fir1_inst|FIR1_0002_ast:FIR1_0002_ast_inst|FIR1_0002_rtl:hpfircore|u0_m0_wo0_cm1_q[1]                  ;
; stm32_fmc_16bit:fmc_inst|FIR1:u_fir|FIR1_0002:fir1_inst|FIR1_0002_ast:FIR1_0002_ast_inst|FIR1_0002_rtl:hpfircore|u0_m0_wo0_cm9_q[7]                                    ; Merged with stm32_fmc_16bit:fmc_inst|FIR1:u_fir|FIR1_0002:fir1_inst|FIR1_0002_ast:FIR1_0002_ast_inst|FIR1_0002_rtl:hpfircore|u0_m0_wo0_cm1_q[1]                  ;
; stm32_fmc_16bit:fmc_inst|FIR1:u_fir|FIR1_0002:fir1_inst|FIR1_0002_ast:FIR1_0002_ast_inst|FIR1_0002_rtl:hpfircore|u0_m0_wo0_cm11_q[5,8,13]                              ; Merged with stm32_fmc_16bit:fmc_inst|FIR1:u_fir|FIR1_0002:fir1_inst|FIR1_0002_ast:FIR1_0002_ast_inst|FIR1_0002_rtl:hpfircore|u0_m0_wo0_cm1_q[1]                  ;
; stm32_fmc_16bit:fmc_inst|FIR1:u_fir|FIR1_0002:fir1_inst|FIR1_0002_ast:FIR1_0002_ast_inst|FIR1_0002_rtl:hpfircore|u0_m0_wo0_cm4_q[8]                                    ; Merged with stm32_fmc_16bit:fmc_inst|FIR1:u_fir|FIR1_0002:fir1_inst|FIR1_0002_ast:FIR1_0002_ast_inst|FIR1_0002_rtl:hpfircore|u0_m0_wo0_cm1_q[0]                  ;
; stm32_fmc_16bit:fmc_inst|FIR1:u_fir|FIR1_0002:fir1_inst|FIR1_0002_ast:FIR1_0002_ast_inst|FIR1_0002_rtl:hpfircore|u0_m0_wo0_cm9_q[3]                                    ; Merged with stm32_fmc_16bit:fmc_inst|FIR1:u_fir|FIR1_0002:fir1_inst|FIR1_0002_ast:FIR1_0002_ast_inst|FIR1_0002_rtl:hpfircore|u0_m0_wo0_cm1_q[0]                  ;
; stm32_fmc_16bit:fmc_inst|FIR1:u_fir|FIR1_0002:fir1_inst|FIR1_0002_ast:FIR1_0002_ast_inst|FIR1_0002_rtl:hpfircore|u0_m0_wo0_cm10_q[0]                                   ; Merged with stm32_fmc_16bit:fmc_inst|FIR1:u_fir|FIR1_0002:fir1_inst|FIR1_0002_ast:FIR1_0002_ast_inst|FIR1_0002_rtl:hpfircore|u0_m0_wo0_cm1_q[0]                  ;
; stm32_fmc_16bit:fmc_inst|FIR1:u_fir|FIR1_0002:fir1_inst|FIR1_0002_ast:FIR1_0002_ast_inst|FIR1_0002_rtl:hpfircore|u0_m0_wo0_cm2_q[6..14]                                ; Merged with stm32_fmc_16bit:fmc_inst|FIR1:u_fir|FIR1_0002:fir1_inst|FIR1_0002_ast:FIR1_0002_ast_inst|FIR1_0002_rtl:hpfircore|u0_m0_wo0_cm2_q[15]                 ;
; stm32_fmc_16bit:fmc_inst|FIR1:u_fir|FIR1_0002:fir1_inst|FIR1_0002_ast:FIR1_0002_ast_inst|FIR1_0002_rtl:hpfircore|u0_m0_wo0_cm4_q[2]                                    ; Merged with stm32_fmc_16bit:fmc_inst|FIR1:u_fir|FIR1_0002:fir1_inst|FIR1_0002_ast:FIR1_0002_ast_inst|FIR1_0002_rtl:hpfircore|u0_m0_wo0_cm2_q[15]                 ;
; stm32_fmc_16bit:fmc_inst|FIR1:u_fir|FIR1_0002:fir1_inst|FIR1_0002_ast:FIR1_0002_ast_inst|FIR1_0002_rtl:hpfircore|u0_m0_wo0_cm7_q[5]                                    ; Merged with stm32_fmc_16bit:fmc_inst|FIR1:u_fir|FIR1_0002:fir1_inst|FIR1_0002_ast:FIR1_0002_ast_inst|FIR1_0002_rtl:hpfircore|u0_m0_wo0_cm2_q[15]                 ;
; stm32_fmc_16bit:fmc_inst|FIR1:u_fir|FIR1_0002:fir1_inst|FIR1_0002_ast:FIR1_0002_ast_inst|FIR1_0002_rtl:hpfircore|u0_m0_wo0_cm9_q[1]                                    ; Merged with stm32_fmc_16bit:fmc_inst|FIR1:u_fir|FIR1_0002:fir1_inst|FIR1_0002_ast:FIR1_0002_ast_inst|FIR1_0002_rtl:hpfircore|u0_m0_wo0_cm2_q[15]                 ;
; stm32_fmc_16bit:fmc_inst|FIR1:u_fir|FIR1_0002:fir1_inst|FIR1_0002_ast:FIR1_0002_ast_inst|FIR1_0002_rtl:hpfircore|u0_m0_wo0_cm10_q[4,13..15]                            ; Merged with stm32_fmc_16bit:fmc_inst|FIR1:u_fir|FIR1_0002:fir1_inst|FIR1_0002_ast:FIR1_0002_ast_inst|FIR1_0002_rtl:hpfircore|u0_m0_wo0_cm2_q[15]                 ;
; stm32_fmc_16bit:fmc_inst|FIR1:u_fir|FIR1_0002:fir1_inst|FIR1_0002_ast:FIR1_0002_ast_inst|FIR1_0002_rtl:hpfircore|u0_m0_wo0_cm12_q[0..14]                               ; Merged with stm32_fmc_16bit:fmc_inst|FIR1:u_fir|FIR1_0002:fir1_inst|FIR1_0002_ast:FIR1_0002_ast_inst|FIR1_0002_rtl:hpfircore|u0_m0_wo0_cm2_q[2]                  ;
; stm32_fmc_16bit:fmc_inst|FIR1:u_fir|FIR1_0002:fir1_inst|FIR1_0002_ast:FIR1_0002_ast_inst|FIR1_0002_rtl:hpfircore|u0_m0_wo0_cm5_q[7]                                    ; Merged with stm32_fmc_16bit:fmc_inst|FIR1:u_fir|FIR1_0002:fir1_inst|FIR1_0002_ast:FIR1_0002_ast_inst|FIR1_0002_rtl:hpfircore|u0_m0_wo0_cm2_q[2]                  ;
; stm32_fmc_16bit:fmc_inst|FIR1:u_fir|FIR1_0002:fir1_inst|FIR1_0002_ast:FIR1_0002_ast_inst|FIR1_0002_rtl:hpfircore|u0_m0_wo0_cm6_q[0]                                    ; Merged with stm32_fmc_16bit:fmc_inst|FIR1:u_fir|FIR1_0002:fir1_inst|FIR1_0002_ast:FIR1_0002_ast_inst|FIR1_0002_rtl:hpfircore|u0_m0_wo0_cm2_q[2]                  ;
; stm32_fmc_16bit:fmc_inst|FIR1:u_fir|FIR1_0002:fir1_inst|FIR1_0002_ast:FIR1_0002_ast_inst|FIR1_0002_rtl:hpfircore|u0_m0_wo0_cm9_q[10]                                   ; Merged with stm32_fmc_16bit:fmc_inst|FIR1:u_fir|FIR1_0002:fir1_inst|FIR1_0002_ast:FIR1_0002_ast_inst|FIR1_0002_rtl:hpfircore|u0_m0_wo0_cm2_q[2]                  ;
; stm32_fmc_16bit:fmc_inst|FIR1:u_fir|FIR1_0002:fir1_inst|FIR1_0002_ast:FIR1_0002_ast_inst|FIR1_0002_rtl:hpfircore|u0_m0_wo0_cm11_q[11]                                  ; Merged with stm32_fmc_16bit:fmc_inst|FIR1:u_fir|FIR1_0002:fir1_inst|FIR1_0002_ast:FIR1_0002_ast_inst|FIR1_0002_rtl:hpfircore|u0_m0_wo0_cm2_q[2]                  ;
; stm32_fmc_16bit:fmc_inst|FIR1:u_fir|FIR1_0002:fir1_inst|FIR1_0002_ast:FIR1_0002_ast_inst|FIR1_0002_rtl:hpfircore|dspba_delay:d_u0_m0_wo0_ca12_q_15|delay_signals[1][2] ; Merged with stm32_fmc_16bit:fmc_inst|FIR1:u_fir|FIR1_0002:fir1_inst|FIR1_0002_ast:FIR1_0002_ast_inst|FIR1_0002_rtl:hpfircore|u0_m0_wo0_cm2_q[2]                  ;
; stm32_fmc_16bit:fmc_inst|FIR1:u_fir|FIR1_0002:fir1_inst|FIR1_0002_ast:FIR1_0002_ast_inst|FIR1_0002_rtl:hpfircore|u0_m0_wo0_cm11_q[3]                                   ; Merged with stm32_fmc_16bit:fmc_inst|FIR1:u_fir|FIR1_0002:fir1_inst|FIR1_0002_ast:FIR1_0002_ast_inst|FIR1_0002_rtl:hpfircore|u0_m0_wo0_cm2_q[1]                  ;
; stm32_fmc_16bit:fmc_inst|FIR1:u_fir|FIR1_0002:fir1_inst|FIR1_0002_ast:FIR1_0002_ast_inst|FIR1_0002_rtl:hpfircore|u0_m0_wo0_cm8_q[10]                                   ; Merged with stm32_fmc_16bit:fmc_inst|FIR1:u_fir|FIR1_0002:fir1_inst|FIR1_0002_ast:FIR1_0002_ast_inst|FIR1_0002_rtl:hpfircore|u0_m0_wo0_cm2_q[0]                  ;
; stm32_fmc_16bit:fmc_inst|FIR1:u_fir|FIR1_0002:fir1_inst|FIR1_0002_ast:FIR1_0002_ast_inst|FIR1_0002_rtl:hpfircore|u0_m0_wo0_cm11_q[1,4]                                 ; Merged with stm32_fmc_16bit:fmc_inst|FIR1:u_fir|FIR1_0002:fir1_inst|FIR1_0002_ast:FIR1_0002_ast_inst|FIR1_0002_rtl:hpfircore|u0_m0_wo0_cm2_q[0]                  ;
; stm32_fmc_16bit:fmc_inst|FIR1:u_fir|FIR1_0002:fir1_inst|FIR1_0002_ast:FIR1_0002_ast_inst|FIR1_0002_rtl:hpfircore|u0_m0_wo0_cm5_q[2]                                    ; Merged with stm32_fmc_16bit:fmc_inst|FIR1:u_fir|FIR1_0002:fir1_inst|FIR1_0002_ast:FIR1_0002_ast_inst|FIR1_0002_rtl:hpfircore|u0_m0_wo0_cm3_q[4]                  ;
; stm32_fmc_16bit:fmc_inst|FIR1:u_fir|FIR1_0002:fir1_inst|FIR1_0002_ast:FIR1_0002_ast_inst|FIR1_0002_rtl:hpfircore|u0_m0_wo0_cm8_q[5]                                    ; Merged with stm32_fmc_16bit:fmc_inst|FIR1:u_fir|FIR1_0002:fir1_inst|FIR1_0002_ast:FIR1_0002_ast_inst|FIR1_0002_rtl:hpfircore|u0_m0_wo0_cm3_q[4]                  ;
; stm32_fmc_16bit:fmc_inst|FIR1:u_fir|FIR1_0002:fir1_inst|FIR1_0002_ast:FIR1_0002_ast_inst|FIR1_0002_rtl:hpfircore|u0_m0_wo0_cm10_q[12]                                  ; Merged with stm32_fmc_16bit:fmc_inst|FIR1:u_fir|FIR1_0002:fir1_inst|FIR1_0002_ast:FIR1_0002_ast_inst|FIR1_0002_rtl:hpfircore|u0_m0_wo0_cm3_q[4]                  ;
; stm32_fmc_16bit:fmc_inst|FIR1:u_fir|FIR1_0002:fir1_inst|FIR1_0002_ast:FIR1_0002_ast_inst|FIR1_0002_rtl:hpfircore|u0_m0_wo0_cm4_q[1]                                    ; Merged with stm32_fmc_16bit:fmc_inst|FIR1:u_fir|FIR1_0002:fir1_inst|FIR1_0002_ast:FIR1_0002_ast_inst|FIR1_0002_rtl:hpfircore|u0_m0_wo0_cm3_q[3]                  ;
; stm32_fmc_16bit:fmc_inst|FIR1:u_fir|FIR1_0002:fir1_inst|FIR1_0002_ast:FIR1_0002_ast_inst|FIR1_0002_rtl:hpfircore|u0_m0_wo0_cm7_q[3]                                    ; Merged with stm32_fmc_16bit:fmc_inst|FIR1:u_fir|FIR1_0002:fir1_inst|FIR1_0002_ast:FIR1_0002_ast_inst|FIR1_0002_rtl:hpfircore|u0_m0_wo0_cm3_q[3]                  ;
; stm32_fmc_16bit:fmc_inst|FIR1:u_fir|FIR1_0002:fir1_inst|FIR1_0002_ast:FIR1_0002_ast_inst|FIR1_0002_rtl:hpfircore|u0_m0_wo0_cm4_q[5]                                    ; Merged with stm32_fmc_16bit:fmc_inst|FIR1:u_fir|FIR1_0002:fir1_inst|FIR1_0002_ast:FIR1_0002_ast_inst|FIR1_0002_rtl:hpfircore|u0_m0_wo0_cm3_q[2]                  ;
; stm32_fmc_16bit:fmc_inst|FIR1:u_fir|FIR1_0002:fir1_inst|FIR1_0002_ast:FIR1_0002_ast_inst|FIR1_0002_rtl:hpfircore|u0_m0_wo0_cm7_q[10]                                   ; Merged with stm32_fmc_16bit:fmc_inst|FIR1:u_fir|FIR1_0002:fir1_inst|FIR1_0002_ast:FIR1_0002_ast_inst|FIR1_0002_rtl:hpfircore|u0_m0_wo0_cm3_q[2]                  ;
; stm32_fmc_16bit:fmc_inst|FIR1:u_fir|FIR1_0002:fir1_inst|FIR1_0002_ast:FIR1_0002_ast_inst|FIR1_0002_rtl:hpfircore|u0_m0_wo0_cm11_q[2]                                   ; Merged with stm32_fmc_16bit:fmc_inst|FIR1:u_fir|FIR1_0002:fir1_inst|FIR1_0002_ast:FIR1_0002_ast_inst|FIR1_0002_rtl:hpfircore|u0_m0_wo0_cm3_q[2]                  ;
; stm32_fmc_16bit:fmc_inst|FIR1:u_fir|FIR1_0002:fir1_inst|FIR1_0002_ast:FIR1_0002_ast_inst|FIR1_0002_rtl:hpfircore|u0_m0_wo0_cm5_q[3,4]                                  ; Merged with stm32_fmc_16bit:fmc_inst|FIR1:u_fir|FIR1_0002:fir1_inst|FIR1_0002_ast:FIR1_0002_ast_inst|FIR1_0002_rtl:hpfircore|u0_m0_wo0_cm3_q[0]                  ;
; stm32_fmc_16bit:fmc_inst|FIR1:u_fir|FIR1_0002:fir1_inst|FIR1_0002_ast:FIR1_0002_ast_inst|FIR1_0002_rtl:hpfircore|u0_m0_wo0_cm7_q[7]                                    ; Merged with stm32_fmc_16bit:fmc_inst|FIR1:u_fir|FIR1_0002:fir1_inst|FIR1_0002_ast:FIR1_0002_ast_inst|FIR1_0002_rtl:hpfircore|u0_m0_wo0_cm3_q[0]                  ;
; stm32_fmc_16bit:fmc_inst|FIR1:u_fir|FIR1_0002:fir1_inst|FIR1_0002_ast:FIR1_0002_ast_inst|FIR1_0002_rtl:hpfircore|u0_m0_wo0_cm8_q[6]                                    ; Merged with stm32_fmc_16bit:fmc_inst|FIR1:u_fir|FIR1_0002:fir1_inst|FIR1_0002_ast:FIR1_0002_ast_inst|FIR1_0002_rtl:hpfircore|u0_m0_wo0_cm3_q[0]                  ;
; stm32_fmc_16bit:fmc_inst|FIR1:u_fir|FIR1_0002:fir1_inst|FIR1_0002_ast:FIR1_0002_ast_inst|FIR1_0002_rtl:hpfircore|u0_m0_wo0_cm11_q[12]                                  ; Merged with stm32_fmc_16bit:fmc_inst|FIR1:u_fir|FIR1_0002:fir1_inst|FIR1_0002_ast:FIR1_0002_ast_inst|FIR1_0002_rtl:hpfircore|u0_m0_wo0_cm3_q[0]                  ;
; stm32_fmc_16bit:fmc_inst|FIR1:u_fir|FIR1_0002:fir1_inst|FIR1_0002_ast:FIR1_0002_ast_inst|FIR1_0002_rtl:hpfircore|u0_m0_wo0_cm10_q[2,6]                                 ; Merged with stm32_fmc_16bit:fmc_inst|FIR1:u_fir|FIR1_0002:fir1_inst|FIR1_0002_ast:FIR1_0002_ast_inst|FIR1_0002_rtl:hpfircore|u0_m0_wo0_cm4_q[6]                  ;
; stm32_fmc_16bit:fmc_inst|FIR1:u_fir|FIR1_0002:fir1_inst|FIR1_0002_ast:FIR1_0002_ast_inst|FIR1_0002_rtl:hpfircore|u0_m0_wo0_cm5_q[1]                                    ; Merged with stm32_fmc_16bit:fmc_inst|FIR1:u_fir|FIR1_0002:fir1_inst|FIR1_0002_ast:FIR1_0002_ast_inst|FIR1_0002_rtl:hpfircore|u0_m0_wo0_cm4_q[4]                  ;
; stm32_fmc_16bit:fmc_inst|FIR1:u_fir|FIR1_0002:fir1_inst|FIR1_0002_ast:FIR1_0002_ast_inst|FIR1_0002_rtl:hpfircore|u0_m0_wo0_cm9_q[8]                                    ; Merged with stm32_fmc_16bit:fmc_inst|FIR1:u_fir|FIR1_0002:fir1_inst|FIR1_0002_ast:FIR1_0002_ast_inst|FIR1_0002_rtl:hpfircore|u0_m0_wo0_cm4_q[4]                  ;
; stm32_fmc_16bit:fmc_inst|FIR1:u_fir|FIR1_0002:fir1_inst|FIR1_0002_ast:FIR1_0002_ast_inst|FIR1_0002_rtl:hpfircore|u0_m0_wo0_cm6_q[9]                                    ; Merged with stm32_fmc_16bit:fmc_inst|FIR1:u_fir|FIR1_0002:fir1_inst|FIR1_0002_ast:FIR1_0002_ast_inst|FIR1_0002_rtl:hpfircore|u0_m0_wo0_cm4_q[3]                  ;
; stm32_fmc_16bit:fmc_inst|FIR1:u_fir|FIR1_0002:fir1_inst|FIR1_0002_ast:FIR1_0002_ast_inst|FIR1_0002_rtl:hpfircore|u0_m0_wo0_cm10_q[7,8,10]                              ; Merged with stm32_fmc_16bit:fmc_inst|FIR1:u_fir|FIR1_0002:fir1_inst|FIR1_0002_ast:FIR1_0002_ast_inst|FIR1_0002_rtl:hpfircore|u0_m0_wo0_cm4_q[3]                  ;
; stm32_fmc_16bit:fmc_inst|FIR1:u_fir|FIR1_0002:fir1_inst|FIR1_0002_ast:FIR1_0002_ast_inst|FIR1_0002_rtl:hpfircore|u0_m0_wo0_cm5_q[10..14]                               ; Merged with stm32_fmc_16bit:fmc_inst|FIR1:u_fir|FIR1_0002:fir1_inst|FIR1_0002_ast:FIR1_0002_ast_inst|FIR1_0002_rtl:hpfircore|u0_m0_wo0_cm5_q[15]                 ;
; stm32_fmc_16bit:fmc_inst|FIR1:u_fir|FIR1_0002:fir1_inst|FIR1_0002_ast:FIR1_0002_ast_inst|FIR1_0002_rtl:hpfircore|u0_m0_wo0_cm6_q[5,6]                                  ; Merged with stm32_fmc_16bit:fmc_inst|FIR1:u_fir|FIR1_0002:fir1_inst|FIR1_0002_ast:FIR1_0002_ast_inst|FIR1_0002_rtl:hpfircore|u0_m0_wo0_cm5_q[15]                 ;
; stm32_fmc_16bit:fmc_inst|FIR1:u_fir|FIR1_0002:fir1_inst|FIR1_0002_ast:FIR1_0002_ast_inst|FIR1_0002_rtl:hpfircore|u0_m0_wo0_cm6_q[1]                                    ; Merged with stm32_fmc_16bit:fmc_inst|FIR1:u_fir|FIR1_0002:fir1_inst|FIR1_0002_ast:FIR1_0002_ast_inst|FIR1_0002_rtl:hpfircore|u0_m0_wo0_cm5_q[5]                  ;
; stm32_fmc_16bit:fmc_inst|FIR1:u_fir|FIR1_0002:fir1_inst|FIR1_0002_ast:FIR1_0002_ast_inst|FIR1_0002_rtl:hpfircore|u0_m0_wo0_cm8_q[0]                                    ; Merged with stm32_fmc_16bit:fmc_inst|FIR1:u_fir|FIR1_0002:fir1_inst|FIR1_0002_ast:FIR1_0002_ast_inst|FIR1_0002_rtl:hpfircore|u0_m0_wo0_cm5_q[5]                  ;
; stm32_fmc_16bit:fmc_inst|FIR1:u_fir|FIR1_0002:fir1_inst|FIR1_0002_ast:FIR1_0002_ast_inst|FIR1_0002_rtl:hpfircore|u0_m0_wo0_cm10_q[3,9]                                 ; Merged with stm32_fmc_16bit:fmc_inst|FIR1:u_fir|FIR1_0002:fir1_inst|FIR1_0002_ast:FIR1_0002_ast_inst|FIR1_0002_rtl:hpfircore|u0_m0_wo0_cm5_q[5]                  ;
; stm32_fmc_16bit:fmc_inst|FIR1:u_fir|FIR1_0002:fir1_inst|FIR1_0002_ast:FIR1_0002_ast_inst|FIR1_0002_rtl:hpfircore|u0_m0_wo0_cm11_q[6,10]                                ; Merged with stm32_fmc_16bit:fmc_inst|FIR1:u_fir|FIR1_0002:fir1_inst|FIR1_0002_ast:FIR1_0002_ast_inst|FIR1_0002_rtl:hpfircore|u0_m0_wo0_cm5_q[5]                  ;
; stm32_fmc_16bit:fmc_inst|FIR1:u_fir|FIR1_0002:fir1_inst|FIR1_0002_ast:FIR1_0002_ast_inst|FIR1_0002_rtl:hpfircore|u0_m0_wo0_cm6_q[10..14]                               ; Merged with stm32_fmc_16bit:fmc_inst|FIR1:u_fir|FIR1_0002:fir1_inst|FIR1_0002_ast:FIR1_0002_ast_inst|FIR1_0002_rtl:hpfircore|u0_m0_wo0_cm6_q[15]                 ;
; stm32_fmc_16bit:fmc_inst|FIR1:u_fir|FIR1_0002:fir1_inst|FIR1_0002_ast:FIR1_0002_ast_inst|FIR1_0002_rtl:hpfircore|u0_m0_wo0_cm7_q[0]                                    ; Merged with stm32_fmc_16bit:fmc_inst|FIR1:u_fir|FIR1_0002:fir1_inst|FIR1_0002_ast:FIR1_0002_ast_inst|FIR1_0002_rtl:hpfircore|u0_m0_wo0_cm6_q[15]                 ;
; stm32_fmc_16bit:fmc_inst|FIR1:u_fir|FIR1_0002:fir1_inst|FIR1_0002_ast:FIR1_0002_ast_inst|FIR1_0002_rtl:hpfircore|u0_m0_wo0_cm8_q[2,7]                                  ; Merged with stm32_fmc_16bit:fmc_inst|FIR1:u_fir|FIR1_0002:fir1_inst|FIR1_0002_ast:FIR1_0002_ast_inst|FIR1_0002_rtl:hpfircore|u0_m0_wo0_cm6_q[15]                 ;
; stm32_fmc_16bit:fmc_inst|FIR1:u_fir|FIR1_0002:fir1_inst|FIR1_0002_ast:FIR1_0002_ast_inst|FIR1_0002_rtl:hpfircore|u0_m0_wo0_cm9_q[6]                                    ; Merged with stm32_fmc_16bit:fmc_inst|FIR1:u_fir|FIR1_0002:fir1_inst|FIR1_0002_ast:FIR1_0002_ast_inst|FIR1_0002_rtl:hpfircore|u0_m0_wo0_cm6_q[15]                 ;
; stm32_fmc_16bit:fmc_inst|FIR1:u_fir|FIR1_0002:fir1_inst|FIR1_0002_ast:FIR1_0002_ast_inst|FIR1_0002_rtl:hpfircore|u0_m0_wo0_cm9_q[4]                                    ; Merged with stm32_fmc_16bit:fmc_inst|FIR1:u_fir|FIR1_0002:fir1_inst|FIR1_0002_ast:FIR1_0002_ast_inst|FIR1_0002_rtl:hpfircore|u0_m0_wo0_cm7_q[6]                  ;
; stm32_fmc_16bit:fmc_inst|FIR1:u_fir|FIR1_0002:fir1_inst|FIR1_0002_ast:FIR1_0002_ast_inst|FIR1_0002_rtl:hpfircore|u0_m0_wo0_cm8_q[3,8,9]                                ; Merged with stm32_fmc_16bit:fmc_inst|FIR1:u_fir|FIR1_0002:fir1_inst|FIR1_0002_ast:FIR1_0002_ast_inst|FIR1_0002_rtl:hpfircore|u0_m0_wo0_cm7_q[4]                  ;
; stm32_fmc_16bit:fmc_inst|FIR1:u_fir|FIR1_0002:fir1_inst|FIR1_0002_ast:FIR1_0002_ast_inst|FIR1_0002_rtl:hpfircore|u0_m0_wo0_cm10_q[1]                                   ; Merged with stm32_fmc_16bit:fmc_inst|FIR1:u_fir|FIR1_0002:fir1_inst|FIR1_0002_ast:FIR1_0002_ast_inst|FIR1_0002_rtl:hpfircore|u0_m0_wo0_cm7_q[4]                  ;
; stm32_fmc_16bit:fmc_inst|FIR1:u_fir|FIR1_0002:fir1_inst|FIR1_0002_ast:FIR1_0002_ast_inst|FIR1_0002_rtl:hpfircore|dspba_delay:d_u0_m0_wo0_ca12_q_15|delay_signals[1][1] ; Merged with stm32_fmc_16bit:fmc_inst|FIR1:u_fir|FIR1_0002:fir1_inst|FIR1_0002_ast:FIR1_0002_ast_inst|FIR1_0002_rtl:hpfircore|u0_m0_wo0_cm9_q[0]                  ;
; stm32_fmc_16bit:fmc_inst|FIR1:u_fir|FIR1_0002:fir1_inst|FIR1_0002_ast:FIR1_0002_ast_inst|FIR1_0002_rtl:hpfircore|u0_m0_wo0_oseq_q[0]                                   ; Merged with stm32_fmc_16bit:fmc_inst|FIR1:u_fir|FIR1_0002:fir1_inst|FIR1_0002_ast:FIR1_0002_ast_inst|FIR1_0002_rtl:hpfircore|\u0_m0_wo0_oseq:u0_m0_wo0_oseq_c[4] ;
; stm32_fmc_16bit:fmc_inst|cap_overflow_ad                                                                                                                               ; Stuck at GND due to stuck port data_in                                                                                                                           ;
; stm32_fmc_16bit:fmc_inst|ovf_sync1                                                                                                                                     ; Stuck at GND due to stuck port data_in                                                                                                                           ;
; stm32_fmc_16bit:fmc_inst|ovf_sync2                                                                                                                                     ; Stuck at GND due to stuck port data_in                                                                                                                           ;
; stm32_fmc_16bit:fmc_inst|FIR1:u_fir|FIR1_0002:fir1_inst|FIR1_0002_ast:FIR1_0002_ast_inst|FIR1_0002_rtl:hpfircore|u0_m0_wo0_cm5_q[9]                                    ; Merged with stm32_fmc_16bit:fmc_inst|FIR1:u_fir|FIR1_0002:fir1_inst|FIR1_0002_ast:FIR1_0002_ast_inst|FIR1_0002_rtl:hpfircore|u0_m0_wo0_cm1_q[4]                  ;
; stm32_fmc_16bit:fmc_inst|FIR1:u_fir|FIR1_0002:fir1_inst|FIR1_0002_ast:FIR1_0002_ast_inst|FIR1_0002_rtl:hpfircore|u0_m0_wo0_cm1_q[1]                                    ; Merged with stm32_fmc_16bit:fmc_inst|FIR1:u_fir|FIR1_0002:fir1_inst|FIR1_0002_ast:FIR1_0002_ast_inst|FIR1_0002_rtl:hpfircore|u0_m0_wo0_cm1_q[3]                  ;
; stm32_fmc_16bit:fmc_inst|FIR1:u_fir|FIR1_0002:fir1_inst|FIR1_0002_ast:FIR1_0002_ast_inst|FIR1_0002_rtl:hpfircore|u0_m0_wo0_cm7_q[2]                                    ; Merged with stm32_fmc_16bit:fmc_inst|FIR1:u_fir|FIR1_0002:fir1_inst|FIR1_0002_ast:FIR1_0002_ast_inst|FIR1_0002_rtl:hpfircore|u0_m0_wo0_cm2_q[0]                  ;
; stm32_fmc_16bit:fmc_inst|FIR1:u_fir|FIR1_0002:fir1_inst|FIR1_0002_ast:FIR1_0002_ast_inst|FIR1_0002_rtl:hpfircore|u0_m0_wo0_cm4_q[3]                                    ; Merged with stm32_fmc_16bit:fmc_inst|FIR1:u_fir|FIR1_0002:fir1_inst|FIR1_0002_ast:FIR1_0002_ast_inst|FIR1_0002_rtl:hpfircore|u0_m0_wo0_cm3_q[4]                  ;
; stm32_fmc_16bit:fmc_inst|cap_target_count_ad[14,15]                                                                                                                    ; Stuck at GND due to stuck port data_in                                                                                                                           ;
; stm32_fmc_16bit:fmc_inst|adc_count_reg[14,15]                                                                                                                          ; Stuck at GND due to stuck port data_in                                                                                                                           ;
; stm32_fmc_16bit:fmc_inst|adc_count_sync1[14,15]                                                                                                                        ; Stuck at GND due to stuck port data_in                                                                                                                           ;
; stm32_fmc_16bit:fmc_inst|adc_count_sync2[14,15]                                                                                                                        ; Stuck at GND due to stuck port data_in                                                                                                                           ;
; stm32_fmc_16bit:fmc_inst|cap_actual_count_ad[14,15]                                                                                                                    ; Stuck at GND due to stuck port data_in                                                                                                                           ;
; stm32_fmc_16bit:fmc_inst|actual_sync1[14,15]                                                                                                                           ; Stuck at GND due to stuck port data_in                                                                                                                           ;
; stm32_fmc_16bit:fmc_inst|actual_sync2[14,15]                                                                                                                           ; Stuck at GND due to stuck port data_in                                                                                                                           ;
; stm32_fmc_16bit:fmc_inst|FIR1:u_fir|FIR1_0002:fir1_inst|FIR1_0002_ast:FIR1_0002_ast_inst|FIR1_0002_rtl:hpfircore|u0_m0_wo0_cm5_q[5]                                    ; Merged with stm32_fmc_16bit:fmc_inst|FIR1:u_fir|FIR1_0002:fir1_inst|FIR1_0002_ast:FIR1_0002_ast_inst|FIR1_0002_rtl:hpfircore|u0_m0_wo0_cm2_q[1]                  ;
; stm32_fmc_16bit:fmc_inst|FIR1:u_fir|FIR1_0002:fir1_inst|FIR1_0002_ast:FIR1_0002_ast_inst|FIR1_0002_rtl:hpfircore|u0_m0_wo0_cm7_q[6]                                    ; Merged with stm32_fmc_16bit:fmc_inst|FIR1:u_fir|FIR1_0002:fir1_inst|FIR1_0002_ast:FIR1_0002_ast_inst|FIR1_0002_rtl:hpfircore|u0_m0_wo0_cm11_q[9]                 ;
; stm32_fmc_16bit:fmc_inst|FIR1:u_fir|FIR1_0002:fir1_inst|FIR1_0002_ast:FIR1_0002_ast_inst|FIR1_0002_rtl:hpfircore|u0_m0_wo0_cm5_q[15]                                   ; Merged with stm32_fmc_16bit:fmc_inst|FIR1:u_fir|FIR1_0002:fir1_inst|FIR1_0002_ast:FIR1_0002_ast_inst|FIR1_0002_rtl:hpfircore|u0_m0_wo0_cm1_q[15]                 ;
; stm32_fmc_16bit:fmc_inst|FIR1:u_fir|FIR1_0002:fir1_inst|FIR1_0002_ast:FIR1_0002_ast_inst|FIR1_0002_rtl:hpfircore|u0_m0_wo0_cm6_q[15]                                   ; Merged with stm32_fmc_16bit:fmc_inst|FIR1:u_fir|FIR1_0002:fir1_inst|FIR1_0002_ast:FIR1_0002_ast_inst|FIR1_0002_rtl:hpfircore|u0_m0_wo0_cm2_q[15]                 ;
; stm32_fmc_16bit:fmc_inst|FIR1:u_fir|FIR1_0002:fir1_inst|FIR1_0002_ast:FIR1_0002_ast_inst|FIR1_0002_rtl:hpfircore|u0_m0_wo0_cm7_q[4]                                    ; Merged with stm32_fmc_16bit:fmc_inst|FIR1:u_fir|FIR1_0002:fir1_inst|FIR1_0002_ast:FIR1_0002_ast_inst|FIR1_0002_rtl:hpfircore|u0_m0_wo0_cm1_q[0]                  ;
; stm32_fmc_16bit:fmc_inst|FIR1:u_fir|FIR1_0002:fir1_inst|FIR1_0002_ast:FIR1_0002_ast_inst|auk_dspip_avalon_streaming_sink_hpfir:sink|sink_state.start                   ; Lost fanout                                                                                                                                                      ;
; stm32_fmc_16bit:fmc_inst|FIR1:u_fir|FIR1_0002:fir1_inst|FIR1_0002_ast:FIR1_0002_ast_inst|auk_dspip_avalon_streaming_sink_hpfir:sink|sink_state.stall                   ; Lost fanout                                                                                                                                                      ;
; stm32_fmc_16bit:fmc_inst|FIR1:u_fir|FIR1_0002:fir1_inst|FIR1_0002_ast:FIR1_0002_ast_inst|auk_dspip_avalon_streaming_sink_hpfir:sink|sink_state.run1                    ; Lost fanout                                                                                                                                                      ;
; stm32_fmc_16bit:fmc_inst|FIR1:u_fir|FIR1_0002:fir1_inst|FIR1_0002_ast:FIR1_0002_ast_inst|auk_dspip_avalon_streaming_sink_hpfir:sink|sink_state.st_err                  ; Lost fanout                                                                                                                                                      ;
; stm32_fmc_16bit:fmc_inst|FIR1:u_fir|FIR1_0002:fir1_inst|FIR1_0002_ast:FIR1_0002_ast_inst|auk_dspip_avalon_streaming_sink_hpfir:sink|sink_state.end1                    ; Lost fanout                                                                                                                                                      ;
; stm32_fmc_16bit:fmc_inst|FIR1:u_fir|FIR1_0002:fir1_inst|FIR1_0002_ast:FIR1_0002_ast_inst|FIR1_0002_rtl:hpfircore|u0_m0_wo0_accum_o[30..34]                             ; Lost fanout                                                                                                                                                      ;
; Total Number of Removed Registers = 221                                                                                                                                ;                                                                                                                                                                  ;
+------------------------------------------------------------------------------------------------------------------------------------------------------------------------+------------------------------------------------------------------------------------------------------------------------------------------------------------------+


+----------------------------------------------------------------------------------------------------------------------------------------------------------------------------------------------------------------------------------------------------------------------------------------------------------------------------------------+
; Removed Registers Triggering Further Register Optimizations                                                                                                                                                                                                                                                                            ;
+------------------------------------------------------------------------------------------------------------------------------------------------------+---------------------------+-----------------------------------------------------------------------------------------------------------------------------------------------------+
; Register name                                                                                                                                        ; Reason for Removal        ; Registers Removed due to This Register                                                                                                              ;
+------------------------------------------------------------------------------------------------------------------------------------------------------+---------------------------+-----------------------------------------------------------------------------------------------------------------------------------------------------+
; stm32_fmc_16bit:fmc_inst|cap_target_count_ad[14]                                                                                                     ; Stuck at GND              ; stm32_fmc_16bit:fmc_inst|cap_actual_count_ad[14],                                                                                                   ;
;                                                                                                                                                      ; due to stuck port data_in ; stm32_fmc_16bit:fmc_inst|cap_actual_count_ad[15],                                                                                                   ;
;                                                                                                                                                      ;                           ; stm32_fmc_16bit:fmc_inst|actual_sync1[14],                                                                                                          ;
;                                                                                                                                                      ;                           ; stm32_fmc_16bit:fmc_inst|actual_sync1[15],                                                                                                          ;
;                                                                                                                                                      ;                           ; stm32_fmc_16bit:fmc_inst|actual_sync2[14],                                                                                                          ;
;                                                                                                                                                      ;                           ; stm32_fmc_16bit:fmc_inst|actual_sync2[15]                                                                                                           ;
; stm32_fmc_16bit:fmc_inst|cap_overflow_ad                                                                                                             ; Stuck at GND              ; stm32_fmc_16bit:fmc_inst|ovf_sync1, stm32_fmc_16bit:fmc_inst|ovf_sync2                                                                              ;
;                                                                                                                                                      ; due to stuck port data_in ;                                                                                                                                                     ;
; stm32_fmc_16bit:fmc_inst|adc_count_reg[14]                                                                                                           ; Stuck at GND              ; stm32_fmc_16bit:fmc_inst|adc_count_sync1[14],                                                                                                       ;
;                                                                                                                                                      ; due to stuck port data_in ; stm32_fmc_16bit:fmc_inst|adc_count_sync2[14]                                                                                                        ;
; stm32_fmc_16bit:fmc_inst|adc_count_reg[15]                                                                                                           ; Stuck at GND              ; stm32_fmc_16bit:fmc_inst|adc_count_sync1[15],                                                                                                       ;
;                                                                                                                                                      ; due to stuck port data_in ; stm32_fmc_16bit:fmc_inst|adc_count_sync2[15]                                                                                                        ;
; stm32_fmc_16bit:fmc_inst|FIR1:u_fir|FIR1_0002:fir1_inst|FIR1_0002_ast:FIR1_0002_ast_inst|auk_dspip_avalon_streaming_sink_hpfir:sink|sink_state.stall ; Lost Fanouts              ; stm32_fmc_16bit:fmc_inst|FIR1:u_fir|FIR1_0002:fir1_inst|FIR1_0002_ast:FIR1_0002_ast_inst|auk_dspip_avalon_streaming_sink_hpfir:sink|sink_state.end1 ;
+------------------------------------------------------------------------------------------------------------------------------------------------------+---------------------------+-----------------------------------------------------------------------------------------------------------------------------------------------------+


+------------------------------------------------------+
; General Register Statistics                          ;
+----------------------------------------------+-------+
; Statistic                                    ; Value ;
+----------------------------------------------+-------+
; Total registers                              ; 1714  ;
; Number of registers using Synchronous Clear  ; 125   ;
; Number of registers using Synchronous Load   ; 95    ;
; Number of registers using Asynchronous Clear ; 1364  ;
; Number of registers using Asynchronous Load  ; 0     ;
; Number of registers using Clock Enable       ; 609   ;
; Number of registers using Preset             ; 0     ;
+----------------------------------------------+-------+


+--------------------------------------------------------------------------------------------------------------------------------------------------------------------------------------------------------------------+
; Inverted Register Statistics                                                                                                                                                                                       ;
+----------------------------------------------------------------------------------------------------------------------------------------------------------------------------------------------------------+---------+
; Inverted Register                                                                                                                                                                                        ; Fan out ;
+----------------------------------------------------------------------------------------------------------------------------------------------------------------------------------------------------------+---------+
; dac_control:dac_ctrl1_inst|dac_data[9]                                                                                                                                                                   ; 1       ;
; dac_control:dac_ctrl2_inst|dac_data[9]                                                                                                                                                                   ; 1       ;
; stm32_fmc_16bit:fmc_inst|ne1_sync2                                                                                                                                                                       ; 6       ;
; stm32_fmc_16bit:fmc_inst|nwe_sync2                                                                                                                                                                       ; 5       ;
; stm32_fmc_16bit:fmc_inst|noe_sync2                                                                                                                                                                       ; 1       ;
; stm32_fmc_16bit:fmc_inst|adc_count_reg[10]                                                                                                                                                               ; 2       ;
; stm32_fmc_16bit:fmc_inst|ne1_sync1                                                                                                                                                                       ; 1       ;
; stm32_fmc_16bit:fmc_inst|nwe_sync1                                                                                                                                                                       ; 1       ;
; stm32_fmc_16bit:fmc_inst|noe_sync1                                                                                                                                                                       ; 1       ;
; stm32_fmc_16bit:fmc_inst|cap_target_count_ad[10]                                                                                                                                                         ; 2       ;
; stm32_fmc_16bit:fmc_inst|adc_count_sync2[10]                                                                                                                                                             ; 2       ;
; stm32_fmc_16bit:fmc_inst|adc_count_sync1[10]                                                                                                                                                             ; 1       ;
; stm32_fmc_16bit:fmc_inst|FIR1:u_fir|FIR1_0002:fir1_inst|FIR1_0002_ast:FIR1_0002_ast_inst|FIR1_0002_rtl:hpfircore|\u0_m0_wo0_oseq:u0_m0_wo0_oseq_c[2]                                                     ; 5       ;
; stm32_fmc_16bit:fmc_inst|FIR1:u_fir|FIR1_0002:fir1_inst|FIR1_0002_ast:FIR1_0002_ast_inst|FIR1_0002_rtl:hpfircore|u0_m0_wo0_cm0_q[0]                                                                      ; 1       ;
; stm32_fmc_16bit:fmc_inst|FIR1:u_fir|FIR1_0002:fir1_inst|FIR1_0002_ast:FIR1_0002_ast_inst|FIR1_0002_rtl:hpfircore|u0_m0_wo0_cm0_q[1]                                                                      ; 1       ;
; stm32_fmc_16bit:fmc_inst|FIR1:u_fir|FIR1_0002:fir1_inst|FIR1_0002_ast:FIR1_0002_ast_inst|FIR1_0002_rtl:hpfircore|u0_m0_wo0_cm0_q[2]                                                                      ; 1       ;
; stm32_fmc_16bit:fmc_inst|FIR1:u_fir|FIR1_0002:fir1_inst|FIR1_0002_ast:FIR1_0002_ast_inst|FIR1_0002_rtl:hpfircore|u0_m0_wo0_cm1_q[2]                                                                      ; 11      ;
; stm32_fmc_16bit:fmc_inst|FIR1:u_fir|FIR1_0002:fir1_inst|FIR1_0002_ast:FIR1_0002_ast_inst|FIR1_0002_rtl:hpfircore|u0_m0_wo0_cm3_q[2]                                                                      ; 4       ;
; stm32_fmc_16bit:fmc_inst|FIR1:u_fir|FIR1_0002:fir1_inst|FIR1_0002_ast:FIR1_0002_ast_inst|FIR1_0002_rtl:hpfircore|u0_m0_wo0_cm2_q[1]                                                                      ; 9       ;
; stm32_fmc_16bit:fmc_inst|FIR1:u_fir|FIR1_0002:fir1_inst|FIR1_0002_ast:FIR1_0002_ast_inst|FIR1_0002_rtl:hpfircore|u0_m0_wo0_cm11_q[9]                                                                     ; 3       ;
; stm32_fmc_16bit:fmc_inst|FIR1:u_fir|FIR1_0002:fir1_inst|FIR1_0002_ast:FIR1_0002_ast_inst|FIR1_0002_rtl:hpfircore|u0_m0_wo0_cm3_q[0]                                                                      ; 6       ;
; stm32_fmc_16bit:fmc_inst|FIR1:u_fir|FIR1_0002:fir1_inst|FIR1_0002_ast:FIR1_0002_ast_inst|FIR1_0002_rtl:hpfircore|u0_m0_wo0_cm1_q[15]                                                                     ; 27      ;
; stm32_fmc_16bit:fmc_inst|FIR1:u_fir|FIR1_0002:fir1_inst|FIR1_0002_ast:FIR1_0002_ast_inst|FIR1_0002_rtl:hpfircore|u0_m0_wo0_cm9_q[0]                                                                      ; 2       ;
; stm32_fmc_16bit:fmc_inst|FIR1:u_fir|FIR1_0002:fir1_inst|FIR1_0002_ast:FIR1_0002_ast_inst|FIR1_0002_rtl:hpfircore|u0_m0_wo0_cm3_q[3]                                                                      ; 3       ;
; stm32_fmc_16bit:fmc_inst|FIR1:u_fir|FIR1_0002:fir1_inst|FIR1_0002_ast:FIR1_0002_ast_inst|FIR1_0002_rtl:hpfircore|u0_m0_wo0_we14_2_q[0]                                                                   ; 4       ;
; stm32_fmc_16bit:fmc_inst|FIR1:u_fir|FIR1_0002:fir1_inst|FIR1_0002_ast:FIR1_0002_ast_inst|FIR1_0002_rtl:hpfircore|u0_m0_wo0_wi0_wa14_i[0]                                                                 ; 4       ;
; stm32_fmc_16bit:fmc_inst|FIR1:u_fir|FIR1_0002:fir1_inst|FIR1_0002_ast:FIR1_0002_ast_inst|FIR1_0002_rtl:hpfircore|u0_m0_wo0_wi0_wa14_i[2]                                                                 ; 2       ;
; stm32_fmc_16bit:fmc_inst|FIR1:u_fir|FIR1_0002:fir1_inst|FIR1_0002_ast:FIR1_0002_ast_inst|FIR1_0002_rtl:hpfircore|u0_m0_wo0_wi0_wa25_i[0]                                                                 ; 4       ;
; stm32_fmc_16bit:fmc_inst|FIR1:u_fir|FIR1_0002:fir1_inst|FIR1_0002_ast:FIR1_0002_ast_inst|FIR1_0002_rtl:hpfircore|u0_m0_wo0_wi0_wa25_i[2]                                                                 ; 2       ;
; stm32_fmc_16bit:fmc_inst|FIR1:u_fir|FIR1_0002:fir1_inst|FIR1_0002_ast:FIR1_0002_ast_inst|FIR1_0002_rtl:hpfircore|u0_m0_wo0_wi0_wa0_i[2]                                                                  ; 3       ;
; stm32_fmc_16bit:fmc_inst|FIR1:u_fir|FIR1_0002:fir1_inst|FIR1_0002_ast:FIR1_0002_ast_inst|FIR1_0002_rtl:hpfircore|u0_m0_wo0_wi0_ra12_count0_i[0]                                                          ; 6       ;
; stm32_fmc_16bit:fmc_inst|FIR1:u_fir|FIR1_0002:fir1_inst|FIR1_0002_ast:FIR1_0002_ast_inst|FIR1_0002_rtl:hpfircore|u0_m0_wo0_wi0_ra25_count1_lutreg_q[0]                                                   ; 1       ;
; stm32_fmc_16bit:fmc_inst|FIR1:u_fir|FIR1_0002:fir1_inst|FIR1_0002_ast:FIR1_0002_ast_inst|FIR1_0002_rtl:hpfircore|u0_m0_wo0_wi0_ra25_count1_lutreg_q[1]                                                   ; 1       ;
; stm32_fmc_16bit:fmc_inst|FIR1:u_fir|FIR1_0002:fir1_inst|FIR1_0002_ast:FIR1_0002_ast_inst|FIR1_0002_rtl:hpfircore|u0_m0_wo0_wi0_wa0_eq                                                                    ; 3       ;
; stm32_fmc_16bit:fmc_inst|FIR1:u_fir|FIR1_0002:fir1_inst|FIR1_0002_ast:FIR1_0002_ast_inst|FIR1_0002_rtl:hpfircore|u0_m0_wo0_wi0_ra25_count1_i[0]                                                          ; 5       ;
; stm32_fmc_16bit:fmc_inst|FIR1:u_fir|FIR1_0002:fir1_inst|FIR1_0002_ast:FIR1_0002_ast_inst|FIR1_0002_rtl:hpfircore|u0_m0_wo0_wi0_ra25_count0_sc[1]                                                         ; 2       ;
; stm32_fmc_16bit:fmc_inst|FIR1:u_fir|FIR1_0002:fir1_inst|FIR1_0002_ast:FIR1_0002_ast_inst|FIR1_0002_rtl:hpfircore|u0_m0_wo0_wi0_ra25_count0_sc[0]                                                         ; 3       ;
; stm32_fmc_16bit:fmc_inst|FIR1:u_fir|FIR1_0002:fir1_inst|FIR1_0002_ast:FIR1_0002_ast_inst|FIR1_0002_rtl:hpfircore|\u0_m0_wo0_run:u0_m0_wo0_run_enable_c[1]                                                ; 3       ;
; stm32_fmc_16bit:fmc_inst|FIR1:u_fir|FIR1_0002:fir1_inst|FIR1_0002_ast:FIR1_0002_ast_inst|FIR1_0002_rtl:hpfircore|\u0_m0_wo0_run:u0_m0_wo0_run_enable_c[0]                                                ; 4       ;
; sld_hub:auto_hub|alt_sld_fab:\instrumentation_fabric_with_node_gen:fabric_gen_new_way:instrumentation_fabric|alt_sld_fab_sldfabric:sldfabric|sld_jtag_hub:\jtag_hub_gen:real_sld_jtag_hub|tdo            ; 1       ;
; sld_hub:auto_hub|alt_sld_fab:\instrumentation_fabric_with_node_gen:fabric_gen_new_way:instrumentation_fabric|alt_sld_fab_sldfabric:sldfabric|sld_jtag_hub:\jtag_hub_gen:real_sld_jtag_hub|jtag_ir_reg[2] ; 2       ;
; sld_hub:auto_hub|alt_sld_fab:\instrumentation_fabric_with_node_gen:fabric_gen_new_way:instrumentation_fabric|alt_sld_fab_sldfabric:sldfabric|sld_jtag_hub:\jtag_hub_gen:real_sld_jtag_hub|jtag_ir_reg[1] ; 3       ;
; sld_signaltap:auto_signaltap_0|sld_signaltap_impl:sld_signaltap_body|sld_signaltap_implb:sld_signaltap_body|sld_buffer_manager:sld_buffer_manager_inst|modified_post_count[8]                            ; 1       ;
; sld_signaltap:auto_signaltap_0|sld_signaltap_impl:sld_signaltap_body|sld_signaltap_implb:sld_signaltap_body|sld_buffer_manager:sld_buffer_manager_inst|modified_post_count[9]                            ; 1       ;
; sld_signaltap:auto_signaltap_0|sld_signaltap_impl:sld_signaltap_body|sld_signaltap_implb:sld_signaltap_body|sld_buffer_manager:sld_buffer_manager_inst|modified_post_count[1]                            ; 1       ;
; sld_signaltap:auto_signaltap_0|sld_signaltap_impl:sld_signaltap_body|sld_signaltap_implb:sld_signaltap_body|sld_buffer_manager:sld_buffer_manager_inst|modified_post_count[2]                            ; 1       ;
; sld_signaltap:auto_signaltap_0|sld_signaltap_impl:sld_signaltap_body|sld_signaltap_implb:sld_signaltap_body|sld_buffer_manager:sld_buffer_manager_inst|modified_post_count[3]                            ; 1       ;
; sld_signaltap:auto_signaltap_0|sld_signaltap_impl:sld_signaltap_body|sld_signaltap_implb:sld_signaltap_body|sld_buffer_manager:sld_buffer_manager_inst|modified_post_count[4]                            ; 1       ;
; sld_signaltap:auto_signaltap_0|sld_signaltap_impl:sld_signaltap_body|sld_signaltap_implb:sld_signaltap_body|sld_buffer_manager:sld_buffer_manager_inst|modified_post_count[6]                            ; 1       ;
; sld_signaltap:auto_signaltap_0|sld_signaltap_impl:sld_signaltap_body|sld_signaltap_implb:sld_signaltap_body|sld_buffer_manager:sld_buffer_manager_inst|modified_post_count[7]                            ; 1       ;
; sld_signaltap:auto_signaltap_0|sld_signaltap_impl:sld_signaltap_body|sld_signaltap_implb:sld_signaltap_body|sld_buffer_manager:sld_buffer_manager_inst|modified_post_count[5]                            ; 1       ;
; sld_signaltap:auto_signaltap_0|sld_signaltap_impl:sld_signaltap_body|sld_signaltap_implb:sld_signaltap_body|sld_buffer_manager:sld_buffer_manager_inst|modified_post_count[0]                            ; 1       ;
; Total number of inverted registers = 52                                                                                                                                                                  ;         ;
+----------------------------------------------------------------------------------------------------------------------------------------------------------------------------------------------------------+---------+


+----------------------------------------------------------------------------------------------+
; Registers Packed Into Inferred Megafunctions                                                 ;
+---------------------------------------------+-----------------------------------------+------+
; Register Name                               ; Megafunction                            ; Type ;
+---------------------------------------------+-----------------------------------------+------+
; ram_2port1:ram1_inst|q_a[0..15]             ; ram_2port1:ram1_inst|mem_rtl_0          ; RAM  ;
; ram_2port1:ram1_inst|q_b[0..9]              ; ram_2port1:ram1_inst|mem_rtl_0          ; RAM  ;
; ram_2port1:ram2_inst|q_a[0..15]             ; ram_2port1:ram2_inst|mem_rtl_0          ; RAM  ;
; ram_2port1:ram2_inst|q_b[0..9]              ; ram_2port1:ram2_inst|mem_rtl_0          ; RAM  ;
; stm32_fmc_16bit:fmc_inst|adc1_rddata[0..15] ; stm32_fmc_16bit:fmc_inst|adc1_ram_rtl_0 ; RAM  ;
+---------------------------------------------+-----------------------------------------+------+


+-----------------------------------------------------------------------------------------------------------------------------------------------------------------------------------------------------------------------------------------------------------------------------------------------------------------------------------------------------------+
; Multiplexer Restructuring Statistics (Restructuring Performed)                                                                                                                                                                                                                                                                                            ;
+--------------------+-----------+---------------+----------------------+------------------------+------------+---------------------------------------------------------------------------------------------------------------------------------------------------------------------------------------------------------------------------------------------+
; Multiplexer Inputs ; Bus Width ; Baseline Area ; Area if Restructured ; Saving if Restructured ; Registered ; Example Multiplexer Output                                                                                                                                                                                                                  ;
+--------------------+-----------+---------------+----------------------+------------------------+------------+---------------------------------------------------------------------------------------------------------------------------------------------------------------------------------------------------------------------------------------------+
; 3:1                ; 15 bits   ; 30 LEs        ; 30 LEs               ; 0 LEs                  ; Yes        ; |FMC_Demo|stm32_fmc_16bit:fmc_inst|cap_target_count_ad[2]                                                                                                                                                                                   ;
; 3:1                ; 15 bits   ; 30 LEs        ; 30 LEs               ; 0 LEs                  ; Yes        ; |FMC_Demo|stm32_fmc_16bit:fmc_inst|adc_count_reg[8]                                                                                                                                                                                         ;
; 4:1                ; 13 bits   ; 26 LEs        ; 13 LEs               ; 13 LEs                 ; Yes        ; |FMC_Demo|stm32_fmc_16bit:fmc_inst|cap_wr_addr[8]                                                                                                                                                                                           ;
; 5:1                ; 2 bits    ; 6 LEs         ; 4 LEs                ; 2 LEs                  ; Yes        ; |FMC_Demo|stm32_fmc_16bit:fmc_inst|cap_busy                                                                                                                                                                                                 ;
; 5:1                ; 3 bits    ; 9 LEs         ; 3 LEs                ; 6 LEs                  ; Yes        ; |FMC_Demo|stm32_fmc_16bit:fmc_inst|cap_actual_count_ad[15]                                                                                                                                                                                  ;
; 5:1                ; 13 bits   ; 39 LEs        ; 26 LEs               ; 13 LEs                 ; Yes        ; |FMC_Demo|stm32_fmc_16bit:fmc_inst|cap_actual_count_ad[8]                                                                                                                                                                                   ;
; 13:1               ; 10 bits   ; 80 LEs        ; 60 LEs               ; 20 LEs                 ; No         ; |FMC_Demo|stm32_fmc_16bit:fmc_inst|user_rdata[14]                                                                                                                                                                                           ;
; 13:1               ; 2 bits    ; 16 LEs        ; 16 LEs               ; 0 LEs                  ; No         ; |FMC_Demo|stm32_fmc_16bit:fmc_inst|user_rdata[0]                                                                                                                                                                                            ;
; 13:1               ; 4 bits    ; 32 LEs        ; 28 LEs               ; 4 LEs                  ; No         ; |FMC_Demo|stm32_fmc_16bit:fmc_inst|user_rdata[9]                                                                                                                                                                                            ;
; 3:1                ; 4 bits    ; 8 LEs         ; 4 LEs                ; 4 LEs                  ; Yes        ; |FMC_Demo|sld_hub:auto_hub|alt_sld_fab:\instrumentation_fabric_with_node_gen:fabric_gen_new_way:instrumentation_fabric|alt_sld_fab_sldfabric:sldfabric|sld_jtag_hub:\jtag_hub_gen:real_sld_jtag_hub|hub_minor_ver_reg[1]                    ;
; 5:1                ; 10 bits   ; 30 LEs        ; 10 LEs               ; 20 LEs                 ; Yes        ; |FMC_Demo|sld_hub:auto_hub|alt_sld_fab:\instrumentation_fabric_with_node_gen:fabric_gen_new_way:instrumentation_fabric|alt_sld_fab_sldfabric:sldfabric|sld_jtag_hub:\jtag_hub_gen:real_sld_jtag_hub|irf_reg[1][4]                           ;
; 4:1                ; 5 bits    ; 10 LEs        ; 5 LEs                ; 5 LEs                  ; Yes        ; |FMC_Demo|sld_hub:auto_hub|alt_sld_fab:\instrumentation_fabric_with_node_gen:fabric_gen_new_way:instrumentation_fabric|alt_sld_fab_sldfabric:sldfabric|sld_jtag_hub:\jtag_hub_gen:real_sld_jtag_hub|mixer_addr_reg_internal[4]              ;
; 5:1                ; 5 bits    ; 15 LEs        ; 5 LEs                ; 10 LEs                 ; Yes        ; |FMC_Demo|sld_hub:auto_hub|alt_sld_fab:\instrumentation_fabric_with_node_gen:fabric_gen_new_way:instrumentation_fabric|alt_sld_fab_sldfabric:sldfabric|sld_jtag_hub:\jtag_hub_gen:real_sld_jtag_hub|sld_rom_sr:hub_info_reg|word_counter[3] ;
; 6:1                ; 9 bits    ; 36 LEs        ; 9 LEs                ; 27 LEs                 ; Yes        ; |FMC_Demo|sld_hub:auto_hub|alt_sld_fab:\instrumentation_fabric_with_node_gen:fabric_gen_new_way:instrumentation_fabric|alt_sld_fab_sldfabric:sldfabric|sld_jtag_hub:\jtag_hub_gen:real_sld_jtag_hub|irsr_reg[6]                             ;
; 6:1                ; 10 bits   ; 40 LEs        ; 10 LEs               ; 30 LEs                 ; Yes        ; |FMC_Demo|sld_hub:auto_hub|alt_sld_fab:\instrumentation_fabric_with_node_gen:fabric_gen_new_way:instrumentation_fabric|alt_sld_fab_sldfabric:sldfabric|sld_jtag_hub:\jtag_hub_gen:real_sld_jtag_hub|shadow_irf_reg[1][4]                    ;
; 34:1               ; 4 bits    ; 88 LEs        ; 56 LEs               ; 32 LEs                 ; Yes        ; |FMC_Demo|sld_hub:auto_hub|alt_sld_fab:\instrumentation_fabric_with_node_gen:fabric_gen_new_way:instrumentation_fabric|alt_sld_fab_sldfabric:sldfabric|sld_jtag_hub:\jtag_hub_gen:real_sld_jtag_hub|design_hash_reg[0]                      ;
; 20:1               ; 4 bits    ; 52 LEs        ; 32 LEs               ; 20 LEs                 ; Yes        ; |FMC_Demo|sld_hub:auto_hub|alt_sld_fab:\instrumentation_fabric_with_node_gen:fabric_gen_new_way:instrumentation_fabric|alt_sld_fab_sldfabric:sldfabric|sld_jtag_hub:\jtag_hub_gen:real_sld_jtag_hub|sld_rom_sr:hub_info_reg|WORD_SR[1]      ;
+--------------------+-----------+---------------+----------------------+------------------------+------------+---------------------------------------------------------------------------------------------------------------------------------------------------------------------------------------------------------------------------------------------+


+-----------------------------------------------------------------------------------------------------------------+
; Source assignments for stm32_fmc_16bit:fmc_inst|FIR1:u_fir|FIR1_0002:fir1_inst|FIR1_0002_ast:FIR1_0002_ast_inst ;
+-----------------+-------+------+--------------------------------------------------------------------------------+
; Assignment      ; Value ; From ; To                                                                             ;
+-----------------+-------+------+--------------------------------------------------------------------------------+
; MESSAGE_DISABLE ; 15400 ; -    ; -                                                                              ;
; MESSAGE_DISABLE ; 14130 ; -    ; -                                                                              ;
; MESSAGE_DISABLE ; 12020 ; -    ; -                                                                              ;
; MESSAGE_DISABLE ; 12030 ; -    ; -                                                                              ;
; MESSAGE_DISABLE ; 12010 ; -    ; -                                                                              ;
; MESSAGE_DISABLE ; 12110 ; -    ; -                                                                              ;
; MESSAGE_DISABLE ; 14320 ; -    ; -                                                                              ;
; MESSAGE_DISABLE ; 13410 ; -    ; -                                                                              ;
; MESSAGE_DISABLE ; 10036 ; -    ; -                                                                              ;
+-----------------+-------+------+--------------------------------------------------------------------------------+


+-----------------------------------------------------------------------------------------------------------------------------------------+
; Source assignments for stm32_fmc_16bit:fmc_inst|FIR1:u_fir|FIR1_0002:fir1_inst|FIR1_0002_ast:FIR1_0002_ast_inst|FIR1_0002_rtl:hpfircore ;
+-----------------------------------------+--------+------+-------------------------------------------------------------------------------+
; Assignment                              ; Value  ; From ; To                                                                            ;
+-----------------------------------------+--------+------+-------------------------------------------------------------------------------+
; PHYSICAL_SYNTHESIS_REGISTER_DUPLICATION ; ON     ; -    ; -                                                                             ;
; AUTO_SHIFT_REGISTER_RECOGNITION         ; OFF    ; -    ; -                                                                             ;
; MESSAGE_DISABLE                         ; 10036  ; -    ; -                                                                             ;
; MESSAGE_DISABLE                         ; 10037  ; -    ; -                                                                             ;
; MESSAGE_DISABLE                         ; 14130  ; -    ; -                                                                             ;
; MESSAGE_DISABLE                         ; 14320  ; -    ; -                                                                             ;
; MESSAGE_DISABLE                         ; 15400  ; -    ; -                                                                             ;
; MESSAGE_DISABLE                         ; 14130  ; -    ; -                                                                             ;
; MESSAGE_DISABLE                         ; 10036  ; -    ; -                                                                             ;
; MESSAGE_DISABLE                         ; 12020  ; -    ; -                                                                             ;
; MESSAGE_DISABLE                         ; 12030  ; -    ; -                                                                             ;
; MESSAGE_DISABLE                         ; 12010  ; -    ; -                                                                             ;
; MESSAGE_DISABLE                         ; 12110  ; -    ; -                                                                             ;
; MESSAGE_DISABLE                         ; 14320  ; -    ; -                                                                             ;
; MESSAGE_DISABLE                         ; 13410  ; -    ; -                                                                             ;
; MESSAGE_DISABLE                         ; 113007 ; -    ; -                                                                             ;
+-----------------------------------------+--------+------+-------------------------------------------------------------------------------+


+--------------------------------------------------------------------------------------------------------------------------------------------------------------------------------------------------------------+
; Source assignments for stm32_fmc_16bit:fmc_inst|FIR1:u_fir|FIR1_0002:fir1_inst|FIR1_0002_ast:FIR1_0002_ast_inst|FIR1_0002_rtl:hpfircore|altsyncram:u0_m0_wo0_wi0_delayr0_dmem|altsyncram_a2o3:auto_generated ;
+---------------------------------+--------------------+------+------------------------------------------------------------------------------------------------------------------------------------------------+
; Assignment                      ; Value              ; From ; To                                                                                                                                             ;
+---------------------------------+--------------------+------+------------------------------------------------------------------------------------------------------------------------------------------------+
; OPTIMIZE_POWER_DURING_SYNTHESIS ; NORMAL_COMPILATION ; -    ; -                                                                                                                                              ;
+---------------------------------+--------------------+------+------------------------------------------------------------------------------------------------------------------------------------------------+


+--------------------------------------------------------------------------------------------------------------------------------------------------------------------------------------------------------------+
; Source assignments for stm32_fmc_16bit:fmc_inst|FIR1:u_fir|FIR1_0002:fir1_inst|FIR1_0002_ast:FIR1_0002_ast_inst|FIR1_0002_rtl:hpfircore|altsyncram:u0_m0_wo0_wi0_delayr1_dmem|altsyncram_m2o3:auto_generated ;
+---------------------------------+--------------------+------+------------------------------------------------------------------------------------------------------------------------------------------------+
; Assignment                      ; Value              ; From ; To                                                                                                                                             ;
+---------------------------------+--------------------+------+------------------------------------------------------------------------------------------------------------------------------------------------+
; OPTIMIZE_POWER_DURING_SYNTHESIS ; NORMAL_COMPILATION ; -    ; -                                                                                                                                              ;
+---------------------------------+--------------------+------+------------------------------------------------------------------------------------------------------------------------------------------------+


+--------------------------------------------------------------------------------------------------------------------------------------------------------------------------------------------------------------+
; Source assignments for stm32_fmc_16bit:fmc_inst|FIR1:u_fir|FIR1_0002:fir1_inst|FIR1_0002_ast:FIR1_0002_ast_inst|FIR1_0002_rtl:hpfircore|altsyncram:u0_m0_wo0_wi0_delayr4_dmem|altsyncram_m2o3:auto_generated ;
+---------------------------------+--------------------+------+------------------------------------------------------------------------------------------------------------------------------------------------+
; Assignment                      ; Value              ; From ; To                                                                                                                                             ;
+---------------------------------+--------------------+------+------------------------------------------------------------------------------------------------------------------------------------------------+
; OPTIMIZE_POWER_DURING_SYNTHESIS ; NORMAL_COMPILATION ; -    ; -                                                                                                                                              ;
+---------------------------------+--------------------+------+------------------------------------------------------------------------------------------------------------------------------------------------+


+--------------------------------------------------------------------------------------------------------------------------------------------------------------------------------------------------------------+
; Source assignments for stm32_fmc_16bit:fmc_inst|FIR1:u_fir|FIR1_0002:fir1_inst|FIR1_0002_ast:FIR1_0002_ast_inst|FIR1_0002_rtl:hpfircore|altsyncram:u0_m0_wo0_wi0_delayr7_dmem|altsyncram_m2o3:auto_generated ;
+---------------------------------+--------------------+------+------------------------------------------------------------------------------------------------------------------------------------------------+
; Assignment                      ; Value              ; From ; To                                                                                                                                             ;
+---------------------------------+--------------------+------+------------------------------------------------------------------------------------------------------------------------------------------------+
; OPTIMIZE_POWER_DURING_SYNTHESIS ; NORMAL_COMPILATION ; -    ; -                                                                                                                                              ;
+---------------------------------+--------------------+------+------------------------------------------------------------------------------------------------------------------------------------------------+


+---------------------------------------------------------------------------------------------------------------------------------------------------------------------------------------------------------------+
; Source assignments for stm32_fmc_16bit:fmc_inst|FIR1:u_fir|FIR1_0002:fir1_inst|FIR1_0002_ast:FIR1_0002_ast_inst|FIR1_0002_rtl:hpfircore|altsyncram:u0_m0_wo0_wi0_delayr10_dmem|altsyncram_m2o3:auto_generated ;
+---------------------------------+--------------------+------+-------------------------------------------------------------------------------------------------------------------------------------------------+
; Assignment                      ; Value              ; From ; To                                                                                                                                              ;
+---------------------------------+--------------------+------+-------------------------------------------------------------------------------------------------------------------------------------------------+
; OPTIMIZE_POWER_DURING_SYNTHESIS ; NORMAL_COMPILATION ; -    ; -                                                                                                                                               ;
+---------------------------------+--------------------+------+-------------------------------------------------------------------------------------------------------------------------------------------------+


+---------------------------------------------------------------------------------------------------------------------------------------------------------------------------------------------------------------+
; Source assignments for stm32_fmc_16bit:fmc_inst|FIR1:u_fir|FIR1_0002:fir1_inst|FIR1_0002_ast:FIR1_0002_ast_inst|FIR1_0002_rtl:hpfircore|altsyncram:u0_m0_wo0_wi0_delayr14_dmem|altsyncram_g2o3:auto_generated ;
+---------------------------------+--------------------+------+-------------------------------------------------------------------------------------------------------------------------------------------------+
; Assignment                      ; Value              ; From ; To                                                                                                                                              ;
+---------------------------------+--------------------+------+-------------------------------------------------------------------------------------------------------------------------------------------------+
; OPTIMIZE_POWER_DURING_SYNTHESIS ; NORMAL_COMPILATION ; -    ; -                                                                                                                                               ;
+---------------------------------+--------------------+------+-------------------------------------------------------------------------------------------------------------------------------------------------+


+---------------------------------------------------------------------------------------------------------------------------------------------------------------------------------------------------------------+
; Source assignments for stm32_fmc_16bit:fmc_inst|FIR1:u_fir|FIR1_0002:fir1_inst|FIR1_0002_ast:FIR1_0002_ast_inst|FIR1_0002_rtl:hpfircore|altsyncram:u0_m0_wo0_wi0_delayr15_dmem|altsyncram_s2o3:auto_generated ;
+---------------------------------+--------------------+------+-------------------------------------------------------------------------------------------------------------------------------------------------+
; Assignment                      ; Value              ; From ; To                                                                                                                                              ;
+---------------------------------+--------------------+------+-------------------------------------------------------------------------------------------------------------------------------------------------+
; OPTIMIZE_POWER_DURING_SYNTHESIS ; NORMAL_COMPILATION ; -    ; -                                                                                                                                               ;
+---------------------------------+--------------------+------+-------------------------------------------------------------------------------------------------------------------------------------------------+


+---------------------------------------------------------------------------------------------------------------------------------------------------------------------------------------------------------------+
; Source assignments for stm32_fmc_16bit:fmc_inst|FIR1:u_fir|FIR1_0002:fir1_inst|FIR1_0002_ast:FIR1_0002_ast_inst|FIR1_0002_rtl:hpfircore|altsyncram:u0_m0_wo0_wi0_delayr18_dmem|altsyncram_s2o3:auto_generated ;
+---------------------------------+--------------------+------+-------------------------------------------------------------------------------------------------------------------------------------------------+
; Assignment                      ; Value              ; From ; To                                                                                                                                              ;
+---------------------------------+--------------------+------+-------------------------------------------------------------------------------------------------------------------------------------------------+
; OPTIMIZE_POWER_DURING_SYNTHESIS ; NORMAL_COMPILATION ; -    ; -                                                                                                                                               ;
+---------------------------------+--------------------+------+-------------------------------------------------------------------------------------------------------------------------------------------------+


+---------------------------------------------------------------------------------------------------------------------------------------------------------------------------------------------------------------+
; Source assignments for stm32_fmc_16bit:fmc_inst|FIR1:u_fir|FIR1_0002:fir1_inst|FIR1_0002_ast:FIR1_0002_ast_inst|FIR1_0002_rtl:hpfircore|altsyncram:u0_m0_wo0_wi0_delayr21_dmem|altsyncram_s2o3:auto_generated ;
+---------------------------------+--------------------+------+-------------------------------------------------------------------------------------------------------------------------------------------------+
; Assignment                      ; Value              ; From ; To                                                                                                                                              ;
+---------------------------------+--------------------+------+-------------------------------------------------------------------------------------------------------------------------------------------------+
; OPTIMIZE_POWER_DURING_SYNTHESIS ; NORMAL_COMPILATION ; -    ; -                                                                                                                                               ;
+---------------------------------+--------------------+------+-------------------------------------------------------------------------------------------------------------------------------------------------+


+---------------------------------------------------------------------------------------------------------------------------------------------------------------------------------------------------------------+
; Source assignments for stm32_fmc_16bit:fmc_inst|FIR1:u_fir|FIR1_0002:fir1_inst|FIR1_0002_ast:FIR1_0002_ast_inst|FIR1_0002_rtl:hpfircore|altsyncram:u0_m0_wo0_wi0_delayr24_dmem|altsyncram_n2o3:auto_generated ;
+---------------------------------+--------------------+------+-------------------------------------------------------------------------------------------------------------------------------------------------+
; Assignment                      ; Value              ; From ; To                                                                                                                                              ;
+---------------------------------+--------------------+------+-------------------------------------------------------------------------------------------------------------------------------------------------+
; OPTIMIZE_POWER_DURING_SYNTHESIS ; NORMAL_COMPILATION ; -    ; -                                                                                                                                               ;
+---------------------------------+--------------------+------+-------------------------------------------------------------------------------------------------------------------------------------------------+


+-------------------------------------------------------+
; Source assignments for sld_signaltap:auto_signaltap_0 ;
+-----------------+-------+------+----------------------+
; Assignment      ; Value ; From ; To                   ;
+-----------------+-------+------+----------------------+
; MESSAGE_DISABLE ; 13410 ; -    ; -                    ;
+-----------------+-------+------+----------------------+


+-------------------------------------------------------------------------------------------------+
; Source assignments for ram_2port1:ram1_inst|altsyncram:mem_rtl_0|altsyncram_fh02:auto_generated ;
+---------------------------------+--------------------+------+-----------------------------------+
; Assignment                      ; Value              ; From ; To                                ;
+---------------------------------+--------------------+------+-----------------------------------+
; OPTIMIZE_POWER_DURING_SYNTHESIS ; NORMAL_COMPILATION ; -    ; -                                 ;
+---------------------------------+--------------------+------+-----------------------------------+


+-------------------------------------------------------------------------------------------------+
; Source assignments for ram_2port1:ram2_inst|altsyncram:mem_rtl_0|altsyncram_fh02:auto_generated ;
+---------------------------------+--------------------+------+-----------------------------------+
; Assignment                      ; Value              ; From ; To                                ;
+---------------------------------+--------------------+------+-----------------------------------+
; OPTIMIZE_POWER_DURING_SYNTHESIS ; NORMAL_COMPILATION ; -    ; -                                 ;
+---------------------------------+--------------------+------+-----------------------------------+


+----------------------------------------------------------------------------------------------------------+
; Source assignments for stm32_fmc_16bit:fmc_inst|altsyncram:adc1_ram_rtl_0|altsyncram_h5f1:auto_generated ;
+---------------------------------+--------------------+------+--------------------------------------------+
; Assignment                      ; Value              ; From ; To                                         ;
+---------------------------------+--------------------+------+--------------------------------------------+
; OPTIMIZE_POWER_DURING_SYNTHESIS ; NORMAL_COMPILATION ; -    ; -                                          ;
+---------------------------------+--------------------+------+--------------------------------------------+


+-------------------------------------------------------------------------------------+
; Parameter Settings for User Entity Instance: pll1:pll1_inst|altpll:altpll_component ;
+-------------------------------+------------------------+----------------------------+
; Parameter Name                ; Value                  ; Type                       ;
+-------------------------------+------------------------+----------------------------+
; OPERATION_MODE                ; NORMAL                 ; Untyped                    ;
; PLL_TYPE                      ; AUTO                   ; Untyped                    ;
; LPM_HINT                      ; CBX_MODULE_PREFIX=pll1 ; Untyped                    ;
; QUALIFY_CONF_DONE             ; OFF                    ; Untyped                    ;
; COMPENSATE_CLOCK              ; CLK0                   ; Untyped                    ;
; SCAN_CHAIN                    ; LONG                   ; Untyped                    ;
; PRIMARY_CLOCK                 ; INCLK0                 ; Untyped                    ;
; INCLK0_INPUT_FREQUENCY        ; 20000                  ; Signed Integer             ;
; INCLK1_INPUT_FREQUENCY        ; 0                      ; Untyped                    ;
; GATE_LOCK_SIGNAL              ; NO                     ; Untyped                    ;
; GATE_LOCK_COUNTER             ; 0                      ; Untyped                    ;
; LOCK_HIGH                     ; 1                      ; Untyped                    ;
; LOCK_LOW                      ; 1                      ; Untyped                    ;
; VALID_LOCK_MULTIPLIER         ; 1                      ; Untyped                    ;
; INVALID_LOCK_MULTIPLIER       ; 5                      ; Untyped                    ;
; SWITCH_OVER_ON_LOSSCLK        ; OFF                    ; Untyped                    ;
; SWITCH_OVER_ON_GATED_LOCK     ; OFF                    ; Untyped                    ;
; ENABLE_SWITCH_OVER_COUNTER    ; OFF                    ; Untyped                    ;
; SKIP_VCO                      ; OFF                    ; Untyped                    ;
; SWITCH_OVER_COUNTER           ; 0                      ; Untyped                    ;
; SWITCH_OVER_TYPE              ; AUTO                   ; Untyped                    ;
; FEEDBACK_SOURCE               ; EXTCLK0                ; Untyped                    ;
; BANDWIDTH                     ; 0                      ; Untyped                    ;
; BANDWIDTH_TYPE                ; AUTO                   ; Untyped                    ;
; SPREAD_FREQUENCY              ; 0                      ; Untyped                    ;
; DOWN_SPREAD                   ; 0                      ; Untyped                    ;
; SELF_RESET_ON_GATED_LOSS_LOCK ; OFF                    ; Untyped                    ;
; SELF_RESET_ON_LOSS_LOCK       ; OFF                    ; Untyped                    ;
; CLK9_MULTIPLY_BY              ; 0                      ; Untyped                    ;
; CLK8_MULTIPLY_BY              ; 0                      ; Untyped                    ;
; CLK7_MULTIPLY_BY              ; 0                      ; Untyped                    ;
; CLK6_MULTIPLY_BY              ; 0                      ; Untyped                    ;
; CLK5_MULTIPLY_BY              ; 1                      ; Untyped                    ;
; CLK4_MULTIPLY_BY              ; 1                      ; Untyped                    ;
; CLK3_MULTIPLY_BY              ; 1                      ; Signed Integer             ;
; CLK2_MULTIPLY_BY              ; 1                      ; Signed Integer             ;
; CLK1_MULTIPLY_BY              ; 5                      ; Signed Integer             ;
; CLK0_MULTIPLY_BY              ; 5                      ; Signed Integer             ;
; CLK9_DIVIDE_BY                ; 0                      ; Untyped                    ;
; CLK8_DIVIDE_BY                ; 0                      ; Untyped                    ;
; CLK7_DIVIDE_BY                ; 0                      ; Untyped                    ;
; CLK6_DIVIDE_BY                ; 0                      ; Untyped                    ;
; CLK5_DIVIDE_BY                ; 1                      ; Untyped                    ;
; CLK4_DIVIDE_BY                ; 1                      ; Untyped                    ;
; CLK3_DIVIDE_BY                ; 1                      ; Signed Integer             ;
; CLK2_DIVIDE_BY                ; 5                      ; Signed Integer             ;
; CLK1_DIVIDE_BY                ; 2                      ; Signed Integer             ;
; CLK0_DIVIDE_BY                ; 2                      ; Signed Integer             ;
; CLK9_PHASE_SHIFT              ; 0                      ; Untyped                    ;
; CLK8_PHASE_SHIFT              ; 0                      ; Untyped                    ;
; CLK7_PHASE_SHIFT              ; 0                      ; Untyped                    ;
; CLK6_PHASE_SHIFT              ; 0                      ; Untyped                    ;
; CLK5_PHASE_SHIFT              ; 0                      ; Untyped                    ;
; CLK4_PHASE_SHIFT              ; 0                      ; Untyped                    ;
; CLK3_PHASE_SHIFT              ; 0                      ; Untyped                    ;
; CLK2_PHASE_SHIFT              ; 0                      ; Untyped                    ;
; CLK1_PHASE_SHIFT              ; 2000                   ; Untyped                    ;
; CLK0_PHASE_SHIFT              ; 0                      ; Untyped                    ;
; CLK5_TIME_DELAY               ; 0                      ; Untyped                    ;
; CLK4_TIME_DELAY               ; 0                      ; Untyped                    ;
; CLK3_TIME_DELAY               ; 0                      ; Untyped                    ;
; CLK2_TIME_DELAY               ; 0                      ; Untyped                    ;
; CLK1_TIME_DELAY               ; 0                      ; Untyped                    ;
; CLK0_TIME_DELAY               ; 0                      ; Untyped                    ;
; CLK9_DUTY_CYCLE               ; 50                     ; Untyped                    ;
; CLK8_DUTY_CYCLE               ; 50                     ; Untyped                    ;
; CLK7_DUTY_CYCLE               ; 50                     ; Untyped                    ;
; CLK6_DUTY_CYCLE               ; 50                     ; Untyped                    ;
; CLK5_DUTY_CYCLE               ; 50                     ; Untyped                    ;
; CLK4_DUTY_CYCLE               ; 50                     ; Untyped                    ;
; CLK3_DUTY_CYCLE               ; 50                     ; Signed Integer             ;
; CLK2_DUTY_CYCLE               ; 50                     ; Signed Integer             ;
; CLK1_DUTY_CYCLE               ; 50                     ; Signed Integer             ;
; CLK0_DUTY_CYCLE               ; 50                     ; Signed Integer             ;
; CLK9_USE_EVEN_COUNTER_MODE    ; OFF                    ; Untyped                    ;
; CLK8_USE_EVEN_COUNTER_MODE    ; OFF                    ; Untyped                    ;
; CLK7_USE_EVEN_COUNTER_MODE    ; OFF                    ; Untyped                    ;
; CLK6_USE_EVEN_COUNTER_MODE    ; OFF                    ; Untyped                    ;
; CLK5_USE_EVEN_COUNTER_MODE    ; OFF                    ; Untyped                    ;
; CLK4_USE_EVEN_COUNTER_MODE    ; OFF                    ; Untyped                    ;
; CLK3_USE_EVEN_COUNTER_MODE    ; OFF                    ; Untyped                    ;
; CLK2_USE_EVEN_COUNTER_MODE    ; OFF                    ; Untyped                    ;
; CLK1_USE_EVEN_COUNTER_MODE    ; OFF                    ; Untyped                    ;
; CLK0_USE_EVEN_COUNTER_MODE    ; OFF                    ; Untyped                    ;
; CLK9_USE_EVEN_COUNTER_VALUE   ; OFF                    ; Untyped                    ;
; CLK8_USE_EVEN_COUNTER_VALUE   ; OFF                    ; Untyped                    ;
; CLK7_USE_EVEN_COUNTER_VALUE   ; OFF                    ; Untyped                    ;
; CLK6_USE_EVEN_COUNTER_VALUE   ; OFF                    ; Untyped                    ;
; CLK5_USE_EVEN_COUNTER_VALUE   ; OFF                    ; Untyped                    ;
; CLK4_USE_EVEN_COUNTER_VALUE   ; OFF                    ; Untyped                    ;
; CLK3_USE_EVEN_COUNTER_VALUE   ; OFF                    ; Untyped                    ;
; CLK2_USE_EVEN_COUNTER_VALUE   ; OFF                    ; Untyped                    ;
; CLK1_USE_EVEN_COUNTER_VALUE   ; OFF                    ; Untyped                    ;
; CLK0_USE_EVEN_COUNTER_VALUE   ; OFF                    ; Untyped                    ;
; LOCK_WINDOW_UI                ;  0.05                  ; Untyped                    ;
; LOCK_WINDOW_UI_BITS           ; UNUSED                 ; Untyped                    ;
; VCO_RANGE_DETECTOR_LOW_BITS   ; UNUSED                 ; Untyped                    ;
; VCO_RANGE_DETECTOR_HIGH_BITS  ; UNUSED                 ; Untyped                    ;
; DPA_MULTIPLY_BY               ; 0                      ; Untyped                    ;
; DPA_DIVIDE_BY                 ; 1                      ; Untyped                    ;
; DPA_DIVIDER                   ; 0                      ; Untyped                    ;
; EXTCLK3_MULTIPLY_BY           ; 1                      ; Untyped                    ;
; EXTCLK2_MULTIPLY_BY           ; 1                      ; Untyped                    ;
; EXTCLK1_MULTIPLY_BY           ; 1                      ; Untyped                    ;
; EXTCLK0_MULTIPLY_BY           ; 1                      ; Untyped                    ;
; EXTCLK3_DIVIDE_BY             ; 1                      ; Untyped                    ;
; EXTCLK2_DIVIDE_BY             ; 1                      ; Untyped                    ;
; EXTCLK1_DIVIDE_BY             ; 1                      ; Untyped                    ;
; EXTCLK0_DIVIDE_BY             ; 1                      ; Untyped                    ;
; EXTCLK3_PHASE_SHIFT           ; 0                      ; Untyped                    ;
; EXTCLK2_PHASE_SHIFT           ; 0                      ; Untyped                    ;
; EXTCLK1_PHASE_SHIFT           ; 0                      ; Untyped                    ;
; EXTCLK0_PHASE_SHIFT           ; 0                      ; Untyped                    ;
; EXTCLK3_TIME_DELAY            ; 0                      ; Untyped                    ;
; EXTCLK2_TIME_DELAY            ; 0                      ; Untyped                    ;
; EXTCLK1_TIME_DELAY            ; 0                      ; Untyped                    ;
; EXTCLK0_TIME_DELAY            ; 0                      ; Untyped                    ;
; EXTCLK3_DUTY_CYCLE            ; 50                     ; Untyped                    ;
; EXTCLK2_DUTY_CYCLE            ; 50                     ; Untyped                    ;
; EXTCLK1_DUTY_CYCLE            ; 50                     ; Untyped                    ;
; EXTCLK0_DUTY_CYCLE            ; 50                     ; Untyped                    ;
; VCO_MULTIPLY_BY               ; 0                      ; Untyped                    ;
; VCO_DIVIDE_BY                 ; 0                      ; Untyped                    ;
; SCLKOUT0_PHASE_SHIFT          ; 0                      ; Untyped                    ;
; SCLKOUT1_PHASE_SHIFT          ; 0                      ; Untyped                    ;
; VCO_MIN                       ; 0                      ; Untyped                    ;
; VCO_MAX                       ; 0                      ; Untyped                    ;
; VCO_CENTER                    ; 0                      ; Untyped                    ;
; PFD_MIN                       ; 0                      ; Untyped                    ;
; PFD_MAX                       ; 0                      ; Untyped                    ;
; M_INITIAL                     ; 0                      ; Untyped                    ;
; M                             ; 0                      ; Untyped                    ;
; N                             ; 1                      ; Untyped                    ;
; M2                            ; 1                      ; Untyped                    ;
; N2                            ; 1                      ; Untyped                    ;
; SS                            ; 1                      ; Untyped                    ;
; C0_HIGH                       ; 0                      ; Untyped                    ;
; C1_HIGH                       ; 0                      ; Untyped                    ;
; C2_HIGH                       ; 0                      ; Untyped                    ;
; C3_HIGH                       ; 0                      ; Untyped                    ;
; C4_HIGH                       ; 0                      ; Untyped                    ;
; C5_HIGH                       ; 0                      ; Untyped                    ;
; C6_HIGH                       ; 0                      ; Untyped                    ;
; C7_HIGH                       ; 0                      ; Untyped                    ;
; C8_HIGH                       ; 0                      ; Untyped                    ;
; C9_HIGH                       ; 0                      ; Untyped                    ;
; C0_LOW                        ; 0                      ; Untyped                    ;
; C1_LOW                        ; 0                      ; Untyped                    ;
; C2_LOW                        ; 0                      ; Untyped                    ;
; C3_LOW                        ; 0                      ; Untyped                    ;
; C4_LOW                        ; 0                      ; Untyped                    ;
; C5_LOW                        ; 0                      ; Untyped                    ;
; C6_LOW                        ; 0                      ; Untyped                    ;
; C7_LOW                        ; 0                      ; Untyped                    ;
; C8_LOW                        ; 0                      ; Untyped                    ;
; C9_LOW                        ; 0                      ; Untyped                    ;
; C0_INITIAL                    ; 0                      ; Untyped                    ;
; C1_INITIAL                    ; 0                      ; Untyped                    ;
; C2_INITIAL                    ; 0                      ; Untyped                    ;
; C3_INITIAL                    ; 0                      ; Untyped                    ;
; C4_INITIAL                    ; 0                      ; Untyped                    ;
; C5_INITIAL                    ; 0                      ; Untyped                    ;
; C6_INITIAL                    ; 0                      ; Untyped                    ;
; C7_INITIAL                    ; 0                      ; Untyped                    ;
; C8_INITIAL                    ; 0                      ; Untyped                    ;
; C9_INITIAL                    ; 0                      ; Untyped                    ;
; C0_MODE                       ; BYPASS                 ; Untyped                    ;
; C1_MODE                       ; BYPASS                 ; Untyped                    ;
; C2_MODE                       ; BYPASS                 ; Untyped                    ;
; C3_MODE                       ; BYPASS                 ; Untyped                    ;
; C4_MODE                       ; BYPASS                 ; Untyped                    ;
; C5_MODE                       ; BYPASS                 ; Untyped                    ;
; C6_MODE                       ; BYPASS                 ; Untyped                    ;
; C7_MODE                       ; BYPASS                 ; Untyped                    ;
; C8_MODE                       ; BYPASS                 ; Untyped                    ;
; C9_MODE                       ; BYPASS                 ; Untyped                    ;
; C0_PH                         ; 0                      ; Untyped                    ;
; C1_PH                         ; 0                      ; Untyped                    ;
; C2_PH                         ; 0                      ; Untyped                    ;
; C3_PH                         ; 0                      ; Untyped                    ;
; C4_PH                         ; 0                      ; Untyped                    ;
; C5_PH                         ; 0                      ; Untyped                    ;
; C6_PH                         ; 0                      ; Untyped                    ;
; C7_PH                         ; 0                      ; Untyped                    ;
; C8_PH                         ; 0                      ; Untyped                    ;
; C9_PH                         ; 0                      ; Untyped                    ;
; L0_HIGH                       ; 1                      ; Untyped                    ;
; L1_HIGH                       ; 1                      ; Untyped                    ;
; G0_HIGH                       ; 1                      ; Untyped                    ;
; G1_HIGH                       ; 1                      ; Untyped                    ;
; G2_HIGH                       ; 1                      ; Untyped                    ;
; G3_HIGH                       ; 1                      ; Untyped                    ;
; E0_HIGH                       ; 1                      ; Untyped                    ;
; E1_HIGH                       ; 1                      ; Untyped                    ;
; E2_HIGH                       ; 1                      ; Untyped                    ;
; E3_HIGH                       ; 1                      ; Untyped                    ;
; L0_LOW                        ; 1                      ; Untyped                    ;
; L1_LOW                        ; 1                      ; Untyped                    ;
; G0_LOW                        ; 1                      ; Untyped                    ;
; G1_LOW                        ; 1                      ; Untyped                    ;
; G2_LOW                        ; 1                      ; Untyped                    ;
; G3_LOW                        ; 1                      ; Untyped                    ;
; E0_LOW                        ; 1                      ; Untyped                    ;
; E1_LOW                        ; 1                      ; Untyped                    ;
; E2_LOW                        ; 1                      ; Untyped                    ;
; E3_LOW                        ; 1                      ; Untyped                    ;
; L0_INITIAL                    ; 1                      ; Untyped                    ;
; L1_INITIAL                    ; 1                      ; Untyped                    ;
; G0_INITIAL                    ; 1                      ; Untyped                    ;
; G1_INITIAL                    ; 1                      ; Untyped                    ;
; G2_INITIAL                    ; 1                      ; Untyped                    ;
; G3_INITIAL                    ; 1                      ; Untyped                    ;
; E0_INITIAL                    ; 1                      ; Untyped                    ;
; E1_INITIAL                    ; 1                      ; Untyped                    ;
; E2_INITIAL                    ; 1                      ; Untyped                    ;
; E3_INITIAL                    ; 1                      ; Untyped                    ;
; L0_MODE                       ; BYPASS                 ; Untyped                    ;
; L1_MODE                       ; BYPASS                 ; Untyped                    ;
; G0_MODE                       ; BYPASS                 ; Untyped                    ;
; G1_MODE                       ; BYPASS                 ; Untyped                    ;
; G2_MODE                       ; BYPASS                 ; Untyped                    ;
; G3_MODE                       ; BYPASS                 ; Untyped                    ;
; E0_MODE                       ; BYPASS                 ; Untyped                    ;
; E1_MODE                       ; BYPASS                 ; Untyped                    ;
; E2_MODE                       ; BYPASS                 ; Untyped                    ;
; E3_MODE                       ; BYPASS                 ; Untyped                    ;
; L0_PH                         ; 0                      ; Untyped                    ;
; L1_PH                         ; 0                      ; Untyped                    ;
; G0_PH                         ; 0                      ; Untyped                    ;
; G1_PH                         ; 0                      ; Untyped                    ;
; G2_PH                         ; 0                      ; Untyped                    ;
; G3_PH                         ; 0                      ; Untyped                    ;
; E0_PH                         ; 0                      ; Untyped                    ;
; E1_PH                         ; 0                      ; Untyped                    ;
; E2_PH                         ; 0                      ; Untyped                    ;
; E3_PH                         ; 0                      ; Untyped                    ;
; M_PH                          ; 0                      ; Untyped                    ;
; C1_USE_CASC_IN                ; OFF                    ; Untyped                    ;
; C2_USE_CASC_IN                ; OFF                    ; Untyped                    ;
; C3_USE_CASC_IN                ; OFF                    ; Untyped                    ;
; C4_USE_CASC_IN                ; OFF                    ; Untyped                    ;
; C5_USE_CASC_IN                ; OFF                    ; Untyped                    ;
; C6_USE_CASC_IN                ; OFF                    ; Untyped                    ;
; C7_USE_CASC_IN                ; OFF                    ; Untyped                    ;
; C8_USE_CASC_IN                ; OFF                    ; Untyped                    ;
; C9_USE_CASC_IN                ; OFF                    ; Untyped                    ;
; CLK0_COUNTER                  ; G0                     ; Untyped                    ;
; CLK1_COUNTER                  ; G0                     ; Untyped                    ;
; CLK2_COUNTER                  ; G0                     ; Untyped                    ;
; CLK3_COUNTER                  ; G0                     ; Untyped                    ;
; CLK4_COUNTER                  ; G0                     ; Untyped                    ;
; CLK5_COUNTER                  ; G0                     ; Untyped                    ;
; CLK6_COUNTER                  ; E0                     ; Untyped                    ;
; CLK7_COUNTER                  ; E1                     ; Untyped                    ;
; CLK8_COUNTER                  ; E2                     ; Untyped                    ;
; CLK9_COUNTER                  ; E3                     ; Untyped                    ;
; L0_TIME_DELAY                 ; 0                      ; Untyped                    ;
; L1_TIME_DELAY                 ; 0                      ; Untyped                    ;
; G0_TIME_DELAY                 ; 0                      ; Untyped                    ;
; G1_TIME_DELAY                 ; 0                      ; Untyped                    ;
; G2_TIME_DELAY                 ; 0                      ; Untyped                    ;
; G3_TIME_DELAY                 ; 0                      ; Untyped                    ;
; E0_TIME_DELAY                 ; 0                      ; Untyped                    ;
; E1_TIME_DELAY                 ; 0                      ; Untyped                    ;
; E2_TIME_DELAY                 ; 0                      ; Untyped                    ;
; E3_TIME_DELAY                 ; 0                      ; Untyped                    ;
; M_TIME_DELAY                  ; 0                      ; Untyped                    ;
; N_TIME_DELAY                  ; 0                      ; Untyped                    ;
; EXTCLK3_COUNTER               ; E3                     ; Untyped                    ;
; EXTCLK2_COUNTER               ; E2                     ; Untyped                    ;
; EXTCLK1_COUNTER               ; E1                     ; Untyped                    ;
; EXTCLK0_COUNTER               ; E0                     ; Untyped                    ;
; ENABLE0_COUNTER               ; L0                     ; Untyped                    ;
; ENABLE1_COUNTER               ; L0                     ; Untyped                    ;
; CHARGE_PUMP_CURRENT           ; 2                      ; Untyped                    ;
; LOOP_FILTER_R                 ;  1.000000              ; Untyped                    ;
; LOOP_FILTER_C                 ; 5                      ; Untyped                    ;
; CHARGE_PUMP_CURRENT_BITS      ; 9999                   ; Untyped                    ;
; LOOP_FILTER_R_BITS            ; 9999                   ; Untyped                    ;
; LOOP_FILTER_C_BITS            ; 9999                   ; Untyped                    ;
; VCO_POST_SCALE                ; 0                      ; Untyped                    ;
; CLK2_OUTPUT_FREQUENCY         ; 0                      ; Untyped                    ;
; CLK1_OUTPUT_FREQUENCY         ; 0                      ; Untyped                    ;
; CLK0_OUTPUT_FREQUENCY         ; 0                      ; Untyped                    ;
; INTENDED_DEVICE_FAMILY        ; Cyclone IV E           ; Untyped                    ;
; PORT_CLKENA0                  ; PORT_UNUSED            ; Untyped                    ;
; PORT_CLKENA1                  ; PORT_UNUSED            ; Untyped                    ;
; PORT_CLKENA2                  ; PORT_UNUSED            ; Untyped                    ;
; PORT_CLKENA3                  ; PORT_UNUSED            ; Untyped                    ;
; PORT_CLKENA4                  ; PORT_UNUSED            ; Untyped                    ;
; PORT_CLKENA5                  ; PORT_UNUSED            ; Untyped                    ;
; PORT_EXTCLKENA0               ; PORT_CONNECTIVITY      ; Untyped                    ;
; PORT_EXTCLKENA1               ; PORT_CONNECTIVITY      ; Untyped                    ;
; PORT_EXTCLKENA2               ; PORT_CONNECTIVITY      ; Untyped                    ;
; PORT_EXTCLKENA3               ; PORT_CONNECTIVITY      ; Untyped                    ;
; PORT_EXTCLK0                  ; PORT_UNUSED            ; Untyped                    ;
; PORT_EXTCLK1                  ; PORT_UNUSED            ; Untyped                    ;
; PORT_EXTCLK2                  ; PORT_UNUSED            ; Untyped                    ;
; PORT_EXTCLK3                  ; PORT_UNUSED            ; Untyped                    ;
; PORT_CLKBAD0                  ; PORT_UNUSED            ; Untyped                    ;
; PORT_CLKBAD1                  ; PORT_UNUSED            ; Untyped                    ;
; PORT_CLK0                     ; PORT_USED              ; Untyped                    ;
; PORT_CLK1                     ; PORT_USED              ; Untyped                    ;
; PORT_CLK2                     ; PORT_USED              ; Untyped                    ;
; PORT_CLK3                     ; PORT_USED              ; Untyped                    ;
; PORT_CLK4                     ; PORT_UNUSED            ; Untyped                    ;
; PORT_CLK5                     ; PORT_UNUSED            ; Untyped                    ;
; PORT_CLK6                     ; PORT_UNUSED            ; Untyped                    ;
; PORT_CLK7                     ; PORT_UNUSED            ; Untyped                    ;
; PORT_CLK8                     ; PORT_UNUSED            ; Untyped                    ;
; PORT_CLK9                     ; PORT_UNUSED            ; Untyped                    ;
; PORT_SCANDATA                 ; PORT_UNUSED            ; Untyped                    ;
; PORT_SCANDATAOUT              ; PORT_UNUSED            ; Untyped                    ;
; PORT_SCANDONE                 ; PORT_UNUSED            ; Untyped                    ;
; PORT_SCLKOUT1                 ; PORT_CONNECTIVITY      ; Untyped                    ;
; PORT_SCLKOUT0                 ; PORT_CONNECTIVITY      ; Untyped                    ;
; PORT_ACTIVECLOCK              ; PORT_UNUSED            ; Untyped                    ;
; PORT_CLKLOSS                  ; PORT_UNUSED            ; Untyped                    ;
; PORT_INCLK1                   ; PORT_UNUSED            ; Untyped                    ;
; PORT_INCLK0                   ; PORT_USED              ; Untyped                    ;
; PORT_FBIN                     ; PORT_UNUSED            ; Untyped                    ;
; PORT_PLLENA                   ; PORT_UNUSED            ; Untyped                    ;
; PORT_CLKSWITCH                ; PORT_UNUSED            ; Untyped                    ;
; PORT_ARESET                   ; PORT_UNUSED            ; Untyped                    ;
; PORT_PFDENA                   ; PORT_UNUSED            ; Untyped                    ;
; PORT_SCANCLK                  ; PORT_UNUSED            ; Untyped                    ;
; PORT_SCANACLR                 ; PORT_UNUSED            ; Untyped                    ;
; PORT_SCANREAD                 ; PORT_UNUSED            ; Untyped                    ;
; PORT_SCANWRITE                ; PORT_UNUSED            ; Untyped                    ;
; PORT_ENABLE0                  ; PORT_CONNECTIVITY      ; Untyped                    ;
; PORT_ENABLE1                  ; PORT_CONNECTIVITY      ; Untyped                    ;
; PORT_LOCKED                   ; PORT_UNUSED            ; Untyped                    ;
; PORT_CONFIGUPDATE             ; PORT_UNUSED            ; Untyped                    ;
; PORT_FBOUT                    ; PORT_CONNECTIVITY      ; Untyped                    ;
; PORT_PHASEDONE                ; PORT_UNUSED            ; Untyped                    ;
; PORT_PHASESTEP                ; PORT_UNUSED            ; Untyped                    ;
; PORT_PHASEUPDOWN              ; PORT_UNUSED            ; Untyped                    ;
; PORT_SCANCLKENA               ; PORT_UNUSED            ; Untyped                    ;
; PORT_PHASECOUNTERSELECT       ; PORT_UNUSED            ; Untyped                    ;
; PORT_VCOOVERRANGE             ; PORT_CONNECTIVITY      ; Untyped                    ;
; PORT_VCOUNDERRANGE            ; PORT_CONNECTIVITY      ; Untyped                    ;
; M_TEST_SOURCE                 ; 5                      ; Untyped                    ;
; C0_TEST_SOURCE                ; 5                      ; Untyped                    ;
; C1_TEST_SOURCE                ; 5                      ; Untyped                    ;
; C2_TEST_SOURCE                ; 5                      ; Untyped                    ;
; C3_TEST_SOURCE                ; 5                      ; Untyped                    ;
; C4_TEST_SOURCE                ; 5                      ; Untyped                    ;
; C5_TEST_SOURCE                ; 5                      ; Untyped                    ;
; C6_TEST_SOURCE                ; 5                      ; Untyped                    ;
; C7_TEST_SOURCE                ; 5                      ; Untyped                    ;
; C8_TEST_SOURCE                ; 5                      ; Untyped                    ;
; C9_TEST_SOURCE                ; 5                      ; Untyped                    ;
; CBXI_PARAMETER                ; pll1_altpll1           ; Untyped                    ;
; VCO_FREQUENCY_CONTROL         ; AUTO                   ; Untyped                    ;
; VCO_PHASE_SHIFT_STEP          ; 0                      ; Untyped                    ;
; WIDTH_CLOCK                   ; 5                      ; Signed Integer             ;
; WIDTH_PHASECOUNTERSELECT      ; 4                      ; Untyped                    ;
; USING_FBMIMICBIDIR_PORT       ; OFF                    ; Untyped                    ;
; DEVICE_FAMILY                 ; Cyclone IV E           ; Untyped                    ;
; SCAN_CHAIN_MIF_FILE           ; UNUSED                 ; Untyped                    ;
; SIM_GATE_LOCK_DEVICE_BEHAVIOR ; OFF                    ; Untyped                    ;
; AUTO_CARRY_CHAINS             ; ON                     ; AUTO_CARRY                 ;
; IGNORE_CARRY_BUFFERS          ; OFF                    ; IGNORE_CARRY               ;
; AUTO_CASCADE_CHAINS           ; ON                     ; AUTO_CASCADE               ;
; IGNORE_CASCADE_BUFFERS        ; OFF                    ; IGNORE_CASCADE             ;
+-------------------------------+------------------------+----------------------------+
Note: In order to hide this table in the UI and the text report file, please set the "Show Parameter Settings in Synthesis Report" option in "Analysis and Synthesis Settings -> More Settings" to "Off".


+---------------------------------------------------------------------------------------------------------------------------------------+
; Parameter Settings for User Entity Instance: stm32_fmc_16bit:fmc_inst|FIR1:u_fir|FIR1_0002:fir1_inst|FIR1_0002_ast:FIR1_0002_ast_inst ;
+---------------------+--------------+--------------------------------------------------------------------------------------------------+
; Parameter Name      ; Value        ; Type                                                                                             ;
+---------------------+--------------+--------------------------------------------------------------------------------------------------+
; INWIDTH             ; 12           ; Signed Integer                                                                                   ;
; FULL_WIDTH          ; 35           ; Signed Integer                                                                                   ;
; BANKINWIDTH         ; 0            ; Signed Integer                                                                                   ;
; REM_LSB_BIT_g       ; 14           ; Signed Integer                                                                                   ;
; REM_LSB_TYPE_g      ; trunc        ; String                                                                                           ;
; REM_MSB_BIT_g       ; 0            ; Signed Integer                                                                                   ;
; REM_MSB_TYPE_g      ; trunc        ; String                                                                                           ;
; PHYSCHANIN          ; 1            ; Signed Integer                                                                                   ;
; PHYSCHANOUT         ; 1            ; Signed Integer                                                                                   ;
; CHANSPERPHYIN       ; 1            ; Signed Integer                                                                                   ;
; CHANSPERPHYOUT      ; 1            ; Signed Integer                                                                                   ;
; OUTPUTFIFODEPTH     ; 8            ; Signed Integer                                                                                   ;
; USE_PACKETS         ; 0            ; Signed Integer                                                                                   ;
; ENABLE_BACKPRESSURE ; false        ; Enumerated                                                                                       ;
; LOG2_CHANSPERPHYOUT ; 1            ; Signed Integer                                                                                   ;
; NUMCHANS            ; 1            ; Signed Integer                                                                                   ;
; DEVICE_FAMILY       ; Cyclone IV E ; String                                                                                           ;
+---------------------+--------------+--------------------------------------------------------------------------------------------------+
Note: In order to hide this table in the UI and the text report file, please set the "Show Parameter Settings in Synthesis Report" option in "Analysis and Synthesis Settings -> More Settings" to "Off".


+----------------------------------------------------------------------------------------------------------------------------------------------------------------------------------+
; Parameter Settings for User Entity Instance: stm32_fmc_16bit:fmc_inst|FIR1:u_fir|FIR1_0002:fir1_inst|FIR1_0002_ast:FIR1_0002_ast_inst|auk_dspip_avalon_streaming_sink_hpfir:sink ;
+-----------------+-------+--------------------------------------------------------------------------------------------------------------------------------------------------------+
; Parameter Name  ; Value ; Type                                                                                                                                                   ;
+-----------------+-------+--------------------------------------------------------------------------------------------------------------------------------------------------------+
; width_g         ; 12    ; Signed Integer                                                                                                                                         ;
; data_width      ; 12    ; Signed Integer                                                                                                                                         ;
; data_port_count ; 1     ; Signed Integer                                                                                                                                         ;
; packet_size_g   ; 1     ; Signed Integer                                                                                                                                         ;
+-----------------+-------+--------------------------------------------------------------------------------------------------------------------------------------------------------+
Note: In order to hide this table in the UI and the text report file, please set the "Show Parameter Settings in Synthesis Report" option in "Analysis and Synthesis Settings -> More Settings" to "Off".


+--------------------------------------------------------------------------------------------------------------------------------------------------------------------------------------+
; Parameter Settings for User Entity Instance: stm32_fmc_16bit:fmc_inst|FIR1:u_fir|FIR1_0002:fir1_inst|FIR1_0002_ast:FIR1_0002_ast_inst|auk_dspip_avalon_streaming_source_hpfir:source ;
+-----------------------+-------+------------------------------------------------------------------------------------------------------------------------------------------------------+
; Parameter Name        ; Value ; Type                                                                                                                                                 ;
+-----------------------+-------+------------------------------------------------------------------------------------------------------------------------------------------------------+
; width_g               ; 21    ; Signed Integer                                                                                                                                       ;
; data_width            ; 21    ; Signed Integer                                                                                                                                       ;
; data_port_count       ; 1     ; Signed Integer                                                                                                                                       ;
; packet_size_g         ; 1     ; Signed Integer                                                                                                                                       ;
; fifo_depth_g          ; 8     ; Signed Integer                                                                                                                                       ;
; have_counter_g        ; false ; Enumerated                                                                                                                                           ;
; counter_limit_g       ; 1     ; Signed Integer                                                                                                                                       ;
; use_packets           ; 0     ; Signed Integer                                                                                                                                       ;
; enable_backpressure_g ; false ; Enumerated                                                                                                                                           ;
+-----------------------+-------+------------------------------------------------------------------------------------------------------------------------------------------------------+
Note: In order to hide this table in the UI and the text report file, please set the "Show Parameter Settings in Synthesis Report" option in "Analysis and Synthesis Settings -> More Settings" to "Off".


+---------------------------------------------------------------------------------------------------------------------------------------------------------------------------------------------+
; Parameter Settings for User Entity Instance: stm32_fmc_16bit:fmc_inst|FIR1:u_fir|FIR1_0002:fir1_inst|FIR1_0002_ast:FIR1_0002_ast_inst|FIR1_0002_rtl:hpfircore|dspba_delay:u0_m0_wo0_memread ;
+----------------+-------+--------------------------------------------------------------------------------------------------------------------------------------------------------------------+
; Parameter Name ; Value ; Type                                                                                                                                                               ;
+----------------+-------+--------------------------------------------------------------------------------------------------------------------------------------------------------------------+
; width          ; 1     ; Signed Integer                                                                                                                                                     ;
; depth          ; 1     ; Signed Integer                                                                                                                                                     ;
; reset_high     ; '1'   ; Enumerated                                                                                                                                                         ;
+----------------+-------+--------------------------------------------------------------------------------------------------------------------------------------------------------------------+
Note: In order to hide this table in the UI and the text report file, please set the "Show Parameter Settings in Synthesis Report" option in "Analysis and Synthesis Settings -> More Settings" to "Off".


+----------------------------------------------------------------------------------------------------------------------------------------------------------------------------------------------------+
; Parameter Settings for User Entity Instance: stm32_fmc_16bit:fmc_inst|FIR1:u_fir|FIR1_0002:fir1_inst|FIR1_0002_ast:FIR1_0002_ast_inst|FIR1_0002_rtl:hpfircore|dspba_delay:d_u0_m0_wo0_memread_q_13 ;
+----------------+-------+---------------------------------------------------------------------------------------------------------------------------------------------------------------------------+
; Parameter Name ; Value ; Type                                                                                                                                                                      ;
+----------------+-------+---------------------------------------------------------------------------------------------------------------------------------------------------------------------------+
; width          ; 1     ; Signed Integer                                                                                                                                                            ;
; depth          ; 1     ; Signed Integer                                                                                                                                                            ;
; reset_high     ; '1'   ; Enumerated                                                                                                                                                                ;
+----------------+-------+---------------------------------------------------------------------------------------------------------------------------------------------------------------------------+
Note: In order to hide this table in the UI and the text report file, please set the "Show Parameter Settings in Synthesis Report" option in "Analysis and Synthesis Settings -> More Settings" to "Off".


+---------------------------------------------------------------------------------------------------------------------------------------------------------------------------------------------+
; Parameter Settings for User Entity Instance: stm32_fmc_16bit:fmc_inst|FIR1:u_fir|FIR1_0002:fir1_inst|FIR1_0002_ast:FIR1_0002_ast_inst|FIR1_0002_rtl:hpfircore|dspba_delay:u0_m0_wo0_compute ;
+----------------+-------+--------------------------------------------------------------------------------------------------------------------------------------------------------------------+
; Parameter Name ; Value ; Type                                                                                                                                                               ;
+----------------+-------+--------------------------------------------------------------------------------------------------------------------------------------------------------------------+
; width          ; 1     ; Signed Integer                                                                                                                                                     ;
; depth          ; 2     ; Signed Integer                                                                                                                                                     ;
; reset_high     ; '1'   ; Enumerated                                                                                                                                                         ;
+----------------+-------+--------------------------------------------------------------------------------------------------------------------------------------------------------------------+
Note: In order to hide this table in the UI and the text report file, please set the "Show Parameter Settings in Synthesis Report" option in "Analysis and Synthesis Settings -> More Settings" to "Off".


+----------------------------------------------------------------------------------------------------------------------------------------------------------------------------------------------------+
; Parameter Settings for User Entity Instance: stm32_fmc_16bit:fmc_inst|FIR1:u_fir|FIR1_0002:fir1_inst|FIR1_0002_ast:FIR1_0002_ast_inst|FIR1_0002_rtl:hpfircore|dspba_delay:d_u0_m0_wo0_compute_q_19 ;
+----------------+-------+---------------------------------------------------------------------------------------------------------------------------------------------------------------------------+
; Parameter Name ; Value ; Type                                                                                                                                                                      ;
+----------------+-------+---------------------------------------------------------------------------------------------------------------------------------------------------------------------------+
; width          ; 1     ; Signed Integer                                                                                                                                                            ;
; depth          ; 6     ; Signed Integer                                                                                                                                                            ;
; reset_high     ; '1'   ; Enumerated                                                                                                                                                                ;
+----------------+-------+---------------------------------------------------------------------------------------------------------------------------------------------------------------------------+
Note: In order to hide this table in the UI and the text report file, please set the "Show Parameter Settings in Synthesis Report" option in "Analysis and Synthesis Settings -> More Settings" to "Off".


+----------------------------------------------------------------------------------------------------------------------------------------------------------------------------------------------------+
; Parameter Settings for User Entity Instance: stm32_fmc_16bit:fmc_inst|FIR1:u_fir|FIR1_0002:fir1_inst|FIR1_0002_ast:FIR1_0002_ast_inst|FIR1_0002_rtl:hpfircore|dspba_delay:d_u0_m0_wo0_compute_q_20 ;
+----------------+-------+---------------------------------------------------------------------------------------------------------------------------------------------------------------------------+
; Parameter Name ; Value ; Type                                                                                                                                                                      ;
+----------------+-------+---------------------------------------------------------------------------------------------------------------------------------------------------------------------------+
; width          ; 1     ; Signed Integer                                                                                                                                                            ;
; depth          ; 1     ; Signed Integer                                                                                                                                                            ;
; reset_high     ; '1'   ; Enumerated                                                                                                                                                                ;
+----------------+-------+---------------------------------------------------------------------------------------------------------------------------------------------------------------------------+
Note: In order to hide this table in the UI and the text report file, please set the "Show Parameter Settings in Synthesis Report" option in "Analysis and Synthesis Settings -> More Settings" to "Off".


+--------------------------------------------------------------------------------------------------------------------------------------------------------------------------------------+
; Parameter Settings for User Entity Instance: stm32_fmc_16bit:fmc_inst|FIR1:u_fir|FIR1_0002:fir1_inst|FIR1_0002_ast:FIR1_0002_ast_inst|FIR1_0002_rtl:hpfircore|dspba_delay:d_xIn_0_13 ;
+----------------+-------+-------------------------------------------------------------------------------------------------------------------------------------------------------------+
; Parameter Name ; Value ; Type                                                                                                                                                        ;
+----------------+-------+-------------------------------------------------------------------------------------------------------------------------------------------------------------+
; width          ; 12    ; Signed Integer                                                                                                                                              ;
; depth          ; 3     ; Signed Integer                                                                                                                                              ;
; reset_high     ; '1'   ; Enumerated                                                                                                                                                  ;
+----------------+-------+-------------------------------------------------------------------------------------------------------------------------------------------------------------+
Note: In order to hide this table in the UI and the text report file, please set the "Show Parameter Settings in Synthesis Report" option in "Analysis and Synthesis Settings -> More Settings" to "Off".


+------------------------------------------------------------------------------------------------------------------------------------------------------------------------------------------------------------+
; Parameter Settings for User Entity Instance: stm32_fmc_16bit:fmc_inst|FIR1:u_fir|FIR1_0002:fir1_inst|FIR1_0002_ast:FIR1_0002_ast_inst|FIR1_0002_rtl:hpfircore|dspba_delay:d_in0_m0_wi0_wo0_assign_sel_q_13 ;
+----------------+-------+-----------------------------------------------------------------------------------------------------------------------------------------------------------------------------------+
; Parameter Name ; Value ; Type                                                                                                                                                                              ;
+----------------+-------+-----------------------------------------------------------------------------------------------------------------------------------------------------------------------------------+
; width          ; 1     ; Signed Integer                                                                                                                                                                    ;
; depth          ; 3     ; Signed Integer                                                                                                                                                                    ;
; reset_high     ; '1'   ; Enumerated                                                                                                                                                                        ;
+----------------+-------+-----------------------------------------------------------------------------------------------------------------------------------------------------------------------------------+
Note: In order to hide this table in the UI and the text report file, please set the "Show Parameter Settings in Synthesis Report" option in "Analysis and Synthesis Settings -> More Settings" to "Off".


+-----------------------------------------------------------------------------------------------------------------------------------------------------------------------------------------------------+
; Parameter Settings for User Entity Instance: stm32_fmc_16bit:fmc_inst|FIR1:u_fir|FIR1_0002:fir1_inst|FIR1_0002_ast:FIR1_0002_ast_inst|FIR1_0002_rtl:hpfircore|altsyncram:u0_m0_wo0_wi0_delayr0_dmem ;
+------------------------------------+----------------------+-----------------------------------------------------------------------------------------------------------------------------------------+
; Parameter Name                     ; Value                ; Type                                                                                                                                    ;
+------------------------------------+----------------------+-----------------------------------------------------------------------------------------------------------------------------------------+
; BYTE_SIZE_BLOCK                    ; 8                    ; Untyped                                                                                                                                 ;
; AUTO_CARRY_CHAINS                  ; ON                   ; AUTO_CARRY                                                                                                                              ;
; IGNORE_CARRY_BUFFERS               ; OFF                  ; IGNORE_CARRY                                                                                                                            ;
; AUTO_CASCADE_CHAINS                ; ON                   ; AUTO_CASCADE                                                                                                                            ;
; IGNORE_CASCADE_BUFFERS             ; OFF                  ; IGNORE_CASCADE                                                                                                                          ;
; WIDTH_BYTEENA                      ; 1                    ; Untyped                                                                                                                                 ;
; OPERATION_MODE                     ; DUAL_PORT            ; Untyped                                                                                                                                 ;
; WIDTH_A                            ; 12                   ; Signed Integer                                                                                                                          ;
; WIDTHAD_A                          ; 3                    ; Signed Integer                                                                                                                          ;
; NUMWORDS_A                         ; 5                    ; Signed Integer                                                                                                                          ;
; OUTDATA_REG_A                      ; UNREGISTERED         ; Untyped                                                                                                                                 ;
; ADDRESS_ACLR_A                     ; NONE                 ; Untyped                                                                                                                                 ;
; OUTDATA_ACLR_A                     ; NONE                 ; Untyped                                                                                                                                 ;
; WRCONTROL_ACLR_A                   ; NONE                 ; Untyped                                                                                                                                 ;
; INDATA_ACLR_A                      ; NONE                 ; Untyped                                                                                                                                 ;
; BYTEENA_ACLR_A                     ; NONE                 ; Untyped                                                                                                                                 ;
; WIDTH_B                            ; 12                   ; Signed Integer                                                                                                                          ;
; WIDTHAD_B                          ; 3                    ; Signed Integer                                                                                                                          ;
; NUMWORDS_B                         ; 5                    ; Signed Integer                                                                                                                          ;
; INDATA_REG_B                       ; CLOCK0               ; Untyped                                                                                                                                 ;
; WRCONTROL_WRADDRESS_REG_B          ; CLOCK0               ; Untyped                                                                                                                                 ;
; RDCONTROL_REG_B                    ; CLOCK0               ; Untyped                                                                                                                                 ;
; ADDRESS_REG_B                      ; CLOCK0               ; Untyped                                                                                                                                 ;
; OUTDATA_REG_B                      ; CLOCK0               ; Untyped                                                                                                                                 ;
; BYTEENA_REG_B                      ; CLOCK0               ; Untyped                                                                                                                                 ;
; INDATA_ACLR_B                      ; NONE                 ; Untyped                                                                                                                                 ;
; WRCONTROL_ACLR_B                   ; NONE                 ; Untyped                                                                                                                                 ;
; ADDRESS_ACLR_B                     ; NONE                 ; Untyped                                                                                                                                 ;
; OUTDATA_ACLR_B                     ; CLEAR0               ; Untyped                                                                                                                                 ;
; RDCONTROL_ACLR_B                   ; NONE                 ; Untyped                                                                                                                                 ;
; BYTEENA_ACLR_B                     ; NONE                 ; Untyped                                                                                                                                 ;
; WIDTH_BYTEENA_A                    ; 1                    ; Signed Integer                                                                                                                          ;
; WIDTH_BYTEENA_B                    ; 1                    ; Signed Integer                                                                                                                          ;
; RAM_BLOCK_TYPE                     ; M9K                  ; Untyped                                                                                                                                 ;
; BYTE_SIZE                          ; 8                    ; Signed Integer                                                                                                                          ;
; READ_DURING_WRITE_MODE_MIXED_PORTS ; OLD_DATA             ; Untyped                                                                                                                                 ;
; READ_DURING_WRITE_MODE_PORT_A      ; NEW_DATA_NO_NBE_READ ; Untyped                                                                                                                                 ;
; READ_DURING_WRITE_MODE_PORT_B      ; NEW_DATA_NO_NBE_READ ; Untyped                                                                                                                                 ;
; INIT_FILE                          ; UNUSED               ; Untyped                                                                                                                                 ;
; INIT_FILE_LAYOUT                   ; PORT_A               ; Untyped                                                                                                                                 ;
; MAXIMUM_DEPTH                      ; 0                    ; Signed Integer                                                                                                                          ;
; CLOCK_ENABLE_INPUT_A               ; NORMAL               ; Untyped                                                                                                                                 ;
; CLOCK_ENABLE_INPUT_B               ; NORMAL               ; Untyped                                                                                                                                 ;
; CLOCK_ENABLE_OUTPUT_A              ; NORMAL               ; Untyped                                                                                                                                 ;
; CLOCK_ENABLE_OUTPUT_B              ; NORMAL               ; Untyped                                                                                                                                 ;
; CLOCK_ENABLE_CORE_A                ; USE_INPUT_CLKEN      ; Untyped                                                                                                                                 ;
; CLOCK_ENABLE_CORE_B                ; USE_INPUT_CLKEN      ; Untyped                                                                                                                                 ;
; ENABLE_ECC                         ; FALSE                ; Untyped                                                                                                                                 ;
; ECC_PIPELINE_STAGE_ENABLED         ; FALSE                ; Untyped                                                                                                                                 ;
; WIDTH_ECCSTATUS                    ; 3                    ; Signed Integer                                                                                                                          ;
; DEVICE_FAMILY                      ; Cyclone IV E         ; Untyped                                                                                                                                 ;
; CBXI_PARAMETER                     ; altsyncram_a2o3      ; Untyped                                                                                                                                 ;
+------------------------------------+----------------------+-----------------------------------------------------------------------------------------------------------------------------------------+
Note: In order to hide this table in the UI and the text report file, please set the "Show Parameter Settings in Synthesis Report" option in "Analysis and Synthesis Settings -> More Settings" to "Off".


+-----------------------------------------------------------------------------------------------------------------------------------------------------------------------------------------------------+
; Parameter Settings for User Entity Instance: stm32_fmc_16bit:fmc_inst|FIR1:u_fir|FIR1_0002:fir1_inst|FIR1_0002_ast:FIR1_0002_ast_inst|FIR1_0002_rtl:hpfircore|altsyncram:u0_m0_wo0_wi0_delayr1_dmem ;
+------------------------------------+----------------------+-----------------------------------------------------------------------------------------------------------------------------------------+
; Parameter Name                     ; Value                ; Type                                                                                                                                    ;
+------------------------------------+----------------------+-----------------------------------------------------------------------------------------------------------------------------------------+
; BYTE_SIZE_BLOCK                    ; 8                    ; Untyped                                                                                                                                 ;
; AUTO_CARRY_CHAINS                  ; ON                   ; AUTO_CARRY                                                                                                                              ;
; IGNORE_CARRY_BUFFERS               ; OFF                  ; IGNORE_CARRY                                                                                                                            ;
; AUTO_CASCADE_CHAINS                ; ON                   ; AUTO_CASCADE                                                                                                                            ;
; IGNORE_CASCADE_BUFFERS             ; OFF                  ; IGNORE_CASCADE                                                                                                                          ;
; WIDTH_BYTEENA                      ; 1                    ; Untyped                                                                                                                                 ;
; OPERATION_MODE                     ; DUAL_PORT            ; Untyped                                                                                                                                 ;
; WIDTH_A                            ; 36                   ; Signed Integer                                                                                                                          ;
; WIDTHAD_A                          ; 3                    ; Signed Integer                                                                                                                          ;
; NUMWORDS_A                         ; 5                    ; Signed Integer                                                                                                                          ;
; OUTDATA_REG_A                      ; UNREGISTERED         ; Untyped                                                                                                                                 ;
; ADDRESS_ACLR_A                     ; NONE                 ; Untyped                                                                                                                                 ;
; OUTDATA_ACLR_A                     ; NONE                 ; Untyped                                                                                                                                 ;
; WRCONTROL_ACLR_A                   ; NONE                 ; Untyped                                                                                                                                 ;
; INDATA_ACLR_A                      ; NONE                 ; Untyped                                                                                                                                 ;
; BYTEENA_ACLR_A                     ; NONE                 ; Untyped                                                                                                                                 ;
; WIDTH_B                            ; 36                   ; Signed Integer                                                                                                                          ;
; WIDTHAD_B                          ; 3                    ; Signed Integer                                                                                                                          ;
; NUMWORDS_B                         ; 5                    ; Signed Integer                                                                                                                          ;
; INDATA_REG_B                       ; CLOCK0               ; Untyped                                                                                                                                 ;
; WRCONTROL_WRADDRESS_REG_B          ; CLOCK0               ; Untyped                                                                                                                                 ;
; RDCONTROL_REG_B                    ; CLOCK0               ; Untyped                                                                                                                                 ;
; ADDRESS_REG_B                      ; CLOCK0               ; Untyped                                                                                                                                 ;
; OUTDATA_REG_B                      ; CLOCK0               ; Untyped                                                                                                                                 ;
; BYTEENA_REG_B                      ; CLOCK0               ; Untyped                                                                                                                                 ;
; INDATA_ACLR_B                      ; NONE                 ; Untyped                                                                                                                                 ;
; WRCONTROL_ACLR_B                   ; NONE                 ; Untyped                                                                                                                                 ;
; ADDRESS_ACLR_B                     ; NONE                 ; Untyped                                                                                                                                 ;
; OUTDATA_ACLR_B                     ; CLEAR0               ; Untyped                                                                                                                                 ;
; RDCONTROL_ACLR_B                   ; NONE                 ; Untyped                                                                                                                                 ;
; BYTEENA_ACLR_B                     ; NONE                 ; Untyped                                                                                                                                 ;
; WIDTH_BYTEENA_A                    ; 1                    ; Signed Integer                                                                                                                          ;
; WIDTH_BYTEENA_B                    ; 1                    ; Signed Integer                                                                                                                          ;
; RAM_BLOCK_TYPE                     ; M9K                  ; Untyped                                                                                                                                 ;
; BYTE_SIZE                          ; 8                    ; Signed Integer                                                                                                                          ;
; READ_DURING_WRITE_MODE_MIXED_PORTS ; OLD_DATA             ; Untyped                                                                                                                                 ;
; READ_DURING_WRITE_MODE_PORT_A      ; NEW_DATA_NO_NBE_READ ; Untyped                                                                                                                                 ;
; READ_DURING_WRITE_MODE_PORT_B      ; NEW_DATA_NO_NBE_READ ; Untyped                                                                                                                                 ;
; INIT_FILE                          ; UNUSED               ; Untyped                                                                                                                                 ;
; INIT_FILE_LAYOUT                   ; PORT_A               ; Untyped                                                                                                                                 ;
; MAXIMUM_DEPTH                      ; 0                    ; Signed Integer                                                                                                                          ;
; CLOCK_ENABLE_INPUT_A               ; NORMAL               ; Untyped                                                                                                                                 ;
; CLOCK_ENABLE_INPUT_B               ; NORMAL               ; Untyped                                                                                                                                 ;
; CLOCK_ENABLE_OUTPUT_A              ; NORMAL               ; Untyped                                                                                                                                 ;
; CLOCK_ENABLE_OUTPUT_B              ; NORMAL               ; Untyped                                                                                                                                 ;
; CLOCK_ENABLE_CORE_A                ; USE_INPUT_CLKEN      ; Untyped                                                                                                                                 ;
; CLOCK_ENABLE_CORE_B                ; USE_INPUT_CLKEN      ; Untyped                                                                                                                                 ;
; ENABLE_ECC                         ; FALSE                ; Untyped                                                                                                                                 ;
; ECC_PIPELINE_STAGE_ENABLED         ; FALSE                ; Untyped                                                                                                                                 ;
; WIDTH_ECCSTATUS                    ; 3                    ; Signed Integer                                                                                                                          ;
; DEVICE_FAMILY                      ; Cyclone IV E         ; Untyped                                                                                                                                 ;
; CBXI_PARAMETER                     ; altsyncram_m2o3      ; Untyped                                                                                                                                 ;
+------------------------------------+----------------------+-----------------------------------------------------------------------------------------------------------------------------------------+
Note: In order to hide this table in the UI and the text report file, please set the "Show Parameter Settings in Synthesis Report" option in "Analysis and Synthesis Settings -> More Settings" to "Off".


+-----------------------------------------------------------------------------------------------------------------------------------------------------------------------------------------------------+
; Parameter Settings for User Entity Instance: stm32_fmc_16bit:fmc_inst|FIR1:u_fir|FIR1_0002:fir1_inst|FIR1_0002_ast:FIR1_0002_ast_inst|FIR1_0002_rtl:hpfircore|altsyncram:u0_m0_wo0_wi0_delayr4_dmem ;
+------------------------------------+----------------------+-----------------------------------------------------------------------------------------------------------------------------------------+
; Parameter Name                     ; Value                ; Type                                                                                                                                    ;
+------------------------------------+----------------------+-----------------------------------------------------------------------------------------------------------------------------------------+
; BYTE_SIZE_BLOCK                    ; 8                    ; Untyped                                                                                                                                 ;
; AUTO_CARRY_CHAINS                  ; ON                   ; AUTO_CARRY                                                                                                                              ;
; IGNORE_CARRY_BUFFERS               ; OFF                  ; IGNORE_CARRY                                                                                                                            ;
; AUTO_CASCADE_CHAINS                ; ON                   ; AUTO_CASCADE                                                                                                                            ;
; IGNORE_CASCADE_BUFFERS             ; OFF                  ; IGNORE_CASCADE                                                                                                                          ;
; WIDTH_BYTEENA                      ; 1                    ; Untyped                                                                                                                                 ;
; OPERATION_MODE                     ; DUAL_PORT            ; Untyped                                                                                                                                 ;
; WIDTH_A                            ; 36                   ; Signed Integer                                                                                                                          ;
; WIDTHAD_A                          ; 3                    ; Signed Integer                                                                                                                          ;
; NUMWORDS_A                         ; 5                    ; Signed Integer                                                                                                                          ;
; OUTDATA_REG_A                      ; UNREGISTERED         ; Untyped                                                                                                                                 ;
; ADDRESS_ACLR_A                     ; NONE                 ; Untyped                                                                                                                                 ;
; OUTDATA_ACLR_A                     ; NONE                 ; Untyped                                                                                                                                 ;
; WRCONTROL_ACLR_A                   ; NONE                 ; Untyped                                                                                                                                 ;
; INDATA_ACLR_A                      ; NONE                 ; Untyped                                                                                                                                 ;
; BYTEENA_ACLR_A                     ; NONE                 ; Untyped                                                                                                                                 ;
; WIDTH_B                            ; 36                   ; Signed Integer                                                                                                                          ;
; WIDTHAD_B                          ; 3                    ; Signed Integer                                                                                                                          ;
; NUMWORDS_B                         ; 5                    ; Signed Integer                                                                                                                          ;
; INDATA_REG_B                       ; CLOCK0               ; Untyped                                                                                                                                 ;
; WRCONTROL_WRADDRESS_REG_B          ; CLOCK0               ; Untyped                                                                                                                                 ;
; RDCONTROL_REG_B                    ; CLOCK0               ; Untyped                                                                                                                                 ;
; ADDRESS_REG_B                      ; CLOCK0               ; Untyped                                                                                                                                 ;
; OUTDATA_REG_B                      ; CLOCK0               ; Untyped                                                                                                                                 ;
; BYTEENA_REG_B                      ; CLOCK0               ; Untyped                                                                                                                                 ;
; INDATA_ACLR_B                      ; NONE                 ; Untyped                                                                                                                                 ;
; WRCONTROL_ACLR_B                   ; NONE                 ; Untyped                                                                                                                                 ;
; ADDRESS_ACLR_B                     ; NONE                 ; Untyped                                                                                                                                 ;
; OUTDATA_ACLR_B                     ; CLEAR0               ; Untyped                                                                                                                                 ;
; RDCONTROL_ACLR_B                   ; NONE                 ; Untyped                                                                                                                                 ;
; BYTEENA_ACLR_B                     ; NONE                 ; Untyped                                                                                                                                 ;
; WIDTH_BYTEENA_A                    ; 1                    ; Signed Integer                                                                                                                          ;
; WIDTH_BYTEENA_B                    ; 1                    ; Signed Integer                                                                                                                          ;
; RAM_BLOCK_TYPE                     ; M9K                  ; Untyped                                                                                                                                 ;
; BYTE_SIZE                          ; 8                    ; Signed Integer                                                                                                                          ;
; READ_DURING_WRITE_MODE_MIXED_PORTS ; OLD_DATA             ; Untyped                                                                                                                                 ;
; READ_DURING_WRITE_MODE_PORT_A      ; NEW_DATA_NO_NBE_READ ; Untyped                                                                                                                                 ;
; READ_DURING_WRITE_MODE_PORT_B      ; NEW_DATA_NO_NBE_READ ; Untyped                                                                                                                                 ;
; INIT_FILE                          ; UNUSED               ; Untyped                                                                                                                                 ;
; INIT_FILE_LAYOUT                   ; PORT_A               ; Untyped                                                                                                                                 ;
; MAXIMUM_DEPTH                      ; 0                    ; Signed Integer                                                                                                                          ;
; CLOCK_ENABLE_INPUT_A               ; NORMAL               ; Untyped                                                                                                                                 ;
; CLOCK_ENABLE_INPUT_B               ; NORMAL               ; Untyped                                                                                                                                 ;
; CLOCK_ENABLE_OUTPUT_A              ; NORMAL               ; Untyped                                                                                                                                 ;
; CLOCK_ENABLE_OUTPUT_B              ; NORMAL               ; Untyped                                                                                                                                 ;
; CLOCK_ENABLE_CORE_A                ; USE_INPUT_CLKEN      ; Untyped                                                                                                                                 ;
; CLOCK_ENABLE_CORE_B                ; USE_INPUT_CLKEN      ; Untyped                                                                                                                                 ;
; ENABLE_ECC                         ; FALSE                ; Untyped                                                                                                                                 ;
; ECC_PIPELINE_STAGE_ENABLED         ; FALSE                ; Untyped                                                                                                                                 ;
; WIDTH_ECCSTATUS                    ; 3                    ; Signed Integer                                                                                                                          ;
; DEVICE_FAMILY                      ; Cyclone IV E         ; Untyped                                                                                                                                 ;
; CBXI_PARAMETER                     ; altsyncram_m2o3      ; Untyped                                                                                                                                 ;
+------------------------------------+----------------------+-----------------------------------------------------------------------------------------------------------------------------------------+
Note: In order to hide this table in the UI and the text report file, please set the "Show Parameter Settings in Synthesis Report" option in "Analysis and Synthesis Settings -> More Settings" to "Off".


+-----------------------------------------------------------------------------------------------------------------------------------------------------------------------------------------------------+
; Parameter Settings for User Entity Instance: stm32_fmc_16bit:fmc_inst|FIR1:u_fir|FIR1_0002:fir1_inst|FIR1_0002_ast:FIR1_0002_ast_inst|FIR1_0002_rtl:hpfircore|altsyncram:u0_m0_wo0_wi0_delayr7_dmem ;
+------------------------------------+----------------------+-----------------------------------------------------------------------------------------------------------------------------------------+
; Parameter Name                     ; Value                ; Type                                                                                                                                    ;
+------------------------------------+----------------------+-----------------------------------------------------------------------------------------------------------------------------------------+
; BYTE_SIZE_BLOCK                    ; 8                    ; Untyped                                                                                                                                 ;
; AUTO_CARRY_CHAINS                  ; ON                   ; AUTO_CARRY                                                                                                                              ;
; IGNORE_CARRY_BUFFERS               ; OFF                  ; IGNORE_CARRY                                                                                                                            ;
; AUTO_CASCADE_CHAINS                ; ON                   ; AUTO_CASCADE                                                                                                                            ;
; IGNORE_CASCADE_BUFFERS             ; OFF                  ; IGNORE_CASCADE                                                                                                                          ;
; WIDTH_BYTEENA                      ; 1                    ; Untyped                                                                                                                                 ;
; OPERATION_MODE                     ; DUAL_PORT            ; Untyped                                                                                                                                 ;
; WIDTH_A                            ; 36                   ; Signed Integer                                                                                                                          ;
; WIDTHAD_A                          ; 3                    ; Signed Integer                                                                                                                          ;
; NUMWORDS_A                         ; 5                    ; Signed Integer                                                                                                                          ;
; OUTDATA_REG_A                      ; UNREGISTERED         ; Untyped                                                                                                                                 ;
; ADDRESS_ACLR_A                     ; NONE                 ; Untyped                                                                                                                                 ;
; OUTDATA_ACLR_A                     ; NONE                 ; Untyped                                                                                                                                 ;
; WRCONTROL_ACLR_A                   ; NONE                 ; Untyped                                                                                                                                 ;
; INDATA_ACLR_A                      ; NONE                 ; Untyped                                                                                                                                 ;
; BYTEENA_ACLR_A                     ; NONE                 ; Untyped                                                                                                                                 ;
; WIDTH_B                            ; 36                   ; Signed Integer                                                                                                                          ;
; WIDTHAD_B                          ; 3                    ; Signed Integer                                                                                                                          ;
; NUMWORDS_B                         ; 5                    ; Signed Integer                                                                                                                          ;
; INDATA_REG_B                       ; CLOCK0               ; Untyped                                                                                                                                 ;
; WRCONTROL_WRADDRESS_REG_B          ; CLOCK0               ; Untyped                                                                                                                                 ;
; RDCONTROL_REG_B                    ; CLOCK0               ; Untyped                                                                                                                                 ;
; ADDRESS_REG_B                      ; CLOCK0               ; Untyped                                                                                                                                 ;
; OUTDATA_REG_B                      ; CLOCK0               ; Untyped                                                                                                                                 ;
; BYTEENA_REG_B                      ; CLOCK0               ; Untyped                                                                                                                                 ;
; INDATA_ACLR_B                      ; NONE                 ; Untyped                                                                                                                                 ;
; WRCONTROL_ACLR_B                   ; NONE                 ; Untyped                                                                                                                                 ;
; ADDRESS_ACLR_B                     ; NONE                 ; Untyped                                                                                                                                 ;
; OUTDATA_ACLR_B                     ; CLEAR0               ; Untyped                                                                                                                                 ;
; RDCONTROL_ACLR_B                   ; NONE                 ; Untyped                                                                                                                                 ;
; BYTEENA_ACLR_B                     ; NONE                 ; Untyped                                                                                                                                 ;
; WIDTH_BYTEENA_A                    ; 1                    ; Signed Integer                                                                                                                          ;
; WIDTH_BYTEENA_B                    ; 1                    ; Signed Integer                                                                                                                          ;
; RAM_BLOCK_TYPE                     ; M9K                  ; Untyped                                                                                                                                 ;
; BYTE_SIZE                          ; 8                    ; Signed Integer                                                                                                                          ;
; READ_DURING_WRITE_MODE_MIXED_PORTS ; OLD_DATA             ; Untyped                                                                                                                                 ;
; READ_DURING_WRITE_MODE_PORT_A      ; NEW_DATA_NO_NBE_READ ; Untyped                                                                                                                                 ;
; READ_DURING_WRITE_MODE_PORT_B      ; NEW_DATA_NO_NBE_READ ; Untyped                                                                                                                                 ;
; INIT_FILE                          ; UNUSED               ; Untyped                                                                                                                                 ;
; INIT_FILE_LAYOUT                   ; PORT_A               ; Untyped                                                                                                                                 ;
; MAXIMUM_DEPTH                      ; 0                    ; Signed Integer                                                                                                                          ;
; CLOCK_ENABLE_INPUT_A               ; NORMAL               ; Untyped                                                                                                                                 ;
; CLOCK_ENABLE_INPUT_B               ; NORMAL               ; Untyped                                                                                                                                 ;
; CLOCK_ENABLE_OUTPUT_A              ; NORMAL               ; Untyped                                                                                                                                 ;
; CLOCK_ENABLE_OUTPUT_B              ; NORMAL               ; Untyped                                                                                                                                 ;
; CLOCK_ENABLE_CORE_A                ; USE_INPUT_CLKEN      ; Untyped                                                                                                                                 ;
; CLOCK_ENABLE_CORE_B                ; USE_INPUT_CLKEN      ; Untyped                                                                                                                                 ;
; ENABLE_ECC                         ; FALSE                ; Untyped                                                                                                                                 ;
; ECC_PIPELINE_STAGE_ENABLED         ; FALSE                ; Untyped                                                                                                                                 ;
; WIDTH_ECCSTATUS                    ; 3                    ; Signed Integer                                                                                                                          ;
; DEVICE_FAMILY                      ; Cyclone IV E         ; Untyped                                                                                                                                 ;
; CBXI_PARAMETER                     ; altsyncram_m2o3      ; Untyped                                                                                                                                 ;
+------------------------------------+----------------------+-----------------------------------------------------------------------------------------------------------------------------------------+
Note: In order to hide this table in the UI and the text report file, please set the "Show Parameter Settings in Synthesis Report" option in "Analysis and Synthesis Settings -> More Settings" to "Off".


+------------------------------------------------------------------------------------------------------------------------------------------------------------------------------------------------------+
; Parameter Settings for User Entity Instance: stm32_fmc_16bit:fmc_inst|FIR1:u_fir|FIR1_0002:fir1_inst|FIR1_0002_ast:FIR1_0002_ast_inst|FIR1_0002_rtl:hpfircore|altsyncram:u0_m0_wo0_wi0_delayr10_dmem ;
+------------------------------------+----------------------+------------------------------------------------------------------------------------------------------------------------------------------+
; Parameter Name                     ; Value                ; Type                                                                                                                                     ;
+------------------------------------+----------------------+------------------------------------------------------------------------------------------------------------------------------------------+
; BYTE_SIZE_BLOCK                    ; 8                    ; Untyped                                                                                                                                  ;
; AUTO_CARRY_CHAINS                  ; ON                   ; AUTO_CARRY                                                                                                                               ;
; IGNORE_CARRY_BUFFERS               ; OFF                  ; IGNORE_CARRY                                                                                                                             ;
; AUTO_CASCADE_CHAINS                ; ON                   ; AUTO_CASCADE                                                                                                                             ;
; IGNORE_CASCADE_BUFFERS             ; OFF                  ; IGNORE_CASCADE                                                                                                                           ;
; WIDTH_BYTEENA                      ; 1                    ; Untyped                                                                                                                                  ;
; OPERATION_MODE                     ; DUAL_PORT            ; Untyped                                                                                                                                  ;
; WIDTH_A                            ; 36                   ; Signed Integer                                                                                                                           ;
; WIDTHAD_A                          ; 3                    ; Signed Integer                                                                                                                           ;
; NUMWORDS_A                         ; 5                    ; Signed Integer                                                                                                                           ;
; OUTDATA_REG_A                      ; UNREGISTERED         ; Untyped                                                                                                                                  ;
; ADDRESS_ACLR_A                     ; NONE                 ; Untyped                                                                                                                                  ;
; OUTDATA_ACLR_A                     ; NONE                 ; Untyped                                                                                                                                  ;
; WRCONTROL_ACLR_A                   ; NONE                 ; Untyped                                                                                                                                  ;
; INDATA_ACLR_A                      ; NONE                 ; Untyped                                                                                                                                  ;
; BYTEENA_ACLR_A                     ; NONE                 ; Untyped                                                                                                                                  ;
; WIDTH_B                            ; 36                   ; Signed Integer                                                                                                                           ;
; WIDTHAD_B                          ; 3                    ; Signed Integer                                                                                                                           ;
; NUMWORDS_B                         ; 5                    ; Signed Integer                                                                                                                           ;
; INDATA_REG_B                       ; CLOCK0               ; Untyped                                                                                                                                  ;
; WRCONTROL_WRADDRESS_REG_B          ; CLOCK0               ; Untyped                                                                                                                                  ;
; RDCONTROL_REG_B                    ; CLOCK0               ; Untyped                                                                                                                                  ;
; ADDRESS_REG_B                      ; CLOCK0               ; Untyped                                                                                                                                  ;
; OUTDATA_REG_B                      ; CLOCK0               ; Untyped                                                                                                                                  ;
; BYTEENA_REG_B                      ; CLOCK0               ; Untyped                                                                                                                                  ;
; INDATA_ACLR_B                      ; NONE                 ; Untyped                                                                                                                                  ;
; WRCONTROL_ACLR_B                   ; NONE                 ; Untyped                                                                                                                                  ;
; ADDRESS_ACLR_B                     ; NONE                 ; Untyped                                                                                                                                  ;
; OUTDATA_ACLR_B                     ; CLEAR0               ; Untyped                                                                                                                                  ;
; RDCONTROL_ACLR_B                   ; NONE                 ; Untyped                                                                                                                                  ;
; BYTEENA_ACLR_B                     ; NONE                 ; Untyped                                                                                                                                  ;
; WIDTH_BYTEENA_A                    ; 1                    ; Signed Integer                                                                                                                           ;
; WIDTH_BYTEENA_B                    ; 1                    ; Signed Integer                                                                                                                           ;
; RAM_BLOCK_TYPE                     ; M9K                  ; Untyped                                                                                                                                  ;
; BYTE_SIZE                          ; 8                    ; Signed Integer                                                                                                                           ;
; READ_DURING_WRITE_MODE_MIXED_PORTS ; OLD_DATA             ; Untyped                                                                                                                                  ;
; READ_DURING_WRITE_MODE_PORT_A      ; NEW_DATA_NO_NBE_READ ; Untyped                                                                                                                                  ;
; READ_DURING_WRITE_MODE_PORT_B      ; NEW_DATA_NO_NBE_READ ; Untyped                                                                                                                                  ;
; INIT_FILE                          ; UNUSED               ; Untyped                                                                                                                                  ;
; INIT_FILE_LAYOUT                   ; PORT_A               ; Untyped                                                                                                                                  ;
; MAXIMUM_DEPTH                      ; 0                    ; Signed Integer                                                                                                                           ;
; CLOCK_ENABLE_INPUT_A               ; NORMAL               ; Untyped                                                                                                                                  ;
; CLOCK_ENABLE_INPUT_B               ; NORMAL               ; Untyped                                                                                                                                  ;
; CLOCK_ENABLE_OUTPUT_A              ; NORMAL               ; Untyped                                                                                                                                  ;
; CLOCK_ENABLE_OUTPUT_B              ; NORMAL               ; Untyped                                                                                                                                  ;
; CLOCK_ENABLE_CORE_A                ; USE_INPUT_CLKEN      ; Untyped                                                                                                                                  ;
; CLOCK_ENABLE_CORE_B                ; USE_INPUT_CLKEN      ; Untyped                                                                                                                                  ;
; ENABLE_ECC                         ; FALSE                ; Untyped                                                                                                                                  ;
; ECC_PIPELINE_STAGE_ENABLED         ; FALSE                ; Untyped                                                                                                                                  ;
; WIDTH_ECCSTATUS                    ; 3                    ; Signed Integer                                                                                                                           ;
; DEVICE_FAMILY                      ; Cyclone IV E         ; Untyped                                                                                                                                  ;
; CBXI_PARAMETER                     ; altsyncram_m2o3      ; Untyped                                                                                                                                  ;
+------------------------------------+----------------------+------------------------------------------------------------------------------------------------------------------------------------------+
Note: In order to hide this table in the UI and the text report file, please set the "Show Parameter Settings in Synthesis Report" option in "Analysis and Synthesis Settings -> More Settings" to "Off".


+------------------------------------------------------------------------------------------------------------------------------------------------------------------------------------------------------+
; Parameter Settings for User Entity Instance: stm32_fmc_16bit:fmc_inst|FIR1:u_fir|FIR1_0002:fir1_inst|FIR1_0002_ast:FIR1_0002_ast_inst|FIR1_0002_rtl:hpfircore|altsyncram:u0_m0_wo0_wi0_delayr14_dmem ;
+------------------------------------+----------------------+------------------------------------------------------------------------------------------------------------------------------------------+
; Parameter Name                     ; Value                ; Type                                                                                                                                     ;
+------------------------------------+----------------------+------------------------------------------------------------------------------------------------------------------------------------------+
; BYTE_SIZE_BLOCK                    ; 8                    ; Untyped                                                                                                                                  ;
; AUTO_CARRY_CHAINS                  ; ON                   ; AUTO_CARRY                                                                                                                               ;
; IGNORE_CARRY_BUFFERS               ; OFF                  ; IGNORE_CARRY                                                                                                                             ;
; AUTO_CASCADE_CHAINS                ; ON                   ; AUTO_CASCADE                                                                                                                             ;
; IGNORE_CASCADE_BUFFERS             ; OFF                  ; IGNORE_CASCADE                                                                                                                           ;
; WIDTH_BYTEENA                      ; 1                    ; Untyped                                                                                                                                  ;
; OPERATION_MODE                     ; DUAL_PORT            ; Untyped                                                                                                                                  ;
; WIDTH_A                            ; 12                   ; Signed Integer                                                                                                                           ;
; WIDTHAD_A                          ; 3                    ; Signed Integer                                                                                                                           ;
; NUMWORDS_A                         ; 8                    ; Signed Integer                                                                                                                           ;
; OUTDATA_REG_A                      ; UNREGISTERED         ; Untyped                                                                                                                                  ;
; ADDRESS_ACLR_A                     ; NONE                 ; Untyped                                                                                                                                  ;
; OUTDATA_ACLR_A                     ; NONE                 ; Untyped                                                                                                                                  ;
; WRCONTROL_ACLR_A                   ; NONE                 ; Untyped                                                                                                                                  ;
; INDATA_ACLR_A                      ; NONE                 ; Untyped                                                                                                                                  ;
; BYTEENA_ACLR_A                     ; NONE                 ; Untyped                                                                                                                                  ;
; WIDTH_B                            ; 12                   ; Signed Integer                                                                                                                           ;
; WIDTHAD_B                          ; 3                    ; Signed Integer                                                                                                                           ;
; NUMWORDS_B                         ; 8                    ; Signed Integer                                                                                                                           ;
; INDATA_REG_B                       ; CLOCK0               ; Untyped                                                                                                                                  ;
; WRCONTROL_WRADDRESS_REG_B          ; CLOCK0               ; Untyped                                                                                                                                  ;
; RDCONTROL_REG_B                    ; CLOCK0               ; Untyped                                                                                                                                  ;
; ADDRESS_REG_B                      ; CLOCK0               ; Untyped                                                                                                                                  ;
; OUTDATA_REG_B                      ; CLOCK0               ; Untyped                                                                                                                                  ;
; BYTEENA_REG_B                      ; CLOCK0               ; Untyped                                                                                                                                  ;
; INDATA_ACLR_B                      ; NONE                 ; Untyped                                                                                                                                  ;
; WRCONTROL_ACLR_B                   ; NONE                 ; Untyped                                                                                                                                  ;
; ADDRESS_ACLR_B                     ; NONE                 ; Untyped                                                                                                                                  ;
; OUTDATA_ACLR_B                     ; CLEAR0               ; Untyped                                                                                                                                  ;
; RDCONTROL_ACLR_B                   ; NONE                 ; Untyped                                                                                                                                  ;
; BYTEENA_ACLR_B                     ; NONE                 ; Untyped                                                                                                                                  ;
; WIDTH_BYTEENA_A                    ; 1                    ; Signed Integer                                                                                                                           ;
; WIDTH_BYTEENA_B                    ; 1                    ; Signed Integer                                                                                                                           ;
; RAM_BLOCK_TYPE                     ; M9K                  ; Untyped                                                                                                                                  ;
; BYTE_SIZE                          ; 8                    ; Signed Integer                                                                                                                           ;
; READ_DURING_WRITE_MODE_MIXED_PORTS ; OLD_DATA             ; Untyped                                                                                                                                  ;
; READ_DURING_WRITE_MODE_PORT_A      ; NEW_DATA_NO_NBE_READ ; Untyped                                                                                                                                  ;
; READ_DURING_WRITE_MODE_PORT_B      ; NEW_DATA_NO_NBE_READ ; Untyped                                                                                                                                  ;
; INIT_FILE                          ; UNUSED               ; Untyped                                                                                                                                  ;
; INIT_FILE_LAYOUT                   ; PORT_A               ; Untyped                                                                                                                                  ;
; MAXIMUM_DEPTH                      ; 0                    ; Signed Integer                                                                                                                           ;
; CLOCK_ENABLE_INPUT_A               ; NORMAL               ; Untyped                                                                                                                                  ;
; CLOCK_ENABLE_INPUT_B               ; NORMAL               ; Untyped                                                                                                                                  ;
; CLOCK_ENABLE_OUTPUT_A              ; NORMAL               ; Untyped                                                                                                                                  ;
; CLOCK_ENABLE_OUTPUT_B              ; NORMAL               ; Untyped                                                                                                                                  ;
; CLOCK_ENABLE_CORE_A                ; USE_INPUT_CLKEN      ; Untyped                                                                                                                                  ;
; CLOCK_ENABLE_CORE_B                ; USE_INPUT_CLKEN      ; Untyped                                                                                                                                  ;
; ENABLE_ECC                         ; FALSE                ; Untyped                                                                                                                                  ;
; ECC_PIPELINE_STAGE_ENABLED         ; FALSE                ; Untyped                                                                                                                                  ;
; WIDTH_ECCSTATUS                    ; 3                    ; Signed Integer                                                                                                                           ;
; DEVICE_FAMILY                      ; Cyclone IV E         ; Untyped                                                                                                                                  ;
; CBXI_PARAMETER                     ; altsyncram_g2o3      ; Untyped                                                                                                                                  ;
+------------------------------------+----------------------+------------------------------------------------------------------------------------------------------------------------------------------+
Note: In order to hide this table in the UI and the text report file, please set the "Show Parameter Settings in Synthesis Report" option in "Analysis and Synthesis Settings -> More Settings" to "Off".


+------------------------------------------------------------------------------------------------------------------------------------------------------------------------------------------------------+
; Parameter Settings for User Entity Instance: stm32_fmc_16bit:fmc_inst|FIR1:u_fir|FIR1_0002:fir1_inst|FIR1_0002_ast:FIR1_0002_ast_inst|FIR1_0002_rtl:hpfircore|altsyncram:u0_m0_wo0_wi0_delayr15_dmem ;
+------------------------------------+----------------------+------------------------------------------------------------------------------------------------------------------------------------------+
; Parameter Name                     ; Value                ; Type                                                                                                                                     ;
+------------------------------------+----------------------+------------------------------------------------------------------------------------------------------------------------------------------+
; BYTE_SIZE_BLOCK                    ; 8                    ; Untyped                                                                                                                                  ;
; AUTO_CARRY_CHAINS                  ; ON                   ; AUTO_CARRY                                                                                                                               ;
; IGNORE_CARRY_BUFFERS               ; OFF                  ; IGNORE_CARRY                                                                                                                             ;
; AUTO_CASCADE_CHAINS                ; ON                   ; AUTO_CASCADE                                                                                                                             ;
; IGNORE_CASCADE_BUFFERS             ; OFF                  ; IGNORE_CASCADE                                                                                                                           ;
; WIDTH_BYTEENA                      ; 1                    ; Untyped                                                                                                                                  ;
; OPERATION_MODE                     ; DUAL_PORT            ; Untyped                                                                                                                                  ;
; WIDTH_A                            ; 36                   ; Signed Integer                                                                                                                           ;
; WIDTHAD_A                          ; 3                    ; Signed Integer                                                                                                                           ;
; NUMWORDS_A                         ; 8                    ; Signed Integer                                                                                                                           ;
; OUTDATA_REG_A                      ; UNREGISTERED         ; Untyped                                                                                                                                  ;
; ADDRESS_ACLR_A                     ; NONE                 ; Untyped                                                                                                                                  ;
; OUTDATA_ACLR_A                     ; NONE                 ; Untyped                                                                                                                                  ;
; WRCONTROL_ACLR_A                   ; NONE                 ; Untyped                                                                                                                                  ;
; INDATA_ACLR_A                      ; NONE                 ; Untyped                                                                                                                                  ;
; BYTEENA_ACLR_A                     ; NONE                 ; Untyped                                                                                                                                  ;
; WIDTH_B                            ; 36                   ; Signed Integer                                                                                                                           ;
; WIDTHAD_B                          ; 3                    ; Signed Integer                                                                                                                           ;
; NUMWORDS_B                         ; 8                    ; Signed Integer                                                                                                                           ;
; INDATA_REG_B                       ; CLOCK0               ; Untyped                                                                                                                                  ;
; WRCONTROL_WRADDRESS_REG_B          ; CLOCK0               ; Untyped                                                                                                                                  ;
; RDCONTROL_REG_B                    ; CLOCK0               ; Untyped                                                                                                                                  ;
; ADDRESS_REG_B                      ; CLOCK0               ; Untyped                                                                                                                                  ;
; OUTDATA_REG_B                      ; CLOCK0               ; Untyped                                                                                                                                  ;
; BYTEENA_REG_B                      ; CLOCK0               ; Untyped                                                                                                                                  ;
; INDATA_ACLR_B                      ; NONE                 ; Untyped                                                                                                                                  ;
; WRCONTROL_ACLR_B                   ; NONE                 ; Untyped                                                                                                                                  ;
; ADDRESS_ACLR_B                     ; NONE                 ; Untyped                                                                                                                                  ;
; OUTDATA_ACLR_B                     ; CLEAR0               ; Untyped                                                                                                                                  ;
; RDCONTROL_ACLR_B                   ; NONE                 ; Untyped                                                                                                                                  ;
; BYTEENA_ACLR_B                     ; NONE                 ; Untyped                                                                                                                                  ;
; WIDTH_BYTEENA_A                    ; 1                    ; Signed Integer                                                                                                                           ;
; WIDTH_BYTEENA_B                    ; 1                    ; Signed Integer                                                                                                                           ;
; RAM_BLOCK_TYPE                     ; M9K                  ; Untyped                                                                                                                                  ;
; BYTE_SIZE                          ; 8                    ; Signed Integer                                                                                                                           ;
; READ_DURING_WRITE_MODE_MIXED_PORTS ; OLD_DATA             ; Untyped                                                                                                                                  ;
; READ_DURING_WRITE_MODE_PORT_A      ; NEW_DATA_NO_NBE_READ ; Untyped                                                                                                                                  ;
; READ_DURING_WRITE_MODE_PORT_B      ; NEW_DATA_NO_NBE_READ ; Untyped                                                                                                                                  ;
; INIT_FILE                          ; UNUSED               ; Untyped                                                                                                                                  ;
; INIT_FILE_LAYOUT                   ; PORT_A               ; Untyped                                                                                                                                  ;
; MAXIMUM_DEPTH                      ; 0                    ; Signed Integer                                                                                                                           ;
; CLOCK_ENABLE_INPUT_A               ; NORMAL               ; Untyped                                                                                                                                  ;
; CLOCK_ENABLE_INPUT_B               ; NORMAL               ; Untyped                                                                                                                                  ;
; CLOCK_ENABLE_OUTPUT_A              ; NORMAL               ; Untyped                                                                                                                                  ;
; CLOCK_ENABLE_OUTPUT_B              ; NORMAL               ; Untyped                                                                                                                                  ;
; CLOCK_ENABLE_CORE_A                ; USE_INPUT_CLKEN      ; Untyped                                                                                                                                  ;
; CLOCK_ENABLE_CORE_B                ; USE_INPUT_CLKEN      ; Untyped                                                                                                                                  ;
; ENABLE_ECC                         ; FALSE                ; Untyped                                                                                                                                  ;
; ECC_PIPELINE_STAGE_ENABLED         ; FALSE                ; Untyped                                                                                                                                  ;
; WIDTH_ECCSTATUS                    ; 3                    ; Signed Integer                                                                                                                           ;
; DEVICE_FAMILY                      ; Cyclone IV E         ; Untyped                                                                                                                                  ;
; CBXI_PARAMETER                     ; altsyncram_s2o3      ; Untyped                                                                                                                                  ;
+------------------------------------+----------------------+------------------------------------------------------------------------------------------------------------------------------------------+
Note: In order to hide this table in the UI and the text report file, please set the "Show Parameter Settings in Synthesis Report" option in "Analysis and Synthesis Settings -> More Settings" to "Off".


+------------------------------------------------------------------------------------------------------------------------------------------------------------------------------------------------------+
; Parameter Settings for User Entity Instance: stm32_fmc_16bit:fmc_inst|FIR1:u_fir|FIR1_0002:fir1_inst|FIR1_0002_ast:FIR1_0002_ast_inst|FIR1_0002_rtl:hpfircore|altsyncram:u0_m0_wo0_wi0_delayr18_dmem ;
+------------------------------------+----------------------+------------------------------------------------------------------------------------------------------------------------------------------+
; Parameter Name                     ; Value                ; Type                                                                                                                                     ;
+------------------------------------+----------------------+------------------------------------------------------------------------------------------------------------------------------------------+
; BYTE_SIZE_BLOCK                    ; 8                    ; Untyped                                                                                                                                  ;
; AUTO_CARRY_CHAINS                  ; ON                   ; AUTO_CARRY                                                                                                                               ;
; IGNORE_CARRY_BUFFERS               ; OFF                  ; IGNORE_CARRY                                                                                                                             ;
; AUTO_CASCADE_CHAINS                ; ON                   ; AUTO_CASCADE                                                                                                                             ;
; IGNORE_CASCADE_BUFFERS             ; OFF                  ; IGNORE_CASCADE                                                                                                                           ;
; WIDTH_BYTEENA                      ; 1                    ; Untyped                                                                                                                                  ;
; OPERATION_MODE                     ; DUAL_PORT            ; Untyped                                                                                                                                  ;
; WIDTH_A                            ; 36                   ; Signed Integer                                                                                                                           ;
; WIDTHAD_A                          ; 3                    ; Signed Integer                                                                                                                           ;
; NUMWORDS_A                         ; 8                    ; Signed Integer                                                                                                                           ;
; OUTDATA_REG_A                      ; UNREGISTERED         ; Untyped                                                                                                                                  ;
; ADDRESS_ACLR_A                     ; NONE                 ; Untyped                                                                                                                                  ;
; OUTDATA_ACLR_A                     ; NONE                 ; Untyped                                                                                                                                  ;
; WRCONTROL_ACLR_A                   ; NONE                 ; Untyped                                                                                                                                  ;
; INDATA_ACLR_A                      ; NONE                 ; Untyped                                                                                                                                  ;
; BYTEENA_ACLR_A                     ; NONE                 ; Untyped                                                                                                                                  ;
; WIDTH_B                            ; 36                   ; Signed Integer                                                                                                                           ;
; WIDTHAD_B                          ; 3                    ; Signed Integer                                                                                                                           ;
; NUMWORDS_B                         ; 8                    ; Signed Integer                                                                                                                           ;
; INDATA_REG_B                       ; CLOCK0               ; Untyped                                                                                                                                  ;
; WRCONTROL_WRADDRESS_REG_B          ; CLOCK0               ; Untyped                                                                                                                                  ;
; RDCONTROL_REG_B                    ; CLOCK0               ; Untyped                                                                                                                                  ;
; ADDRESS_REG_B                      ; CLOCK0               ; Untyped                                                                                                                                  ;
; OUTDATA_REG_B                      ; CLOCK0               ; Untyped                                                                                                                                  ;
; BYTEENA_REG_B                      ; CLOCK0               ; Untyped                                                                                                                                  ;
; INDATA_ACLR_B                      ; NONE                 ; Untyped                                                                                                                                  ;
; WRCONTROL_ACLR_B                   ; NONE                 ; Untyped                                                                                                                                  ;
; ADDRESS_ACLR_B                     ; NONE                 ; Untyped                                                                                                                                  ;
; OUTDATA_ACLR_B                     ; CLEAR0               ; Untyped                                                                                                                                  ;
; RDCONTROL_ACLR_B                   ; NONE                 ; Untyped                                                                                                                                  ;
; BYTEENA_ACLR_B                     ; NONE                 ; Untyped                                                                                                                                  ;
; WIDTH_BYTEENA_A                    ; 1                    ; Signed Integer                                                                                                                           ;
; WIDTH_BYTEENA_B                    ; 1                    ; Signed Integer                                                                                                                           ;
; RAM_BLOCK_TYPE                     ; M9K                  ; Untyped                                                                                                                                  ;
; BYTE_SIZE                          ; 8                    ; Signed Integer                                                                                                                           ;
; READ_DURING_WRITE_MODE_MIXED_PORTS ; OLD_DATA             ; Untyped                                                                                                                                  ;
; READ_DURING_WRITE_MODE_PORT_A      ; NEW_DATA_NO_NBE_READ ; Untyped                                                                                                                                  ;
; READ_DURING_WRITE_MODE_PORT_B      ; NEW_DATA_NO_NBE_READ ; Untyped                                                                                                                                  ;
; INIT_FILE                          ; UNUSED               ; Untyped                                                                                                                                  ;
; INIT_FILE_LAYOUT                   ; PORT_A               ; Untyped                                                                                                                                  ;
; MAXIMUM_DEPTH                      ; 0                    ; Signed Integer                                                                                                                           ;
; CLOCK_ENABLE_INPUT_A               ; NORMAL               ; Untyped                                                                                                                                  ;
; CLOCK_ENABLE_INPUT_B               ; NORMAL               ; Untyped                                                                                                                                  ;
; CLOCK_ENABLE_OUTPUT_A              ; NORMAL               ; Untyped                                                                                                                                  ;
; CLOCK_ENABLE_OUTPUT_B              ; NORMAL               ; Untyped                                                                                                                                  ;
; CLOCK_ENABLE_CORE_A                ; USE_INPUT_CLKEN      ; Untyped                                                                                                                                  ;
; CLOCK_ENABLE_CORE_B                ; USE_INPUT_CLKEN      ; Untyped                                                                                                                                  ;
; ENABLE_ECC                         ; FALSE                ; Untyped                                                                                                                                  ;
; ECC_PIPELINE_STAGE_ENABLED         ; FALSE                ; Untyped                                                                                                                                  ;
; WIDTH_ECCSTATUS                    ; 3                    ; Signed Integer                                                                                                                           ;
; DEVICE_FAMILY                      ; Cyclone IV E         ; Untyped                                                                                                                                  ;
; CBXI_PARAMETER                     ; altsyncram_s2o3      ; Untyped                                                                                                                                  ;
+------------------------------------+----------------------+------------------------------------------------------------------------------------------------------------------------------------------+
Note: In order to hide this table in the UI and the text report file, please set the "Show Parameter Settings in Synthesis Report" option in "Analysis and Synthesis Settings -> More Settings" to "Off".


+------------------------------------------------------------------------------------------------------------------------------------------------------------------------------------------------------+
; Parameter Settings for User Entity Instance: stm32_fmc_16bit:fmc_inst|FIR1:u_fir|FIR1_0002:fir1_inst|FIR1_0002_ast:FIR1_0002_ast_inst|FIR1_0002_rtl:hpfircore|altsyncram:u0_m0_wo0_wi0_delayr21_dmem ;
+------------------------------------+----------------------+------------------------------------------------------------------------------------------------------------------------------------------+
; Parameter Name                     ; Value                ; Type                                                                                                                                     ;
+------------------------------------+----------------------+------------------------------------------------------------------------------------------------------------------------------------------+
; BYTE_SIZE_BLOCK                    ; 8                    ; Untyped                                                                                                                                  ;
; AUTO_CARRY_CHAINS                  ; ON                   ; AUTO_CARRY                                                                                                                               ;
; IGNORE_CARRY_BUFFERS               ; OFF                  ; IGNORE_CARRY                                                                                                                             ;
; AUTO_CASCADE_CHAINS                ; ON                   ; AUTO_CASCADE                                                                                                                             ;
; IGNORE_CASCADE_BUFFERS             ; OFF                  ; IGNORE_CASCADE                                                                                                                           ;
; WIDTH_BYTEENA                      ; 1                    ; Untyped                                                                                                                                  ;
; OPERATION_MODE                     ; DUAL_PORT            ; Untyped                                                                                                                                  ;
; WIDTH_A                            ; 36                   ; Signed Integer                                                                                                                           ;
; WIDTHAD_A                          ; 3                    ; Signed Integer                                                                                                                           ;
; NUMWORDS_A                         ; 8                    ; Signed Integer                                                                                                                           ;
; OUTDATA_REG_A                      ; UNREGISTERED         ; Untyped                                                                                                                                  ;
; ADDRESS_ACLR_A                     ; NONE                 ; Untyped                                                                                                                                  ;
; OUTDATA_ACLR_A                     ; NONE                 ; Untyped                                                                                                                                  ;
; WRCONTROL_ACLR_A                   ; NONE                 ; Untyped                                                                                                                                  ;
; INDATA_ACLR_A                      ; NONE                 ; Untyped                                                                                                                                  ;
; BYTEENA_ACLR_A                     ; NONE                 ; Untyped                                                                                                                                  ;
; WIDTH_B                            ; 36                   ; Signed Integer                                                                                                                           ;
; WIDTHAD_B                          ; 3                    ; Signed Integer                                                                                                                           ;
; NUMWORDS_B                         ; 8                    ; Signed Integer                                                                                                                           ;
; INDATA_REG_B                       ; CLOCK0               ; Untyped                                                                                                                                  ;
; WRCONTROL_WRADDRESS_REG_B          ; CLOCK0               ; Untyped                                                                                                                                  ;
; RDCONTROL_REG_B                    ; CLOCK0               ; Untyped                                                                                                                                  ;
; ADDRESS_REG_B                      ; CLOCK0               ; Untyped                                                                                                                                  ;
; OUTDATA_REG_B                      ; CLOCK0               ; Untyped                                                                                                                                  ;
; BYTEENA_REG_B                      ; CLOCK0               ; Untyped                                                                                                                                  ;
; INDATA_ACLR_B                      ; NONE                 ; Untyped                                                                                                                                  ;
; WRCONTROL_ACLR_B                   ; NONE                 ; Untyped                                                                                                                                  ;
; ADDRESS_ACLR_B                     ; NONE                 ; Untyped                                                                                                                                  ;
; OUTDATA_ACLR_B                     ; CLEAR0               ; Untyped                                                                                                                                  ;
; RDCONTROL_ACLR_B                   ; NONE                 ; Untyped                                                                                                                                  ;
; BYTEENA_ACLR_B                     ; NONE                 ; Untyped                                                                                                                                  ;
; WIDTH_BYTEENA_A                    ; 1                    ; Signed Integer                                                                                                                           ;
; WIDTH_BYTEENA_B                    ; 1                    ; Signed Integer                                                                                                                           ;
; RAM_BLOCK_TYPE                     ; M9K                  ; Untyped                                                                                                                                  ;
; BYTE_SIZE                          ; 8                    ; Signed Integer                                                                                                                           ;
; READ_DURING_WRITE_MODE_MIXED_PORTS ; OLD_DATA             ; Untyped                                                                                                                                  ;
; READ_DURING_WRITE_MODE_PORT_A      ; NEW_DATA_NO_NBE_READ ; Untyped                                                                                                                                  ;
; READ_DURING_WRITE_MODE_PORT_B      ; NEW_DATA_NO_NBE_READ ; Untyped                                                                                                                                  ;
; INIT_FILE                          ; UNUSED               ; Untyped                                                                                                                                  ;
; INIT_FILE_LAYOUT                   ; PORT_A               ; Untyped                                                                                                                                  ;
; MAXIMUM_DEPTH                      ; 0                    ; Signed Integer                                                                                                                           ;
; CLOCK_ENABLE_INPUT_A               ; NORMAL               ; Untyped                                                                                                                                  ;
; CLOCK_ENABLE_INPUT_B               ; NORMAL               ; Untyped                                                                                                                                  ;
; CLOCK_ENABLE_OUTPUT_A              ; NORMAL               ; Untyped                                                                                                                                  ;
; CLOCK_ENABLE_OUTPUT_B              ; NORMAL               ; Untyped                                                                                                                                  ;
; CLOCK_ENABLE_CORE_A                ; USE_INPUT_CLKEN      ; Untyped                                                                                                                                  ;
; CLOCK_ENABLE_CORE_B                ; USE_INPUT_CLKEN      ; Untyped                                                                                                                                  ;
; ENABLE_ECC                         ; FALSE                ; Untyped                                                                                                                                  ;
; ECC_PIPELINE_STAGE_ENABLED         ; FALSE                ; Untyped                                                                                                                                  ;
; WIDTH_ECCSTATUS                    ; 3                    ; Signed Integer                                                                                                                           ;
; DEVICE_FAMILY                      ; Cyclone IV E         ; Untyped                                                                                                                                  ;
; CBXI_PARAMETER                     ; altsyncram_s2o3      ; Untyped                                                                                                                                  ;
+------------------------------------+----------------------+------------------------------------------------------------------------------------------------------------------------------------------+
Note: In order to hide this table in the UI and the text report file, please set the "Show Parameter Settings in Synthesis Report" option in "Analysis and Synthesis Settings -> More Settings" to "Off".


+------------------------------------------------------------------------------------------------------------------------------------------------------------------------------------------------------+
; Parameter Settings for User Entity Instance: stm32_fmc_16bit:fmc_inst|FIR1:u_fir|FIR1_0002:fir1_inst|FIR1_0002_ast:FIR1_0002_ast_inst|FIR1_0002_rtl:hpfircore|altsyncram:u0_m0_wo0_wi0_delayr24_dmem ;
+------------------------------------+----------------------+------------------------------------------------------------------------------------------------------------------------------------------+
; Parameter Name                     ; Value                ; Type                                                                                                                                     ;
+------------------------------------+----------------------+------------------------------------------------------------------------------------------------------------------------------------------+
; BYTE_SIZE_BLOCK                    ; 8                    ; Untyped                                                                                                                                  ;
; AUTO_CARRY_CHAINS                  ; ON                   ; AUTO_CARRY                                                                                                                               ;
; IGNORE_CARRY_BUFFERS               ; OFF                  ; IGNORE_CARRY                                                                                                                             ;
; AUTO_CASCADE_CHAINS                ; ON                   ; AUTO_CASCADE                                                                                                                             ;
; IGNORE_CASCADE_BUFFERS             ; OFF                  ; IGNORE_CASCADE                                                                                                                           ;
; WIDTH_BYTEENA                      ; 1                    ; Untyped                                                                                                                                  ;
; OPERATION_MODE                     ; DUAL_PORT            ; Untyped                                                                                                                                  ;
; WIDTH_A                            ; 24                   ; Signed Integer                                                                                                                           ;
; WIDTHAD_A                          ; 3                    ; Signed Integer                                                                                                                           ;
; NUMWORDS_A                         ; 8                    ; Signed Integer                                                                                                                           ;
; OUTDATA_REG_A                      ; UNREGISTERED         ; Untyped                                                                                                                                  ;
; ADDRESS_ACLR_A                     ; NONE                 ; Untyped                                                                                                                                  ;
; OUTDATA_ACLR_A                     ; NONE                 ; Untyped                                                                                                                                  ;
; WRCONTROL_ACLR_A                   ; NONE                 ; Untyped                                                                                                                                  ;
; INDATA_ACLR_A                      ; NONE                 ; Untyped                                                                                                                                  ;
; BYTEENA_ACLR_A                     ; NONE                 ; Untyped                                                                                                                                  ;
; WIDTH_B                            ; 24                   ; Signed Integer                                                                                                                           ;
; WIDTHAD_B                          ; 3                    ; Signed Integer                                                                                                                           ;
; NUMWORDS_B                         ; 8                    ; Signed Integer                                                                                                                           ;
; INDATA_REG_B                       ; CLOCK0               ; Untyped                                                                                                                                  ;
; WRCONTROL_WRADDRESS_REG_B          ; CLOCK0               ; Untyped                                                                                                                                  ;
; RDCONTROL_REG_B                    ; CLOCK0               ; Untyped                                                                                                                                  ;
; ADDRESS_REG_B                      ; CLOCK0               ; Untyped                                                                                                                                  ;
; OUTDATA_REG_B                      ; CLOCK0               ; Untyped                                                                                                                                  ;
; BYTEENA_REG_B                      ; CLOCK0               ; Untyped                                                                                                                                  ;
; INDATA_ACLR_B                      ; NONE                 ; Untyped                                                                                                                                  ;
; WRCONTROL_ACLR_B                   ; NONE                 ; Untyped                                                                                                                                  ;
; ADDRESS_ACLR_B                     ; NONE                 ; Untyped                                                                                                                                  ;
; OUTDATA_ACLR_B                     ; CLEAR0               ; Untyped                                                                                                                                  ;
; RDCONTROL_ACLR_B                   ; NONE                 ; Untyped                                                                                                                                  ;
; BYTEENA_ACLR_B                     ; NONE                 ; Untyped                                                                                                                                  ;
; WIDTH_BYTEENA_A                    ; 1                    ; Signed Integer                                                                                                                           ;
; WIDTH_BYTEENA_B                    ; 1                    ; Signed Integer                                                                                                                           ;
; RAM_BLOCK_TYPE                     ; M9K                  ; Untyped                                                                                                                                  ;
; BYTE_SIZE                          ; 8                    ; Signed Integer                                                                                                                           ;
; READ_DURING_WRITE_MODE_MIXED_PORTS ; OLD_DATA             ; Untyped                                                                                                                                  ;
; READ_DURING_WRITE_MODE_PORT_A      ; NEW_DATA_NO_NBE_READ ; Untyped                                                                                                                                  ;
; READ_DURING_WRITE_MODE_PORT_B      ; NEW_DATA_NO_NBE_READ ; Untyped                                                                                                                                  ;
; INIT_FILE                          ; UNUSED               ; Untyped                                                                                                                                  ;
; INIT_FILE_LAYOUT                   ; PORT_A               ; Untyped                                                                                                                                  ;
; MAXIMUM_DEPTH                      ; 0                    ; Signed Integer                                                                                                                           ;
; CLOCK_ENABLE_INPUT_A               ; NORMAL               ; Untyped                                                                                                                                  ;
; CLOCK_ENABLE_INPUT_B               ; NORMAL               ; Untyped                                                                                                                                  ;
; CLOCK_ENABLE_OUTPUT_A              ; NORMAL               ; Untyped                                                                                                                                  ;
; CLOCK_ENABLE_OUTPUT_B              ; NORMAL               ; Untyped                                                                                                                                  ;
; CLOCK_ENABLE_CORE_A                ; USE_INPUT_CLKEN      ; Untyped                                                                                                                                  ;
; CLOCK_ENABLE_CORE_B                ; USE_INPUT_CLKEN      ; Untyped                                                                                                                                  ;
; ENABLE_ECC                         ; FALSE                ; Untyped                                                                                                                                  ;
; ECC_PIPELINE_STAGE_ENABLED         ; FALSE                ; Untyped                                                                                                                                  ;
; WIDTH_ECCSTATUS                    ; 3                    ; Signed Integer                                                                                                                           ;
; DEVICE_FAMILY                      ; Cyclone IV E         ; Untyped                                                                                                                                  ;
; CBXI_PARAMETER                     ; altsyncram_n2o3      ; Untyped                                                                                                                                  ;
+------------------------------------+----------------------+------------------------------------------------------------------------------------------------------------------------------------------+
Note: In order to hide this table in the UI and the text report file, please set the "Show Parameter Settings in Synthesis Report" option in "Analysis and Synthesis Settings -> More Settings" to "Off".


+--------------------------------------------------------------------------------------------------------------------------------------------------------------------------------------------------------+
; Parameter Settings for User Entity Instance: stm32_fmc_16bit:fmc_inst|FIR1:u_fir|FIR1_0002:fir1_inst|FIR1_0002_ast:FIR1_0002_ast_inst|FIR1_0002_rtl:hpfircore|dspba_delay:d_u0_m0_wo0_wi0_split24_c_15 ;
+----------------+-------+-------------------------------------------------------------------------------------------------------------------------------------------------------------------------------+
; Parameter Name ; Value ; Type                                                                                                                                                                          ;
+----------------+-------+-------------------------------------------------------------------------------------------------------------------------------------------------------------------------------+
; width          ; 12    ; Signed Integer                                                                                                                                                                ;
; depth          ; 2     ; Signed Integer                                                                                                                                                                ;
; reset_high     ; '1'   ; Enumerated                                                                                                                                                                    ;
+----------------+-------+-------------------------------------------------------------------------------------------------------------------------------------------------------------------------------+
Note: In order to hide this table in the UI and the text report file, please set the "Show Parameter Settings in Synthesis Report" option in "Analysis and Synthesis Settings -> More Settings" to "Off".


+--------------------------------------------------------------------------------------------------------------------------------------------------------------------------------------------------------+
; Parameter Settings for User Entity Instance: stm32_fmc_16bit:fmc_inst|FIR1:u_fir|FIR1_0002:fir1_inst|FIR1_0002_ast:FIR1_0002_ast_inst|FIR1_0002_rtl:hpfircore|dspba_delay:d_u0_m0_wo0_wi0_delayr0_q_15 ;
+----------------+-------+-------------------------------------------------------------------------------------------------------------------------------------------------------------------------------+
; Parameter Name ; Value ; Type                                                                                                                                                                          ;
+----------------+-------+-------------------------------------------------------------------------------------------------------------------------------------------------------------------------------+
; width          ; 12    ; Signed Integer                                                                                                                                                                ;
; depth          ; 2     ; Signed Integer                                                                                                                                                                ;
; reset_high     ; '1'   ; Enumerated                                                                                                                                                                    ;
+----------------+-------+-------------------------------------------------------------------------------------------------------------------------------------------------------------------------------+
Note: In order to hide this table in the UI and the text report file, please set the "Show Parameter Settings in Synthesis Report" option in "Analysis and Synthesis Settings -> More Settings" to "Off".


+-------------------------------------------------------------------------------------------------------------------------------------------------------------------------------------------------+
; Parameter Settings for User Entity Instance: stm32_fmc_16bit:fmc_inst|FIR1:u_fir|FIR1_0002:fir1_inst|FIR1_0002_ast:FIR1_0002_ast_inst|FIR1_0002_rtl:hpfircore|dspba_delay:d_u0_m0_wo0_ca12_q_15 ;
+----------------+-------+------------------------------------------------------------------------------------------------------------------------------------------------------------------------+
; Parameter Name ; Value ; Type                                                                                                                                                                   ;
+----------------+-------+------------------------------------------------------------------------------------------------------------------------------------------------------------------------+
; width          ; 3     ; Signed Integer                                                                                                                                                         ;
; depth          ; 2     ; Signed Integer                                                                                                                                                         ;
; reset_high     ; '1'   ; Enumerated                                                                                                                                                             ;
+----------------+-------+------------------------------------------------------------------------------------------------------------------------------------------------------------------------+
Note: In order to hide this table in the UI and the text report file, please set the "Show Parameter Settings in Synthesis Report" option in "Analysis and Synthesis Settings -> More Settings" to "Off".


+-----------------------------------------------------------------------------------------------------------------------------------------------------------------------------------------------------------+
; Parameter Settings for User Entity Instance: stm32_fmc_16bit:fmc_inst|FIR1:u_fir|FIR1_0002:fir1_inst|FIR1_0002_ast:FIR1_0002_ast_inst|FIR1_0002_rtl:hpfircore|LPM_MULT:u0_m0_wo0_mtree_mult1_12_component ;
+------------------------------------------------+--------------+-------------------------------------------------------------------------------------------------------------------------------------------+
; Parameter Name                                 ; Value        ; Type                                                                                                                                      ;
+------------------------------------------------+--------------+-------------------------------------------------------------------------------------------------------------------------------------------+
; AUTO_CARRY_CHAINS                              ; ON           ; AUTO_CARRY                                                                                                                                ;
; IGNORE_CARRY_BUFFERS                           ; OFF          ; IGNORE_CARRY                                                                                                                              ;
; AUTO_CASCADE_CHAINS                            ; ON           ; AUTO_CASCADE                                                                                                                              ;
; IGNORE_CASCADE_BUFFERS                         ; OFF          ; IGNORE_CASCADE                                                                                                                            ;
; LPM_WIDTHA                                     ; 16           ; Signed Integer                                                                                                                            ;
; LPM_WIDTHB                                     ; 13           ; Signed Integer                                                                                                                            ;
; LPM_WIDTHP                                     ; 29           ; Signed Integer                                                                                                                            ;
; LPM_WIDTHR                                     ; 0            ; Untyped                                                                                                                                   ;
; LPM_WIDTHS                                     ; 1            ; Signed Integer                                                                                                                            ;
; LPM_REPRESENTATION                             ; SIGNED       ; Untyped                                                                                                                                   ;
; LPM_PIPELINE                                   ; 2            ; Signed Integer                                                                                                                            ;
; LATENCY                                        ; 0            ; Untyped                                                                                                                                   ;
; INPUT_A_IS_CONSTANT                            ; NO           ; Untyped                                                                                                                                   ;
; INPUT_B_IS_CONSTANT                            ; NO           ; Untyped                                                                                                                                   ;
; USE_EAB                                        ; OFF          ; Untyped                                                                                                                                   ;
; MAXIMIZE_SPEED                                 ; 5            ; Untyped                                                                                                                                   ;
; DEVICE_FAMILY                                  ; Cyclone IV E ; Untyped                                                                                                                                   ;
; CARRY_CHAIN                                    ; MANUAL       ; Untyped                                                                                                                                   ;
; APEX20K_TECHNOLOGY_MAPPER                      ; LUT          ; TECH_MAPPER_APEX20K                                                                                                                       ;
; DEDICATED_MULTIPLIER_CIRCUITRY                 ; YES          ; Untyped                                                                                                                                   ;
; DEDICATED_MULTIPLIER_MIN_INPUT_WIDTH_FOR_AUTO  ; 0            ; Untyped                                                                                                                                   ;
; DEDICATED_MULTIPLIER_MIN_OUTPUT_WIDTH_FOR_AUTO ; 0            ; Untyped                                                                                                                                   ;
; CBXI_PARAMETER                                 ; mult_8eu     ; Untyped                                                                                                                                   ;
; INPUT_A_FIXED_VALUE                            ; Bx           ; Untyped                                                                                                                                   ;
; INPUT_B_FIXED_VALUE                            ; Bx           ; Untyped                                                                                                                                   ;
; USE_AHDL_IMPLEMENTATION                        ; OFF          ; Untyped                                                                                                                                   ;
+------------------------------------------------+--------------+-------------------------------------------------------------------------------------------------------------------------------------------+
Note: In order to hide this table in the UI and the text report file, please set the "Show Parameter Settings in Synthesis Report" option in "Analysis and Synthesis Settings -> More Settings" to "Off".


+-----------------------------------------------------------------------------------------------------------------------------------------------------------------------------------------------------------+
; Parameter Settings for User Entity Instance: stm32_fmc_16bit:fmc_inst|FIR1:u_fir|FIR1_0002:fir1_inst|FIR1_0002_ast:FIR1_0002_ast_inst|FIR1_0002_rtl:hpfircore|LPM_MULT:u0_m0_wo0_mtree_mult1_11_component ;
+------------------------------------------------+--------------+-------------------------------------------------------------------------------------------------------------------------------------------+
; Parameter Name                                 ; Value        ; Type                                                                                                                                      ;
+------------------------------------------------+--------------+-------------------------------------------------------------------------------------------------------------------------------------------+
; AUTO_CARRY_CHAINS                              ; ON           ; AUTO_CARRY                                                                                                                                ;
; IGNORE_CARRY_BUFFERS                           ; OFF          ; IGNORE_CARRY                                                                                                                              ;
; AUTO_CASCADE_CHAINS                            ; ON           ; AUTO_CASCADE                                                                                                                              ;
; IGNORE_CASCADE_BUFFERS                         ; OFF          ; IGNORE_CASCADE                                                                                                                            ;
; LPM_WIDTHA                                     ; 16           ; Signed Integer                                                                                                                            ;
; LPM_WIDTHB                                     ; 13           ; Signed Integer                                                                                                                            ;
; LPM_WIDTHP                                     ; 29           ; Signed Integer                                                                                                                            ;
; LPM_WIDTHR                                     ; 0            ; Untyped                                                                                                                                   ;
; LPM_WIDTHS                                     ; 1            ; Signed Integer                                                                                                                            ;
; LPM_REPRESENTATION                             ; SIGNED       ; Untyped                                                                                                                                   ;
; LPM_PIPELINE                                   ; 2            ; Signed Integer                                                                                                                            ;
; LATENCY                                        ; 0            ; Untyped                                                                                                                                   ;
; INPUT_A_IS_CONSTANT                            ; NO           ; Untyped                                                                                                                                   ;
; INPUT_B_IS_CONSTANT                            ; NO           ; Untyped                                                                                                                                   ;
; USE_EAB                                        ; OFF          ; Untyped                                                                                                                                   ;
; MAXIMIZE_SPEED                                 ; 5            ; Untyped                                                                                                                                   ;
; DEVICE_FAMILY                                  ; Cyclone IV E ; Untyped                                                                                                                                   ;
; CARRY_CHAIN                                    ; MANUAL       ; Untyped                                                                                                                                   ;
; APEX20K_TECHNOLOGY_MAPPER                      ; LUT          ; TECH_MAPPER_APEX20K                                                                                                                       ;
; DEDICATED_MULTIPLIER_CIRCUITRY                 ; YES          ; Untyped                                                                                                                                   ;
; DEDICATED_MULTIPLIER_MIN_INPUT_WIDTH_FOR_AUTO  ; 0            ; Untyped                                                                                                                                   ;
; DEDICATED_MULTIPLIER_MIN_OUTPUT_WIDTH_FOR_AUTO ; 0            ; Untyped                                                                                                                                   ;
; CBXI_PARAMETER                                 ; mult_8eu     ; Untyped                                                                                                                                   ;
; INPUT_A_FIXED_VALUE                            ; Bx           ; Untyped                                                                                                                                   ;
; INPUT_B_FIXED_VALUE                            ; Bx           ; Untyped                                                                                                                                   ;
; USE_AHDL_IMPLEMENTATION                        ; OFF          ; Untyped                                                                                                                                   ;
+------------------------------------------------+--------------+-------------------------------------------------------------------------------------------------------------------------------------------+
Note: In order to hide this table in the UI and the text report file, please set the "Show Parameter Settings in Synthesis Report" option in "Analysis and Synthesis Settings -> More Settings" to "Off".


+-----------------------------------------------------------------------------------------------------------------------------------------------------------------------------------------------------------+
; Parameter Settings for User Entity Instance: stm32_fmc_16bit:fmc_inst|FIR1:u_fir|FIR1_0002:fir1_inst|FIR1_0002_ast:FIR1_0002_ast_inst|FIR1_0002_rtl:hpfircore|LPM_MULT:u0_m0_wo0_mtree_mult1_10_component ;
+------------------------------------------------+--------------+-------------------------------------------------------------------------------------------------------------------------------------------+
; Parameter Name                                 ; Value        ; Type                                                                                                                                      ;
+------------------------------------------------+--------------+-------------------------------------------------------------------------------------------------------------------------------------------+
; AUTO_CARRY_CHAINS                              ; ON           ; AUTO_CARRY                                                                                                                                ;
; IGNORE_CARRY_BUFFERS                           ; OFF          ; IGNORE_CARRY                                                                                                                              ;
; AUTO_CASCADE_CHAINS                            ; ON           ; AUTO_CASCADE                                                                                                                              ;
; IGNORE_CASCADE_BUFFERS                         ; OFF          ; IGNORE_CASCADE                                                                                                                            ;
; LPM_WIDTHA                                     ; 16           ; Signed Integer                                                                                                                            ;
; LPM_WIDTHB                                     ; 13           ; Signed Integer                                                                                                                            ;
; LPM_WIDTHP                                     ; 29           ; Signed Integer                                                                                                                            ;
; LPM_WIDTHR                                     ; 0            ; Untyped                                                                                                                                   ;
; LPM_WIDTHS                                     ; 1            ; Signed Integer                                                                                                                            ;
; LPM_REPRESENTATION                             ; SIGNED       ; Untyped                                                                                                                                   ;
; LPM_PIPELINE                                   ; 2            ; Signed Integer                                                                                                                            ;
; LATENCY                                        ; 0            ; Untyped                                                                                                                                   ;
; INPUT_A_IS_CONSTANT                            ; NO           ; Untyped                                                                                                                                   ;
; INPUT_B_IS_CONSTANT                            ; NO           ; Untyped                                                                                                                                   ;
; USE_EAB                                        ; OFF          ; Untyped                                                                                                                                   ;
; MAXIMIZE_SPEED                                 ; 5            ; Untyped                                                                                                                                   ;
; DEVICE_FAMILY                                  ; Cyclone IV E ; Untyped                                                                                                                                   ;
; CARRY_CHAIN                                    ; MANUAL       ; Untyped                                                                                                                                   ;
; APEX20K_TECHNOLOGY_MAPPER                      ; LUT          ; TECH_MAPPER_APEX20K                                                                                                                       ;
; DEDICATED_MULTIPLIER_CIRCUITRY                 ; YES          ; Untyped                                                                                                                                   ;
; DEDICATED_MULTIPLIER_MIN_INPUT_WIDTH_FOR_AUTO  ; 0            ; Untyped                                                                                                                                   ;
; DEDICATED_MULTIPLIER_MIN_OUTPUT_WIDTH_FOR_AUTO ; 0            ; Untyped                                                                                                                                   ;
; CBXI_PARAMETER                                 ; mult_8eu     ; Untyped                                                                                                                                   ;
; INPUT_A_FIXED_VALUE                            ; Bx           ; Untyped                                                                                                                                   ;
; INPUT_B_FIXED_VALUE                            ; Bx           ; Untyped                                                                                                                                   ;
; USE_AHDL_IMPLEMENTATION                        ; OFF          ; Untyped                                                                                                                                   ;
+------------------------------------------------+--------------+-------------------------------------------------------------------------------------------------------------------------------------------+
Note: In order to hide this table in the UI and the text report file, please set the "Show Parameter Settings in Synthesis Report" option in "Analysis and Synthesis Settings -> More Settings" to "Off".


+----------------------------------------------------------------------------------------------------------------------------------------------------------------------------------------------------------+
; Parameter Settings for User Entity Instance: stm32_fmc_16bit:fmc_inst|FIR1:u_fir|FIR1_0002:fir1_inst|FIR1_0002_ast:FIR1_0002_ast_inst|FIR1_0002_rtl:hpfircore|LPM_MULT:u0_m0_wo0_mtree_mult1_9_component ;
+------------------------------------------------+--------------+------------------------------------------------------------------------------------------------------------------------------------------+
; Parameter Name                                 ; Value        ; Type                                                                                                                                     ;
+------------------------------------------------+--------------+------------------------------------------------------------------------------------------------------------------------------------------+
; AUTO_CARRY_CHAINS                              ; ON           ; AUTO_CARRY                                                                                                                               ;
; IGNORE_CARRY_BUFFERS                           ; OFF          ; IGNORE_CARRY                                                                                                                             ;
; AUTO_CASCADE_CHAINS                            ; ON           ; AUTO_CASCADE                                                                                                                             ;
; IGNORE_CASCADE_BUFFERS                         ; OFF          ; IGNORE_CASCADE                                                                                                                           ;
; LPM_WIDTHA                                     ; 16           ; Signed Integer                                                                                                                           ;
; LPM_WIDTHB                                     ; 13           ; Signed Integer                                                                                                                           ;
; LPM_WIDTHP                                     ; 29           ; Signed Integer                                                                                                                           ;
; LPM_WIDTHR                                     ; 0            ; Untyped                                                                                                                                  ;
; LPM_WIDTHS                                     ; 1            ; Signed Integer                                                                                                                           ;
; LPM_REPRESENTATION                             ; SIGNED       ; Untyped                                                                                                                                  ;
; LPM_PIPELINE                                   ; 2            ; Signed Integer                                                                                                                           ;
; LATENCY                                        ; 0            ; Untyped                                                                                                                                  ;
; INPUT_A_IS_CONSTANT                            ; NO           ; Untyped                                                                                                                                  ;
; INPUT_B_IS_CONSTANT                            ; NO           ; Untyped                                                                                                                                  ;
; USE_EAB                                        ; OFF          ; Untyped                                                                                                                                  ;
; MAXIMIZE_SPEED                                 ; 5            ; Untyped                                                                                                                                  ;
; DEVICE_FAMILY                                  ; Cyclone IV E ; Untyped                                                                                                                                  ;
; CARRY_CHAIN                                    ; MANUAL       ; Untyped                                                                                                                                  ;
; APEX20K_TECHNOLOGY_MAPPER                      ; LUT          ; TECH_MAPPER_APEX20K                                                                                                                      ;
; DEDICATED_MULTIPLIER_CIRCUITRY                 ; YES          ; Untyped                                                                                                                                  ;
; DEDICATED_MULTIPLIER_MIN_INPUT_WIDTH_FOR_AUTO  ; 0            ; Untyped                                                                                                                                  ;
; DEDICATED_MULTIPLIER_MIN_OUTPUT_WIDTH_FOR_AUTO ; 0            ; Untyped                                                                                                                                  ;
; CBXI_PARAMETER                                 ; mult_8eu     ; Untyped                                                                                                                                  ;
; INPUT_A_FIXED_VALUE                            ; Bx           ; Untyped                                                                                                                                  ;
; INPUT_B_FIXED_VALUE                            ; Bx           ; Untyped                                                                                                                                  ;
; USE_AHDL_IMPLEMENTATION                        ; OFF          ; Untyped                                                                                                                                  ;
+------------------------------------------------+--------------+------------------------------------------------------------------------------------------------------------------------------------------+
Note: In order to hide this table in the UI and the text report file, please set the "Show Parameter Settings in Synthesis Report" option in "Analysis and Synthesis Settings -> More Settings" to "Off".


+----------------------------------------------------------------------------------------------------------------------------------------------------------------------------------------------------------+
; Parameter Settings for User Entity Instance: stm32_fmc_16bit:fmc_inst|FIR1:u_fir|FIR1_0002:fir1_inst|FIR1_0002_ast:FIR1_0002_ast_inst|FIR1_0002_rtl:hpfircore|LPM_MULT:u0_m0_wo0_mtree_mult1_8_component ;
+------------------------------------------------+--------------+------------------------------------------------------------------------------------------------------------------------------------------+
; Parameter Name                                 ; Value        ; Type                                                                                                                                     ;
+------------------------------------------------+--------------+------------------------------------------------------------------------------------------------------------------------------------------+
; AUTO_CARRY_CHAINS                              ; ON           ; AUTO_CARRY                                                                                                                               ;
; IGNORE_CARRY_BUFFERS                           ; OFF          ; IGNORE_CARRY                                                                                                                             ;
; AUTO_CASCADE_CHAINS                            ; ON           ; AUTO_CASCADE                                                                                                                             ;
; IGNORE_CASCADE_BUFFERS                         ; OFF          ; IGNORE_CASCADE                                                                                                                           ;
; LPM_WIDTHA                                     ; 16           ; Signed Integer                                                                                                                           ;
; LPM_WIDTHB                                     ; 13           ; Signed Integer                                                                                                                           ;
; LPM_WIDTHP                                     ; 29           ; Signed Integer                                                                                                                           ;
; LPM_WIDTHR                                     ; 0            ; Untyped                                                                                                                                  ;
; LPM_WIDTHS                                     ; 1            ; Signed Integer                                                                                                                           ;
; LPM_REPRESENTATION                             ; SIGNED       ; Untyped                                                                                                                                  ;
; LPM_PIPELINE                                   ; 2            ; Signed Integer                                                                                                                           ;
; LATENCY                                        ; 0            ; Untyped                                                                                                                                  ;
; INPUT_A_IS_CONSTANT                            ; NO           ; Untyped                                                                                                                                  ;
; INPUT_B_IS_CONSTANT                            ; NO           ; Untyped                                                                                                                                  ;
; USE_EAB                                        ; OFF          ; Untyped                                                                                                                                  ;
; MAXIMIZE_SPEED                                 ; 5            ; Untyped                                                                                                                                  ;
; DEVICE_FAMILY                                  ; Cyclone IV E ; Untyped                                                                                                                                  ;
; CARRY_CHAIN                                    ; MANUAL       ; Untyped                                                                                                                                  ;
; APEX20K_TECHNOLOGY_MAPPER                      ; LUT          ; TECH_MAPPER_APEX20K                                                                                                                      ;
; DEDICATED_MULTIPLIER_CIRCUITRY                 ; YES          ; Untyped                                                                                                                                  ;
; DEDICATED_MULTIPLIER_MIN_INPUT_WIDTH_FOR_AUTO  ; 0            ; Untyped                                                                                                                                  ;
; DEDICATED_MULTIPLIER_MIN_OUTPUT_WIDTH_FOR_AUTO ; 0            ; Untyped                                                                                                                                  ;
; CBXI_PARAMETER                                 ; mult_8eu     ; Untyped                                                                                                                                  ;
; INPUT_A_FIXED_VALUE                            ; Bx           ; Untyped                                                                                                                                  ;
; INPUT_B_FIXED_VALUE                            ; Bx           ; Untyped                                                                                                                                  ;
; USE_AHDL_IMPLEMENTATION                        ; OFF          ; Untyped                                                                                                                                  ;
+------------------------------------------------+--------------+------------------------------------------------------------------------------------------------------------------------------------------+
Note: In order to hide this table in the UI and the text report file, please set the "Show Parameter Settings in Synthesis Report" option in "Analysis and Synthesis Settings -> More Settings" to "Off".


+----------------------------------------------------------------------------------------------------------------------------------------------------------------------------------------------------------+
; Parameter Settings for User Entity Instance: stm32_fmc_16bit:fmc_inst|FIR1:u_fir|FIR1_0002:fir1_inst|FIR1_0002_ast:FIR1_0002_ast_inst|FIR1_0002_rtl:hpfircore|LPM_MULT:u0_m0_wo0_mtree_mult1_7_component ;
+------------------------------------------------+--------------+------------------------------------------------------------------------------------------------------------------------------------------+
; Parameter Name                                 ; Value        ; Type                                                                                                                                     ;
+------------------------------------------------+--------------+------------------------------------------------------------------------------------------------------------------------------------------+
; AUTO_CARRY_CHAINS                              ; ON           ; AUTO_CARRY                                                                                                                               ;
; IGNORE_CARRY_BUFFERS                           ; OFF          ; IGNORE_CARRY                                                                                                                             ;
; AUTO_CASCADE_CHAINS                            ; ON           ; AUTO_CASCADE                                                                                                                             ;
; IGNORE_CASCADE_BUFFERS                         ; OFF          ; IGNORE_CASCADE                                                                                                                           ;
; LPM_WIDTHA                                     ; 16           ; Signed Integer                                                                                                                           ;
; LPM_WIDTHB                                     ; 13           ; Signed Integer                                                                                                                           ;
; LPM_WIDTHP                                     ; 29           ; Signed Integer                                                                                                                           ;
; LPM_WIDTHR                                     ; 0            ; Untyped                                                                                                                                  ;
; LPM_WIDTHS                                     ; 1            ; Signed Integer                                                                                                                           ;
; LPM_REPRESENTATION                             ; SIGNED       ; Untyped                                                                                                                                  ;
; LPM_PIPELINE                                   ; 2            ; Signed Integer                                                                                                                           ;
; LATENCY                                        ; 0            ; Untyped                                                                                                                                  ;
; INPUT_A_IS_CONSTANT                            ; NO           ; Untyped                                                                                                                                  ;
; INPUT_B_IS_CONSTANT                            ; NO           ; Untyped                                                                                                                                  ;
; USE_EAB                                        ; OFF          ; Untyped                                                                                                                                  ;
; MAXIMIZE_SPEED                                 ; 5            ; Untyped                                                                                                                                  ;
; DEVICE_FAMILY                                  ; Cyclone IV E ; Untyped                                                                                                                                  ;
; CARRY_CHAIN                                    ; MANUAL       ; Untyped                                                                                                                                  ;
; APEX20K_TECHNOLOGY_MAPPER                      ; LUT          ; TECH_MAPPER_APEX20K                                                                                                                      ;
; DEDICATED_MULTIPLIER_CIRCUITRY                 ; YES          ; Untyped                                                                                                                                  ;
; DEDICATED_MULTIPLIER_MIN_INPUT_WIDTH_FOR_AUTO  ; 0            ; Untyped                                                                                                                                  ;
; DEDICATED_MULTIPLIER_MIN_OUTPUT_WIDTH_FOR_AUTO ; 0            ; Untyped                                                                                                                                  ;
; CBXI_PARAMETER                                 ; mult_8eu     ; Untyped                                                                                                                                  ;
; INPUT_A_FIXED_VALUE                            ; Bx           ; Untyped                                                                                                                                  ;
; INPUT_B_FIXED_VALUE                            ; Bx           ; Untyped                                                                                                                                  ;
; USE_AHDL_IMPLEMENTATION                        ; OFF          ; Untyped                                                                                                                                  ;
+------------------------------------------------+--------------+------------------------------------------------------------------------------------------------------------------------------------------+
Note: In order to hide this table in the UI and the text report file, please set the "Show Parameter Settings in Synthesis Report" option in "Analysis and Synthesis Settings -> More Settings" to "Off".


+----------------------------------------------------------------------------------------------------------------------------------------------------------------------------------------------------------+
; Parameter Settings for User Entity Instance: stm32_fmc_16bit:fmc_inst|FIR1:u_fir|FIR1_0002:fir1_inst|FIR1_0002_ast:FIR1_0002_ast_inst|FIR1_0002_rtl:hpfircore|LPM_MULT:u0_m0_wo0_mtree_mult1_6_component ;
+------------------------------------------------+--------------+------------------------------------------------------------------------------------------------------------------------------------------+
; Parameter Name                                 ; Value        ; Type                                                                                                                                     ;
+------------------------------------------------+--------------+------------------------------------------------------------------------------------------------------------------------------------------+
; AUTO_CARRY_CHAINS                              ; ON           ; AUTO_CARRY                                                                                                                               ;
; IGNORE_CARRY_BUFFERS                           ; OFF          ; IGNORE_CARRY                                                                                                                             ;
; AUTO_CASCADE_CHAINS                            ; ON           ; AUTO_CASCADE                                                                                                                             ;
; IGNORE_CASCADE_BUFFERS                         ; OFF          ; IGNORE_CASCADE                                                                                                                           ;
; LPM_WIDTHA                                     ; 16           ; Signed Integer                                                                                                                           ;
; LPM_WIDTHB                                     ; 13           ; Signed Integer                                                                                                                           ;
; LPM_WIDTHP                                     ; 29           ; Signed Integer                                                                                                                           ;
; LPM_WIDTHR                                     ; 0            ; Untyped                                                                                                                                  ;
; LPM_WIDTHS                                     ; 1            ; Signed Integer                                                                                                                           ;
; LPM_REPRESENTATION                             ; SIGNED       ; Untyped                                                                                                                                  ;
; LPM_PIPELINE                                   ; 2            ; Signed Integer                                                                                                                           ;
; LATENCY                                        ; 0            ; Untyped                                                                                                                                  ;
; INPUT_A_IS_CONSTANT                            ; NO           ; Untyped                                                                                                                                  ;
; INPUT_B_IS_CONSTANT                            ; NO           ; Untyped                                                                                                                                  ;
; USE_EAB                                        ; OFF          ; Untyped                                                                                                                                  ;
; MAXIMIZE_SPEED                                 ; 5            ; Untyped                                                                                                                                  ;
; DEVICE_FAMILY                                  ; Cyclone IV E ; Untyped                                                                                                                                  ;
; CARRY_CHAIN                                    ; MANUAL       ; Untyped                                                                                                                                  ;
; APEX20K_TECHNOLOGY_MAPPER                      ; LUT          ; TECH_MAPPER_APEX20K                                                                                                                      ;
; DEDICATED_MULTIPLIER_CIRCUITRY                 ; YES          ; Untyped                                                                                                                                  ;
; DEDICATED_MULTIPLIER_MIN_INPUT_WIDTH_FOR_AUTO  ; 0            ; Untyped                                                                                                                                  ;
; DEDICATED_MULTIPLIER_MIN_OUTPUT_WIDTH_FOR_AUTO ; 0            ; Untyped                                                                                                                                  ;
; CBXI_PARAMETER                                 ; mult_8eu     ; Untyped                                                                                                                                  ;
; INPUT_A_FIXED_VALUE                            ; Bx           ; Untyped                                                                                                                                  ;
; INPUT_B_FIXED_VALUE                            ; Bx           ; Untyped                                                                                                                                  ;
; USE_AHDL_IMPLEMENTATION                        ; OFF          ; Untyped                                                                                                                                  ;
+------------------------------------------------+--------------+------------------------------------------------------------------------------------------------------------------------------------------+
Note: In order to hide this table in the UI and the text report file, please set the "Show Parameter Settings in Synthesis Report" option in "Analysis and Synthesis Settings -> More Settings" to "Off".


+----------------------------------------------------------------------------------------------------------------------------------------------------------------------------------------------------------+
; Parameter Settings for User Entity Instance: stm32_fmc_16bit:fmc_inst|FIR1:u_fir|FIR1_0002:fir1_inst|FIR1_0002_ast:FIR1_0002_ast_inst|FIR1_0002_rtl:hpfircore|LPM_MULT:u0_m0_wo0_mtree_mult1_5_component ;
+------------------------------------------------+--------------+------------------------------------------------------------------------------------------------------------------------------------------+
; Parameter Name                                 ; Value        ; Type                                                                                                                                     ;
+------------------------------------------------+--------------+------------------------------------------------------------------------------------------------------------------------------------------+
; AUTO_CARRY_CHAINS                              ; ON           ; AUTO_CARRY                                                                                                                               ;
; IGNORE_CARRY_BUFFERS                           ; OFF          ; IGNORE_CARRY                                                                                                                             ;
; AUTO_CASCADE_CHAINS                            ; ON           ; AUTO_CASCADE                                                                                                                             ;
; IGNORE_CASCADE_BUFFERS                         ; OFF          ; IGNORE_CASCADE                                                                                                                           ;
; LPM_WIDTHA                                     ; 16           ; Signed Integer                                                                                                                           ;
; LPM_WIDTHB                                     ; 13           ; Signed Integer                                                                                                                           ;
; LPM_WIDTHP                                     ; 29           ; Signed Integer                                                                                                                           ;
; LPM_WIDTHR                                     ; 0            ; Untyped                                                                                                                                  ;
; LPM_WIDTHS                                     ; 1            ; Signed Integer                                                                                                                           ;
; LPM_REPRESENTATION                             ; SIGNED       ; Untyped                                                                                                                                  ;
; LPM_PIPELINE                                   ; 2            ; Signed Integer                                                                                                                           ;
; LATENCY                                        ; 0            ; Untyped                                                                                                                                  ;
; INPUT_A_IS_CONSTANT                            ; NO           ; Untyped                                                                                                                                  ;
; INPUT_B_IS_CONSTANT                            ; NO           ; Untyped                                                                                                                                  ;
; USE_EAB                                        ; OFF          ; Untyped                                                                                                                                  ;
; MAXIMIZE_SPEED                                 ; 5            ; Untyped                                                                                                                                  ;
; DEVICE_FAMILY                                  ; Cyclone IV E ; Untyped                                                                                                                                  ;
; CARRY_CHAIN                                    ; MANUAL       ; Untyped                                                                                                                                  ;
; APEX20K_TECHNOLOGY_MAPPER                      ; LUT          ; TECH_MAPPER_APEX20K                                                                                                                      ;
; DEDICATED_MULTIPLIER_CIRCUITRY                 ; YES          ; Untyped                                                                                                                                  ;
; DEDICATED_MULTIPLIER_MIN_INPUT_WIDTH_FOR_AUTO  ; 0            ; Untyped                                                                                                                                  ;
; DEDICATED_MULTIPLIER_MIN_OUTPUT_WIDTH_FOR_AUTO ; 0            ; Untyped                                                                                                                                  ;
; CBXI_PARAMETER                                 ; mult_8eu     ; Untyped                                                                                                                                  ;
; INPUT_A_FIXED_VALUE                            ; Bx           ; Untyped                                                                                                                                  ;
; INPUT_B_FIXED_VALUE                            ; Bx           ; Untyped                                                                                                                                  ;
; USE_AHDL_IMPLEMENTATION                        ; OFF          ; Untyped                                                                                                                                  ;
+------------------------------------------------+--------------+------------------------------------------------------------------------------------------------------------------------------------------+
Note: In order to hide this table in the UI and the text report file, please set the "Show Parameter Settings in Synthesis Report" option in "Analysis and Synthesis Settings -> More Settings" to "Off".


+----------------------------------------------------------------------------------------------------------------------------------------------------------------------------------------------------------+
; Parameter Settings for User Entity Instance: stm32_fmc_16bit:fmc_inst|FIR1:u_fir|FIR1_0002:fir1_inst|FIR1_0002_ast:FIR1_0002_ast_inst|FIR1_0002_rtl:hpfircore|LPM_MULT:u0_m0_wo0_mtree_mult1_4_component ;
+------------------------------------------------+--------------+------------------------------------------------------------------------------------------------------------------------------------------+
; Parameter Name                                 ; Value        ; Type                                                                                                                                     ;
+------------------------------------------------+--------------+------------------------------------------------------------------------------------------------------------------------------------------+
; AUTO_CARRY_CHAINS                              ; ON           ; AUTO_CARRY                                                                                                                               ;
; IGNORE_CARRY_BUFFERS                           ; OFF          ; IGNORE_CARRY                                                                                                                             ;
; AUTO_CASCADE_CHAINS                            ; ON           ; AUTO_CASCADE                                                                                                                             ;
; IGNORE_CASCADE_BUFFERS                         ; OFF          ; IGNORE_CASCADE                                                                                                                           ;
; LPM_WIDTHA                                     ; 16           ; Signed Integer                                                                                                                           ;
; LPM_WIDTHB                                     ; 13           ; Signed Integer                                                                                                                           ;
; LPM_WIDTHP                                     ; 29           ; Signed Integer                                                                                                                           ;
; LPM_WIDTHR                                     ; 0            ; Untyped                                                                                                                                  ;
; LPM_WIDTHS                                     ; 1            ; Signed Integer                                                                                                                           ;
; LPM_REPRESENTATION                             ; SIGNED       ; Untyped                                                                                                                                  ;
; LPM_PIPELINE                                   ; 2            ; Signed Integer                                                                                                                           ;
; LATENCY                                        ; 0            ; Untyped                                                                                                                                  ;
; INPUT_A_IS_CONSTANT                            ; NO           ; Untyped                                                                                                                                  ;
; INPUT_B_IS_CONSTANT                            ; NO           ; Untyped                                                                                                                                  ;
; USE_EAB                                        ; OFF          ; Untyped                                                                                                                                  ;
; MAXIMIZE_SPEED                                 ; 5            ; Untyped                                                                                                                                  ;
; DEVICE_FAMILY                                  ; Cyclone IV E ; Untyped                                                                                                                                  ;
; CARRY_CHAIN                                    ; MANUAL       ; Untyped                                                                                                                                  ;
; APEX20K_TECHNOLOGY_MAPPER                      ; LUT          ; TECH_MAPPER_APEX20K                                                                                                                      ;
; DEDICATED_MULTIPLIER_CIRCUITRY                 ; YES          ; Untyped                                                                                                                                  ;
; DEDICATED_MULTIPLIER_MIN_INPUT_WIDTH_FOR_AUTO  ; 0            ; Untyped                                                                                                                                  ;
; DEDICATED_MULTIPLIER_MIN_OUTPUT_WIDTH_FOR_AUTO ; 0            ; Untyped                                                                                                                                  ;
; CBXI_PARAMETER                                 ; mult_8eu     ; Untyped                                                                                                                                  ;
; INPUT_A_FIXED_VALUE                            ; Bx           ; Untyped                                                                                                                                  ;
; INPUT_B_FIXED_VALUE                            ; Bx           ; Untyped                                                                                                                                  ;
; USE_AHDL_IMPLEMENTATION                        ; OFF          ; Untyped                                                                                                                                  ;
+------------------------------------------------+--------------+------------------------------------------------------------------------------------------------------------------------------------------+
Note: In order to hide this table in the UI and the text report file, please set the "Show Parameter Settings in Synthesis Report" option in "Analysis and Synthesis Settings -> More Settings" to "Off".


+----------------------------------------------------------------------------------------------------------------------------------------------------------------------------------------------------------+
; Parameter Settings for User Entity Instance: stm32_fmc_16bit:fmc_inst|FIR1:u_fir|FIR1_0002:fir1_inst|FIR1_0002_ast:FIR1_0002_ast_inst|FIR1_0002_rtl:hpfircore|LPM_MULT:u0_m0_wo0_mtree_mult1_3_component ;
+------------------------------------------------+--------------+------------------------------------------------------------------------------------------------------------------------------------------+
; Parameter Name                                 ; Value        ; Type                                                                                                                                     ;
+------------------------------------------------+--------------+------------------------------------------------------------------------------------------------------------------------------------------+
; AUTO_CARRY_CHAINS                              ; ON           ; AUTO_CARRY                                                                                                                               ;
; IGNORE_CARRY_BUFFERS                           ; OFF          ; IGNORE_CARRY                                                                                                                             ;
; AUTO_CASCADE_CHAINS                            ; ON           ; AUTO_CASCADE                                                                                                                             ;
; IGNORE_CASCADE_BUFFERS                         ; OFF          ; IGNORE_CASCADE                                                                                                                           ;
; LPM_WIDTHA                                     ; 16           ; Signed Integer                                                                                                                           ;
; LPM_WIDTHB                                     ; 13           ; Signed Integer                                                                                                                           ;
; LPM_WIDTHP                                     ; 29           ; Signed Integer                                                                                                                           ;
; LPM_WIDTHR                                     ; 0            ; Untyped                                                                                                                                  ;
; LPM_WIDTHS                                     ; 1            ; Signed Integer                                                                                                                           ;
; LPM_REPRESENTATION                             ; SIGNED       ; Untyped                                                                                                                                  ;
; LPM_PIPELINE                                   ; 2            ; Signed Integer                                                                                                                           ;
; LATENCY                                        ; 0            ; Untyped                                                                                                                                  ;
; INPUT_A_IS_CONSTANT                            ; NO           ; Untyped                                                                                                                                  ;
; INPUT_B_IS_CONSTANT                            ; NO           ; Untyped                                                                                                                                  ;
; USE_EAB                                        ; OFF          ; Untyped                                                                                                                                  ;
; MAXIMIZE_SPEED                                 ; 5            ; Untyped                                                                                                                                  ;
; DEVICE_FAMILY                                  ; Cyclone IV E ; Untyped                                                                                                                                  ;
; CARRY_CHAIN                                    ; MANUAL       ; Untyped                                                                                                                                  ;
; APEX20K_TECHNOLOGY_MAPPER                      ; LUT          ; TECH_MAPPER_APEX20K                                                                                                                      ;
; DEDICATED_MULTIPLIER_CIRCUITRY                 ; YES          ; Untyped                                                                                                                                  ;
; DEDICATED_MULTIPLIER_MIN_INPUT_WIDTH_FOR_AUTO  ; 0            ; Untyped                                                                                                                                  ;
; DEDICATED_MULTIPLIER_MIN_OUTPUT_WIDTH_FOR_AUTO ; 0            ; Untyped                                                                                                                                  ;
; CBXI_PARAMETER                                 ; mult_8eu     ; Untyped                                                                                                                                  ;
; INPUT_A_FIXED_VALUE                            ; Bx           ; Untyped                                                                                                                                  ;
; INPUT_B_FIXED_VALUE                            ; Bx           ; Untyped                                                                                                                                  ;
; USE_AHDL_IMPLEMENTATION                        ; OFF          ; Untyped                                                                                                                                  ;
+------------------------------------------------+--------------+------------------------------------------------------------------------------------------------------------------------------------------+
Note: In order to hide this table in the UI and the text report file, please set the "Show Parameter Settings in Synthesis Report" option in "Analysis and Synthesis Settings -> More Settings" to "Off".


+----------------------------------------------------------------------------------------------------------------------------------------------------------------------------------------------------------+
; Parameter Settings for User Entity Instance: stm32_fmc_16bit:fmc_inst|FIR1:u_fir|FIR1_0002:fir1_inst|FIR1_0002_ast:FIR1_0002_ast_inst|FIR1_0002_rtl:hpfircore|LPM_MULT:u0_m0_wo0_mtree_mult1_2_component ;
+------------------------------------------------+--------------+------------------------------------------------------------------------------------------------------------------------------------------+
; Parameter Name                                 ; Value        ; Type                                                                                                                                     ;
+------------------------------------------------+--------------+------------------------------------------------------------------------------------------------------------------------------------------+
; AUTO_CARRY_CHAINS                              ; ON           ; AUTO_CARRY                                                                                                                               ;
; IGNORE_CARRY_BUFFERS                           ; OFF          ; IGNORE_CARRY                                                                                                                             ;
; AUTO_CASCADE_CHAINS                            ; ON           ; AUTO_CASCADE                                                                                                                             ;
; IGNORE_CASCADE_BUFFERS                         ; OFF          ; IGNORE_CASCADE                                                                                                                           ;
; LPM_WIDTHA                                     ; 16           ; Signed Integer                                                                                                                           ;
; LPM_WIDTHB                                     ; 13           ; Signed Integer                                                                                                                           ;
; LPM_WIDTHP                                     ; 29           ; Signed Integer                                                                                                                           ;
; LPM_WIDTHR                                     ; 0            ; Untyped                                                                                                                                  ;
; LPM_WIDTHS                                     ; 1            ; Signed Integer                                                                                                                           ;
; LPM_REPRESENTATION                             ; SIGNED       ; Untyped                                                                                                                                  ;
; LPM_PIPELINE                                   ; 2            ; Signed Integer                                                                                                                           ;
; LATENCY                                        ; 0            ; Untyped                                                                                                                                  ;
; INPUT_A_IS_CONSTANT                            ; NO           ; Untyped                                                                                                                                  ;
; INPUT_B_IS_CONSTANT                            ; NO           ; Untyped                                                                                                                                  ;
; USE_EAB                                        ; OFF          ; Untyped                                                                                                                                  ;
; MAXIMIZE_SPEED                                 ; 5            ; Untyped                                                                                                                                  ;
; DEVICE_FAMILY                                  ; Cyclone IV E ; Untyped                                                                                                                                  ;
; CARRY_CHAIN                                    ; MANUAL       ; Untyped                                                                                                                                  ;
; APEX20K_TECHNOLOGY_MAPPER                      ; LUT          ; TECH_MAPPER_APEX20K                                                                                                                      ;
; DEDICATED_MULTIPLIER_CIRCUITRY                 ; YES          ; Untyped                                                                                                                                  ;
; DEDICATED_MULTIPLIER_MIN_INPUT_WIDTH_FOR_AUTO  ; 0            ; Untyped                                                                                                                                  ;
; DEDICATED_MULTIPLIER_MIN_OUTPUT_WIDTH_FOR_AUTO ; 0            ; Untyped                                                                                                                                  ;
; CBXI_PARAMETER                                 ; mult_8eu     ; Untyped                                                                                                                                  ;
; INPUT_A_FIXED_VALUE                            ; Bx           ; Untyped                                                                                                                                  ;
; INPUT_B_FIXED_VALUE                            ; Bx           ; Untyped                                                                                                                                  ;
; USE_AHDL_IMPLEMENTATION                        ; OFF          ; Untyped                                                                                                                                  ;
+------------------------------------------------+--------------+------------------------------------------------------------------------------------------------------------------------------------------+
Note: In order to hide this table in the UI and the text report file, please set the "Show Parameter Settings in Synthesis Report" option in "Analysis and Synthesis Settings -> More Settings" to "Off".


+----------------------------------------------------------------------------------------------------------------------------------------------------------------------------------------------------------+
; Parameter Settings for User Entity Instance: stm32_fmc_16bit:fmc_inst|FIR1:u_fir|FIR1_0002:fir1_inst|FIR1_0002_ast:FIR1_0002_ast_inst|FIR1_0002_rtl:hpfircore|LPM_MULT:u0_m0_wo0_mtree_mult1_1_component ;
+------------------------------------------------+--------------+------------------------------------------------------------------------------------------------------------------------------------------+
; Parameter Name                                 ; Value        ; Type                                                                                                                                     ;
+------------------------------------------------+--------------+------------------------------------------------------------------------------------------------------------------------------------------+
; AUTO_CARRY_CHAINS                              ; ON           ; AUTO_CARRY                                                                                                                               ;
; IGNORE_CARRY_BUFFERS                           ; OFF          ; IGNORE_CARRY                                                                                                                             ;
; AUTO_CASCADE_CHAINS                            ; ON           ; AUTO_CASCADE                                                                                                                             ;
; IGNORE_CASCADE_BUFFERS                         ; OFF          ; IGNORE_CASCADE                                                                                                                           ;
; LPM_WIDTHA                                     ; 16           ; Signed Integer                                                                                                                           ;
; LPM_WIDTHB                                     ; 13           ; Signed Integer                                                                                                                           ;
; LPM_WIDTHP                                     ; 29           ; Signed Integer                                                                                                                           ;
; LPM_WIDTHR                                     ; 0            ; Untyped                                                                                                                                  ;
; LPM_WIDTHS                                     ; 1            ; Signed Integer                                                                                                                           ;
; LPM_REPRESENTATION                             ; SIGNED       ; Untyped                                                                                                                                  ;
; LPM_PIPELINE                                   ; 2            ; Signed Integer                                                                                                                           ;
; LATENCY                                        ; 0            ; Untyped                                                                                                                                  ;
; INPUT_A_IS_CONSTANT                            ; NO           ; Untyped                                                                                                                                  ;
; INPUT_B_IS_CONSTANT                            ; NO           ; Untyped                                                                                                                                  ;
; USE_EAB                                        ; OFF          ; Untyped                                                                                                                                  ;
; MAXIMIZE_SPEED                                 ; 5            ; Untyped                                                                                                                                  ;
; DEVICE_FAMILY                                  ; Cyclone IV E ; Untyped                                                                                                                                  ;
; CARRY_CHAIN                                    ; MANUAL       ; Untyped                                                                                                                                  ;
; APEX20K_TECHNOLOGY_MAPPER                      ; LUT          ; TECH_MAPPER_APEX20K                                                                                                                      ;
; DEDICATED_MULTIPLIER_CIRCUITRY                 ; YES          ; Untyped                                                                                                                                  ;
; DEDICATED_MULTIPLIER_MIN_INPUT_WIDTH_FOR_AUTO  ; 0            ; Untyped                                                                                                                                  ;
; DEDICATED_MULTIPLIER_MIN_OUTPUT_WIDTH_FOR_AUTO ; 0            ; Untyped                                                                                                                                  ;
; CBXI_PARAMETER                                 ; mult_8eu     ; Untyped                                                                                                                                  ;
; INPUT_A_FIXED_VALUE                            ; Bx           ; Untyped                                                                                                                                  ;
; INPUT_B_FIXED_VALUE                            ; Bx           ; Untyped                                                                                                                                  ;
; USE_AHDL_IMPLEMENTATION                        ; OFF          ; Untyped                                                                                                                                  ;
+------------------------------------------------+--------------+------------------------------------------------------------------------------------------------------------------------------------------+
Note: In order to hide this table in the UI and the text report file, please set the "Show Parameter Settings in Synthesis Report" option in "Analysis and Synthesis Settings -> More Settings" to "Off".


+----------------------------------------------------------------------------------------------------------------------------------------------------------------------------------------------------------+
; Parameter Settings for User Entity Instance: stm32_fmc_16bit:fmc_inst|FIR1:u_fir|FIR1_0002:fir1_inst|FIR1_0002_ast:FIR1_0002_ast_inst|FIR1_0002_rtl:hpfircore|LPM_MULT:u0_m0_wo0_mtree_mult1_0_component ;
+------------------------------------------------+--------------+------------------------------------------------------------------------------------------------------------------------------------------+
; Parameter Name                                 ; Value        ; Type                                                                                                                                     ;
+------------------------------------------------+--------------+------------------------------------------------------------------------------------------------------------------------------------------+
; AUTO_CARRY_CHAINS                              ; ON           ; AUTO_CARRY                                                                                                                               ;
; IGNORE_CARRY_BUFFERS                           ; OFF          ; IGNORE_CARRY                                                                                                                             ;
; AUTO_CASCADE_CHAINS                            ; ON           ; AUTO_CASCADE                                                                                                                             ;
; IGNORE_CASCADE_BUFFERS                         ; OFF          ; IGNORE_CASCADE                                                                                                                           ;
; LPM_WIDTHA                                     ; 16           ; Signed Integer                                                                                                                           ;
; LPM_WIDTHB                                     ; 13           ; Signed Integer                                                                                                                           ;
; LPM_WIDTHP                                     ; 29           ; Signed Integer                                                                                                                           ;
; LPM_WIDTHR                                     ; 0            ; Untyped                                                                                                                                  ;
; LPM_WIDTHS                                     ; 1            ; Signed Integer                                                                                                                           ;
; LPM_REPRESENTATION                             ; SIGNED       ; Untyped                                                                                                                                  ;
; LPM_PIPELINE                                   ; 2            ; Signed Integer                                                                                                                           ;
; LATENCY                                        ; 0            ; Untyped                                                                                                                                  ;
; INPUT_A_IS_CONSTANT                            ; NO           ; Untyped                                                                                                                                  ;
; INPUT_B_IS_CONSTANT                            ; NO           ; Untyped                                                                                                                                  ;
; USE_EAB                                        ; OFF          ; Untyped                                                                                                                                  ;
; MAXIMIZE_SPEED                                 ; 5            ; Untyped                                                                                                                                  ;
; DEVICE_FAMILY                                  ; Cyclone IV E ; Untyped                                                                                                                                  ;
; CARRY_CHAIN                                    ; MANUAL       ; Untyped                                                                                                                                  ;
; APEX20K_TECHNOLOGY_MAPPER                      ; LUT          ; TECH_MAPPER_APEX20K                                                                                                                      ;
; DEDICATED_MULTIPLIER_CIRCUITRY                 ; YES          ; Untyped                                                                                                                                  ;
; DEDICATED_MULTIPLIER_MIN_INPUT_WIDTH_FOR_AUTO  ; 0            ; Untyped                                                                                                                                  ;
; DEDICATED_MULTIPLIER_MIN_OUTPUT_WIDTH_FOR_AUTO ; 0            ; Untyped                                                                                                                                  ;
; CBXI_PARAMETER                                 ; mult_8eu     ; Untyped                                                                                                                                  ;
; INPUT_A_FIXED_VALUE                            ; Bx           ; Untyped                                                                                                                                  ;
; INPUT_B_FIXED_VALUE                            ; Bx           ; Untyped                                                                                                                                  ;
; USE_AHDL_IMPLEMENTATION                        ; OFF          ; Untyped                                                                                                                                  ;
+------------------------------------------------+--------------+------------------------------------------------------------------------------------------------------------------------------------------+
Note: In order to hide this table in the UI and the text report file, please set the "Show Parameter Settings in Synthesis Report" option in "Analysis and Synthesis Settings -> More Settings" to "Off".


+-----------------------------------------------------------------------------------------------------------------------------------------------------------------------------------------+
; Parameter Settings for User Entity Instance: stm32_fmc_16bit:fmc_inst|FIR1:u_fir|FIR1_0002:fir1_inst|FIR1_0002_ast:FIR1_0002_ast_inst|auk_dspip_roundsat_hpfir:\gen_outp_blk:0:outp_blk ;
+----------------+-------+----------------------------------------------------------------------------------------------------------------------------------------------------------------+
; Parameter Name ; Value ; Type                                                                                                                                                           ;
+----------------+-------+----------------------------------------------------------------------------------------------------------------------------------------------------------------+
; in_width_g     ; 35    ; Signed Integer                                                                                                                                                 ;
; rem_lsb_bit_g  ; 14    ; Signed Integer                                                                                                                                                 ;
; rem_lsb_type_g ; trunc ; String                                                                                                                                                         ;
; rem_msb_bit_g  ; 0     ; Signed Integer                                                                                                                                                 ;
; rem_msb_type_g ; trunc ; String                                                                                                                                                         ;
+----------------+-------+----------------------------------------------------------------------------------------------------------------------------------------------------------------+
Note: In order to hide this table in the UI and the text report file, please set the "Show Parameter Settings in Synthesis Report" option in "Analysis and Synthesis Settings -> More Settings" to "Off".


+--------------------------------------------------------------------------------------------------------------------------------+
; Parameter Settings for Inferred Entity Instance: sld_signaltap:auto_signaltap_0                                                ;
+-------------------------------------------------+-------------------------------------------------------------+----------------+
; Parameter Name                                  ; Value                                                       ; Type           ;
+-------------------------------------------------+-------------------------------------------------------------+----------------+
; lpm_type                                        ; sld_signaltap                                               ; String         ;
; sld_node_info                                   ; 805334528                                                   ; Untyped        ;
; SLD_SECTION_ID                                  ; hdl_signaltap_0                                             ; String         ;
; SLD_IP_VERSION                                  ; 6                                                           ; Signed Integer ;
; SLD_IP_MINOR_VERSION                            ; 0                                                           ; Signed Integer ;
; SLD_COMMON_IP_VERSION                           ; 0                                                           ; Signed Integer ;
; sld_data_bits                                   ; 12                                                          ; Untyped        ;
; sld_trigger_bits                                ; 12                                                          ; Untyped        ;
; SLD_NODE_CRC_BITS                               ; 32                                                          ; Signed Integer ;
; SLD_NODE_CRC_HIWORD                             ; 41394                                                       ; Signed Integer ;
; SLD_NODE_CRC_LOWORD                             ; 50132                                                       ; Signed Integer ;
; sld_incremental_routing                         ; 1                                                           ; Untyped        ;
; sld_sample_depth                                ; 512                                                         ; Untyped        ;
; sld_segment_size                                ; 512                                                         ; Untyped        ;
; sld_ram_block_type                              ; AUTO                                                        ; Untyped        ;
; sld_state_bits                                  ; 11                                                          ; Untyped        ;
; sld_buffer_full_stop                            ; 1                                                           ; Untyped        ;
; SLD_MEM_ADDRESS_BITS                            ; 7                                                           ; Signed Integer ;
; SLD_DATA_BIT_CNTR_BITS                          ; 4                                                           ; Signed Integer ;
; sld_trigger_level                               ; 1                                                           ; Untyped        ;
; sld_trigger_in_enabled                          ; 0                                                           ; Untyped        ;
; SLD_HPS_TRIGGER_IN_ENABLED                      ; 0                                                           ; Signed Integer ;
; SLD_HPS_TRIGGER_OUT_ENABLED                     ; 0                                                           ; Signed Integer ;
; SLD_HPS_EVENT_ENABLED                           ; 0                                                           ; Signed Integer ;
; SLD_HPS_EVENT_ID                                ; 0                                                           ; Signed Integer ;
; sld_advanced_trigger_entity                     ; basic,1,                                                    ; Untyped        ;
; sld_trigger_level_pipeline                      ; 1                                                           ; Untyped        ;
; sld_enable_advanced_trigger                     ; 0                                                           ; Untyped        ;
; SLD_ADVANCED_TRIGGER_1                          ; NONE                                                        ; String         ;
; SLD_ADVANCED_TRIGGER_2                          ; NONE                                                        ; String         ;
; SLD_ADVANCED_TRIGGER_3                          ; NONE                                                        ; String         ;
; SLD_ADVANCED_TRIGGER_4                          ; NONE                                                        ; String         ;
; SLD_ADVANCED_TRIGGER_5                          ; NONE                                                        ; String         ;
; SLD_ADVANCED_TRIGGER_6                          ; NONE                                                        ; String         ;
; SLD_ADVANCED_TRIGGER_7                          ; NONE                                                        ; String         ;
; SLD_ADVANCED_TRIGGER_8                          ; NONE                                                        ; String         ;
; SLD_ADVANCED_TRIGGER_9                          ; NONE                                                        ; String         ;
; SLD_ADVANCED_TRIGGER_10                         ; NONE                                                        ; String         ;
; sld_inversion_mask_length                       ; 59                                                          ; Untyped        ;
; sld_inversion_mask                              ; 00000000000000000000000000000000000000000000000000000000000 ; Untyped        ;
; sld_power_up_trigger                            ; 0                                                           ; Untyped        ;
; SLD_STATE_FLOW_MGR_ENTITY                       ; state_flow_mgr_entity.vhd                                   ; String         ;
; sld_state_flow_use_generated                    ; 0                                                           ; Untyped        ;
; sld_current_resource_width                      ; 1                                                           ; Untyped        ;
; sld_attribute_mem_mode                          ; OFF                                                         ; Untyped        ;
; sld_storage_qualifier_bits                      ; 12                                                          ; Untyped        ;
; SLD_STORAGE_QUALIFIER_GAP_RECORD                ; 0                                                           ; Signed Integer ;
; SLD_STORAGE_QUALIFIER_MODE                      ; OFF                                                         ; String         ;
; SLD_STORAGE_QUALIFIER_ENABLE_ADVANCED_CONDITION ; 0                                                           ; Signed Integer ;
; sld_storage_qualifier_inversion_mask_length     ; 0                                                           ; Untyped        ;
; SLD_STORAGE_QUALIFIER_ADVANCED_CONDITION_ENTITY ; basic                                                       ; String         ;
; SLD_STORAGE_QUALIFIER_PIPELINE                  ; 0                                                           ; Signed Integer ;
+-------------------------------------------------+-------------------------------------------------------------+----------------+
Note: In order to hide this table in the UI and the text report file, please set the "Show Parameter Settings in Synthesis Report" option in "Analysis and Synthesis Settings -> More Settings" to "Off".


+--------------------------------------------------------------------------------------------+
; Parameter Settings for Inferred Entity Instance: ram_2port1:ram1_inst|altsyncram:mem_rtl_0 ;
+------------------------------------+----------------------+--------------------------------+
; Parameter Name                     ; Value                ; Type                           ;
+------------------------------------+----------------------+--------------------------------+
; BYTE_SIZE_BLOCK                    ; 8                    ; Untyped                        ;
; AUTO_CARRY_CHAINS                  ; ON                   ; AUTO_CARRY                     ;
; IGNORE_CARRY_BUFFERS               ; OFF                  ; IGNORE_CARRY                   ;
; AUTO_CASCADE_CHAINS                ; ON                   ; AUTO_CASCADE                   ;
; IGNORE_CASCADE_BUFFERS             ; OFF                  ; IGNORE_CASCADE                 ;
; WIDTH_BYTEENA                      ; 1                    ; Untyped                        ;
; OPERATION_MODE                     ; BIDIR_DUAL_PORT      ; Untyped                        ;
; WIDTH_A                            ; 16                   ; Untyped                        ;
; WIDTHAD_A                          ; 10                   ; Untyped                        ;
; NUMWORDS_A                         ; 1024                 ; Untyped                        ;
; OUTDATA_REG_A                      ; UNREGISTERED         ; Untyped                        ;
; ADDRESS_ACLR_A                     ; NONE                 ; Untyped                        ;
; OUTDATA_ACLR_A                     ; NONE                 ; Untyped                        ;
; WRCONTROL_ACLR_A                   ; NONE                 ; Untyped                        ;
; INDATA_ACLR_A                      ; NONE                 ; Untyped                        ;
; BYTEENA_ACLR_A                     ; NONE                 ; Untyped                        ;
; WIDTH_B                            ; 16                   ; Untyped                        ;
; WIDTHAD_B                          ; 10                   ; Untyped                        ;
; NUMWORDS_B                         ; 1024                 ; Untyped                        ;
; INDATA_REG_B                       ; CLOCK0               ; Untyped                        ;
; WRCONTROL_WRADDRESS_REG_B          ; CLOCK0               ; Untyped                        ;
; RDCONTROL_REG_B                    ; CLOCK1               ; Untyped                        ;
; ADDRESS_REG_B                      ; CLOCK0               ; Untyped                        ;
; OUTDATA_REG_B                      ; UNREGISTERED         ; Untyped                        ;
; BYTEENA_REG_B                      ; CLOCK1               ; Untyped                        ;
; INDATA_ACLR_B                      ; NONE                 ; Untyped                        ;
; WRCONTROL_ACLR_B                   ; NONE                 ; Untyped                        ;
; ADDRESS_ACLR_B                     ; NONE                 ; Untyped                        ;
; OUTDATA_ACLR_B                     ; NONE                 ; Untyped                        ;
; RDCONTROL_ACLR_B                   ; NONE                 ; Untyped                        ;
; BYTEENA_ACLR_B                     ; NONE                 ; Untyped                        ;
; WIDTH_BYTEENA_A                    ; 1                    ; Untyped                        ;
; WIDTH_BYTEENA_B                    ; 1                    ; Untyped                        ;
; RAM_BLOCK_TYPE                     ; M9K                  ; Untyped                        ;
; BYTE_SIZE                          ; 8                    ; Untyped                        ;
; READ_DURING_WRITE_MODE_MIXED_PORTS ; OLD_DATA             ; Untyped                        ;
; READ_DURING_WRITE_MODE_PORT_A      ; OLD_DATA             ; Untyped                        ;
; READ_DURING_WRITE_MODE_PORT_B      ; NEW_DATA_NO_NBE_READ ; Untyped                        ;
; INIT_FILE                          ; UNUSED               ; Untyped                        ;
; INIT_FILE_LAYOUT                   ; PORT_A               ; Untyped                        ;
; MAXIMUM_DEPTH                      ; 0                    ; Untyped                        ;
; CLOCK_ENABLE_INPUT_A               ; NORMAL               ; Untyped                        ;
; CLOCK_ENABLE_INPUT_B               ; NORMAL               ; Untyped                        ;
; CLOCK_ENABLE_OUTPUT_A              ; NORMAL               ; Untyped                        ;
; CLOCK_ENABLE_OUTPUT_B              ; NORMAL               ; Untyped                        ;
; CLOCK_ENABLE_CORE_A                ; USE_INPUT_CLKEN      ; Untyped                        ;
; CLOCK_ENABLE_CORE_B                ; USE_INPUT_CLKEN      ; Untyped                        ;
; ENABLE_ECC                         ; FALSE                ; Untyped                        ;
; ECC_PIPELINE_STAGE_ENABLED         ; FALSE                ; Untyped                        ;
; WIDTH_ECCSTATUS                    ; 3                    ; Untyped                        ;
; DEVICE_FAMILY                      ; Cyclone IV E         ; Untyped                        ;
; CBXI_PARAMETER                     ; altsyncram_fh02      ; Untyped                        ;
+------------------------------------+----------------------+--------------------------------+
Note: In order to hide this table in the UI and the text report file, please set the "Show Parameter Settings in Synthesis Report" option in "Analysis and Synthesis Settings -> More Settings" to "Off".


+--------------------------------------------------------------------------------------------+
; Parameter Settings for Inferred Entity Instance: ram_2port1:ram2_inst|altsyncram:mem_rtl_0 ;
+------------------------------------+----------------------+--------------------------------+
; Parameter Name                     ; Value                ; Type                           ;
+------------------------------------+----------------------+--------------------------------+
; BYTE_SIZE_BLOCK                    ; 8                    ; Untyped                        ;
; AUTO_CARRY_CHAINS                  ; ON                   ; AUTO_CARRY                     ;
; IGNORE_CARRY_BUFFERS               ; OFF                  ; IGNORE_CARRY                   ;
; AUTO_CASCADE_CHAINS                ; ON                   ; AUTO_CASCADE                   ;
; IGNORE_CASCADE_BUFFERS             ; OFF                  ; IGNORE_CASCADE                 ;
; WIDTH_BYTEENA                      ; 1                    ; Untyped                        ;
; OPERATION_MODE                     ; BIDIR_DUAL_PORT      ; Untyped                        ;
; WIDTH_A                            ; 16                   ; Untyped                        ;
; WIDTHAD_A                          ; 10                   ; Untyped                        ;
; NUMWORDS_A                         ; 1024                 ; Untyped                        ;
; OUTDATA_REG_A                      ; UNREGISTERED         ; Untyped                        ;
; ADDRESS_ACLR_A                     ; NONE                 ; Untyped                        ;
; OUTDATA_ACLR_A                     ; NONE                 ; Untyped                        ;
; WRCONTROL_ACLR_A                   ; NONE                 ; Untyped                        ;
; INDATA_ACLR_A                      ; NONE                 ; Untyped                        ;
; BYTEENA_ACLR_A                     ; NONE                 ; Untyped                        ;
; WIDTH_B                            ; 16                   ; Untyped                        ;
; WIDTHAD_B                          ; 10                   ; Untyped                        ;
; NUMWORDS_B                         ; 1024                 ; Untyped                        ;
; INDATA_REG_B                       ; CLOCK0               ; Untyped                        ;
; WRCONTROL_WRADDRESS_REG_B          ; CLOCK0               ; Untyped                        ;
; RDCONTROL_REG_B                    ; CLOCK1               ; Untyped                        ;
; ADDRESS_REG_B                      ; CLOCK0               ; Untyped                        ;
; OUTDATA_REG_B                      ; UNREGISTERED         ; Untyped                        ;
; BYTEENA_REG_B                      ; CLOCK1               ; Untyped                        ;
; INDATA_ACLR_B                      ; NONE                 ; Untyped                        ;
; WRCONTROL_ACLR_B                   ; NONE                 ; Untyped                        ;
; ADDRESS_ACLR_B                     ; NONE                 ; Untyped                        ;
; OUTDATA_ACLR_B                     ; NONE                 ; Untyped                        ;
; RDCONTROL_ACLR_B                   ; NONE                 ; Untyped                        ;
; BYTEENA_ACLR_B                     ; NONE                 ; Untyped                        ;
; WIDTH_BYTEENA_A                    ; 1                    ; Untyped                        ;
; WIDTH_BYTEENA_B                    ; 1                    ; Untyped                        ;
; RAM_BLOCK_TYPE                     ; M9K                  ; Untyped                        ;
; BYTE_SIZE                          ; 8                    ; Untyped                        ;
; READ_DURING_WRITE_MODE_MIXED_PORTS ; OLD_DATA             ; Untyped                        ;
; READ_DURING_WRITE_MODE_PORT_A      ; OLD_DATA             ; Untyped                        ;
; READ_DURING_WRITE_MODE_PORT_B      ; NEW_DATA_NO_NBE_READ ; Untyped                        ;
; INIT_FILE                          ; UNUSED               ; Untyped                        ;
; INIT_FILE_LAYOUT                   ; PORT_A               ; Untyped                        ;
; MAXIMUM_DEPTH                      ; 0                    ; Untyped                        ;
; CLOCK_ENABLE_INPUT_A               ; NORMAL               ; Untyped                        ;
; CLOCK_ENABLE_INPUT_B               ; NORMAL               ; Untyped                        ;
; CLOCK_ENABLE_OUTPUT_A              ; NORMAL               ; Untyped                        ;
; CLOCK_ENABLE_OUTPUT_B              ; NORMAL               ; Untyped                        ;
; CLOCK_ENABLE_CORE_A                ; USE_INPUT_CLKEN      ; Untyped                        ;
; CLOCK_ENABLE_CORE_B                ; USE_INPUT_CLKEN      ; Untyped                        ;
; ENABLE_ECC                         ; FALSE                ; Untyped                        ;
; ECC_PIPELINE_STAGE_ENABLED         ; FALSE                ; Untyped                        ;
; WIDTH_ECCSTATUS                    ; 3                    ; Untyped                        ;
; DEVICE_FAMILY                      ; Cyclone IV E         ; Untyped                        ;
; CBXI_PARAMETER                     ; altsyncram_fh02      ; Untyped                        ;
+------------------------------------+----------------------+--------------------------------+
Note: In order to hide this table in the UI and the text report file, please set the "Show Parameter Settings in Synthesis Report" option in "Analysis and Synthesis Settings -> More Settings" to "Off".


+-----------------------------------------------------------------------------------------------------+
; Parameter Settings for Inferred Entity Instance: stm32_fmc_16bit:fmc_inst|altsyncram:adc1_ram_rtl_0 ;
+------------------------------------+----------------------+-----------------------------------------+
; Parameter Name                     ; Value                ; Type                                    ;
+------------------------------------+----------------------+-----------------------------------------+
; BYTE_SIZE_BLOCK                    ; 8                    ; Untyped                                 ;
; AUTO_CARRY_CHAINS                  ; ON                   ; AUTO_CARRY                              ;
; IGNORE_CARRY_BUFFERS               ; OFF                  ; IGNORE_CARRY                            ;
; AUTO_CASCADE_CHAINS                ; ON                   ; AUTO_CASCADE                            ;
; IGNORE_CASCADE_BUFFERS             ; OFF                  ; IGNORE_CASCADE                          ;
; WIDTH_BYTEENA                      ; 1                    ; Untyped                                 ;
; OPERATION_MODE                     ; DUAL_PORT            ; Untyped                                 ;
; WIDTH_A                            ; 16                   ; Untyped                                 ;
; WIDTHAD_A                          ; 13                   ; Untyped                                 ;
; NUMWORDS_A                         ; 8192                 ; Untyped                                 ;
; OUTDATA_REG_A                      ; UNREGISTERED         ; Untyped                                 ;
; ADDRESS_ACLR_A                     ; NONE                 ; Untyped                                 ;
; OUTDATA_ACLR_A                     ; NONE                 ; Untyped                                 ;
; WRCONTROL_ACLR_A                   ; NONE                 ; Untyped                                 ;
; INDATA_ACLR_A                      ; NONE                 ; Untyped                                 ;
; BYTEENA_ACLR_A                     ; NONE                 ; Untyped                                 ;
; WIDTH_B                            ; 16                   ; Untyped                                 ;
; WIDTHAD_B                          ; 13                   ; Untyped                                 ;
; NUMWORDS_B                         ; 8192                 ; Untyped                                 ;
; INDATA_REG_B                       ; CLOCK1               ; Untyped                                 ;
; WRCONTROL_WRADDRESS_REG_B          ; CLOCK1               ; Untyped                                 ;
; RDCONTROL_REG_B                    ; CLOCK1               ; Untyped                                 ;
; ADDRESS_REG_B                      ; CLOCK1               ; Untyped                                 ;
; OUTDATA_REG_B                      ; UNREGISTERED         ; Untyped                                 ;
; BYTEENA_REG_B                      ; CLOCK1               ; Untyped                                 ;
; INDATA_ACLR_B                      ; NONE                 ; Untyped                                 ;
; WRCONTROL_ACLR_B                   ; NONE                 ; Untyped                                 ;
; ADDRESS_ACLR_B                     ; NONE                 ; Untyped                                 ;
; OUTDATA_ACLR_B                     ; NONE                 ; Untyped                                 ;
; RDCONTROL_ACLR_B                   ; NONE                 ; Untyped                                 ;
; BYTEENA_ACLR_B                     ; NONE                 ; Untyped                                 ;
; WIDTH_BYTEENA_A                    ; 1                    ; Untyped                                 ;
; WIDTH_BYTEENA_B                    ; 1                    ; Untyped                                 ;
; RAM_BLOCK_TYPE                     ; M9K                  ; Untyped                                 ;
; BYTE_SIZE                          ; 8                    ; Untyped                                 ;
; READ_DURING_WRITE_MODE_MIXED_PORTS ; DONT_CARE            ; Untyped                                 ;
; READ_DURING_WRITE_MODE_PORT_A      ; NEW_DATA_NO_NBE_READ ; Untyped                                 ;
; READ_DURING_WRITE_MODE_PORT_B      ; NEW_DATA_NO_NBE_READ ; Untyped                                 ;
; INIT_FILE                          ; UNUSED               ; Untyped                                 ;
; INIT_FILE_LAYOUT                   ; PORT_A               ; Untyped                                 ;
; MAXIMUM_DEPTH                      ; 0                    ; Untyped                                 ;
; CLOCK_ENABLE_INPUT_A               ; NORMAL               ; Untyped                                 ;
; CLOCK_ENABLE_INPUT_B               ; NORMAL               ; Untyped                                 ;
; CLOCK_ENABLE_OUTPUT_A              ; NORMAL               ; Untyped                                 ;
; CLOCK_ENABLE_OUTPUT_B              ; NORMAL               ; Untyped                                 ;
; CLOCK_ENABLE_CORE_A                ; USE_INPUT_CLKEN      ; Untyped                                 ;
; CLOCK_ENABLE_CORE_B                ; USE_INPUT_CLKEN      ; Untyped                                 ;
; ENABLE_ECC                         ; FALSE                ; Untyped                                 ;
; ECC_PIPELINE_STAGE_ENABLED         ; FALSE                ; Untyped                                 ;
; WIDTH_ECCSTATUS                    ; 3                    ; Untyped                                 ;
; DEVICE_FAMILY                      ; Cyclone IV E         ; Untyped                                 ;
; CBXI_PARAMETER                     ; altsyncram_h5f1      ; Untyped                                 ;
+------------------------------------+----------------------+-----------------------------------------+
Note: In order to hide this table in the UI and the text report file, please set the "Show Parameter Settings in Synthesis Report" option in "Analysis and Synthesis Settings -> More Settings" to "Off".


+------------------------------------------------------------------------+
; altpll Parameter Settings by Entity Instance                           ;
+-------------------------------+----------------------------------------+
; Name                          ; Value                                  ;
+-------------------------------+----------------------------------------+
; Number of entity instances    ; 1                                      ;
; Entity Instance               ; pll1:pll1_inst|altpll:altpll_component ;
;     -- OPERATION_MODE         ; NORMAL                                 ;
;     -- PLL_TYPE               ; AUTO                                   ;
;     -- PRIMARY_CLOCK          ; INCLK0                                 ;
;     -- INCLK0_INPUT_FREQUENCY ; 20000                                  ;
;     -- INCLK1_INPUT_FREQUENCY ; 0                                      ;
;     -- VCO_MULTIPLY_BY        ; 0                                      ;
;     -- VCO_DIVIDE_BY          ; 0                                      ;
+-------------------------------+----------------------------------------+


+-----------------------------------------------------------------------------------------------------------------------------------------------------------------------------------------------------+
; altsyncram Parameter Settings by Entity Instance                                                                                                                                                    ;
+-------------------------------------------+---------------------------------------------------------------------------------------------------------------------------------------------------------+
; Name                                      ; Value                                                                                                                                                   ;
+-------------------------------------------+---------------------------------------------------------------------------------------------------------------------------------------------------------+
; Number of entity instances                ; 13                                                                                                                                                      ;
; Entity Instance                           ; stm32_fmc_16bit:fmc_inst|FIR1:u_fir|FIR1_0002:fir1_inst|FIR1_0002_ast:FIR1_0002_ast_inst|FIR1_0002_rtl:hpfircore|altsyncram:u0_m0_wo0_wi0_delayr0_dmem  ;
;     -- OPERATION_MODE                     ; DUAL_PORT                                                                                                                                               ;
;     -- WIDTH_A                            ; 12                                                                                                                                                      ;
;     -- NUMWORDS_A                         ; 5                                                                                                                                                       ;
;     -- OUTDATA_REG_A                      ; UNREGISTERED                                                                                                                                            ;
;     -- WIDTH_B                            ; 12                                                                                                                                                      ;
;     -- NUMWORDS_B                         ; 5                                                                                                                                                       ;
;     -- ADDRESS_REG_B                      ; CLOCK0                                                                                                                                                  ;
;     -- OUTDATA_REG_B                      ; CLOCK0                                                                                                                                                  ;
;     -- RAM_BLOCK_TYPE                     ; M9K                                                                                                                                                     ;
;     -- READ_DURING_WRITE_MODE_MIXED_PORTS ; OLD_DATA                                                                                                                                                ;
; Entity Instance                           ; stm32_fmc_16bit:fmc_inst|FIR1:u_fir|FIR1_0002:fir1_inst|FIR1_0002_ast:FIR1_0002_ast_inst|FIR1_0002_rtl:hpfircore|altsyncram:u0_m0_wo0_wi0_delayr1_dmem  ;
;     -- OPERATION_MODE                     ; DUAL_PORT                                                                                                                                               ;
;     -- WIDTH_A                            ; 36                                                                                                                                                      ;
;     -- NUMWORDS_A                         ; 5                                                                                                                                                       ;
;     -- OUTDATA_REG_A                      ; UNREGISTERED                                                                                                                                            ;
;     -- WIDTH_B                            ; 36                                                                                                                                                      ;
;     -- NUMWORDS_B                         ; 5                                                                                                                                                       ;
;     -- ADDRESS_REG_B                      ; CLOCK0                                                                                                                                                  ;
;     -- OUTDATA_REG_B                      ; CLOCK0                                                                                                                                                  ;
;     -- RAM_BLOCK_TYPE                     ; M9K                                                                                                                                                     ;
;     -- READ_DURING_WRITE_MODE_MIXED_PORTS ; OLD_DATA                                                                                                                                                ;
; Entity Instance                           ; stm32_fmc_16bit:fmc_inst|FIR1:u_fir|FIR1_0002:fir1_inst|FIR1_0002_ast:FIR1_0002_ast_inst|FIR1_0002_rtl:hpfircore|altsyncram:u0_m0_wo0_wi0_delayr4_dmem  ;
;     -- OPERATION_MODE                     ; DUAL_PORT                                                                                                                                               ;
;     -- WIDTH_A                            ; 36                                                                                                                                                      ;
;     -- NUMWORDS_A                         ; 5                                                                                                                                                       ;
;     -- OUTDATA_REG_A                      ; UNREGISTERED                                                                                                                                            ;
;     -- WIDTH_B                            ; 36                                                                                                                                                      ;
;     -- NUMWORDS_B                         ; 5                                                                                                                                                       ;
;     -- ADDRESS_REG_B                      ; CLOCK0                                                                                                                                                  ;
;     -- OUTDATA_REG_B                      ; CLOCK0                                                                                                                                                  ;
;     -- RAM_BLOCK_TYPE                     ; M9K                                                                                                                                                     ;
;     -- READ_DURING_WRITE_MODE_MIXED_PORTS ; OLD_DATA                                                                                                                                                ;
; Entity Instance                           ; stm32_fmc_16bit:fmc_inst|FIR1:u_fir|FIR1_0002:fir1_inst|FIR1_0002_ast:FIR1_0002_ast_inst|FIR1_0002_rtl:hpfircore|altsyncram:u0_m0_wo0_wi0_delayr7_dmem  ;
;     -- OPERATION_MODE                     ; DUAL_PORT                                                                                                                                               ;
;     -- WIDTH_A                            ; 36                                                                                                                                                      ;
;     -- NUMWORDS_A                         ; 5                                                                                                                                                       ;
;     -- OUTDATA_REG_A                      ; UNREGISTERED                                                                                                                                            ;
;     -- WIDTH_B                            ; 36                                                                                                                                                      ;
;     -- NUMWORDS_B                         ; 5                                                                                                                                                       ;
;     -- ADDRESS_REG_B                      ; CLOCK0                                                                                                                                                  ;
;     -- OUTDATA_REG_B                      ; CLOCK0                                                                                                                                                  ;
;     -- RAM_BLOCK_TYPE                     ; M9K                                                                                                                                                     ;
;     -- READ_DURING_WRITE_MODE_MIXED_PORTS ; OLD_DATA                                                                                                                                                ;
; Entity Instance                           ; stm32_fmc_16bit:fmc_inst|FIR1:u_fir|FIR1_0002:fir1_inst|FIR1_0002_ast:FIR1_0002_ast_inst|FIR1_0002_rtl:hpfircore|altsyncram:u0_m0_wo0_wi0_delayr10_dmem ;
;     -- OPERATION_MODE                     ; DUAL_PORT                                                                                                                                               ;
;     -- WIDTH_A                            ; 36                                                                                                                                                      ;
;     -- NUMWORDS_A                         ; 5                                                                                                                                                       ;
;     -- OUTDATA_REG_A                      ; UNREGISTERED                                                                                                                                            ;
;     -- WIDTH_B                            ; 36                                                                                                                                                      ;
;     -- NUMWORDS_B                         ; 5                                                                                                                                                       ;
;     -- ADDRESS_REG_B                      ; CLOCK0                                                                                                                                                  ;
;     -- OUTDATA_REG_B                      ; CLOCK0                                                                                                                                                  ;
;     -- RAM_BLOCK_TYPE                     ; M9K                                                                                                                                                     ;
;     -- READ_DURING_WRITE_MODE_MIXED_PORTS ; OLD_DATA                                                                                                                                                ;
; Entity Instance                           ; stm32_fmc_16bit:fmc_inst|FIR1:u_fir|FIR1_0002:fir1_inst|FIR1_0002_ast:FIR1_0002_ast_inst|FIR1_0002_rtl:hpfircore|altsyncram:u0_m0_wo0_wi0_delayr14_dmem ;
;     -- OPERATION_MODE                     ; DUAL_PORT                                                                                                                                               ;
;     -- WIDTH_A                            ; 12                                                                                                                                                      ;
;     -- NUMWORDS_A                         ; 8                                                                                                                                                       ;
;     -- OUTDATA_REG_A                      ; UNREGISTERED                                                                                                                                            ;
;     -- WIDTH_B                            ; 12                                                                                                                                                      ;
;     -- NUMWORDS_B                         ; 8                                                                                                                                                       ;
;     -- ADDRESS_REG_B                      ; CLOCK0                                                                                                                                                  ;
;     -- OUTDATA_REG_B                      ; CLOCK0                                                                                                                                                  ;
;     -- RAM_BLOCK_TYPE                     ; M9K                                                                                                                                                     ;
;     -- READ_DURING_WRITE_MODE_MIXED_PORTS ; OLD_DATA                                                                                                                                                ;
; Entity Instance                           ; stm32_fmc_16bit:fmc_inst|FIR1:u_fir|FIR1_0002:fir1_inst|FIR1_0002_ast:FIR1_0002_ast_inst|FIR1_0002_rtl:hpfircore|altsyncram:u0_m0_wo0_wi0_delayr15_dmem ;
;     -- OPERATION_MODE                     ; DUAL_PORT                                                                                                                                               ;
;     -- WIDTH_A                            ; 36                                                                                                                                                      ;
;     -- NUMWORDS_A                         ; 8                                                                                                                                                       ;
;     -- OUTDATA_REG_A                      ; UNREGISTERED                                                                                                                                            ;
;     -- WIDTH_B                            ; 36                                                                                                                                                      ;
;     -- NUMWORDS_B                         ; 8                                                                                                                                                       ;
;     -- ADDRESS_REG_B                      ; CLOCK0                                                                                                                                                  ;
;     -- OUTDATA_REG_B                      ; CLOCK0                                                                                                                                                  ;
;     -- RAM_BLOCK_TYPE                     ; M9K                                                                                                                                                     ;
;     -- READ_DURING_WRITE_MODE_MIXED_PORTS ; OLD_DATA                                                                                                                                                ;
; Entity Instance                           ; stm32_fmc_16bit:fmc_inst|FIR1:u_fir|FIR1_0002:fir1_inst|FIR1_0002_ast:FIR1_0002_ast_inst|FIR1_0002_rtl:hpfircore|altsyncram:u0_m0_wo0_wi0_delayr18_dmem ;
;     -- OPERATION_MODE                     ; DUAL_PORT                                                                                                                                               ;
;     -- WIDTH_A                            ; 36                                                                                                                                                      ;
;     -- NUMWORDS_A                         ; 8                                                                                                                                                       ;
;     -- OUTDATA_REG_A                      ; UNREGISTERED                                                                                                                                            ;
;     -- WIDTH_B                            ; 36                                                                                                                                                      ;
;     -- NUMWORDS_B                         ; 8                                                                                                                                                       ;
;     -- ADDRESS_REG_B                      ; CLOCK0                                                                                                                                                  ;
;     -- OUTDATA_REG_B                      ; CLOCK0                                                                                                                                                  ;
;     -- RAM_BLOCK_TYPE                     ; M9K                                                                                                                                                     ;
;     -- READ_DURING_WRITE_MODE_MIXED_PORTS ; OLD_DATA                                                                                                                                                ;
; Entity Instance                           ; stm32_fmc_16bit:fmc_inst|FIR1:u_fir|FIR1_0002:fir1_inst|FIR1_0002_ast:FIR1_0002_ast_inst|FIR1_0002_rtl:hpfircore|altsyncram:u0_m0_wo0_wi0_delayr21_dmem ;
;     -- OPERATION_MODE                     ; DUAL_PORT                                                                                                                                               ;
;     -- WIDTH_A                            ; 36                                                                                                                                                      ;
;     -- NUMWORDS_A                         ; 8                                                                                                                                                       ;
;     -- OUTDATA_REG_A                      ; UNREGISTERED                                                                                                                                            ;
;     -- WIDTH_B                            ; 36                                                                                                                                                      ;
;     -- NUMWORDS_B                         ; 8                                                                                                                                                       ;
;     -- ADDRESS_REG_B                      ; CLOCK0                                                                                                                                                  ;
;     -- OUTDATA_REG_B                      ; CLOCK0                                                                                                                                                  ;
;     -- RAM_BLOCK_TYPE                     ; M9K                                                                                                                                                     ;
;     -- READ_DURING_WRITE_MODE_MIXED_PORTS ; OLD_DATA                                                                                                                                                ;
; Entity Instance                           ; stm32_fmc_16bit:fmc_inst|FIR1:u_fir|FIR1_0002:fir1_inst|FIR1_0002_ast:FIR1_0002_ast_inst|FIR1_0002_rtl:hpfircore|altsyncram:u0_m0_wo0_wi0_delayr24_dmem ;
;     -- OPERATION_MODE                     ; DUAL_PORT                                                                                                                                               ;
;     -- WIDTH_A                            ; 24                                                                                                                                                      ;
;     -- NUMWORDS_A                         ; 8                                                                                                                                                       ;
;     -- OUTDATA_REG_A                      ; UNREGISTERED                                                                                                                                            ;
;     -- WIDTH_B                            ; 24                                                                                                                                                      ;
;     -- NUMWORDS_B                         ; 8                                                                                                                                                       ;
;     -- ADDRESS_REG_B                      ; CLOCK0                                                                                                                                                  ;
;     -- OUTDATA_REG_B                      ; CLOCK0                                                                                                                                                  ;
;     -- RAM_BLOCK_TYPE                     ; M9K                                                                                                                                                     ;
;     -- READ_DURING_WRITE_MODE_MIXED_PORTS ; OLD_DATA                                                                                                                                                ;
; Entity Instance                           ; ram_2port1:ram1_inst|altsyncram:mem_rtl_0                                                                                                               ;
;     -- OPERATION_MODE                     ; BIDIR_DUAL_PORT                                                                                                                                         ;
;     -- WIDTH_A                            ; 16                                                                                                                                                      ;
;     -- NUMWORDS_A                         ; 1024                                                                                                                                                    ;
;     -- OUTDATA_REG_A                      ; UNREGISTERED                                                                                                                                            ;
;     -- WIDTH_B                            ; 16                                                                                                                                                      ;
;     -- NUMWORDS_B                         ; 1024                                                                                                                                                    ;
;     -- ADDRESS_REG_B                      ; CLOCK0                                                                                                                                                  ;
;     -- OUTDATA_REG_B                      ; UNREGISTERED                                                                                                                                            ;
;     -- RAM_BLOCK_TYPE                     ; M9K                                                                                                                                                     ;
;     -- READ_DURING_WRITE_MODE_MIXED_PORTS ; OLD_DATA                                                                                                                                                ;
; Entity Instance                           ; ram_2port1:ram2_inst|altsyncram:mem_rtl_0                                                                                                               ;
;     -- OPERATION_MODE                     ; BIDIR_DUAL_PORT                                                                                                                                         ;
;     -- WIDTH_A                            ; 16                                                                                                                                                      ;
;     -- NUMWORDS_A                         ; 1024                                                                                                                                                    ;
;     -- OUTDATA_REG_A                      ; UNREGISTERED                                                                                                                                            ;
;     -- WIDTH_B                            ; 16                                                                                                                                                      ;
;     -- NUMWORDS_B                         ; 1024                                                                                                                                                    ;
;     -- ADDRESS_REG_B                      ; CLOCK0                                                                                                                                                  ;
;     -- OUTDATA_REG_B                      ; UNREGISTERED                                                                                                                                            ;
;     -- RAM_BLOCK_TYPE                     ; M9K                                                                                                                                                     ;
;     -- READ_DURING_WRITE_MODE_MIXED_PORTS ; OLD_DATA                                                                                                                                                ;
; Entity Instance                           ; stm32_fmc_16bit:fmc_inst|altsyncram:adc1_ram_rtl_0                                                                                                      ;
;     -- OPERATION_MODE                     ; DUAL_PORT                                                                                                                                               ;
;     -- WIDTH_A                            ; 16                                                                                                                                                      ;
;     -- NUMWORDS_A                         ; 8192                                                                                                                                                    ;
;     -- OUTDATA_REG_A                      ; UNREGISTERED                                                                                                                                            ;
;     -- WIDTH_B                            ; 16                                                                                                                                                      ;
;     -- NUMWORDS_B                         ; 8192                                                                                                                                                    ;
;     -- ADDRESS_REG_B                      ; CLOCK1                                                                                                                                                  ;
;     -- OUTDATA_REG_B                      ; UNREGISTERED                                                                                                                                            ;
;     -- RAM_BLOCK_TYPE                     ; M9K                                                                                                                                                     ;
;     -- READ_DURING_WRITE_MODE_MIXED_PORTS ; DONT_CARE                                                                                                                                               ;
+-------------------------------------------+---------------------------------------------------------------------------------------------------------------------------------------------------------+


+------------------------------------------------------------------------------------------------------------------------------------------------------------------------------------------------------+
; lpm_mult Parameter Settings by Entity Instance                                                                                                                                                       ;
+---------------------------------------+--------------------------------------------------------------------------------------------------------------------------------------------------------------+
; Name                                  ; Value                                                                                                                                                        ;
+---------------------------------------+--------------------------------------------------------------------------------------------------------------------------------------------------------------+
; Number of entity instances            ; 13                                                                                                                                                           ;
; Entity Instance                       ; stm32_fmc_16bit:fmc_inst|FIR1:u_fir|FIR1_0002:fir1_inst|FIR1_0002_ast:FIR1_0002_ast_inst|FIR1_0002_rtl:hpfircore|LPM_MULT:u0_m0_wo0_mtree_mult1_12_component ;
;     -- LPM_WIDTHA                     ; 16                                                                                                                                                           ;
;     -- LPM_WIDTHB                     ; 13                                                                                                                                                           ;
;     -- LPM_WIDTHP                     ; 29                                                                                                                                                           ;
;     -- LPM_REPRESENTATION             ; SIGNED                                                                                                                                                       ;
;     -- INPUT_A_IS_CONSTANT            ; NO                                                                                                                                                           ;
;     -- INPUT_B_IS_CONSTANT            ; NO                                                                                                                                                           ;
;     -- USE_EAB                        ; OFF                                                                                                                                                          ;
;     -- DEDICATED_MULTIPLIER_CIRCUITRY ; YES                                                                                                                                                          ;
;     -- INPUT_A_FIXED_VALUE            ; Bx                                                                                                                                                           ;
;     -- INPUT_B_FIXED_VALUE            ; Bx                                                                                                                                                           ;
; Entity Instance                       ; stm32_fmc_16bit:fmc_inst|FIR1:u_fir|FIR1_0002:fir1_inst|FIR1_0002_ast:FIR1_0002_ast_inst|FIR1_0002_rtl:hpfircore|LPM_MULT:u0_m0_wo0_mtree_mult1_11_component ;
;     -- LPM_WIDTHA                     ; 16                                                                                                                                                           ;
;     -- LPM_WIDTHB                     ; 13                                                                                                                                                           ;
;     -- LPM_WIDTHP                     ; 29                                                                                                                                                           ;
;     -- LPM_REPRESENTATION             ; SIGNED                                                                                                                                                       ;
;     -- INPUT_A_IS_CONSTANT            ; NO                                                                                                                                                           ;
;     -- INPUT_B_IS_CONSTANT            ; NO                                                                                                                                                           ;
;     -- USE_EAB                        ; OFF                                                                                                                                                          ;
;     -- DEDICATED_MULTIPLIER_CIRCUITRY ; YES                                                                                                                                                          ;
;     -- INPUT_A_FIXED_VALUE            ; Bx                                                                                                                                                           ;
;     -- INPUT_B_FIXED_VALUE            ; Bx                                                                                                                                                           ;
; Entity Instance                       ; stm32_fmc_16bit:fmc_inst|FIR1:u_fir|FIR1_0002:fir1_inst|FIR1_0002_ast:FIR1_0002_ast_inst|FIR1_0002_rtl:hpfircore|LPM_MULT:u0_m0_wo0_mtree_mult1_10_component ;
;     -- LPM_WIDTHA                     ; 16                                                                                                                                                           ;
;     -- LPM_WIDTHB                     ; 13                                                                                                                                                           ;
;     -- LPM_WIDTHP                     ; 29                                                                                                                                                           ;
;     -- LPM_REPRESENTATION             ; SIGNED                                                                                                                                                       ;
;     -- INPUT_A_IS_CONSTANT            ; NO                                                                                                                                                           ;
;     -- INPUT_B_IS_CONSTANT            ; NO                                                                                                                                                           ;
;     -- USE_EAB                        ; OFF                                                                                                                                                          ;
;     -- DEDICATED_MULTIPLIER_CIRCUITRY ; YES                                                                                                                                                          ;
;     -- INPUT_A_FIXED_VALUE            ; Bx                                                                                                                                                           ;
;     -- INPUT_B_FIXED_VALUE            ; Bx                                                                                                                                                           ;
; Entity Instance                       ; stm32_fmc_16bit:fmc_inst|FIR1:u_fir|FIR1_0002:fir1_inst|FIR1_0002_ast:FIR1_0002_ast_inst|FIR1_0002_rtl:hpfircore|LPM_MULT:u0_m0_wo0_mtree_mult1_9_component  ;
;     -- LPM_WIDTHA                     ; 16                                                                                                                                                           ;
;     -- LPM_WIDTHB                     ; 13                                                                                                                                                           ;
;     -- LPM_WIDTHP                     ; 29                                                                                                                                                           ;
;     -- LPM_REPRESENTATION             ; SIGNED                                                                                                                                                       ;
;     -- INPUT_A_IS_CONSTANT            ; NO                                                                                                                                                           ;
;     -- INPUT_B_IS_CONSTANT            ; NO                                                                                                                                                           ;
;     -- USE_EAB                        ; OFF                                                                                                                                                          ;
;     -- DEDICATED_MULTIPLIER_CIRCUITRY ; YES                                                                                                                                                          ;
;     -- INPUT_A_FIXED_VALUE            ; Bx                                                                                                                                                           ;
;     -- INPUT_B_FIXED_VALUE            ; Bx                                                                                                                                                           ;
; Entity Instance                       ; stm32_fmc_16bit:fmc_inst|FIR1:u_fir|FIR1_0002:fir1_inst|FIR1_0002_ast:FIR1_0002_ast_inst|FIR1_0002_rtl:hpfircore|LPM_MULT:u0_m0_wo0_mtree_mult1_8_component  ;
;     -- LPM_WIDTHA                     ; 16                                                                                                                                                           ;
;     -- LPM_WIDTHB                     ; 13                                                                                                                                                           ;
;     -- LPM_WIDTHP                     ; 29                                                                                                                                                           ;
;     -- LPM_REPRESENTATION             ; SIGNED                                                                                                                                                       ;
;     -- INPUT_A_IS_CONSTANT            ; NO                                                                                                                                                           ;
;     -- INPUT_B_IS_CONSTANT            ; NO                                                                                                                                                           ;
;     -- USE_EAB                        ; OFF                                                                                                                                                          ;
;     -- DEDICATED_MULTIPLIER_CIRCUITRY ; YES                                                                                                                                                          ;
;     -- INPUT_A_FIXED_VALUE            ; Bx                                                                                                                                                           ;
;     -- INPUT_B_FIXED_VALUE            ; Bx                                                                                                                                                           ;
; Entity Instance                       ; stm32_fmc_16bit:fmc_inst|FIR1:u_fir|FIR1_0002:fir1_inst|FIR1_0002_ast:FIR1_0002_ast_inst|FIR1_0002_rtl:hpfircore|LPM_MULT:u0_m0_wo0_mtree_mult1_7_component  ;
;     -- LPM_WIDTHA                     ; 16                                                                                                                                                           ;
;     -- LPM_WIDTHB                     ; 13                                                                                                                                                           ;
;     -- LPM_WIDTHP                     ; 29                                                                                                                                                           ;
;     -- LPM_REPRESENTATION             ; SIGNED                                                                                                                                                       ;
;     -- INPUT_A_IS_CONSTANT            ; NO                                                                                                                                                           ;
;     -- INPUT_B_IS_CONSTANT            ; NO                                                                                                                                                           ;
;     -- USE_EAB                        ; OFF                                                                                                                                                          ;
;     -- DEDICATED_MULTIPLIER_CIRCUITRY ; YES                                                                                                                                                          ;
;     -- INPUT_A_FIXED_VALUE            ; Bx                                                                                                                                                           ;
;     -- INPUT_B_FIXED_VALUE            ; Bx                                                                                                                                                           ;
; Entity Instance                       ; stm32_fmc_16bit:fmc_inst|FIR1:u_fir|FIR1_0002:fir1_inst|FIR1_0002_ast:FIR1_0002_ast_inst|FIR1_0002_rtl:hpfircore|LPM_MULT:u0_m0_wo0_mtree_mult1_6_component  ;
;     -- LPM_WIDTHA                     ; 16                                                                                                                                                           ;
;     -- LPM_WIDTHB                     ; 13                                                                                                                                                           ;
;     -- LPM_WIDTHP                     ; 29                                                                                                                                                           ;
;     -- LPM_REPRESENTATION             ; SIGNED                                                                                                                                                       ;
;     -- INPUT_A_IS_CONSTANT            ; NO                                                                                                                                                           ;
;     -- INPUT_B_IS_CONSTANT            ; NO                                                                                                                                                           ;
;     -- USE_EAB                        ; OFF                                                                                                                                                          ;
;     -- DEDICATED_MULTIPLIER_CIRCUITRY ; YES                                                                                                                                                          ;
;     -- INPUT_A_FIXED_VALUE            ; Bx                                                                                                                                                           ;
;     -- INPUT_B_FIXED_VALUE            ; Bx                                                                                                                                                           ;
; Entity Instance                       ; stm32_fmc_16bit:fmc_inst|FIR1:u_fir|FIR1_0002:fir1_inst|FIR1_0002_ast:FIR1_0002_ast_inst|FIR1_0002_rtl:hpfircore|LPM_MULT:u0_m0_wo0_mtree_mult1_5_component  ;
;     -- LPM_WIDTHA                     ; 16                                                                                                                                                           ;
;     -- LPM_WIDTHB                     ; 13                                                                                                                                                           ;
;     -- LPM_WIDTHP                     ; 29                                                                                                                                                           ;
;     -- LPM_REPRESENTATION             ; SIGNED                                                                                                                                                       ;
;     -- INPUT_A_IS_CONSTANT            ; NO                                                                                                                                                           ;
;     -- INPUT_B_IS_CONSTANT            ; NO                                                                                                                                                           ;
;     -- USE_EAB                        ; OFF                                                                                                                                                          ;
;     -- DEDICATED_MULTIPLIER_CIRCUITRY ; YES                                                                                                                                                          ;
;     -- INPUT_A_FIXED_VALUE            ; Bx                                                                                                                                                           ;
;     -- INPUT_B_FIXED_VALUE            ; Bx                                                                                                                                                           ;
; Entity Instance                       ; stm32_fmc_16bit:fmc_inst|FIR1:u_fir|FIR1_0002:fir1_inst|FIR1_0002_ast:FIR1_0002_ast_inst|FIR1_0002_rtl:hpfircore|LPM_MULT:u0_m0_wo0_mtree_mult1_4_component  ;
;     -- LPM_WIDTHA                     ; 16                                                                                                                                                           ;
;     -- LPM_WIDTHB                     ; 13                                                                                                                                                           ;
;     -- LPM_WIDTHP                     ; 29                                                                                                                                                           ;
;     -- LPM_REPRESENTATION             ; SIGNED                                                                                                                                                       ;
;     -- INPUT_A_IS_CONSTANT            ; NO                                                                                                                                                           ;
;     -- INPUT_B_IS_CONSTANT            ; NO                                                                                                                                                           ;
;     -- USE_EAB                        ; OFF                                                                                                                                                          ;
;     -- DEDICATED_MULTIPLIER_CIRCUITRY ; YES                                                                                                                                                          ;
;     -- INPUT_A_FIXED_VALUE            ; Bx                                                                                                                                                           ;
;     -- INPUT_B_FIXED_VALUE            ; Bx                                                                                                                                                           ;
; Entity Instance                       ; stm32_fmc_16bit:fmc_inst|FIR1:u_fir|FIR1_0002:fir1_inst|FIR1_0002_ast:FIR1_0002_ast_inst|FIR1_0002_rtl:hpfircore|LPM_MULT:u0_m0_wo0_mtree_mult1_3_component  ;
;     -- LPM_WIDTHA                     ; 16                                                                                                                                                           ;
;     -- LPM_WIDTHB                     ; 13                                                                                                                                                           ;
;     -- LPM_WIDTHP                     ; 29                                                                                                                                                           ;
;     -- LPM_REPRESENTATION             ; SIGNED                                                                                                                                                       ;
;     -- INPUT_A_IS_CONSTANT            ; NO                                                                                                                                                           ;
;     -- INPUT_B_IS_CONSTANT            ; NO                                                                                                                                                           ;
;     -- USE_EAB                        ; OFF                                                                                                                                                          ;
;     -- DEDICATED_MULTIPLIER_CIRCUITRY ; YES                                                                                                                                                          ;
;     -- INPUT_A_FIXED_VALUE            ; Bx                                                                                                                                                           ;
;     -- INPUT_B_FIXED_VALUE            ; Bx                                                                                                                                                           ;
; Entity Instance                       ; stm32_fmc_16bit:fmc_inst|FIR1:u_fir|FIR1_0002:fir1_inst|FIR1_0002_ast:FIR1_0002_ast_inst|FIR1_0002_rtl:hpfircore|LPM_MULT:u0_m0_wo0_mtree_mult1_2_component  ;
;     -- LPM_WIDTHA                     ; 16                                                                                                                                                           ;
;     -- LPM_WIDTHB                     ; 13                                                                                                                                                           ;
;     -- LPM_WIDTHP                     ; 29                                                                                                                                                           ;
;     -- LPM_REPRESENTATION             ; SIGNED                                                                                                                                                       ;
;     -- INPUT_A_IS_CONSTANT            ; NO                                                                                                                                                           ;
;     -- INPUT_B_IS_CONSTANT            ; NO                                                                                                                                                           ;
;     -- USE_EAB                        ; OFF                                                                                                                                                          ;
;     -- DEDICATED_MULTIPLIER_CIRCUITRY ; YES                                                                                                                                                          ;
;     -- INPUT_A_FIXED_VALUE            ; Bx                                                                                                                                                           ;
;     -- INPUT_B_FIXED_VALUE            ; Bx                                                                                                                                                           ;
; Entity Instance                       ; stm32_fmc_16bit:fmc_inst|FIR1:u_fir|FIR1_0002:fir1_inst|FIR1_0002_ast:FIR1_0002_ast_inst|FIR1_0002_rtl:hpfircore|LPM_MULT:u0_m0_wo0_mtree_mult1_1_component  ;
;     -- LPM_WIDTHA                     ; 16                                                                                                                                                           ;
;     -- LPM_WIDTHB                     ; 13                                                                                                                                                           ;
;     -- LPM_WIDTHP                     ; 29                                                                                                                                                           ;
;     -- LPM_REPRESENTATION             ; SIGNED                                                                                                                                                       ;
;     -- INPUT_A_IS_CONSTANT            ; NO                                                                                                                                                           ;
;     -- INPUT_B_IS_CONSTANT            ; NO                                                                                                                                                           ;
;     -- USE_EAB                        ; OFF                                                                                                                                                          ;
;     -- DEDICATED_MULTIPLIER_CIRCUITRY ; YES                                                                                                                                                          ;
;     -- INPUT_A_FIXED_VALUE            ; Bx                                                                                                                                                           ;
;     -- INPUT_B_FIXED_VALUE            ; Bx                                                                                                                                                           ;
; Entity Instance                       ; stm32_fmc_16bit:fmc_inst|FIR1:u_fir|FIR1_0002:fir1_inst|FIR1_0002_ast:FIR1_0002_ast_inst|FIR1_0002_rtl:hpfircore|LPM_MULT:u0_m0_wo0_mtree_mult1_0_component  ;
;     -- LPM_WIDTHA                     ; 16                                                                                                                                                           ;
;     -- LPM_WIDTHB                     ; 13                                                                                                                                                           ;
;     -- LPM_WIDTHP                     ; 29                                                                                                                                                           ;
;     -- LPM_REPRESENTATION             ; SIGNED                                                                                                                                                       ;
;     -- INPUT_A_IS_CONSTANT            ; NO                                                                                                                                                           ;
;     -- INPUT_B_IS_CONSTANT            ; NO                                                                                                                                                           ;
;     -- USE_EAB                        ; OFF                                                                                                                                                          ;
;     -- DEDICATED_MULTIPLIER_CIRCUITRY ; YES                                                                                                                                                          ;
;     -- INPUT_A_FIXED_VALUE            ; Bx                                                                                                                                                           ;
;     -- INPUT_B_FIXED_VALUE            ; Bx                                                                                                                                                           ;
+---------------------------------------+--------------------------------------------------------------------------------------------------------------------------------------------------------------+


+-----------------------------------------------------------------------------------------------------------------------+
; Port Connectivity Checks: "ram_2port1:ram2_inst"                                                                      ;
+-------------+--------+----------+-------------------------------------------------------------------------------------+
; Port        ; Type   ; Severity ; Details                                                                             ;
+-------------+--------+----------+-------------------------------------------------------------------------------------+
; q_b[15..10] ; Output ; Info     ; Connected to dangling logic. Logic that only feeds a dangling port will be removed. ;
+-------------+--------+----------+-------------------------------------------------------------------------------------+


+-----------------------------------------------------------------------------------------------------------------------+
; Port Connectivity Checks: "ram_2port1:ram1_inst"                                                                      ;
+-------------+--------+----------+-------------------------------------------------------------------------------------+
; Port        ; Type   ; Severity ; Details                                                                             ;
+-------------+--------+----------+-------------------------------------------------------------------------------------+
; q_b[15..10] ; Output ; Info     ; Connected to dangling logic. Logic that only feeds a dangling port will be removed. ;
+-------------+--------+----------+-------------------------------------------------------------------------------------+


+---------------------------------------------------------------------------------------------------------------------------------------------------------------------------------------------------------------------------+
; Port Connectivity Checks: "stm32_fmc_16bit:fmc_inst|FIR1:u_fir"                                                                                                                                                           ;
+------------------+--------+----------+------------------------------------------------------------------------------------------------------------------------------------------------------------------------------------+
; Port             ; Type   ; Severity ; Details                                                                                                                                                                            ;
+------------------+--------+----------+------------------------------------------------------------------------------------------------------------------------------------------------------------------------------------+
; ast_sink_data    ; Input  ; Warning  ; Input port expression (19 bits) is wider than the input port (12 bits) it drives.  The 7 most-significant bit(s) in the expression will be dangling if they have no other fanouts. ;
; ast_sink_error   ; Input  ; Info     ; Stuck at GND                                                                                                                                                                       ;
; ast_source_data  ; Output ; Warning  ; Output or bidir port (21 bits) is wider than the port expression (16 bits) it drives; bit(s) "ast_source_data[20..16]" have no fanouts                                             ;
; ast_source_error ; Output ; Info     ; Explicitly unconnected                                                                                                                                                             ;
+------------------+--------+----------+------------------------------------------------------------------------------------------------------------------------------------------------------------------------------------+


+-------------------------------------------------------------------------------------------------------------------------------------------------------------------------------------------------------------------------------------------------------------------------+
; SignalTap II Logic Analyzer Settings                                                                                                                                                                                                                                    ;
+----------------+------------------+---------------------+------------------+--------------+----------+------------------------+----------------------+--------------------+-----------------------------+-----------------+------------------+--------------------------+
; Instance Index ; Instance Name    ; Trigger Input Width ; Data Input Width ; Sample Depth ; Segments ; Storage Qualifier Type ; Trigger Flow Control ; Trigger Conditions ; Advanced Trigger Conditions ; Trigger In Used ; Trigger Out Used ; Power-Up Trigger Enabled ;
+----------------+------------------+---------------------+------------------+--------------+----------+------------------------+----------------------+--------------------+-----------------------------+-----------------+------------------+--------------------------+
; 0              ; auto_signaltap_0 ; 12                  ; 12               ; 512          ; 1        ; continuous             ; sequential           ; 1                  ; 0                           ; no              ; no               ; no                       ;
+----------------+------------------+---------------------+------------------+--------------+----------+------------------------+----------------------+--------------------+-----------------------------+-----------------+------------------+--------------------------+


+-----------------------------------------------------+
; Post-Synthesis Netlist Statistics for Top Partition ;
+-----------------------+-----------------------------+
; Type                  ; Count                       ;
+-----------------------+-----------------------------+
; boundary_port         ; 70                          ;
; cycloneiii_ff         ; 1160                        ;
;     CLR               ; 825                         ;
;     CLR SCLR          ; 64                          ;
;     ENA               ; 9                           ;
;     ENA CLR           ; 218                         ;
;     ENA CLR SCLR      ; 13                          ;
;     ENA CLR SLD       ; 30                          ;
;     plain             ; 1                           ;
; cycloneiii_io_obuf    ; 16                          ;
; cycloneiii_lcell_comb ; 1046                        ;
;     arith             ; 643                         ;
;         1 data inputs ; 1                           ;
;         2 data inputs ; 43                          ;
;         3 data inputs ; 599                         ;
;     normal            ; 403                         ;
;         0 data inputs ; 2                           ;
;         1 data inputs ; 25                          ;
;         2 data inputs ; 107                         ;
;         3 data inputs ; 64                          ;
;         4 data inputs ; 205                         ;
; cycloneiii_mac_mult   ; 13                          ;
; cycloneiii_mac_out    ; 13                          ;
; cycloneiii_pll        ; 1                           ;
; cycloneiii_ram_block  ; 348                         ;
;                       ;                             ;
; Max LUT depth         ; 10.00                       ;
; Average LUT depth     ; 2.31                        ;
+-----------------------+-----------------------------+


+------------------------------------------------------------------+
; Post-Synthesis Netlist Statistics for Partition sld_hub:auto_hub ;
+-----------------------+------------------------------------------+
; Type                  ; Count                                    ;
+-----------------------+------------------------------------------+
; boundary_port         ; 106                                      ;
; cycloneiii_ff         ; 100                                      ;
;     CLR               ; 5                                        ;
;     ENA               ; 16                                       ;
;     ENA CLR           ; 42                                       ;
;     ENA CLR SLD       ; 1                                        ;
;     ENA SCLR          ; 5                                        ;
;     ENA SLD           ; 9                                        ;
;     SCLR              ; 7                                        ;
;     plain             ; 15                                       ;
; cycloneiii_lcell_comb ; 151                                      ;
;     arith             ; 8                                        ;
;         2 data inputs ; 8                                        ;
;     normal            ; 143                                      ;
;         0 data inputs ; 1                                        ;
;         1 data inputs ; 7                                        ;
;         2 data inputs ; 23                                       ;
;         3 data inputs ; 53                                       ;
;         4 data inputs ; 59                                       ;
;                       ;                                          ;
; Max LUT depth         ; 4.00                                     ;
; Average LUT depth     ; 1.81                                     ;
+-----------------------+------------------------------------------+


+---------------------------------+
; Elapsed Time Per Partition      ;
+------------------+--------------+
; Partition Name   ; Elapsed Time ;
+------------------+--------------+
; Top              ; 00:00:02     ;
; sld_hub:auto_hub ; 00:00:00     ;
+------------------+--------------+


+-------------------------------------------------------------------------------------------------------------------------------------------------------------------------------------------------------+
; Connections to In-System Debugging Instance "auto_signaltap_0"                                                                                                                                        ;
+----------------------+---------------+-----------+--------------------------------+-------------------+-------------------------------------------------------------------------------------+---------+
; Name                 ; Type          ; Status    ; Partition Name                 ; Netlist Type Used ; Actual Connection                                                                   ; Details ;
+----------------------+---------------+-----------+--------------------------------+-------------------+-------------------------------------------------------------------------------------+---------+
; ADCCLK               ; pre-synthesis ; connected ; Top                            ; post-synthesis    ; pll1:pll1_inst|altpll:altpll_component|pll1_altpll1:auto_generated|wire_pll1_clk[2] ; N/A     ;
; ADC_D[0]             ; pre-synthesis ; connected ; Top                            ; post-synthesis    ; ADC_D[0]                                                                            ; N/A     ;
; ADC_D[0]             ; pre-synthesis ; connected ; Top                            ; post-synthesis    ; ADC_D[0]                                                                            ; N/A     ;
; ADC_D[10]            ; pre-synthesis ; connected ; Top                            ; post-synthesis    ; ADC_D[10]                                                                           ; N/A     ;
; ADC_D[10]            ; pre-synthesis ; connected ; Top                            ; post-synthesis    ; ADC_D[10]                                                                           ; N/A     ;
; ADC_D[11]            ; pre-synthesis ; connected ; Top                            ; post-synthesis    ; ADC_D[11]                                                                           ; N/A     ;
; ADC_D[11]            ; pre-synthesis ; connected ; Top                            ; post-synthesis    ; ADC_D[11]                                                                           ; N/A     ;
; ADC_D[1]             ; pre-synthesis ; connected ; Top                            ; post-synthesis    ; ADC_D[1]                                                                            ; N/A     ;
; ADC_D[1]             ; pre-synthesis ; connected ; Top                            ; post-synthesis    ; ADC_D[1]                                                                            ; N/A     ;
; ADC_D[2]             ; pre-synthesis ; connected ; Top                            ; post-synthesis    ; ADC_D[2]                                                                            ; N/A     ;
; ADC_D[2]             ; pre-synthesis ; connected ; Top                            ; post-synthesis    ; ADC_D[2]                                                                            ; N/A     ;
; ADC_D[3]             ; pre-synthesis ; connected ; Top                            ; post-synthesis    ; ADC_D[3]                                                                            ; N/A     ;
; ADC_D[3]             ; pre-synthesis ; connected ; Top                            ; post-synthesis    ; ADC_D[3]                                                                            ; N/A     ;
; ADC_D[4]             ; pre-synthesis ; connected ; Top                            ; post-synthesis    ; ADC_D[4]                                                                            ; N/A     ;
; ADC_D[4]             ; pre-synthesis ; connected ; Top                            ; post-synthesis    ; ADC_D[4]                                                                            ; N/A     ;
; ADC_D[5]             ; pre-synthesis ; connected ; Top                            ; post-synthesis    ; ADC_D[5]                                                                            ; N/A     ;
; ADC_D[5]             ; pre-synthesis ; connected ; Top                            ; post-synthesis    ; ADC_D[5]                                                                            ; N/A     ;
; ADC_D[6]             ; pre-synthesis ; connected ; Top                            ; post-synthesis    ; ADC_D[6]                                                                            ; N/A     ;
; ADC_D[6]             ; pre-synthesis ; connected ; Top                            ; post-synthesis    ; ADC_D[6]                                                                            ; N/A     ;
; ADC_D[7]             ; pre-synthesis ; connected ; Top                            ; post-synthesis    ; ADC_D[7]                                                                            ; N/A     ;
; ADC_D[7]             ; pre-synthesis ; connected ; Top                            ; post-synthesis    ; ADC_D[7]                                                                            ; N/A     ;
; ADC_D[8]             ; pre-synthesis ; connected ; Top                            ; post-synthesis    ; ADC_D[8]                                                                            ; N/A     ;
; ADC_D[8]             ; pre-synthesis ; connected ; Top                            ; post-synthesis    ; ADC_D[8]                                                                            ; N/A     ;
; ADC_D[9]             ; pre-synthesis ; connected ; Top                            ; post-synthesis    ; ADC_D[9]                                                                            ; N/A     ;
; ADC_D[9]             ; pre-synthesis ; connected ; Top                            ; post-synthesis    ; ADC_D[9]                                                                            ; N/A     ;
; auto_signaltap_0|gnd ; post-fitting  ; connected ; sld_signaltap:auto_signaltap_0 ; post-synthesis    ; sld_signaltap:auto_signaltap_0|~GND                                                 ; N/A     ;
; auto_signaltap_0|gnd ; post-fitting  ; connected ; sld_signaltap:auto_signaltap_0 ; post-synthesis    ; sld_signaltap:auto_signaltap_0|~GND                                                 ; N/A     ;
; auto_signaltap_0|gnd ; post-fitting  ; connected ; sld_signaltap:auto_signaltap_0 ; post-synthesis    ; sld_signaltap:auto_signaltap_0|~GND                                                 ; N/A     ;
; auto_signaltap_0|gnd ; post-fitting  ; connected ; sld_signaltap:auto_signaltap_0 ; post-synthesis    ; sld_signaltap:auto_signaltap_0|~GND                                                 ; N/A     ;
; auto_signaltap_0|gnd ; post-fitting  ; connected ; sld_signaltap:auto_signaltap_0 ; post-synthesis    ; sld_signaltap:auto_signaltap_0|~GND                                                 ; N/A     ;
; auto_signaltap_0|gnd ; post-fitting  ; connected ; sld_signaltap:auto_signaltap_0 ; post-synthesis    ; sld_signaltap:auto_signaltap_0|~GND                                                 ; N/A     ;
; auto_signaltap_0|gnd ; post-fitting  ; connected ; sld_signaltap:auto_signaltap_0 ; post-synthesis    ; sld_signaltap:auto_signaltap_0|~GND                                                 ; N/A     ;
; auto_signaltap_0|gnd ; post-fitting  ; connected ; sld_signaltap:auto_signaltap_0 ; post-synthesis    ; sld_signaltap:auto_signaltap_0|~GND                                                 ; N/A     ;
; auto_signaltap_0|gnd ; post-fitting  ; connected ; sld_signaltap:auto_signaltap_0 ; post-synthesis    ; sld_signaltap:auto_signaltap_0|~GND                                                 ; N/A     ;
; auto_signaltap_0|gnd ; post-fitting  ; connected ; sld_signaltap:auto_signaltap_0 ; post-synthesis    ; sld_signaltap:auto_signaltap_0|~GND                                                 ; N/A     ;
; auto_signaltap_0|gnd ; post-fitting  ; connected ; sld_signaltap:auto_signaltap_0 ; post-synthesis    ; sld_signaltap:auto_signaltap_0|~GND                                                 ; N/A     ;
; auto_signaltap_0|gnd ; post-fitting  ; connected ; sld_signaltap:auto_signaltap_0 ; post-synthesis    ; sld_signaltap:auto_signaltap_0|~GND                                                 ; N/A     ;
; auto_signaltap_0|gnd ; post-fitting  ; connected ; sld_signaltap:auto_signaltap_0 ; post-synthesis    ; sld_signaltap:auto_signaltap_0|~GND                                                 ; N/A     ;
; auto_signaltap_0|vcc ; post-fitting  ; connected ; sld_signaltap:auto_signaltap_0 ; post-synthesis    ; sld_signaltap:auto_signaltap_0|~VCC                                                 ; N/A     ;
; auto_signaltap_0|vcc ; post-fitting  ; connected ; sld_signaltap:auto_signaltap_0 ; post-synthesis    ; sld_signaltap:auto_signaltap_0|~VCC                                                 ; N/A     ;
; auto_signaltap_0|vcc ; post-fitting  ; connected ; sld_signaltap:auto_signaltap_0 ; post-synthesis    ; sld_signaltap:auto_signaltap_0|~VCC                                                 ; N/A     ;
; auto_signaltap_0|vcc ; post-fitting  ; connected ; sld_signaltap:auto_signaltap_0 ; post-synthesis    ; sld_signaltap:auto_signaltap_0|~VCC                                                 ; N/A     ;
; auto_signaltap_0|vcc ; post-fitting  ; connected ; sld_signaltap:auto_signaltap_0 ; post-synthesis    ; sld_signaltap:auto_signaltap_0|~VCC                                                 ; N/A     ;
; auto_signaltap_0|vcc ; post-fitting  ; connected ; sld_signaltap:auto_signaltap_0 ; post-synthesis    ; sld_signaltap:auto_signaltap_0|~VCC                                                 ; N/A     ;
; auto_signaltap_0|vcc ; post-fitting  ; connected ; sld_signaltap:auto_signaltap_0 ; post-synthesis    ; sld_signaltap:auto_signaltap_0|~VCC                                                 ; N/A     ;
; auto_signaltap_0|vcc ; post-fitting  ; connected ; sld_signaltap:auto_signaltap_0 ; post-synthesis    ; sld_signaltap:auto_signaltap_0|~VCC                                                 ; N/A     ;
; auto_signaltap_0|vcc ; post-fitting  ; connected ; sld_signaltap:auto_signaltap_0 ; post-synthesis    ; sld_signaltap:auto_signaltap_0|~VCC                                                 ; N/A     ;
; auto_signaltap_0|vcc ; post-fitting  ; connected ; sld_signaltap:auto_signaltap_0 ; post-synthesis    ; sld_signaltap:auto_signaltap_0|~VCC                                                 ; N/A     ;
; auto_signaltap_0|vcc ; post-fitting  ; connected ; sld_signaltap:auto_signaltap_0 ; post-synthesis    ; sld_signaltap:auto_signaltap_0|~VCC                                                 ; N/A     ;
; auto_signaltap_0|vcc ; post-fitting  ; connected ; sld_signaltap:auto_signaltap_0 ; post-synthesis    ; sld_signaltap:auto_signaltap_0|~VCC                                                 ; N/A     ;
; auto_signaltap_0|vcc ; post-fitting  ; connected ; sld_signaltap:auto_signaltap_0 ; post-synthesis    ; sld_signaltap:auto_signaltap_0|~VCC                                                 ; N/A     ;
; auto_signaltap_0|vcc ; post-fitting  ; connected ; sld_signaltap:auto_signaltap_0 ; post-synthesis    ; sld_signaltap:auto_signaltap_0|~VCC                                                 ; N/A     ;
; auto_signaltap_0|vcc ; post-fitting  ; connected ; sld_signaltap:auto_signaltap_0 ; post-synthesis    ; sld_signaltap:auto_signaltap_0|~VCC                                                 ; N/A     ;
; auto_signaltap_0|vcc ; post-fitting  ; connected ; sld_signaltap:auto_signaltap_0 ; post-synthesis    ; sld_signaltap:auto_signaltap_0|~VCC                                                 ; N/A     ;
; auto_signaltap_0|vcc ; post-fitting  ; connected ; sld_signaltap:auto_signaltap_0 ; post-synthesis    ; sld_signaltap:auto_signaltap_0|~VCC                                                 ; N/A     ;
; auto_signaltap_0|vcc ; post-fitting  ; connected ; sld_signaltap:auto_signaltap_0 ; post-synthesis    ; sld_signaltap:auto_signaltap_0|~VCC                                                 ; N/A     ;
; auto_signaltap_0|vcc ; post-fitting  ; connected ; sld_signaltap:auto_signaltap_0 ; post-synthesis    ; sld_signaltap:auto_signaltap_0|~VCC                                                 ; N/A     ;
+----------------------+---------------+-----------+--------------------------------+-------------------+-------------------------------------------------------------------------------------+---------+


+-------------------------------+
; Analysis & Synthesis Messages ;
+-------------------------------+
Info: *******************************************************************
Info: Running Quartus II 64-Bit Analysis & Synthesis
    Info: Version 14.1.0 Build 186 12/03/2014 SJ Full Version
    Info: Processing started: Wed Jul 29 16:06:13 2026
Info: Command: quartus_map --read_settings_files=on --write_settings_files=off FMC_Demo -c FMC_Demo
Info (20030): Parallel compilation is enabled and will use 16 of the 16 processors detected
Info (12021): Found 1 design units, including 1 entities, in source file stm32_fmc_16bit.v
    Info (12023): Found entity 1: stm32_fmc_16bit
Info (12021): Found 1 design units, including 1 entities, in source file ram_2port1.v
    Info (12023): Found entity 1: ram_2port1
Info (12021): Found 1 design units, including 1 entities, in source file dds_core.v
    Info (12023): Found entity 1: dds_core
Info (12021): Found 1 design units, including 1 entities, in source file dac_control.v
    Info (12023): Found entity 1: dac_control
Info (12021): Found 1 design units, including 1 entities, in source file fmc_demo.v
    Info (12023): Found entity 1: FMC_Demo
Info (12021): Found 1 design units, including 1 entities, in source file pll1.v
    Info (12023): Found entity 1: pll1
Info (12021): Found 1 design units, including 1 entities, in source file fir1.v
    Info (12023): Found entity 1: FIR1
Info (12021): Found 1 design units, including 0 entities, in source file fir1/dspba_library_package.vhd
    Info (12022): Found design unit 1: dspba_library_package (fir1)
Info (12021): Found 2 design units, including 1 entities, in source file fir1/dspba_library.vhd
    Info (12022): Found design unit 1: dspba_delay-delay
    Info (12023): Found entity 1: dspba_delay
Info (12021): Found 1 design units, including 1 entities, in source file fir1/altera_avalon_sc_fifo.v
    Info (12023): Found entity 1: altera_avalon_sc_fifo
Info (12021): Found 2 design units, including 0 entities, in source file fir1/auk_dspip_math_pkg_hpfir.vhd
    Info (12022): Found design unit 1: auk_dspip_math_pkg_hpfir (fir1)
    Info (12022): Found design unit 2: auk_dspip_math_pkg_hpfir-body
Info (12021): Found 1 design units, including 0 entities, in source file fir1/auk_dspip_lib_pkg_hpfir.vhd
    Info (12022): Found design unit 1: auk_dspip_lib_pkg_hpfir (fir1)
Info (12021): Found 2 design units, including 1 entities, in source file fir1/auk_dspip_avalon_streaming_controller_hpfir.vhd
    Info (12022): Found design unit 1: auk_dspip_avalon_streaming_controller_hpfir-struct
    Info (12023): Found entity 1: auk_dspip_avalon_streaming_controller_hpfir
Info (12021): Found 2 design units, including 1 entities, in source file fir1/auk_dspip_avalon_streaming_sink_hpfir.vhd
    Info (12022): Found design unit 1: auk_dspip_avalon_streaming_sink_hpfir-rtl
    Info (12023): Found entity 1: auk_dspip_avalon_streaming_sink_hpfir
Info (12021): Found 2 design units, including 1 entities, in source file fir1/auk_dspip_avalon_streaming_source_hpfir.vhd
    Info (12022): Found design unit 1: auk_dspip_avalon_streaming_source_hpfir-rtl
    Info (12023): Found entity 1: auk_dspip_avalon_streaming_source_hpfir
Info (12021): Found 2 design units, including 1 entities, in source file fir1/auk_dspip_roundsat_hpfir.vhd
    Info (12022): Found design unit 1: auk_dspip_roundsat_hpfir-beh
    Info (12023): Found entity 1: auk_dspip_roundsat_hpfir
Info (12021): Found 2 design units, including 1 entities, in source file fir1/fir1_0002_rtl.vhd
    Info (12022): Found design unit 1: FIR1_0002_rtl-normal
    Info (12023): Found entity 1: FIR1_0002_rtl
Info (12021): Found 2 design units, including 1 entities, in source file fir1/fir1_0002_ast.vhd
    Info (12022): Found design unit 1: FIR1_0002_ast-struct
    Info (12023): Found entity 1: FIR1_0002_ast
Info (12021): Found 2 design units, including 1 entities, in source file fir1/fir1_0002.vhd
    Info (12022): Found design unit 1: FIR1_0002-syn
    Info (12023): Found entity 1: FIR1_0002
Info (12127): Elaborating entity "FMC_Demo" for the top level hierarchy
Info (12128): Elaborating entity "pll1" for hierarchy "pll1:pll1_inst"
Info (12128): Elaborating entity "altpll" for hierarchy "pll1:pll1_inst|altpll:altpll_component"
Info (12130): Elaborated megafunction instantiation "pll1:pll1_inst|altpll:altpll_component"
Info (12133): Instantiated megafunction "pll1:pll1_inst|altpll:altpll_component" with the following parameter:
    Info (12134): Parameter "bandwidth_type" = "AUTO"
    Info (12134): Parameter "clk0_divide_by" = "2"
    Info (12134): Parameter "clk0_duty_cycle" = "50"
    Info (12134): Parameter "clk0_multiply_by" = "5"
    Info (12134): Parameter "clk0_phase_shift" = "0"
    Info (12134): Parameter "clk1_divide_by" = "2"
    Info (12134): Parameter "clk1_duty_cycle" = "50"
    Info (12134): Parameter "clk1_multiply_by" = "5"
    Info (12134): Parameter "clk1_phase_shift" = "2000"
    Info (12134): Parameter "clk2_divide_by" = "5"
    Info (12134): Parameter "clk2_duty_cycle" = "50"
    Info (12134): Parameter "clk2_multiply_by" = "1"
    Info (12134): Parameter "clk2_phase_shift" = "0"
    Info (12134): Parameter "clk3_divide_by" = "1"
    Info (12134): Parameter "clk3_duty_cycle" = "50"
    Info (12134): Parameter "clk3_multiply_by" = "1"
    Info (12134): Parameter "clk3_phase_shift" = "0"
    Info (12134): Parameter "compensate_clock" = "CLK0"
    Info (12134): Parameter "inclk0_input_frequency" = "20000"
    Info (12134): Parameter "intended_device_family" = "Cyclone IV E"
    Info (12134): Parameter "lpm_hint" = "CBX_MODULE_PREFIX=pll1"
    Info (12134): Parameter "lpm_type" = "altpll"
    Info (12134): Parameter "operation_mode" = "NORMAL"
    Info (12134): Parameter "pll_type" = "AUTO"
    Info (12134): Parameter "port_activeclock" = "PORT_UNUSED"
    Info (12134): Parameter "port_areset" = "PORT_UNUSED"
    Info (12134): Parameter "port_clkbad0" = "PORT_UNUSED"
    Info (12134): Parameter "port_clkbad1" = "PORT_UNUSED"
    Info (12134): Parameter "port_clkloss" = "PORT_UNUSED"
    Info (12134): Parameter "port_clkswitch" = "PORT_UNUSED"
    Info (12134): Parameter "port_configupdate" = "PORT_UNUSED"
    Info (12134): Parameter "port_fbin" = "PORT_UNUSED"
    Info (12134): Parameter "port_inclk0" = "PORT_USED"
    Info (12134): Parameter "port_inclk1" = "PORT_UNUSED"
    Info (12134): Parameter "port_locked" = "PORT_UNUSED"
    Info (12134): Parameter "port_pfdena" = "PORT_UNUSED"
    Info (12134): Parameter "port_phasecounterselect" = "PORT_UNUSED"
    Info (12134): Parameter "port_phasedone" = "PORT_UNUSED"
    Info (12134): Parameter "port_phasestep" = "PORT_UNUSED"
    Info (12134): Parameter "port_phaseupdown" = "PORT_UNUSED"
    Info (12134): Parameter "port_pllena" = "PORT_UNUSED"
    Info (12134): Parameter "port_scanaclr" = "PORT_UNUSED"
    Info (12134): Parameter "port_scanclk" = "PORT_UNUSED"
    Info (12134): Parameter "port_scanclkena" = "PORT_UNUSED"
    Info (12134): Parameter "port_scandata" = "PORT_UNUSED"
    Info (12134): Parameter "port_scandataout" = "PORT_UNUSED"
    Info (12134): Parameter "port_scandone" = "PORT_UNUSED"
    Info (12134): Parameter "port_scanread" = "PORT_UNUSED"
    Info (12134): Parameter "port_scanwrite" = "PORT_UNUSED"
    Info (12134): Parameter "port_clk0" = "PORT_USED"
    Info (12134): Parameter "port_clk1" = "PORT_USED"
    Info (12134): Parameter "port_clk2" = "PORT_USED"
    Info (12134): Parameter "port_clk3" = "PORT_USED"
    Info (12134): Parameter "port_clk4" = "PORT_UNUSED"
    Info (12134): Parameter "port_clk5" = "PORT_UNUSED"
    Info (12134): Parameter "port_clkena0" = "PORT_UNUSED"
    Info (12134): Parameter "port_clkena1" = "PORT_UNUSED"
    Info (12134): Parameter "port_clkena2" = "PORT_UNUSED"
    Info (12134): Parameter "port_clkena3" = "PORT_UNUSED"
    Info (12134): Parameter "port_clkena4" = "PORT_UNUSED"
    Info (12134): Parameter "port_clkena5" = "PORT_UNUSED"
    Info (12134): Parameter "port_extclk0" = "PORT_UNUSED"
    Info (12134): Parameter "port_extclk1" = "PORT_UNUSED"
    Info (12134): Parameter "port_extclk2" = "PORT_UNUSED"
    Info (12134): Parameter "port_extclk3" = "PORT_UNUSED"
    Info (12134): Parameter "width_clock" = "5"
Info (12021): Found 1 design units, including 1 entities, in source file db/pll1_altpll1.v
    Info (12023): Found entity 1: pll1_altpll1
Info (12128): Elaborating entity "pll1_altpll1" for hierarchy "pll1:pll1_inst|altpll:altpll_component|pll1_altpll1:auto_generated"
Info (12128): Elaborating entity "stm32_fmc_16bit" for hierarchy "stm32_fmc_16bit:fmc_inst"
Warning (10036): Verilog HDL or VHDL warning at stm32_fmc_16bit.v(132): object "user_rd_stb" assigned a value but never read
Info (12128): Elaborating entity "FIR1" for hierarchy "stm32_fmc_16bit:fmc_inst|FIR1:u_fir"
Info (12128): Elaborating entity "FIR1_0002" for hierarchy "stm32_fmc_16bit:fmc_inst|FIR1:u_fir|FIR1_0002:fir1_inst"
Info (12128): Elaborating entity "FIR1_0002_ast" for hierarchy "stm32_fmc_16bit:fmc_inst|FIR1:u_fir|FIR1_0002:fir1_inst|FIR1_0002_ast:FIR1_0002_ast_inst"
Info (12128): Elaborating entity "auk_dspip_avalon_streaming_sink_hpfir" for hierarchy "stm32_fmc_16bit:fmc_inst|FIR1:u_fir|FIR1_0002:fir1_inst|FIR1_0002_ast:FIR1_0002_ast_inst|auk_dspip_avalon_streaming_sink_hpfir:sink"
Info (12128): Elaborating entity "auk_dspip_avalon_streaming_source_hpfir" for hierarchy "stm32_fmc_16bit:fmc_inst|FIR1:u_fir|FIR1_0002:fir1_inst|FIR1_0002_ast:FIR1_0002_ast_inst|auk_dspip_avalon_streaming_source_hpfir:source"
Info (12128): Elaborating entity "auk_dspip_avalon_streaming_controller_hpfir" for hierarchy "stm32_fmc_16bit:fmc_inst|FIR1:u_fir|FIR1_0002:fir1_inst|FIR1_0002_ast:FIR1_0002_ast_inst|auk_dspip_avalon_streaming_controller_hpfir:intf_ctrl"
Info (12128): Elaborating entity "FIR1_0002_rtl" for hierarchy "stm32_fmc_16bit:fmc_inst|FIR1:u_fir|FIR1_0002:fir1_inst|FIR1_0002_ast:FIR1_0002_ast_inst|FIR1_0002_rtl:hpfircore"
Info (12128): Elaborating entity "dspba_delay" for hierarchy "stm32_fmc_16bit:fmc_inst|FIR1:u_fir|FIR1_0002:fir1_inst|FIR1_0002_ast:FIR1_0002_ast_inst|FIR1_0002_rtl:hpfircore|dspba_delay:u0_m0_wo0_memread"
Info (12128): Elaborating entity "dspba_delay" for hierarchy "stm32_fmc_16bit:fmc_inst|FIR1:u_fir|FIR1_0002:fir1_inst|FIR1_0002_ast:FIR1_0002_ast_inst|FIR1_0002_rtl:hpfircore|dspba_delay:u0_m0_wo0_compute"
Info (12128): Elaborating entity "dspba_delay" for hierarchy "stm32_fmc_16bit:fmc_inst|FIR1:u_fir|FIR1_0002:fir1_inst|FIR1_0002_ast:FIR1_0002_ast_inst|FIR1_0002_rtl:hpfircore|dspba_delay:d_u0_m0_wo0_compute_q_19"
Info (12128): Elaborating entity "dspba_delay" for hierarchy "stm32_fmc_16bit:fmc_inst|FIR1:u_fir|FIR1_0002:fir1_inst|FIR1_0002_ast:FIR1_0002_ast_inst|FIR1_0002_rtl:hpfircore|dspba_delay:d_xIn_0_13"
Info (12128): Elaborating entity "dspba_delay" for hierarchy "stm32_fmc_16bit:fmc_inst|FIR1:u_fir|FIR1_0002:fir1_inst|FIR1_0002_ast:FIR1_0002_ast_inst|FIR1_0002_rtl:hpfircore|dspba_delay:d_in0_m0_wi0_wo0_assign_sel_q_13"
Info (12128): Elaborating entity "altsyncram" for hierarchy "stm32_fmc_16bit:fmc_inst|FIR1:u_fir|FIR1_0002:fir1_inst|FIR1_0002_ast:FIR1_0002_ast_inst|FIR1_0002_rtl:hpfircore|altsyncram:u0_m0_wo0_wi0_delayr0_dmem"
Info (12130): Elaborated megafunction instantiation "stm32_fmc_16bit:fmc_inst|FIR1:u_fir|FIR1_0002:fir1_inst|FIR1_0002_ast:FIR1_0002_ast_inst|FIR1_0002_rtl:hpfircore|altsyncram:u0_m0_wo0_wi0_delayr0_dmem"
Info (12133): Instantiated megafunction "stm32_fmc_16bit:fmc_inst|FIR1:u_fir|FIR1_0002:fir1_inst|FIR1_0002_ast:FIR1_0002_ast_inst|FIR1_0002_rtl:hpfircore|altsyncram:u0_m0_wo0_wi0_delayr0_dmem" with the following parameter:
    Info (12134): Parameter "address_aclr_a" = "UNUSED"
    Info (12134): Parameter "address_aclr_b" = "NONE"
    Info (12134): Parameter "address_reg_b" = "CLOCK0"
    Info (12134): Parameter "byte_size" = "8"
    Info (12134): Parameter "byteena_aclr_a" = "UNUSED"
    Info (12134): Parameter "byteena_aclr_b" = "NONE"
    Info (12134): Parameter "byteena_reg_b" = "CLOCK0"
    Info (12134): Parameter "clock_enable_core_a" = "USE_INPUT_CLKEN"
    Info (12134): Parameter "clock_enable_core_b" = "USE_INPUT_CLKEN"
    Info (12134): Parameter "clock_enable_input_a" = "NORMAL"
    Info (12134): Parameter "clock_enable_input_b" = "NORMAL"
    Info (12134): Parameter "clock_enable_output_a" = "NORMAL"
    Info (12134): Parameter "clock_enable_output_b" = "NORMAL"
    Info (12134): Parameter "intended_device_family" = "Cyclone IV E"
    Info (12134): Parameter "ecc_pipeline_stage_enabled" = "FALSE"
    Info (12134): Parameter "enable_ecc" = "FALSE"
    Info (12134): Parameter "implement_in_les" = "OFF"
    Info (12134): Parameter "indata_aclr_a" = "UNUSED"
    Info (12134): Parameter "indata_aclr_b" = "NONE"
    Info (12134): Parameter "indata_reg_b" = "CLOCK0"
    Info (12134): Parameter "init_file" = "UNUSED"
    Info (12134): Parameter "init_file_layout" = "PORT_A"
    Info (12134): Parameter "maximum_depth" = "0"
    Info (12134): Parameter "numwords_a" = "5"
    Info (12134): Parameter "numwords_b" = "5"
    Info (12134): Parameter "operation_mode" = "DUAL_PORT"
    Info (12134): Parameter "outdata_aclr_a" = "NONE"
    Info (12134): Parameter "outdata_aclr_b" = "CLEAR0"
    Info (12134): Parameter "outdata_reg_a" = "UNREGISTERED"
    Info (12134): Parameter "outdata_reg_b" = "CLOCK0"
    Info (12134): Parameter "power_up_uninitialized" = "FALSE"
    Info (12134): Parameter "ram_block_type" = "M9K"
    Info (12134): Parameter "rdcontrol_aclr_b" = "NONE"
    Info (12134): Parameter "rdcontrol_reg_b" = "CLOCK0"
    Info (12134): Parameter "read_during_write_mode_mixed_ports" = "OLD_DATA"
    Info (12134): Parameter "read_during_write_mode_port_a" = "NEW_DATA_NO_NBE_READ"
    Info (12134): Parameter "read_during_write_mode_port_b" = "NEW_DATA_NO_NBE_READ"
    Info (12134): Parameter "stratixiv_m144k_allow_dual_clocks" = "ON"
    Info (12134): Parameter "width_a" = "12"
    Info (12134): Parameter "width_b" = "12"
    Info (12134): Parameter "width_byteena_a" = "1"
    Info (12134): Parameter "width_byteena_b" = "1"
    Info (12134): Parameter "width_eccstatus" = "3"
    Info (12134): Parameter "widthad_a" = "3"
    Info (12134): Parameter "widthad_b" = "3"
    Info (12134): Parameter "wrcontrol_aclr_a" = "UNUSED"
    Info (12134): Parameter "wrcontrol_aclr_b" = "NONE"
    Info (12134): Parameter "wrcontrol_wraddress_reg_b" = "CLOCK0"
    Info (12134): Parameter "lpm_hint" = "UNUSED"
    Info (12134): Parameter "lpm_type" = "altsyncram"
Info (12021): Found 1 design units, including 1 entities, in source file db/altsyncram_a2o3.tdf
    Info (12023): Found entity 1: altsyncram_a2o3
Info (12128): Elaborating entity "altsyncram_a2o3" for hierarchy "stm32_fmc_16bit:fmc_inst|FIR1:u_fir|FIR1_0002:fir1_inst|FIR1_0002_ast:FIR1_0002_ast_inst|FIR1_0002_rtl:hpfircore|altsyncram:u0_m0_wo0_wi0_delayr0_dmem|altsyncram_a2o3:auto_generated"
Info (12128): Elaborating entity "altsyncram" for hierarchy "stm32_fmc_16bit:fmc_inst|FIR1:u_fir|FIR1_0002:fir1_inst|FIR1_0002_ast:FIR1_0002_ast_inst|FIR1_0002_rtl:hpfircore|altsyncram:u0_m0_wo0_wi0_delayr1_dmem"
Info (12130): Elaborated megafunction instantiation "stm32_fmc_16bit:fmc_inst|FIR1:u_fir|FIR1_0002:fir1_inst|FIR1_0002_ast:FIR1_0002_ast_inst|FIR1_0002_rtl:hpfircore|altsyncram:u0_m0_wo0_wi0_delayr1_dmem"
Info (12133): Instantiated megafunction "stm32_fmc_16bit:fmc_inst|FIR1:u_fir|FIR1_0002:fir1_inst|FIR1_0002_ast:FIR1_0002_ast_inst|FIR1_0002_rtl:hpfircore|altsyncram:u0_m0_wo0_wi0_delayr1_dmem" with the following parameter:
    Info (12134): Parameter "address_aclr_a" = "UNUSED"
    Info (12134): Parameter "address_aclr_b" = "NONE"
    Info (12134): Parameter "address_reg_b" = "CLOCK0"
    Info (12134): Parameter "byte_size" = "8"
    Info (12134): Parameter "byteena_aclr_a" = "UNUSED"
    Info (12134): Parameter "byteena_aclr_b" = "NONE"
    Info (12134): Parameter "byteena_reg_b" = "CLOCK0"
    Info (12134): Parameter "clock_enable_core_a" = "USE_INPUT_CLKEN"
    Info (12134): Parameter "clock_enable_core_b" = "USE_INPUT_CLKEN"
    Info (12134): Parameter "clock_enable_input_a" = "NORMAL"
    Info (12134): Parameter "clock_enable_input_b" = "NORMAL"
    Info (12134): Parameter "clock_enable_output_a" = "NORMAL"
    Info (12134): Parameter "clock_enable_output_b" = "NORMAL"
    Info (12134): Parameter "intended_device_family" = "Cyclone IV E"
    Info (12134): Parameter "ecc_pipeline_stage_enabled" = "FALSE"
    Info (12134): Parameter "enable_ecc" = "FALSE"
    Info (12134): Parameter "implement_in_les" = "OFF"
    Info (12134): Parameter "indata_aclr_a" = "UNUSED"
    Info (12134): Parameter "indata_aclr_b" = "NONE"
    Info (12134): Parameter "indata_reg_b" = "CLOCK0"
    Info (12134): Parameter "init_file" = "UNUSED"
    Info (12134): Parameter "init_file_layout" = "PORT_A"
    Info (12134): Parameter "maximum_depth" = "0"
    Info (12134): Parameter "numwords_a" = "5"
    Info (12134): Parameter "numwords_b" = "5"
    Info (12134): Parameter "operation_mode" = "DUAL_PORT"
    Info (12134): Parameter "outdata_aclr_a" = "NONE"
    Info (12134): Parameter "outdata_aclr_b" = "CLEAR0"
    Info (12134): Parameter "outdata_reg_a" = "UNREGISTERED"
    Info (12134): Parameter "outdata_reg_b" = "CLOCK0"
    Info (12134): Parameter "power_up_uninitialized" = "FALSE"
    Info (12134): Parameter "ram_block_type" = "M9K"
    Info (12134): Parameter "rdcontrol_aclr_b" = "NONE"
    Info (12134): Parameter "rdcontrol_reg_b" = "CLOCK0"
    Info (12134): Parameter "read_during_write_mode_mixed_ports" = "OLD_DATA"
    Info (12134): Parameter "read_during_write_mode_port_a" = "NEW_DATA_NO_NBE_READ"
    Info (12134): Parameter "read_during_write_mode_port_b" = "NEW_DATA_NO_NBE_READ"
    Info (12134): Parameter "stratixiv_m144k_allow_dual_clocks" = "ON"
    Info (12134): Parameter "width_a" = "36"
    Info (12134): Parameter "width_b" = "36"
    Info (12134): Parameter "width_byteena_a" = "1"
    Info (12134): Parameter "width_byteena_b" = "1"
    Info (12134): Parameter "width_eccstatus" = "3"
    Info (12134): Parameter "widthad_a" = "3"
    Info (12134): Parameter "widthad_b" = "3"
    Info (12134): Parameter "wrcontrol_aclr_a" = "UNUSED"
    Info (12134): Parameter "wrcontrol_aclr_b" = "NONE"
    Info (12134): Parameter "wrcontrol_wraddress_reg_b" = "CLOCK0"
    Info (12134): Parameter "lpm_hint" = "UNUSED"
    Info (12134): Parameter "lpm_type" = "altsyncram"
Info (12021): Found 1 design units, including 1 entities, in source file db/altsyncram_m2o3.tdf
    Info (12023): Found entity 1: altsyncram_m2o3
Info (12128): Elaborating entity "altsyncram_m2o3" for hierarchy "stm32_fmc_16bit:fmc_inst|FIR1:u_fir|FIR1_0002:fir1_inst|FIR1_0002_ast:FIR1_0002_ast_inst|FIR1_0002_rtl:hpfircore|altsyncram:u0_m0_wo0_wi0_delayr1_dmem|altsyncram_m2o3:auto_generated"
Info (12128): Elaborating entity "altsyncram" for hierarchy "stm32_fmc_16bit:fmc_inst|FIR1:u_fir|FIR1_0002:fir1_inst|FIR1_0002_ast:FIR1_0002_ast_inst|FIR1_0002_rtl:hpfircore|altsyncram:u0_m0_wo0_wi0_delayr14_dmem"
Info (12130): Elaborated megafunction instantiation "stm32_fmc_16bit:fmc_inst|FIR1:u_fir|FIR1_0002:fir1_inst|FIR1_0002_ast:FIR1_0002_ast_inst|FIR1_0002_rtl:hpfircore|altsyncram:u0_m0_wo0_wi0_delayr14_dmem"
Info (12133): Instantiated megafunction "stm32_fmc_16bit:fmc_inst|FIR1:u_fir|FIR1_0002:fir1_inst|FIR1_0002_ast:FIR1_0002_ast_inst|FIR1_0002_rtl:hpfircore|altsyncram:u0_m0_wo0_wi0_delayr14_dmem" with the following parameter:
    Info (12134): Parameter "address_aclr_a" = "UNUSED"
    Info (12134): Parameter "address_aclr_b" = "NONE"
    Info (12134): Parameter "address_reg_b" = "CLOCK0"
    Info (12134): Parameter "byte_size" = "8"
    Info (12134): Parameter "byteena_aclr_a" = "UNUSED"
    Info (12134): Parameter "byteena_aclr_b" = "NONE"
    Info (12134): Parameter "byteena_reg_b" = "CLOCK0"
    Info (12134): Parameter "clock_enable_core_a" = "USE_INPUT_CLKEN"
    Info (12134): Parameter "clock_enable_core_b" = "USE_INPUT_CLKEN"
    Info (12134): Parameter "clock_enable_input_a" = "NORMAL"
    Info (12134): Parameter "clock_enable_input_b" = "NORMAL"
    Info (12134): Parameter "clock_enable_output_a" = "NORMAL"
    Info (12134): Parameter "clock_enable_output_b" = "NORMAL"
    Info (12134): Parameter "intended_device_family" = "Cyclone IV E"
    Info (12134): Parameter "ecc_pipeline_stage_enabled" = "FALSE"
    Info (12134): Parameter "enable_ecc" = "FALSE"
    Info (12134): Parameter "implement_in_les" = "OFF"
    Info (12134): Parameter "indata_aclr_a" = "UNUSED"
    Info (12134): Parameter "indata_aclr_b" = "NONE"
    Info (12134): Parameter "indata_reg_b" = "CLOCK0"
    Info (12134): Parameter "init_file" = "UNUSED"
    Info (12134): Parameter "init_file_layout" = "PORT_A"
    Info (12134): Parameter "maximum_depth" = "0"
    Info (12134): Parameter "numwords_a" = "8"
    Info (12134): Parameter "numwords_b" = "8"
    Info (12134): Parameter "operation_mode" = "DUAL_PORT"
    Info (12134): Parameter "outdata_aclr_a" = "NONE"
    Info (12134): Parameter "outdata_aclr_b" = "CLEAR0"
    Info (12134): Parameter "outdata_reg_a" = "UNREGISTERED"
    Info (12134): Parameter "outdata_reg_b" = "CLOCK0"
    Info (12134): Parameter "power_up_uninitialized" = "FALSE"
    Info (12134): Parameter "ram_block_type" = "M9K"
    Info (12134): Parameter "rdcontrol_aclr_b" = "NONE"
    Info (12134): Parameter "rdcontrol_reg_b" = "CLOCK0"
    Info (12134): Parameter "read_during_write_mode_mixed_ports" = "OLD_DATA"
    Info (12134): Parameter "read_during_write_mode_port_a" = "NEW_DATA_NO_NBE_READ"
    Info (12134): Parameter "read_during_write_mode_port_b" = "NEW_DATA_NO_NBE_READ"
    Info (12134): Parameter "stratixiv_m144k_allow_dual_clocks" = "ON"
    Info (12134): Parameter "width_a" = "12"
    Info (12134): Parameter "width_b" = "12"
    Info (12134): Parameter "width_byteena_a" = "1"
    Info (12134): Parameter "width_byteena_b" = "1"
    Info (12134): Parameter "width_eccstatus" = "3"
    Info (12134): Parameter "widthad_a" = "3"
    Info (12134): Parameter "widthad_b" = "3"
    Info (12134): Parameter "wrcontrol_aclr_a" = "UNUSED"
    Info (12134): Parameter "wrcontrol_aclr_b" = "NONE"
    Info (12134): Parameter "wrcontrol_wraddress_reg_b" = "CLOCK0"
    Info (12134): Parameter "lpm_hint" = "UNUSED"
    Info (12134): Parameter "lpm_type" = "altsyncram"
Info (12021): Found 1 design units, including 1 entities, in source file db/altsyncram_g2o3.tdf
    Info (12023): Found entity 1: altsyncram_g2o3
Info (12128): Elaborating entity "altsyncram_g2o3" for hierarchy "stm32_fmc_16bit:fmc_inst|FIR1:u_fir|FIR1_0002:fir1_inst|FIR1_0002_ast:FIR1_0002_ast_inst|FIR1_0002_rtl:hpfircore|altsyncram:u0_m0_wo0_wi0_delayr14_dmem|altsyncram_g2o3:auto_generated"
Info (12128): Elaborating entity "altsyncram" for hierarchy "stm32_fmc_16bit:fmc_inst|FIR1:u_fir|FIR1_0002:fir1_inst|FIR1_0002_ast:FIR1_0002_ast_inst|FIR1_0002_rtl:hpfircore|altsyncram:u0_m0_wo0_wi0_delayr15_dmem"
Info (12130): Elaborated megafunction instantiation "stm32_fmc_16bit:fmc_inst|FIR1:u_fir|FIR1_0002:fir1_inst|FIR1_0002_ast:FIR1_0002_ast_inst|FIR1_0002_rtl:hpfircore|altsyncram:u0_m0_wo0_wi0_delayr15_dmem"
Info (12133): Instantiated megafunction "stm32_fmc_16bit:fmc_inst|FIR1:u_fir|FIR1_0002:fir1_inst|FIR1_0002_ast:FIR1_0002_ast_inst|FIR1_0002_rtl:hpfircore|altsyncram:u0_m0_wo0_wi0_delayr15_dmem" with the following parameter:
    Info (12134): Parameter "address_aclr_a" = "UNUSED"
    Info (12134): Parameter "address_aclr_b" = "NONE"
    Info (12134): Parameter "address_reg_b" = "CLOCK0"
    Info (12134): Parameter "byte_size" = "8"
    Info (12134): Parameter "byteena_aclr_a" = "UNUSED"
    Info (12134): Parameter "byteena_aclr_b" = "NONE"
    Info (12134): Parameter "byteena_reg_b" = "CLOCK0"
    Info (12134): Parameter "clock_enable_core_a" = "USE_INPUT_CLKEN"
    Info (12134): Parameter "clock_enable_core_b" = "USE_INPUT_CLKEN"
    Info (12134): Parameter "clock_enable_input_a" = "NORMAL"
    Info (12134): Parameter "clock_enable_input_b" = "NORMAL"
    Info (12134): Parameter "clock_enable_output_a" = "NORMAL"
    Info (12134): Parameter "clock_enable_output_b" = "NORMAL"
    Info (12134): Parameter "intended_device_family" = "Cyclone IV E"
    Info (12134): Parameter "ecc_pipeline_stage_enabled" = "FALSE"
    Info (12134): Parameter "enable_ecc" = "FALSE"
    Info (12134): Parameter "implement_in_les" = "OFF"
    Info (12134): Parameter "indata_aclr_a" = "UNUSED"
    Info (12134): Parameter "indata_aclr_b" = "NONE"
    Info (12134): Parameter "indata_reg_b" = "CLOCK0"
    Info (12134): Parameter "init_file" = "UNUSED"
    Info (12134): Parameter "init_file_layout" = "PORT_A"
    Info (12134): Parameter "maximum_depth" = "0"
    Info (12134): Parameter "numwords_a" = "8"
    Info (12134): Parameter "numwords_b" = "8"
    Info (12134): Parameter "operation_mode" = "DUAL_PORT"
    Info (12134): Parameter "outdata_aclr_a" = "NONE"
    Info (12134): Parameter "outdata_aclr_b" = "CLEAR0"
    Info (12134): Parameter "outdata_reg_a" = "UNREGISTERED"
    Info (12134): Parameter "outdata_reg_b" = "CLOCK0"
    Info (12134): Parameter "power_up_uninitialized" = "FALSE"
    Info (12134): Parameter "ram_block_type" = "M9K"
    Info (12134): Parameter "rdcontrol_aclr_b" = "NONE"
    Info (12134): Parameter "rdcontrol_reg_b" = "CLOCK0"
    Info (12134): Parameter "read_during_write_mode_mixed_ports" = "OLD_DATA"
    Info (12134): Parameter "read_during_write_mode_port_a" = "NEW_DATA_NO_NBE_READ"
    Info (12134): Parameter "read_during_write_mode_port_b" = "NEW_DATA_NO_NBE_READ"
    Info (12134): Parameter "stratixiv_m144k_allow_dual_clocks" = "ON"
    Info (12134): Parameter "width_a" = "36"
    Info (12134): Parameter "width_b" = "36"
    Info (12134): Parameter "width_byteena_a" = "1"
    Info (12134): Parameter "width_byteena_b" = "1"
    Info (12134): Parameter "width_eccstatus" = "3"
    Info (12134): Parameter "widthad_a" = "3"
    Info (12134): Parameter "widthad_b" = "3"
    Info (12134): Parameter "wrcontrol_aclr_a" = "UNUSED"
    Info (12134): Parameter "wrcontrol_aclr_b" = "NONE"
    Info (12134): Parameter "wrcontrol_wraddress_reg_b" = "CLOCK0"
    Info (12134): Parameter "lpm_hint" = "UNUSED"
    Info (12134): Parameter "lpm_type" = "altsyncram"
Info (12021): Found 1 design units, including 1 entities, in source file db/altsyncram_s2o3.tdf
    Info (12023): Found entity 1: altsyncram_s2o3
Info (12128): Elaborating entity "altsyncram_s2o3" for hierarchy "stm32_fmc_16bit:fmc_inst|FIR1:u_fir|FIR1_0002:fir1_inst|FIR1_0002_ast:FIR1_0002_ast_inst|FIR1_0002_rtl:hpfircore|altsyncram:u0_m0_wo0_wi0_delayr15_dmem|altsyncram_s2o3:auto_generated"
Info (12128): Elaborating entity "altsyncram" for hierarchy "stm32_fmc_16bit:fmc_inst|FIR1:u_fir|FIR1_0002:fir1_inst|FIR1_0002_ast:FIR1_0002_ast_inst|FIR1_0002_rtl:hpfircore|altsyncram:u0_m0_wo0_wi0_delayr24_dmem"
Info (12130): Elaborated megafunction instantiation "stm32_fmc_16bit:fmc_inst|FIR1:u_fir|FIR1_0002:fir1_inst|FIR1_0002_ast:FIR1_0002_ast_inst|FIR1_0002_rtl:hpfircore|altsyncram:u0_m0_wo0_wi0_delayr24_dmem"
Info (12133): Instantiated megafunction "stm32_fmc_16bit:fmc_inst|FIR1:u_fir|FIR1_0002:fir1_inst|FIR1_0002_ast:FIR1_0002_ast_inst|FIR1_0002_rtl:hpfircore|altsyncram:u0_m0_wo0_wi0_delayr24_dmem" with the following parameter:
    Info (12134): Parameter "address_aclr_a" = "UNUSED"
    Info (12134): Parameter "address_aclr_b" = "NONE"
    Info (12134): Parameter "address_reg_b" = "CLOCK0"
    Info (12134): Parameter "byte_size" = "8"
    Info (12134): Parameter "byteena_aclr_a" = "UNUSED"
    Info (12134): Parameter "byteena_aclr_b" = "NONE"
    Info (12134): Parameter "byteena_reg_b" = "CLOCK0"
    Info (12134): Parameter "clock_enable_core_a" = "USE_INPUT_CLKEN"
    Info (12134): Parameter "clock_enable_core_b" = "USE_INPUT_CLKEN"
    Info (12134): Parameter "clock_enable_input_a" = "NORMAL"
    Info (12134): Parameter "clock_enable_input_b" = "NORMAL"
    Info (12134): Parameter "clock_enable_output_a" = "NORMAL"
    Info (12134): Parameter "clock_enable_output_b" = "NORMAL"
    Info (12134): Parameter "intended_device_family" = "Cyclone IV E"
    Info (12134): Parameter "ecc_pipeline_stage_enabled" = "FALSE"
    Info (12134): Parameter "enable_ecc" = "FALSE"
    Info (12134): Parameter "implement_in_les" = "OFF"
    Info (12134): Parameter "indata_aclr_a" = "UNUSED"
    Info (12134): Parameter "indata_aclr_b" = "NONE"
    Info (12134): Parameter "indata_reg_b" = "CLOCK0"
    Info (12134): Parameter "init_file" = "UNUSED"
    Info (12134): Parameter "init_file_layout" = "PORT_A"
    Info (12134): Parameter "maximum_depth" = "0"
    Info (12134): Parameter "numwords_a" = "8"
    Info (12134): Parameter "numwords_b" = "8"
    Info (12134): Parameter "operation_mode" = "DUAL_PORT"
    Info (12134): Parameter "outdata_aclr_a" = "NONE"
    Info (12134): Parameter "outdata_aclr_b" = "CLEAR0"
    Info (12134): Parameter "outdata_reg_a" = "UNREGISTERED"
    Info (12134): Parameter "outdata_reg_b" = "CLOCK0"
    Info (12134): Parameter "power_up_uninitialized" = "FALSE"
    Info (12134): Parameter "ram_block_type" = "M9K"
    Info (12134): Parameter "rdcontrol_aclr_b" = "NONE"
    Info (12134): Parameter "rdcontrol_reg_b" = "CLOCK0"
    Info (12134): Parameter "read_during_write_mode_mixed_ports" = "OLD_DATA"
    Info (12134): Parameter "read_during_write_mode_port_a" = "NEW_DATA_NO_NBE_READ"
    Info (12134): Parameter "read_during_write_mode_port_b" = "NEW_DATA_NO_NBE_READ"
    Info (12134): Parameter "stratixiv_m144k_allow_dual_clocks" = "ON"
    Info (12134): Parameter "width_a" = "24"
    Info (12134): Parameter "width_b" = "24"
    Info (12134): Parameter "width_byteena_a" = "1"
    Info (12134): Parameter "width_byteena_b" = "1"
    Info (12134): Parameter "width_eccstatus" = "3"
    Info (12134): Parameter "widthad_a" = "3"
    Info (12134): Parameter "widthad_b" = "3"
    Info (12134): Parameter "wrcontrol_aclr_a" = "UNUSED"
    Info (12134): Parameter "wrcontrol_aclr_b" = "NONE"
    Info (12134): Parameter "wrcontrol_wraddress_reg_b" = "CLOCK0"
    Info (12134): Parameter "lpm_hint" = "UNUSED"
    Info (12134): Parameter "lpm_type" = "altsyncram"
Info (12021): Found 1 design units, including 1 entities, in source file db/altsyncram_n2o3.tdf
    Info (12023): Found entity 1: altsyncram_n2o3
Info (12128): Elaborating entity "altsyncram_n2o3" for hierarchy "stm32_fmc_16bit:fmc_inst|FIR1:u_fir|FIR1_0002:fir1_inst|FIR1_0002_ast:FIR1_0002_ast_inst|FIR1_0002_rtl:hpfircore|altsyncram:u0_m0_wo0_wi0_delayr24_dmem|altsyncram_n2o3:auto_generated"
Info (12128): Elaborating entity "dspba_delay" for hierarchy "stm32_fmc_16bit:fmc_inst|FIR1:u_fir|FIR1_0002:fir1_inst|FIR1_0002_ast:FIR1_0002_ast_inst|FIR1_0002_rtl:hpfircore|dspba_delay:d_u0_m0_wo0_wi0_split24_c_15"
Info (12128): Elaborating entity "dspba_delay" for hierarchy "stm32_fmc_16bit:fmc_inst|FIR1:u_fir|FIR1_0002:fir1_inst|FIR1_0002_ast:FIR1_0002_ast_inst|FIR1_0002_rtl:hpfircore|dspba_delay:d_u0_m0_wo0_ca12_q_15"
Info (12128): Elaborating entity "LPM_MULT" for hierarchy "stm32_fmc_16bit:fmc_inst|FIR1:u_fir|FIR1_0002:fir1_inst|FIR1_0002_ast:FIR1_0002_ast_inst|FIR1_0002_rtl:hpfircore|LPM_MULT:u0_m0_wo0_mtree_mult1_12_component"
Info (12130): Elaborated megafunction instantiation "stm32_fmc_16bit:fmc_inst|FIR1:u_fir|FIR1_0002:fir1_inst|FIR1_0002_ast:FIR1_0002_ast_inst|FIR1_0002_rtl:hpfircore|LPM_MULT:u0_m0_wo0_mtree_mult1_12_component"
Info (12133): Instantiated megafunction "stm32_fmc_16bit:fmc_inst|FIR1:u_fir|FIR1_0002:fir1_inst|FIR1_0002_ast:FIR1_0002_ast_inst|FIR1_0002_rtl:hpfircore|LPM_MULT:u0_m0_wo0_mtree_mult1_12_component" with the following parameter:
    Info (12134): Parameter "LPM_WIDTHA" = "16"
    Info (12134): Parameter "LPM_WIDTHB" = "13"
    Info (12134): Parameter "LPM_WIDTHS" = "1"
    Info (12134): Parameter "LPM_WIDTHP" = "29"
    Info (12134): Parameter "LPM_REPRESENTATION" = "SIGNED"
    Info (12134): Parameter "LPM_PIPELINE" = "2"
    Info (12134): Parameter "LPM_TYPE" = "LPM_MULT"
    Info (12134): Parameter "LPM_HINT" = "DEDICATED_MULTIPLIER_CIRCUITRY=YES, MAXIMIZE_SPEED=5"
Info (12021): Found 1 design units, including 1 entities, in source file db/mult_8eu.tdf
    Info (12023): Found entity 1: mult_8eu
Info (12128): Elaborating entity "mult_8eu" for hierarchy "stm32_fmc_16bit:fmc_inst|FIR1:u_fir|FIR1_0002:fir1_inst|FIR1_0002_ast:FIR1_0002_ast_inst|FIR1_0002_rtl:hpfircore|LPM_MULT:u0_m0_wo0_mtree_mult1_12_component|mult_8eu:auto_generated"
Info (12128): Elaborating entity "auk_dspip_roundsat_hpfir" for hierarchy "stm32_fmc_16bit:fmc_inst|FIR1:u_fir|FIR1_0002:fir1_inst|FIR1_0002_ast:FIR1_0002_ast_inst|auk_dspip_roundsat_hpfir:\gen_outp_blk:0:outp_blk"
Info (12128): Elaborating entity "ram_2port1" for hierarchy "ram_2port1:ram1_inst"
Info (12128): Elaborating entity "dds_core" for hierarchy "dds_core:dds1_inst"
Info (12128): Elaborating entity "dac_control" for hierarchy "dac_control:dac_ctrl1_inst"
Info (12021): Found 1 design units, including 1 entities, in source file db/altsyncram_au14.tdf
    Info (12023): Found entity 1: altsyncram_au14
Info (12021): Found 1 design units, including 1 entities, in source file db/mux_0tc.tdf
    Info (12023): Found entity 1: mux_0tc
Info (12021): Found 1 design units, including 1 entities, in source file db/decode_dvf.tdf
    Info (12023): Found entity 1: decode_dvf
Info (12021): Found 1 design units, including 1 entities, in source file db/cntr_bgi.tdf
    Info (12023): Found entity 1: cntr_bgi
Info (12021): Found 1 design units, including 1 entities, in source file db/cmpr_qgc.tdf
    Info (12023): Found entity 1: cmpr_qgc
Info (12021): Found 1 design units, including 1 entities, in source file db/cntr_h6j.tdf
    Info (12023): Found entity 1: cntr_h6j
Info (12021): Found 1 design units, including 1 entities, in source file db/cntr_jgi.tdf
    Info (12023): Found entity 1: cntr_jgi
Info (12021): Found 1 design units, including 1 entities, in source file db/cmpr_rgc.tdf
    Info (12023): Found entity 1: cmpr_rgc
Info (12021): Found 1 design units, including 1 entities, in source file db/cntr_23j.tdf
    Info (12023): Found entity 1: cntr_23j
Info (12021): Found 1 design units, including 1 entities, in source file db/cmpr_ngc.tdf
    Info (12023): Found entity 1: cmpr_ngc
Info (12033): Analysis and Synthesis generated SignalTap II or debug node instance "auto_signaltap_0"
Info (11170): Start IP generation for the debug fabric within sld_hub.
Info (11172): Alt_sld_fab: SLD fabric agents which did not specify prefer_host were connected to JTAG
Info (11172): Alt_sld_fab: Generating alt_sld_fab "alt_sld_fab" for QUARTUS_SYNTH
Info (11172): Presplit: "alt_sld_fab" instantiated altera_super_splitter "presplit"
Info (11172): Splitter: "alt_sld_fab" instantiated altera_sld_splitter "splitter"
Info (11172): Sldfabric: "alt_sld_fab" instantiated altera_sld_jtag_hub "sldfabric"
Info (11172): Ident: "alt_sld_fab" instantiated altera_connection_identification_hub "ident"
Info (11172): Alt_sld_fab: Done "alt_sld_fab" with 5 modules, 5 files
Info (11171): Finished IP generation for the debug fabric within sld_hub.
Info (12021): Found 1 design units, including 1 entities, in source file db/ip/sld2079b1f0/alt_sld_fab.v
    Info (12023): Found entity 1: alt_sld_fab
Info (12021): Found 1 design units, including 1 entities, in source file db/ip/sld2079b1f0/submodules/alt_sld_fab_ident.sv
    Info (12023): Found entity 1: alt_sld_fab_ident
Info (12021): Found 1 design units, including 1 entities, in source file db/ip/sld2079b1f0/submodules/alt_sld_fab_presplit.sv
    Info (12023): Found entity 1: alt_sld_fab_presplit
Info (12021): Found 2 design units, including 1 entities, in source file db/ip/sld2079b1f0/submodules/alt_sld_fab_sldfabric.vhd
    Info (12022): Found design unit 1: alt_sld_fab_sldfabric-rtl
    Info (12023): Found entity 1: alt_sld_fab_sldfabric
Info (12021): Found 1 design units, including 1 entities, in source file db/ip/sld2079b1f0/submodules/alt_sld_fab_splitter.sv
    Info (12023): Found entity 1: alt_sld_fab_splitter
Warning (276027): Inferred dual-clock RAM node "stm32_fmc_16bit:fmc_inst|adc1_ram_rtl_0" from synchronous design logic.  The read-during-write behavior of a dual-clock RAM is undefined and may not match the behavior of the original design.
Info (19000): Inferred 3 megafunctions from design logic
    Info (276029): Inferred altsyncram megafunction from the following design logic: "ram_2port1:ram1_inst|mem_rtl_0" 
        Info (286033): Parameter OPERATION_MODE set to BIDIR_DUAL_PORT
        Info (286033): Parameter WIDTH_A set to 16
        Info (286033): Parameter WIDTH_B set to 16
        Info (286033): Parameter WIDTHAD_A set to 10
        Info (286033): Parameter WIDTHAD_B set to 10
        Info (286033): Parameter NUMWORDS_A set to 1024
        Info (286033): Parameter NUMWORDS_B set to 1024
        Info (286033): Parameter OUTDATA_REG_A set to UNREGISTERED
        Info (286033): Parameter OUTDATA_REG_B set to UNREGISTERED
        Info (286033): Parameter ADDRESS_REG_B set to CLOCK0
        Info (286033): Parameter INDATA_REG_B set to CLOCK0
        Info (286033): Parameter WRCONTROL_WRADDRESS_REG_B set to CLOCK0
        Info (286033): Parameter INDATA_ACLR_A set to NONE
        Info (286033): Parameter WRCONTROL_ACLR_A set to NONE
        Info (286033): Parameter ADDRESS_ACLR_A set to NONE
        Info (286033): Parameter ADDRESS_ACLR_B set to NONE
        Info (286033): Parameter OUTDATA_ACLR_B set to NONE
        Info (286033): Parameter READ_DURING_WRITE_MODE_PORT_A set to OLD_DATA
        Info (286033): Parameter RAM_BLOCK_TYPE set to M9K
        Info (286033): Parameter READ_DURING_WRITE_MODE_MIXED_PORTS set to OLD_DATA
    Info (276029): Inferred altsyncram megafunction from the following design logic: "ram_2port1:ram2_inst|mem_rtl_0" 
        Info (286033): Parameter OPERATION_MODE set to BIDIR_DUAL_PORT
        Info (286033): Parameter WIDTH_A set to 16
        Info (286033): Parameter WIDTH_B set to 16
        Info (286033): Parameter WIDTHAD_A set to 10
        Info (286033): Parameter WIDTHAD_B set to 10
        Info (286033): Parameter NUMWORDS_A set to 1024
        Info (286033): Parameter NUMWORDS_B set to 1024
        Info (286033): Parameter OUTDATA_REG_A set to UNREGISTERED
        Info (286033): Parameter OUTDATA_REG_B set to UNREGISTERED
        Info (286033): Parameter ADDRESS_REG_B set to CLOCK0
        Info (286033): Parameter INDATA_REG_B set to CLOCK0
        Info (286033): Parameter WRCONTROL_WRADDRESS_REG_B set to CLOCK0
        Info (286033): Parameter INDATA_ACLR_A set to NONE
        Info (286033): Parameter WRCONTROL_ACLR_A set to NONE
        Info (286033): Parameter ADDRESS_ACLR_A set to NONE
        Info (286033): Parameter ADDRESS_ACLR_B set to NONE
        Info (286033): Parameter OUTDATA_ACLR_B set to NONE
        Info (286033): Parameter READ_DURING_WRITE_MODE_PORT_A set to OLD_DATA
        Info (286033): Parameter RAM_BLOCK_TYPE set to M9K
        Info (286033): Parameter READ_DURING_WRITE_MODE_MIXED_PORTS set to OLD_DATA
    Info (276029): Inferred altsyncram megafunction from the following design logic: "stm32_fmc_16bit:fmc_inst|adc1_ram_rtl_0" 
        Info (286033): Parameter OPERATION_MODE set to DUAL_PORT
        Info (286033): Parameter WIDTH_A set to 16
        Info (286033): Parameter WIDTHAD_A set to 13
        Info (286033): Parameter NUMWORDS_A set to 8192
        Info (286033): Parameter WIDTH_B set to 16
        Info (286033): Parameter WIDTHAD_B set to 13
        Info (286033): Parameter NUMWORDS_B set to 8192
        Info (286033): Parameter ADDRESS_ACLR_A set to NONE
        Info (286033): Parameter OUTDATA_REG_B set to UNREGISTERED
        Info (286033): Parameter ADDRESS_ACLR_B set to NONE
        Info (286033): Parameter OUTDATA_ACLR_B set to NONE
        Info (286033): Parameter ADDRESS_REG_B set to CLOCK1
        Info (286033): Parameter INDATA_ACLR_A set to NONE
        Info (286033): Parameter WRCONTROL_ACLR_A set to NONE
        Info (286033): Parameter RAM_BLOCK_TYPE set to M9K
Info (12130): Elaborated megafunction instantiation "ram_2port1:ram1_inst|altsyncram:mem_rtl_0"
Info (12133): Instantiated megafunction "ram_2port1:ram1_inst|altsyncram:mem_rtl_0" with the following parameter:
    Info (12134): Parameter "OPERATION_MODE" = "BIDIR_DUAL_PORT"
    Info (12134): Parameter "WIDTH_A" = "16"
    Info (12134): Parameter "WIDTH_B" = "16"
    Info (12134): Parameter "WIDTHAD_A" = "10"
    Info (12134): Parameter "WIDTHAD_B" = "10"
    Info (12134): Parameter "NUMWORDS_A" = "1024"
    Info (12134): Parameter "NUMWORDS_B" = "1024"
    Info (12134): Parameter "OUTDATA_REG_A" = "UNREGISTERED"
    Info (12134): Parameter "OUTDATA_REG_B" = "UNREGISTERED"
    Info (12134): Parameter "ADDRESS_REG_B" = "CLOCK0"
    Info (12134): Parameter "INDATA_REG_B" = "CLOCK0"
    Info (12134): Parameter "WRCONTROL_WRADDRESS_REG_B" = "CLOCK0"
    Info (12134): Parameter "INDATA_ACLR_A" = "NONE"
    Info (12134): Parameter "WRCONTROL_ACLR_A" = "NONE"
    Info (12134): Parameter "ADDRESS_ACLR_A" = "NONE"
    Info (12134): Parameter "ADDRESS_ACLR_B" = "NONE"
    Info (12134): Parameter "OUTDATA_ACLR_B" = "NONE"
    Info (12134): Parameter "READ_DURING_WRITE_MODE_PORT_A" = "OLD_DATA"
    Info (12134): Parameter "RAM_BLOCK_TYPE" = "M9K"
    Info (12134): Parameter "READ_DURING_WRITE_MODE_MIXED_PORTS" = "OLD_DATA"
Info (12021): Found 1 design units, including 1 entities, in source file db/altsyncram_fh02.tdf
    Info (12023): Found entity 1: altsyncram_fh02
Info (12130): Elaborated megafunction instantiation "stm32_fmc_16bit:fmc_inst|altsyncram:adc1_ram_rtl_0"
Info (12133): Instantiated megafunction "stm32_fmc_16bit:fmc_inst|altsyncram:adc1_ram_rtl_0" with the following parameter:
    Info (12134): Parameter "OPERATION_MODE" = "DUAL_PORT"
    Info (12134): Parameter "WIDTH_A" = "16"
    Info (12134): Parameter "WIDTHAD_A" = "13"
    Info (12134): Parameter "NUMWORDS_A" = "8192"
    Info (12134): Parameter "WIDTH_B" = "16"
    Info (12134): Parameter "WIDTHAD_B" = "13"
    Info (12134): Parameter "NUMWORDS_B" = "8192"
    Info (12134): Parameter "ADDRESS_ACLR_A" = "NONE"
    Info (12134): Parameter "OUTDATA_REG_B" = "UNREGISTERED"
    Info (12134): Parameter "ADDRESS_ACLR_B" = "NONE"
    Info (12134): Parameter "OUTDATA_ACLR_B" = "NONE"
    Info (12134): Parameter "ADDRESS_REG_B" = "CLOCK1"
    Info (12134): Parameter "INDATA_ACLR_A" = "NONE"
    Info (12134): Parameter "WRCONTROL_ACLR_A" = "NONE"
    Info (12134): Parameter "RAM_BLOCK_TYPE" = "M9K"
Info (12021): Found 1 design units, including 1 entities, in source file db/altsyncram_h5f1.tdf
    Info (12023): Found entity 1: altsyncram_h5f1
Warning (12241): 1 hierarchies have connectivity warnings - see the Connectivity Checks report folder
Info (13000): Registers with preset signals will power-up high
Info (13003): DEV_CLRn pin will set, and not reset, register with preset signal due to NOT Gate Push-Back
Info (286031): Timing-Driven Synthesis is running on partition "Top"
Info (17049): 10 registers lost all their fanouts during netlist optimizations.
Info (13000): Registers with preset signals will power-up high
Info (13003): DEV_CLRn pin will set, and not reset, register with preset signal due to NOT Gate Push-Back
Info (286031): Timing-Driven Synthesis is running on partition "sld_hub:auto_hub"
Info (35024): Succesfully connected in-system debug instance "auto_signaltap_0" to all 57 required data inputs, trigger inputs, acquisition clocks, and dynamic pins
Info (16010): Generating hard_block partition "hard_block:auto_generated_inst"
    Info (16011): Adding 1 node(s), including 0 DDIO, 1 PLL, 0 transceiver and 0 LCELL
Info (21057): Implemented 2638 device resources after synthesis - the final resource count might be different
    Info (21058): Implemented 34 input pins
    Info (21059): Implemented 24 output pins
    Info (21060): Implemented 16 bidirectional pins
    Info (21061): Implemented 2176 logic cells
    Info (21064): Implemented 360 RAM segments
    Info (21065): Implemented 1 PLLs
    Info (21062): Implemented 26 DSP elements
Info: Quartus II 64-Bit Analysis & Synthesis was successful. 0 errors, 3 warnings
    Info: Peak virtual memory: 4947 megabytes
    Info: Processing ended: Wed Jul 29 16:06:38 2026
    Info: Elapsed time: 00:00:25
    Info: Total CPU time (on all processors): 00:00:53


