:020000040800F2
:1000000078070020ED010008D125000861170008DD
:10001000CD2500085D070008452800080000000005
:100020000000000000000000000000002928000877
:100030006107000800000000D52500082D280008F1
:10004000070200080702000807020008070200086C
:10005000070200080702000807020008070200085C
:10006000070200080702000807020008070200084C
:10007000070200080702000807020008070200083C
:10008000070200080702000807020008070200082C
:10009000070200080702000807020008070200081C
:1000A000070200080702000807020008070200080C
:1000B00007020008070200080702000807020008FC
:1000C00007020008070200080702000807020008EC
:1000D00007020008070200080702000807020008DC
:1000E00007020008070200080702000807020008CC
:1000F00007020008070200080702000807020008BC
:1001000007020008070200080702000807020008AB
:10011000070200080702000807020008070200089B
:10012000070200080702000807020008070200088B
:10013000070200080702000807020008070200087B
:10014000070200080702000807020008070200086B
:10015000070200080702000807020008070200085B
:10016000070200080702000807020008070200084B
:10017000070200080702000807020008070200083B
:10018000070200080702000807020008070200082B
:10019000070200080000000007020008070200082C
:1001A000070200080702000807020008070200080B
:1001B00007020008070200080702000807020008FB
:1001C00007020008070200080702000807020008EB
:1001D0000702000807020008DFF80CD000F018FA48
:1001E0000048004749280008780700200648804753
:1001F00006480047FEE7FEE7FEE7FEE7FEE7FEE70C
:10020000FEE7FEE7FEE7FEE731280008D901000817
:1002100030B50B46014600202022012409E021FAD6
:1002200002F59D4205D303FA02F5491B04FA02F5D3
:100230002844151EA2F10102F1DC30BD2DE9F05F6A
:100240000546002092469B46884606468146402445
:100250001BE0284641464746224600F000FA534636
:100260005A46C01A914110D311461846224600F052
:10027000E7F92D1A67EB01084F46224601200021BD
:1002800000F0DEF917EB00094E41201EA4F1010435
:10029000DFDC484631462A464346BDE8F09F2DE95B
:1002A000FE4F804681EA0300C00F0C46009021F00B
:1002B000004123F00045B8EB0200A94105D24046B9
:1002C000214690461C460B46024623F00040104350
:1002D00047D0270DC7F30A00C3F30A510290401A12
:1002E000019040286BDAC3F3130040F4801B0098A0
:1002F000924620B10023D2EB030A63EB0B0B01986B
:100300005946C0F14002504600F09AF906460D46A3
:1003100050465946019A00F0B2F910EB08006141CD
:10032000002487EA115284EAE7731A4340D0009A06
:1003300062B3019A012A4FEA075215DC001B61EBF8
:1003400002014FF0004202EA0752CDE90042001CD0
:1003500041F5801132462B4600F0B2F903B0BDE8FA
:10036000F08F40462146F9E7001B61EB0201001CBB
:1003700041F5801300185B412018A2F5001747EBE8
:10038000030140EAD570B6196D4111E06D084FEADE
:10039000360645EAC0754FEA0752001B61EB0201C1
:1003A000001C41F5801149084FEA30000019514105
:1003B00032462B4603B0BDE8F04F00F072B900980A
:1003C000012240000023D0EB020263EBE0730098AF
:1003D00021464FEAE074B8EB000061EB0401E9E765
:1003E00083F000435BE781F0004158E72DE9FE4FC1
:1003F00081EA030404F0004421F0004100944FF02E
:10040000000B23F0004350EA01045ED052EA0304DB
:100410005BD0C3F30A54C1F30A552C44A4F2F3345D
:100420000194A0FB0254C1F3130141F48011C3F302
:10043000130343F4801301FB024400FB034E840AC0
:10044000970A44EA815447EA8357A4FB0768029558
:100450008D0A05FB07854FEA932C04FB0C542705F6
:10046000029D4FEA065847EA1637B5EB08056EEBD2
:10047000070C870E920E47EA811742EA8312A7FB08
:100480000201B6EB0B0164EB00042B0D43EA0C33C5
:100490005E1844EB1C50DA465146E7FB0201C5F3F7
:1004A00013044FEA0B3343EA14534FEA0432019C1E
:1004B00043EA0603A4F10C040294009CCDE900B4C5
:1004C00000F0FEF803B0BDE8F08F00200146F9E728
:1004D0002DE9F04D81EA030404F0004B21F00045C2
:1004E00014464FF0000A23F0004150EA050220D0E4
:1004F00054EA01021DD0C5F30A570246C5F313039F
:10050000C1F31300C1F30A5640F4801543F480137D
:10051000A7EB0608101BD64608F2FD3873EB050062
:1005200002D308F1010801E092185B41B8F1000F15
:1005300003DA00200146BDE8F08D00204FF4801161
:10054000064684460EE0171B73EB050705D3121B06
:1005500063EB050306434CEA010C49084FEA3000FF
:1005600092185B4150EA0107EDD152EA030012D024
:1005700082EA040083EA0501084305D0101BAB4161
:1005800006D20122002306E000224FF0004302E0E1
:100590006FF0010253101AEB06004CEB085110EB00
:1005A0000A0041EB0B01BDE8F04D00F07AB8C1F351
:1005B0000A52C1F3130140F2FF3341F480119A4211
:1005C00002DA00200146704740F233439A42A2F219
:1005D000334202DC524200F042B800F031B8000071
:1005E00030B5041E71F1000404DB4FF000444042BA
:1005F00064EB0101141E73F1000405DB1C464FF08F
:100600000043524263EB0403994208BF904230BD5D
:100610001CB509480090094801900546009C06E079
:10062000E06840F0010394E8070098471034AC42BA
:10063000F6D3FFF7D5FD00004CE601086CE6010893
:10064000202A04DB203A00FA02F100207047914092
:10065000C2F1200320FA03F3194390407047202A87
:1006600004DB203A21FA02F00021704721FA02F35C
:10067000D040C2F120029140084319467047202A19
:1006800006DBCB17203A41FA02F043EAE07306E0BA
:1006900041FA02F3D040C2F12002914008431946CA
:1006A000704710B5141E73F1000408DA401C41F1C4
:1006B000000192185B411A4301D120F0010010BDE6
:1006C0002DE9F04D92469B4611B1B1FA81F202E05C
:1006D000B0FA80F220329046FFF7B2FF04460F4690
:1006E00040EA0A0041EA0B0153465A46084313D038
:1006F000114653EA010019D0C8F140025046FFF7F5
:10070000AEFF05460E46504659464246FFF798FF53
:10071000084305D0012004E020463946BDE8F08DAD
:100720000020054346EAE0762C4337430A986305E8
:10073000E40AA0EB08000022FD0A44EA47540A300C
:1007400002D500200146E9E7010510196941DDE9FC
:10075000084500196941BDE8F04DA2E7FEE7000039
:1007600070470000EFF3108072B600BFFEE7000094
:10077000B0B5044600F0F0F8054640F20000C2F2C1
:1007800000004068611C18BF044400BF00F0E4F89A
:10079000401BA042FAD3B0BD2DE9F04F83B00E68E4
:1007A000002E00F0CF8000F1200241F2004C0092B8
:1007B00000F13847C4F6000C06224FEAB725604521
:1007C00008BF0522052D38BF4FEAB72200250027B4
:1007D0004FF0000801920AE00E6808F1010836FAAD
:1007E00008F207F1020705F1040500F0AB800122D1
:1007F00002FA08FE16EA0E09EED0D1F804C0032270
:100800000CF0030BABF1010602FA07F4012E6FEABC
:10081000040A11D88468CE6804EA0A04BE4034434E
:100820008460446824EA0E06CCF3001404FA08F449
:100830002643466006E000BFBBF1030F02D14FF034
:10084000030B21E0C6688C6806EA0A06BC40264312
:10085000BBF1020FC66017D16FF00302009B02EAE2
:10086000580605F01C020F2453F806C004FA02FED5
:100870000C692CEA0E0C04FA02F242EA0C029A51BC
:10088000D1F804C00CF0030B02680BFA07F302EA7C
:100890000A021A431CF4403F02609DD041F26003FB
:1008A000C4F202031A6840F2004E42F001021A60DC
:1008B0001A68C4F2010E02F001020292029A28F0B4
:1008C00003024FF6084C7244CFF6FF7C52F80C300E
:1008D00005F00C060F24B440A343019C04FA06F66D
:1008E000334342F80C30DEF808204B6842EA090630
:1008F00040F20C4CDC0258BF22EA0906CEF8086030
:10090000C4F2010CDCF800209C0242EA090658BF40
:1009100022EA0906CCF80060DEF804209C0342EAD3
:10092000090658BF22EA0906CEF80460DEF8002066
:10093000DB0342EA090658BF22EA0906CEF8006046
:100940004AE700BF03B0BDE8F08F00001823002A7B
:1009500008BF2823C150704740F27430C2F2000033
:100960000068704740F2000040F27431C2F20000AB
:10097000C2F2000140680A68104408607047000035
:1009800080B5032000F07AF80F2000F009F8002865
:100990001CBF012080BD00F02BF8002080BD0000AE
:1009A000B0B540F20005C2F200056968F1B1044635
:1009B00040F20800C2F200004FF47A720068B2FB05
:1009C000F1F1B0FBF1F000F0B5FE01460F2C4FF055
:1009D00001000AD8002918BFB0BD4FF0FF302146F2
:1009E000002200F01FF800202C60B0BD0120B0BD37
:1009F00082B041F25800C4F20200816841F0010166
:100A00008160816801F0010101910199016841F063
:100A100080510160006800F080500090009802B0A2
:100A200000F0C4B810B54EF60C5CCEF2000CDCF849
:100A30000030C3F3022E8EF00704042C28BF0424D8
:100A4000BEF103034FF0FF3E0EFA04F438BF00235B
:100A5000A14399400EFA03F39A43114300F00F02A9
:100A600000F160430901043A03F56443624400283D
:100A700048BF02F10C03197010BD00004EF60C5176
:100A8000CEF200010A684FF6FF031A4060F30A2213
:100A900042F0806040F0FD700860704747F214013A
:100AA000C4F2000151F8142CB0F5007F3CD00028AE
:100AB00074D1C86E02F4C06220F48070B2F5806F09
:100AC000C8662FD151F8140C012262F34A2041F874
:100AD000140C40F20800C2F20000006832225043B9
:100AE0004DF68362C4F21B32A0FB0202900C00BFE1
:100AF0000A68520511D5421C0FD00A6852050CD560
:100B000058B10A68520508D5012806D00A6852056E
:100B100003D50228A0F10400EAD10868400544BFCB
:100B20000320704700207047C86E02F4C06240F492
:100B30008070B2F5806FC866F4D151F8140C0122B0
:100B400062F34A2041F8140C40F20800C2F200009F
:100B50000068322250434DF68362C4F21B32A0FB80
:100B60000202900C0A68520511D5421C0FD00A6887
:100B700052050CD558B10A68520508D5012806D08F
:100B80000A68520503D50228A0F10400EAD10868DA
:100B9000400544BF03207047C4E700BF022060F354
:100BA0004A2241F8142C00207047000047F2080048
:100BB000C4F20000016841F4804101607047000008
:100BC0002DE9F047002863D042F2000AC4F2020A7D
:100BD0000446DAF800000D4600F00F0088420CD2FF
:100BE000DAF8000020F00F002843CAF80000DAF815
:100BF000000000F00F00A8424AD1216841F2080825
:100C0000C807C4F2020803D1880740F1D080B5E0DC
:100C1000606858F8082C022838D003283CD192018B
:100C200036D5D8F80420D8F8043042F20046C3F391
:100C3000031302F00302D8F804700133C0F2F40683
:100C4000032A04BF41F20026C0F27A06B6FBF3F293
:100C5000D8F80430C7F306277A43C3F34163022769
:100C600007EB4303B2FBF3F24BF20043C0F2C44381
:100C70009A4259D9D8F8002012F0F00F49D08907CC
:100C800052D5A16800294FD143E000BF910305D49C
:100C90000120BDE8F08700BF5105F9D5D8F8001054
:100CA00001F00C0104293FD0D8F8001001F00C012C
:100CB000082939D0D8F8001001F00C010C2933D1E3
:100CC000D8F80410D8F8042042F20047C2F3031207
:100CD00001F00301D8F804300132C0F2F40703290F
:100CE00004BF41F20027C0F27A07B7FBF2F1D8F84F
:100CF0000420C3F306235943C2F34162022303EBEA
:100D00004202B1FBF2F14BF20042C0F2C442914206
:100D10000AD9D8F80010082262F307114FF0010930
:100D2000C8F8001002E000BF4FF00009D8F800102A
:100D300021F003010843C8F80000FFF70DFE064646
:100D400041F28837D8F80000616800F00C00B0EB81
:100D5000810F07D0FFF700FE801BB842F2D90320B5
:100D6000BDE8F0872168880708D4B9F1000F1ED0CC
:100D7000D8F8000020F0F00017E000BF480705D5C4
:100D8000D8F8000040F4E060C8F80000080706D575
:100D9000D8F80000072262F30D20C8F80000D8F848
:100DA0000000A26820F0F0001043C8F80000DAF854
:100DB000000000F00F00A8421BD9DAF8000020F074
:100DC0000F002843CAF80000FFF7C6FD064641F2AF
:100DD000883700BFDAF8000000F00F00A84207D003
:100DE000FFF7BAFD801BB842F4D90320BDE8F087B5
:100DF0002168480707D5D8F80000E26820F4E060D1
:100E00001043C8F80000080708D5D8F80000216989
:100E100020F4605040EAC100C8F80000D8F8000093
:100E200042F20041C0F2F40100F00C000428084630
:100E30002DD0D8F8000000F00C00082841F2002066
:100E4000C0F27A0023D0D8F8002002F00C020C2A5D
:100E50001CD1D8F80420D8F8043002F00302C3F300
:100E60000313D8F804700133032A08BF0146B1FB0D
:100E7000F3F0D8F80410C7F30627C1F3416102224A
:100E8000784302EB4101B0FBF1F000E00020D8F81C
:100E9000001043F24022C1F30311C0F60002515C7E
:100EA00040F2080201F01F0120FA01F140F20000B7
:100EB000C2F200000068C2F200021160BDE8F04713
:100EC000FFF76EBD002804BF012070472DE9F041F7
:100ED00082B00446007841F20006C007C4F2020660
:100EE0001ED1207880073DD42078000764D4207874
:100EF000400700F187802078800600F1D980E06902
:100F0000002800F0C181B16801F00C010C2940F00B
:100F10002F81012840F08081012002B0BDE8F081DE
:100F2000B06800F00C01F068082961D0032281F05C
:100F30000C0122EA00000844B0FA80F0400957D1C1
:100F400061683068B1F5803F07D0B1F5A02F40F05F
:100F5000E18040F480203060306840F480303060C0
:100F6000E2E000BFB068F16800F00C00042871D026
:100F700001F0030180F00C0081F002010844B0FA96
:100F800080F0400966D1E1683068002900F0DE8019
:100F900040F480703060FFF7DFFC054630684005A4
:100FA00000F1FC80FFF7D8FC401B0228F6D9032093
:100FB00002B0BDE8F08100BF6169D6F89400002955
:100FC00000F0928040F00100C6F89400FFF7C4FCE6
:100FD000054600BFD6F8940080073FF588AFFFF7BD
:100FE000BBFC401B0228F5D9032002B0BDE8F0810C
:100FF000306880037FF575AF606800287FF471AFBB
:101000003EE000BFB06D5FEAC00808D4B06D40F0AC
:101010008050B065B06D00F080500190019847F2AB
:101020000007C4F200073868C0052DD4386840F4C2
:1010300080703860FFF790FC054600BF3868C00537
:1010400022D4FFF789FC401B0228F7D9032002B005
:10105000BDE8F0813068400501D5E06880B1706876
:10106000216920F0FE4040EA0160706040F200001B
:10107000C2F200000068FFF793FC00283FF434AF91
:10108000012002B0BDE8F081A168D6F890000129E6
:1010900008D0052940F0A08040F00400C6F8900078
:1010A000D6F8900040F00100C6F89000A0E000BF24
:1010B000A169D6F89800002978D040F00100C6F860
:1010C0009800FFF749FC0546D6F8980080073FF5E1
:1010D00016AFFFF741FC401B02284FF00300F3D985
:1010E00002B0BDE8F08100BF20F00100C6F8940016
:1010F000FFF732FC054600BFD6F8940080077FF565
:10110000F6AEFFF729FC401B0228F5D9032002B0F8
:10111000BDE8F08120F4803030603068002920F490
:101120008020306000F0CE80FFF716FC054600BF3F
:10113000306880033FF5D5AEFFF70EFC401B6428F6
:10114000F6D9032002B0BDE8F08100BF20F4807022
:101150003060FFF701FC0546306840057FF5C4AEFE
:10116000FFF7FAFB401B02284FF00300F4D9B7E762
:101170003168022821F08071316040F08980FFF7EA
:10118000EBFB05463068800140F1C880FFF7E4FBC7
:10119000401B02284FF00300F4D9A1E770682169D1
:1011A00020F0FE4040EA016070609DE620F0010002
:1011B000C6F89800FFF7D0FB054600BFD6F89800A8
:1011C00080077FF59CAEFFF7C7FB401B02284FF05E
:1011D0000300F3D984E700BF20F00100C6F89000B7
:1011E000D6F89000002920F00400C6F8900079D0CD
:1011F000FFF7B2FB054641F2883700BFD6F89000F2
:10120000800700F18180FFF7A7FB401BB842F5D9AA
:10121000032002B0BDE8F081F068216A00F003020B
:101220008A427FF42DAF626A6FF00F0300F0F00185
:1012300003EB021291427FF423AFA16A00F4FE4255
:10124000B2EB012F7FF41CAFE16A00F07842B2EB01
:10125000C16F7FF415AF226B0023CFF6E07303EA72
:10126000025200F4C001A2F5001291427FF408AFCF
:10127000616B4FF07E4202EA016100F0C06001F153
:101280007E4188427FF4FCAE002002B0BDE8F081D0
:10129000F0684FF6FF7120F00300F060F068CFF6C1
:1012A000EE610840F060FFF757FB044630688001AC
:1012B000EAD5FFF751FB001B02284FF00300F5D9D8
:1012C0000EE700BFFFF748FB054600BF306880030C
:1012D0007FF507AEFFF740FB401B64284FF003008B
:1012E000F4D9FDE6FFF738FB054641F2883700BF29
:1012F000D6F89000800707D5FFF72EFB401BB842B9
:101300004FF00300F4D9EBE6B8F1000F3FF5F3AD71
:10131000B06D20F08050B065EDE500BFF06848F298
:101320000C01C0F29F1104F1200700EA010C8ECFDE
:101330006FF00F00D4E90C5400EB02100022CFF63E
:10134000E07241EA0C0102EA05520843A2F50012DC
:101350004FF07E4540EA032005EA0465104305F19D
:101360007E4540EAC7602843F060306840F08070F6
:101370003060F06840F08070F060FFF7EDFA0446EE
:10138000306880013FF580AFFFF7E6FA001B0228C6
:101390004FF00300F4D9A3E6002804BF01207047F2
:1013A000416A19B100210161142104E04168B1F5DD
:1013B000827F02D01C2100224250B0B500258562F8
:1013C00090F85D1029B980F85C50044600F056F89A
:1013D0002046022180F85D100168D0F80CE00B680F
:1013E000BEF5E06F23F040030B6098BF01254EF47B
:1013F0000063B3F5706F4FEA053C1CBF00258562A2
:10140000D0E90154D0E9043205F4827504F40444AF
:101410002C4403F002032344846902F00102C569ED
:101420001A4404F400731A4405F03803056A1A4498
:1014300005F08003856A1A4405F400531A430A60D4
:101440000422436A0EF4706502EA1442446B45EAD2
:101450000C0503F010032A4304F008041A43224346
:101460004A60CA6922F40062CA6100210122016651
:1014700080F85D20BDE8B0400846704780B586B072
:10148000006843F60002C4F2000200219042CDE958
:101490000411CDE90211019102D006B080BD00BF58
:1014A00041F24C00C4F20200C26842F48042C260C1
:1014B000C26802F480420092009A026842F002027E
:1014C0000260006800F00200009000984FF4204095
:1014D00001900220CDE902010520059040F2004074
:1014E0000491C4F6000001A9FFF756F906B080BDCB
:1014F0002DE9F04381B0044690F85C00012803D147
:10150000022001B0BDE8F0834FF001081D460F46F0
:10151000164684F85C80FFF71FFA94F85D100129E5
:1015200048D18146002F4FF0010018BF002E00F077
:10153000D9800320002284F85D002266A763A68775
:10154000E6872264A4F84420A4F84620A068314627
:10155000B0F5004F2068E264226507D1026822F0EE
:1015600040020260026842F4804202600268520651
:1015700003D4026842F04002026062680139E36805
:10158000B2FA82F2B1FA81F152094909B3F5E06F7A
:1015900041EA02013ED931B137F8021BC160A763AD
:1015A000E08F0138E087E08F002871D0681C0ED1F1
:1015B0001FE000BF022095E0A16B31F8022BC26052
:1015C000A163E08F0138E087E08F002860D02068B9
:1015D00081688907F0D4FFF7BFF9A0EB0900A842A2
:1015E000F2D303207EE000BFFFF7B6F9E08F0028BA
:1015F0004ED0206881688907F6D5A16B31F8022B9F
:10160000C260A163E08F0138E087E08F0028F0D14D
:101610003EE000BF89B1E18F02294FF6FE7103D38E
:1016200037F8022BC26004E03A7801310273A06BF4
:10163000471CA763E08F0844E087E08F40B3681C35
:101640005DD04FF6FE70471C08E000BFFFF784F93D
:10165000A0EB0900A842C4D2E08FC8B12168886815
:101660008007F3D5E28FA06B022A05D330F8022B56
:10167000CA604FF6FE7104E000780873A06B39462B
:101680000130A063E08F0844E087E08F0028E5D1B7
:1016900020464FF4C0512A464B4600F09DFF68B9E2
:1016A000204629464A4601F057F838B920464FF4FB
:1016B000C0612A464B4600F08FFF28B1206E40F0F3
:1016C0002000206620202066A06838B90020009005
:1016D0002068C1680091806800900098206E002802
:1016E00018BF0120002184F85D8084F85C1001B0EF
:1016F000BDE8F083FFF730F9E08F0028C8D02068FC
:1017000081688907F6D5E28FA16B012A08D931F8E3
:10171000022BC260A163E08F0238E087ECE700BFD4
:1017200009780173A06B0130A063E08F0138E08776
:10173000E2E70000411E0020B0EB116F1CBF01204A
:1017400070474EF21002CEF2000251604EF6235165
:10175000CEF20001F0230B700721906011607047FA
:10176000FEE700002DE9F04385B040F20044074653
:101770002A20C4F60004164689468DF80700204644
:101780004FF4804100229846FFF7E0F840F29005C0
:10179000C2F200050DF10701284601220A23FFF7D6
:1017A000A7FE78BAADF8080020464FF48041012228
:1017B000FFF7CCF802A9284602220A23FFF798FE79
:1017C00070BAADF80A0020464FF480410122FFF7BD
:1017D000BDF80DF10A01284602220A23FFF788FE10
:1017E0002B208DF80D0020464FF480410022FFF79A
:1017F000ADF80DF10D01284601220A23FFF778FE0E
:1018000009F1220000BA000CADF80E0020464FF49A
:1018100080410122FFF79AF80DF10E0128460222BD
:101820000A23FFF765FE08F1220000BA000CADF8AC
:10183000100020464FF480410122FFF787F804A9E9
:10184000284602220A23FFF753FE2C208DF81300AE
:1018500020464FF480410022FFF778F80DF1130184
:10186000284601220A23FFF743FE05B0BDE8F083B6
:1018700070B504460020002140F23F12AB23FFF771
:1018800071FF4FF6805140F2F40260BACFF6FF715B
:10189000C2F2000253185031A3F88002A3F882026A
:1018A000A3F88402A3F88602A3F88802A3F88A02A8
:1018B000A3F88C02A3F88E02A3F89002A3F8920278
:1018C000A3F89402A3F89602A3F89802A3F89A0248
:1018D000A3F89C02A3F89E02A3F8A002A3F8A20218
:1018E000A3F8A402A3F8A602A3F8A802A3F8AA02E8
:1018F000A3F8AC02A3F8AE02A3F8B002A3F8B202B8
:10190000A3F8B402A3F8B602A3F8B802A3F8BA0287
:10191000A3F8BC02A3F8BE02A3F8C002A3F8C20257
:10192000A3F8C402A3F8C602A3F8C802A3F8CA0227
:10193000A3F8CC02A3F8CE02ACD140F20040C4F62A
:1019400000004FF480410122FFF700F840F29004BC
:1019500040F2F405AC26C2F20004C2F2000500BF5A
:10196000204629464FF420724FF48073FFF7C0FDE4
:10197000013EF5D170BD00002DE9F04F81B04FF070
:101980009040202100224FF020084FF0000BFEF77E
:10199000DDFF1E20FEF7ECFE4FF0904020210122DB
:1019A0004FF00109FEF7D2FF6420FEF7E1FE4FF091
:1019B000904040210022FEF7C9FF6420FEF7D8FEC8
:1019C00040F200441120C4F600048DF803002046C4
:1019D0004FF480410022FEF7B9FF40F29005C2F2B9
:1019E00000050DF10301284601220A23FFF780FDBF
:1019F00036208DF8030020464FF480410022FEF788
:101A0000A5FF0DF10301284601220A23FFF770FD0F
:101A1000A0208DF8030020464FF480410122FEF7FC
:101A200095FF0DF10301284601220A23FFF760FD0F
:101A30003A208DF8030020464FF480410022FEF743
:101A400085FF0DF10301284601220A23FFF750FD0F
:101A5000052720464FF4804101228DF80370FEF7E0
:101A600075FF0DF10301284601220A23FFF740FD0F
:101A7000B2208DF8030020464FF480410022FEF78B
:101A800065FF0DF10301284601220A23FFF730FD0F
:101A90000C2620464FF4804101228DF80360FEF7AA
:101AA00055FF0DF10301284601220A23FFF720FD0F
:101AB00020464FF4804101228DF80360FEF746FF77
:101AC0000DF10301284601220A23FFF711FD2046EC
:101AD0004FF4804101228DF803B0FEF737FF0DF17E
:101AE0000301284601220A23FFF702FD4FF0330AC3
:101AF00020464FF4804101228DF803A0FEF726FF17
:101B00000DF10301284601220A23FFF7F1FC2046CC
:101B10004FF4804101228DF803A0FEF717FF0DF16D
:101B20000301284601220A23FFF7E2FCB7208DF8C3
:101B3000030020464FF480410022FEF707FF0DF11D
:101B40000301284601220A23FFF7D2FC352620464E
:101B50004FF4804101228DF80360FEF7F7FE0DF18E
:101B60000301284601220A23FFF7C2FCBB208DF89F
:101B7000030020464FF480410022FEF7E7FE0DF1FE
:101B80000301284601220A23FFF7B2FC20464FF446
:101B9000804101228DF80360FEF7D8FE0DF10301AC
:101BA000284601220A23FFF7A3FCC0208DF803007A
:101BB00020464FF480410022FEF7C8FE0DF10301DC
:101BC000284601220A23FFF793FC2C208DF80300FE
:101BD00020464FF480410122FEF7B8FE0DF10301CB
:101BE000284601220A23FFF783FCC2208DF8030058
:101BF00020464FF480410022FEF7A8FE0DF10301BC
:101C0000284601220A23FFF773FC20464FF4804147
:101C100001228DF80390FEF799FE0DF1030128468D
:101C200001220A23FFF764FCC3208DF8030020463D
:101C30004FF480410022FEF789FE0DF10301284692
:101C400001220A23FFF754FC13208DF803002046DD
:101C50004FF480410122FEF779FE0DF10301284681
:101C600001220A23FFF744FCC4208DF8030020461C
:101C70004FF480410022FEF769FE0DF10301284672
:101C800001220A23FFF734FC20464FF48041012251
:101C90008DF80380FEF75AFE0DF10301284601225C
:101CA0000A23FFF725FCC6208DF8030020464FF4D9
:101CB00080410022FEF74AFE0DF103012846012271
:101CC0000A23FFF715FC0F208DF8030020464FF480
:101CD00080410122FEF73AFE0DF103012846012260
:101CE0000A23FFF705FCD0208DF8030020464FF4AF
:101CF00080410022FEF72AFE0DF103012846012251
:101D00000A23FFF7F5FBA4208DF8030020464FF4CB
:101D100080410122FEF71AFE0DF10301284601223F
:101D20000A23FFF7E5FBA12620464FF4804101225C
:101D30008DF80360FEF70AFE0DF10301284601222B
:101D40000A23FFF7D5FBD6208DF8030020464FF479
:101D500080410022FEF7FAFD0DF103012846012221
:101D60000A23FFF7C5FB20464FF4804101228DF87E
:101D70000360FEF7EBFD0DF10301284601220A2363
:101D8000FFF7B6FBE0208DF8030020464FF48041BA
:101D90000022FEF7DBFD0DF10301284601220A2394
:101DA000FFF7A6FB4FF0F00920464FF480410122D7
:101DB0008DF80390FEF7CAFD0DF1030128460122BC
:101DC0000A23FFF795FB20464FF4804101228DF84E
:101DD00003B0FEF7BBFD0DF10301284601220A23E3
:101DE000FFF786FB042620464FF4804101228DF840
:101DF0000360FEF7ABFD0DF10301284601220A2323
:101E0000FFF776FB20464FF4804101228DF80360F6
:101E1000FEF79CFD0DF10301284601220A23FFF77E
:101E200067FB20464FF4804101228DF80360FEF7E6
:101E30008DFD0DF10301284601220A23FFF758FB0F
:101E400020464FF4804101228DF80370FEF77EFD9D
:101E50000DF10301284601220A23FFF749FB4FF049
:101E6000290820464FF4804101228DF80380FEF7B7
:101E70006DFD0DF10301284601220A23FFF738FB0F
:101E800020464FF4804101228DF803A0FEF75EFD4D
:101E90000DF10301284601220A23FFF729FB4FF029
:101EA0003E0B20464FF4804101228DF803B0FEF72F
:101EB0004DFD0DF10301284601220A23FFF718FB0F
:101EC00038208DF8030020464FF480410122FEF7B0
:101ED0003DFD0DF10301284601220A23FFF708FB0F
:101EE000122620464FF4804101228DF80360FEF750
:101EF0002DFD0DF10301284601220A23FFF7F8FA10
:101F000020464FF4804101228DF80360FEF71EFD4C
:101F10000DF10301284601220A23FFF7E9FA2826DA
:101F200020464FF4804101228DF80360FEF70EFD3C
:101F30000DF10301284601220A23FFF7D9FA3020C8
:101F40008DF8030020464FF480410122FEF7FEFC8D
:101F50000DF10301284601220A23FFF7C9FAE12007
:101F60008DF8030020464FF480410022FEF7EEFC7E
:101F70000DF10301284601220A23FFF7B9FA204692
:101F80004FF4804101228DF80390FEF7DFFC0DF144
:101F90000301284601220A23FFF7AAFA0727204651
:101FA0004FF4804101228DF80370FEF7CFFC0DF154
:101FB0000301284601220A23FFF79AFA0A208DF826
:101FC000030020464FF480410122FEF7BFFC0DF1D3
:101FD0000301284601220A23FFF78AFA0D208DF813
:101FE000030020464FF480410122FEF7AFFC0DF1C3
:101FF0000301284601220A23FFF77AFA0B208DF805
:10200000030020464FF480410122FEF79FFC0DF1B2
:102010000301284601220A23FFF76AFA20464FF4FB
:10202000804101228DF80370FEF790FC0DF1030151
:10203000284601220A23FFF75BFA20464FF480412D
:1020400001228DF80360FEF781FC0DF103012846A3
:1020500001220A23FFF74CFA20464FF48041012267
:102060008DF803A0FEF772FC0DF103012846012252
:102070000A23FFF73DFA20464FF4804101228DF8F4
:1020800003B0FEF763FC0DF10301284601220A2389
:10209000FFF72EFA36208DF8030020464FF48041DA
:1020A0000122FEF753FC0DF10301284601220A2309
:1020B000FFF71EFA142620464FF4804101228DF8C6
:1020C0000360FEF743FC0DF10301284601220A23B9
:1020D000FFF70EFA20464FF4804101228DF803608D
:1020E000FEF734FC0DF10301284601220A23FFF715
:1020F000FFF920464FF4804101228DF80380FEF75E
:1021000025FC0DF10301284601220A23FFF7F0F90F
:1021100032208DF8030020464FF480410122FEF763
:1021200015FC0DF10301284601220A23FFF7E0F90F
:1021300021208DF8030020464FF480410022FEF755
:1021400005FC0DF10301284601220A23FFF7D0F90F
:1021500011208DF8030020464FF480410022FEF745
:10216000F5FB0DF10301284601220A23FFF7C0F910
:102170007820FEF7FDFA20464FF4804100228DF8CA
:102180000380FEF7E3FB0DF10301284601220A2339
:10219000FFF7AEF901B0BDE8F08F0000B0F5987F11
:1021A00098BF9C2900D970472DE9F04F87B0984619
:1021B0000446073001F10F0340F20045A2F120066A
:1021C00082B29BB22046C4F600050F46FFF7CAFA5A
:1021D000B0B2000140F29006019007F1220098FA97
:1021E00098FB0021C2F20006009004E00299013140
:1021F000102900F09980019843F250220844C0F65B
:10220000000212F8008000984FF0000A084400BA5B
:102210004FEA1049029107E01FFA8AF04FEA580886
:102220000AF1010A0728E1D25FEAC870F4D02A2037
:102230008DF80F0028464FF4804100220AEB040776
:10224000FEF784FB30460DF10F0101220A23FFF750
:102250004FF938BA070C28464FF480410122ADF8F7
:102260001070FEF773FB304604A902220A23FFF721
:102270003FF928464FF480410122ADF81270FEF775
:1022800065FB30460DF1120102220A23FFF730F9F7
:102290002B208DF8150028464FF480410022FEF7D0
:1022A00055FB30460DF1150101220A23FFF720F9F5
:1022B00028464FF480410122ADF81690FEF746FB08
:1022C00030460DF1160102220A23FFF711F92846C4
:1022D0004FF480410122ADF81890FEF737FB3046ED
:1022E00006A902220A23FFF703F92C208DF81B0010
:1022F00028464FF480410022FEF728FB30460DF1BE
:102300001B0101220A23FFF7F3F828464FF480410E
:102310000122ADF80CB0FEF719FB304603A90222EA
:102320000A23FFF7E5F877E707B0BDE8F04F7047FD
:10233000002B08BF70472DE9F04F81B006461044CE
:102340000A9F01384FEA42099A4688464FF0000B2F
:1023500085B21FFA89F400BF0BEB080081B230464A
:102360002A460B46FFF7FEF940F20040C4F6000093
:102370004FF480410122FEF7E9FA40F29000C2F2E8
:102380000000394622464FF47A73FFF7B1F80BF19B
:10239000010BDA454F44DFD101B0BDE8F04F704783
:1023A0002DE9F04F81B092461278002A74D040F2A5
:1023B000F40640F2004840F2900799460C46054664
:1023C000C2F200064FF0F81BC4F60008C2F2000784
:1023D0000BE000BFA8B2A1B2D2B24B46FFF7DEFEBF
:1023E0001AF8012F0835002A56D0A8B2B0F5987F08
:1023F00088BF1034A0B288BF00259D28EAD30020F2
:10240000002140F23F12AB23FFF7ACF94FF68050AA
:10241000CFF6FF7031185030C1F880B2C1F884B2E5
:10242000C1F888B2C1F88CB2C1F890B2C1F894B2C8
:10243000C1F898B2C1F89CB2C1F8A0B2C1F8A4B278
:10244000C1F8A8B2C1F8ACB2C1F8B0B2C1F8B4B228
:10245000C1F8B8B2C1F8BCB2C1F8C0B2C1F8C4B2D8
:10246000C1F8C8B2C1F8CCB2D4D140464FF48041D3
:102470000122FEF76BFAAC24384631464FF4207245
:102480004FF48073FFF734F8013CF5D19AF800203F
:10249000002400259EE700BF01B0BDE8F08F0000DA
:1024A000F0B581B040F21007C2F2000714460D46A5
:1024B000064606AA38461946009200F041FA304610
:1024C00029463A462346FFF76BFF01B0F0BD0000F6
:1024D0002DE9F04186B0002641F24C000596CDE989
:1024E0000366CDE90166C4F202000168002241F0F2
:1024F000200101600168E02501F0200100910099B0
:10250000016841F001010160016801F001010091E1
:102510000099016841F0020101600068E02100F0CB
:102520000200009000984FF09040FEF70FFA40F242
:102530000044C4F6000420464FF4804100224FF4CA
:102540008048FEF703FA019501AD01274FF0904056
:102550002946CDE902760496FEF71EF92046294663
:10256000CDE90187CDE90366FEF716F906B0BDE8AF
:10257000F081000070B540F2900043F60001C2F215
:102580000000C4F200014FF482724FF400434FF494
:10259000E06C4FF0020E012480E80E5000F11401AF
:1025A0004FF40075102670C100210722C0E9081100
:1025B000C0E90A12C0E90C11FEF7EEFE002808BFC0
:1025C00070BDBDE87040FEF7CDB80000FEE700002A
:1025D000FEE70000704700002DE9F04782B00026BA
:1025E0001F4690460D4681468DF80360FEF7B4F90C
:1025F000381A00EB0807FEF7AFF940F20801C2F203
:102600000001096823225143090DD9F8004079439C
:102610000191A168294235D0824618F1010035D0D8
:10262000B5F5C06F1AD100BF207B8DF803009DF86F
:102630000300FEF791F9A0EB0A00B8425ED20198C0
:1026400001990028A1F101010191D9F800108968D0
:1026500008BF074611F4C06FE6D112E0FEF77CF91F
:10266000A0EB0A00B84249D2019801990028A1F1D3
:1026700001010191D9F80010896808BF0746294275
:10268000ECD10026304602B0BDE8F0870026B5F553
:10269000C06F25D1207B8DF803009DF80300A06852
:1026A00010F4C06FEDD0207B8DF803009DF803007F
:1026B000A06810F4C06FE4D0207B8DF803009DF873
:1026C0000300A06810F4C06FDBD0207B8DF80300FE
:1026D0009DF80300A06810F4C06FDBD1D2E700BF03
:1026E000A0682842CDD0A0682842CAD0A06828425D
:1026F000C7D0A0682842F3D1C4E700BFD9E90001E0
:102700004268B1F5827F22F0E00242600BD1D9F835
:102710000810B1F5004F02D0B1F5806F03D1016808
:1027200021F040010160D9F82810B1F5005F07D110
:10273000016821F400510160016841F40051016019
:10274000012089F85D00002089F85C0003263046EE
:1027500002B0BDE8F0870000F0B581B015460E4626
:102760000446FEF7F9F8281A8719FEF7F5F840F243
:102770000801C2F200010968C1F3CB31794300912D
:1027800021688A68120622D50546701C15D000BF44
:10279000FEF7E2F8401BB8421CD2009800990028CE
:1027A000A1F1010100912168896808BF0746080668
:1027B000EED40CE08868000609D58868000606D5C6
:1027C0008868000644BF88685FEA0060F2D4002091
:1027D00001B0F0BDD4E900014268B1F5827F22F07A
:1027E000E00242600AD1A168B1F5004F02D0B1F514
:1027F000806F03D1016821F040010160A16AB1F549
:10280000005F07D1016821F400510160016841F4C3
:1028100000510160012084F85D00002084F85C0014
:10282000032001B0F0BD000070470000FEF79AB829
:102830004EF68850CEF20000016841F4700101604C
:1028400070470000FEE7000094B0FEF799F80024FE
:102850000020CDE90B44CDE90944CDE90744FEF75A
:102860001DF94FF48071099140210A910421022041
:102870000F9155210690CDE90D00CDE91010CDE95D
:10288000120006A8FEF71EFB20B1EFF3108072B60F
:10289000FEE700BF0F2001900320CDE9020401A84C
:1028A0000421CDE90444FEF78BF928B1EFF3108041
:1028B00072B600BFFEE700BFFFF70AFEFFF75AFE41
:1028C000FFF75AF80020FEF7D3FF4EF24064C0F63F
:1028D0000104002014214FF478422346FFF7E0FD65
:1028E000002032211F222346FFF7DAFD002050216D
:1028F0004FF4FC622346FFF7D3FD0CA346209C2136
:1029000047F67C52FFF7CCFD4FF47A70FDF730FFAD
:1029100043F64004C0F60004002000214FF4A072EA
:10292000AC230094FFF704FDFEE700BF32303234E1
:102930002D30312D30312030303A30303A303100C6
:1029400037B514460846064B6A46214600F0DCF8C7
:1029500004466946002000F06EFC20463EBD0000A3
:102960003732000802E008C8121F08C1002AFAD155
:1029700070477047002001E001C1121F002AFBD1FF
:10298000704700002DE9FF5F82B00021DDE90430CF
:10299000020DDDF840B0034318D044F61050A2F207
:1029A000FF3242431514119801281FD0A5EB0B00EC
:1029B000401C5FEA000A4FF000064E4FDFF83891E6
:1029C000B046504615D5CAF1000413E01198012411
:1029D0004AA3012801D16FEA0B010298119AC0E9BC
:1029E0000031C0E9024206B0BDE8F09FCBF1000023
:1029F000DFE704460021404A491842EB0450CDE984
:102A0000001012E0E00707D032463B4640464946F8
:102A1000FDF7ECFC8046894632463B461046194697
:102A2000FDF7E4FC06460F466410002CEAD1DDE910
:102A30000401DDE90023BAF1000F06DAFDF7D6FC48
:102A400042464B46FDF7D2FC05E0FDF741FD42460C
:102A50004B46FDF73DFD04460E460022284BFDF790
:102A6000BFFD03D84FF0FF30014607E00022254BA1
:102A700020463146FDF713FCFDF799FD102409E0CF
:102A8000002C0ADB0A220023FDF7D8FB039B30321F
:102A90001A55641E50EA0102F2D1641C039AC4F173
:102AA00011031444119A012A03D0012208430DD1C5
:102AB0000AE0084304D000204FF0110B119072E798
:102AC000A3EB0B056D1E0DE05B4504DD4FF000022E
:102AD00005F1010504E003DA4FF00002A5F101055C
:102AE000002AECD002981199C0E90231C0E90045F2
:102AF00079E70000000014400000F03F30000000C3
:102B00000000F0430000E03F2DE9FF4F95B09B46E9
:102B10008946064600250FE2252877D1002427465E
:102B2000F84A0121059400E0044316F8013F203BD8
:102B300001FA03F01042F7D130782A2811D06FF053
:102B40002F033078A0F13002092A16D8059A44F0F4
:102B5000020402EB820203EB42021044761C059051
:102B6000EFE759F8042B0592002A03DA504244F4A7
:102B70000054059044F00204761C30782E2816D1BB
:102B800016F8010F44F004042A280DD06FF02F022C
:102B90003078A0F13003092B09D807EB870302EB4B
:102BA0004303C718761CF3E759F8047B761C30788A
:102BB0006C280FD006DC4C2817D068280DD06A2866
:102BC00014D104E0742810D07A280FD10DE044F419
:102BD00000140AE044F4801401E044F440147278D4
:102BE000824202D104F58014761C761C3078662867
:102BF0000BD013DC582877D009DC002875D0452885
:102C0000F6D04628F4D047281AD19DE118E0632871
:102C100035D0642879D0652812D195E1702873D019
:102C200008DC6728F1D069286FD06E280DD06F2896
:102C300006D1B5E073282CD0752875D0782874D0CB
:102C40005A46179990476D1C75E1C4F3025002284B
:102C500009D003280DD0D9F8001004280DD00D603C
:102C600009F1040967E1D9F80010EA17C1E9005237
:102C7000F6E7D9F800100D80F2E70D70F0E719F8CB
:102C8000041B8DF8001000208DF80100EA46012099
:102C900003E059F804AB4FF0FF3061074FF000013B
:102CA00002D40DE008F101018846B9420FDA8045EF
:102CB000F8DB1AF808100029F4D108E008F1010146
:102CC00088468142FADB1AF808100029F6D10598E7
:102CD0005B46A0EB080721463846179A00F094FAA5
:102CE000284400EB080507E04DE029E10DE01AF863
:102CF000010B5A4617999047B8F10108F7D25B4685
:102D000021463846179A13E142E00A220092C4F3A2
:102D100002524FF0000A022A08D059F804CB032AC5
:102D20004FEAEC710AD00DE029E02AE009F1070131
:102D300021F00702F2E802C1914609E00FFA8CFC8B
:102D40004FEAEC71042A03D14FFA8CFC4FEAEC7184
:102D5000002907DA0A460021DCF1000C61EB0201D0
:102D60002D2202E0220504D52B228DF80420012219
:102D700003E0E20701D02022F7E7904659E00A215C
:102D800002E010220DE010214FF0000A00910BE04C
:102D900010224FF0000A44F004040827009203E0D8
:102DA00008224FF0000A0092C4F30252022A05D012
:102DB00059F804CB0021032A08D009E009F10701E2
:102DC00021F00702F2E802C1914605E01FFA8CFCEF
:102DD000042A01D10CF0FF0C4FF00008220728D57F
:102DE000702806D0009B83F0100353EA0A0305D035
:102DF0000EE040228DF80420012208E05CEA010286
:102E000006D030228DF804208DF80500022290466D
:102E1000009B83F0080353EA0A030AD15CEA01022B
:102E200001D1620705D530228DF804204FF001084A
:102E30007F1E582804D034A003900EA802900DE005
:102E400036A0F9E753466046009AFDF7F7F9844645
:102E50000398825C0298401E029002705CEA0100B6
:102E6000F0D1029806A9081A00F1200A600702D5DD
:102E700024F4803400E00127574502DDA7EB0A0067
:102E800000E0002000EB0A01009005984144401A40
:102E90000590E00306D45B462146179A059800F09A
:102EA000B3F90544002706E001A85A46C05D17990A
:102EB00090476D1C7F1C4745F6DBE0030CD55B4655
:102EC0002146179A059800F09FF9054404E0302048
:102ED0005A46179990476D1C0099481E009000298A
:102EE000F5DC08E0029802995A460078491C0291E4
:102EF000179990476D1CBAF10001AAF1010AF1DCA3
:102F000065E10000092801003031323334353637AD
:102F10003839616263646566000000003031323325
:102F200034353637383941424344454600000000C5
:102F300000F058F90544761C307800287FF4ECAD99
:102F400019B02846BDE8F08F620700D4062709F1C2
:102F5000070222F0070CFCE80223E14603F00048D8
:102F60005FEA080C02D00FF2702C0DE05FEA045CFF
:102F700002D50FF2682C07E05FEAC47C02D00FF2A2
:102F8000602C01E0AFF2700C4FF0FF3823F00043EB
:102F9000CDF850C065280CD006DC452809D046285D
:102FA0001DD047283DD13DE0662818D067287ED146
:102FB00038E00021112F01DB112000E0781CCDE961
:102FC000000106A90EA8FFF7DDFCDDE90F010E9A4E
:102FD00003910021009207F1010A04914DE04FF0A6
:102FE00000400097CDE9011006A90EA8FFF7CAFC22
:102FF000DDE90F0203920E9B11990022DDF80CA06F
:103000000093049211B9791C00EB010AB7EB0A0096
:1030100004D4C0F1FF3007F1010A0490AAEB0700C5
:10302000019044E0012F00DA01270021112F01DD7A
:10303000112000E03846CDE9000106A90EA8FFF7EF
:10304000A1FCDDE90F010E9A039100210491009289
:10305000BA4621070CD40399514500DA8A46BAF1E1
:10306000010F05DD009AAAF10101515C302908D059
:10307000B84202DA10F1040F06DA0121CDE901109D
:1030800015E0AAF10101E9E7002805DC04990144F3
:103090000491AAEB000102E0411C514500DD8A4683
:1030A0000499401A401C01904FF000400290200704
:1030B00004D40198504501DBCDF8048000208DF840
:1030C0004F0002980DF14F07B0F1004F25D02B2093
:1030D0000E9002984FF0020800280CDA404202904D
:1030E0002D200E9007E00A210298FDF791F830316B
:1030F000029007F8011DB8F10001A8F10108F2DC07
:1031000002980028EFD1791E0E980870307800F0F0
:10311000200040F0450007F8020D12A8C01B00F186
:1031200007081498007800B1012000EB0A0101980B
:1031300001EBE07105984144401A401E0590E00300
:1031400006D45B462146179A059800F05DF80544C1
:103150001498007818B15A46179990476D1CE003EF
:1031600024D55B462146179A059800F04DF8054492
:103170001CE00498002807DBDDE90301884203DD39
:103180000098405C179901E0179930205A46904703
:10319000049805F10105401C04900198401E01901F
:1031A00004D12E205A46179990476D1CBAF10001A0
:1031B000AAF1010ADDDC05E017F8010B5A46179960
:1031C00090476D1CB8F10001A8F10108F4DC5B46E2
:1031D0002146179A0598ABE62D0000002B00000051
:1031E000200000002DE9F041044600251E46174648
:1031F000880404D405E039462020B0476D1C641EC5
:10320000F9D52846BDE8F0812DE9F04104460025B6
:103210001E469046C80301D5302700E020278804C9
:1032200004D505E041463846B0476D1C641EF9D50B
:103230002846BDE8F0810A68531C0B601070704787
:103240000000000000000000010203040607080956
:10325000000000000000000000000000000000006E
:1032600000000008080808080808000018180000F6
:1032700000486C2412000000000000000000000064
:103280000000002424247F1212127F121212000068
:103290000000081C2A2A0A0C1828282A2A1C0808B8
:1032A00000000022251515152A58545454220000F8
:1032B0000000000C1212120A76252911916E0000EE
:1032C00000060604030000000000000000000000EB
:1032D00000402010100808080808081010204000BE
:1032E0000002040808101010101010080804020052
:1032F0000000000008086B1C1C6B080800000000A0
:1033000000000000080808087F08080808000000FE
:10331000000000000000000000000000060604039A
:103320000000000000000000FE000000000000009F
:103330000000000000000000000000000606000081
:103340000000804040202010100808040402020001
:103350000000001824424242424242422418000027
:10336000000000080E08080808080808083E0000C9
:103370000000003C4242422020100804427E00002F
:103380000000003C4242201820404042221C000025
:10339000000000203028242422227E2020780000F3
:1033A0000000007E0202021A26404042221C000059
:1033B000000000382402021A26424242241800006B
:1033C0000000007E222210100808080808080000EB
:1033D0000000003C4242422418244242423C000089
:1033E000000000182442424264584040241C00005F
:1033F000000000000000181800000000181800006D
:1034000000000000000000080000000000080804A0
:1034100000000040201008040204081020400000B2
:103420000000000000007F0000007F00000000009E
:1034300000000002040810204020100804020000D0
:103440000000003C424246402010100018180000C6
:103450000000001C225A555555552D42221C0000D3
:103460000000000808181414243C224242E700001F
:103470000000001F2222221E22424242221F000080
:103480000000007C4242010101010142221C0000B7
:103490000000001F2242424242424242221F0000DC
:1034A0000000003F4212121E12120242423F000070
:1034B0000000003F4212121E121202020207000018
:1034C0000000003C2222010101712122221C000087
:1034D000000000E7424242427E42424242E7000090
:1034E0000000003E0808080808080808083E000018
:1034F0000000007C10101010101010101010110F90
:103500000000007722120A0E0A121222227700000F
:10351000000000070202020202020202427F0000D3
:1035200000000077363636362A2A2A2A2A6B00000F
:10353000000000E346464A4A525252626247000087
:103540000000001C2241414141414141221C000038
:103550000000003F424242423E02020202070000D7
:103560000000001C2241414141414D53321C60008A
:103570000000003F4242423E1212222242C7000097
:103580000000007C4242020418204042423E0000FB
:103590000000007F4908080808080808081C000007
:1035A000000000E74242424242424242423C0000A6
:1035B000000000E7424222242414141808080000E6
:1035C0000000006B49494949555536222222000026
:1035D000000000E7422424181818242442E70000C1
:1035E000000000772222141408080808081C0000B4
:1035F0000000007E2120101008040442423F000019
:10360000007808080808080808080808080878006A
:103610000000020204040808081010202020404086
:10362000001E1010101010101010101010101E009E
:10363000003844000000000000000000000000000E
:10364000000000000000000000000000000000FF7B
:10365000000608000000000000000000000000005C
:10366000000000000000003C4278444242FC0000A0
:10367000000000030202021A26424242261A0000FB
:10368000000000000000003844020202443800003C
:1036900000000060404040784442424264D800004C
:1036A000000000000000003C427E0202423C00009C
:1036B000000000F08808087E08080808083E00009E
:1036C000000000000000007C22221C023C42423C20
:1036D000000000030202023A4642424242E7000072
:1036E0000000000C0C00000E08080808083E00004E
:1036F0000000003030000038202020202020221E32
:103700000000000302020272120A16122277000061
:103710000000000E0808080808080808083E000015
:10372000000000000000007F9292929292B7000089
:10373000000000000000003B4642424242E7000019
:10374000000000000000003C42424242423C0000B7
:10375000000000000000001B26424242221E020719
:10376000000000000000007844424242447840E0FB
:1037700000000000000000774C040404041F000057
:10378000000000000000007C42023C40423E00007D
:10379000000000000008083E080808080830000083
:1037A00000000000000000634242424262DC000070
:1037B00000000000000000E7422424140808000074
:1037C00000000000000000EB49495555222200008E
:1037D000000000000000007624181818246E000075
:1037E00000000000000000E7422424141808080725
:1037F000000000000000007E22100808447E000047
:1038000000C0202020202010202020202020C000C8
:1038100010101010101010101010101010101010A8
:103820000006080808080810080808080808060024
:103830000C32C20000000000000000000000000088
:1038400064B46CB46CB46CD46CD46CD46CB46CD400
:103850006CD46CD474D474D47CF47CF47CF47CF498
:103860007CF47CF484F484F484F484F484F484F4A8
:1038700084F48CF48CF48CF48CF48CF48CF48CF450
:103880008CF48CF48CF48CF48CF48D148D148CF4F6
:103890008CF48CF48CF48CF48CF48CF48CF48CF428
:1038A0008CF48D148CF48CF48D148D148D148CF494
:1038B0008CF48CF48CF48CF484F484F484F484D448
:1038C0008CF48CD48CD48CF48CF48CF48CF48CF438
:1038D0008CF48CF48CF48CF48D148D148D148D1464
:1038E0008CF48CF48CF48CF48CF48CF48D148D1496
:1038F0008D148CF48CF48CF48CF48CF48CF48CF4A7
:103900008CF48CF48D148CF48CF48CF58CF58CF494
:103910008CF48CF48CF48CF48CF48CF48D148D1465
:103920008D148CF48CF48CF48CF48CF48CF48CF476
:103930008CF484D48CF48CF48CF58D158D158D1548
:103940008D158D148D148D148D148D148D148D146E
:103950008D148D158D158D158D158D158D158D1558
:103960008D158D158D158D148D148D148D148D154B
:103970008D158D148D148D158D158D148D148D143C
:103980008D148D148D148CF48D1484F484F484F4CB
:1039900084F484F484F484F484F484F484F484F368
:1039A0007C904AC84AE74B084309430943083B084F
:1039B0003B083AE83AA742E8430943093AE932C9E1
:1039C00032C83AE83AC832C932C833093B4843A83A
:1039D00043A7438543834BA24BA14BA14BA14BA1D2
:1039E0004B814B8343A73C0E34113412136F0B4FA2
:1039F0000B500B50132F1B2E12AB12491A481A48AA
:103A00001A48224822281A481A071A071A071A279A
:103A10001A271A271A281A481A471A471A471A47FC
:103A20001A471A471A471A471A471A471A471A478E
:103A30001A471A471A471A471A471A471A471A477E
:103A40001A471A471A471A471A471A471A471A476E
:103A50001A471A471A471A471A471A471A471A475E
:103A60001A471A471A471A471A481A481A481A484A
:103A70001A471A471A481A481A481A481A481A4838
:103A80001A481A481A471A471A471A471A481A284A
:103A90001A271A271A471A471A471A471A481A475D
:103AA0001A271A271A271A271A271A271A471A47CE
:103AB0001A471A471A471A271A271A271A471A277E
:103AC00064B46CB46CB464B46CD46CD46CB46CD4A6
:103AD0006CD46CD474D474D47CF47CD47CF47CF436
:103AE0007CF47CF47CF484F484F484F484F484F42E
:103AF00084F48CF48CF48CF48CF48CF48CF48CF4CE
:103B00008CF48CF48CF48CF48CF48CF48CF48CF4B5
:103B10008CF48CF48CF48CF48CF48CF48CF48CF4A5
:103B20008CF48CF48CF48CF48CF48CF48CF48CF495
:103B30008D148CF48CF48CF484F484F484F48CF47C
:103B40008CD48CD48CF48CF48CF48CF48CF48CF4B5
:103B50008CF48CF48CF48CF48CF48D148D148CF423
:103B60008CF48CF48CF48CF48CF48CF48CF48CF455
:103B70008CF48CF48CF48CF48CF48CF48CF48CF445
:103B80008CF48CF48CF48CF48CF48CF48CF48CF435
:103B90008CF48CF48CF48CF48CF48CF48D148D14E3
:103BA0008D148CF48CF48CF48CF48CF48CF48CF4F4
:103BB0008CF48CF48CF48D158CF58D158D158D157C
:103BC0008D158D148D148D148D148D148D148D14EC
:103BD0008D148D158D158D158D158D158D158D15D6
:103BE0008D158D158D158D148D148D148D148D15C9
:103BF0008D158D148D148D158D158D148D148D14BA
:103C00008D148D148D148CF48CF484F484F484F469
:103C100084F484F484F484F484F484F484F384D207
:103C20006C2E4AC84AE84B094309432943284328D4
:103C300043083AE73AA742E8432943093AE932C838
:103C40003AE83AC83AE83AE932E933083B283B888F
:103C500043A7438543834B824BA14BA153A153A15F
:103C60004BA14BA343A733CD2BD02BF1134F0B4FBD
:103C70000B500B4F134F1B4E12AB1A491A481A48E0
:103C80001A271A071A271A271A0719E619E61A27F0
:103C90001A271A271A281A481A471A471A471A477A
:103CA0001A471A471A471A471A471A471A471A470C
:103CB0001A471A471A471A471A471A471A471A47FC
:103CC0001A471A471A471A471A471A471A471A47EC
:103CD0001A471A471A471A471A471A471A471A47DC
:103CE0001A471A481A481A481A481A481A481A48C5
:103CF0001A481A481A481A481A481A481A481A48B4
:103D00001A281A481A471A471A471A471A271A2709
:103D10001A271A271A471A471A471A481A271A271A
:103D20001A2712071A271A481A481A471A271A4731
:103D30001A471A471A471A471A271A271A481A47BA
:103D400064B46CB46CB46CD46CD46CB46CB46CD41B
:103D50006CD474D474D474D47CD47CF47CF47CF4AB
:103D600084F484F47CF484F484F484F48CF48CF48B
:103D70008CF48CF48CF48CF48CF48CF48CF48CF443
:103D80008CF48CF48CF48CF48CF48CF48CF48CF433
:103D90008D148D148D148CF48CF48CF48CF48CF4C0
:103DA0008CF48CF48CF48CF48CF48CF48CF48CF413
:103DB0008CF48CF48CF48CF48CF48CF48CF48CF403
:103DC0008CF48CF48CF48CF48CF48CF48CF48CF4F3
:103DD0008CF48CF48CF48CF48CF48CF48CF48CF4E3
:103DE0008CF48CF48CF48CF48CF48CF48CF48CF4D3
:103DF0008CF48CF48CF48CF48CF48CF48CF48CF4C3
:103E00008CF48CF48CF48CF48D148CF48CF48CF491
:103E10008CF48CF48CF48CF48CF48CF48CF48D1481
:103E20008CF48CF48CF48CF48CF48CF48CF48CF492
:103E30008CF48CF48CF48D158D158D158D158D14D9
:103E40008D148D158D158D158D158D148D148D1565
:103E50008D158D158D158D158D158D158D158D1552
:103E60008D158D158D158D148D148D148D148D1447
:103E70008D148D148D148D158D158D158D158D1436
:103E80008D148D148CF48CF48CF484F484F484F408
:103E900084F484F484F484F484F484F463EE4AE9CE
:103EA0004AE84AE84B094309432943294328432860
:103EB00043073AC63AA63AC743093B093B083AE8E2
:103EC0003AC83AE73AE73B083B083B083B283B4700
:103ED0003B874BA54B834BA24B804B814BA14BA106
:103EE0004B8143833BA733CE23D123D1134F0B4FB9
:103EF0000B500B4F134F12CC12691A481A47224825
:103F00001A2719E71A071A281A0719E619E61A07CD
:103F10001A071A271A281A481A471A471A471A4717
:103F20001A471A471A471A471A471A471A471A4789
:103F30001A471A471A471A471A471A471A471A4779
:103F40001A471A471A471A471A471A471A471A4769
:103F50001A471A471A471A471A471A471A471A4759
:103F60001A481A481A481A481A481A481A481A4841
:103F70001A481A481A481A281A281A281A481A4891
:103F80001A481A481A471A471A271A281A071A07E6
:103F90001A281A271A471A471A481A271A271A4896
:103FA0001A271A271A281A481A481A481A271A4785
:103FB0001A471A471A471A471A271A271A271A4858
:103FC00064B46CB46CD46CD46CD46CD46CD46CD439
:103FD0006CD474D474D474D47CD47CD47CF47CF449
:103FE00084F484F484F484F484F48CF48D148CF4D8
:103FF0008CF48CF48CF48CF48CF48CF48CF48CF4C1
:104000008CF48CF48CF48CF48CF48CF48CF48CF4B0
:104010008D148D148D148CF48CF48CF48CF48D141C
:104020008CF48D148CF48CF48D148D148D148CF40C
:104030008CF48CF48CF48CF48CF48CF48CF48CF480
:104040008CF48CF48CF48CF48CF48CF48CF48CF470
:104050008CF48CF48CF48CF48CF48CF48CF48CF460
:104060008CF48CF48CF48CF48CF48CF48CF48CF450
:104070008CF48CF48CF48CF48CF48CF48CF48CF440
:104080008CF48CF48CF48D148D148CF48CF48CF4EE
:104090008CF48CF48CF48CF48CF48CF48CF48CF420
:1040A0008CF48CF48CF48CF48CF48CF48CF48CF410
:1040B0008CF48CF48D148D158D158D158D158D1436
:1040C0008D148D158D158D158D158D148D148D15E3
:1040D0008D158D158D158D158D158D158D158D15D0
:1040E0008D158D158D158D148D148D148D148D14C5
:1040F0008D148D148D148D158D158D158D158D14B4
:104100008CF48CF48CF48CF484F484F484F484F4CF
:1041100084F484F484F484F484F484F363AE4AE98C
:1041200042C8430943094329432943293B283B0704
:104130003AE742E742E73AC73B083B293B293B09BC
:104140003AE83AE63AC643073B073B273B273B267C
:10415000436643844BA3642353804B814BA14BA103
:104160004B8143A33BA72BCD23D123D113700B50FD
:104170000B500B4F132E12AB12691A481A471A48EC
:104180001A2719E71A071A281A0719E719E61A074A
:104190001A071A271A281A481A471A471A471A4795
:1041A0001A471A471A471A471A471A471A471A4707
:1041B0001A471A471A471A471A471A471A471A47F7
:1041C0001A471A471A471A471A471A471A471A47E7
:1041D0001A471A471A471A471A471A471A471A47D7
:1041E0001A481A481A481A481A481A481A481A48BF
:1041F0001A481A481A481A271A281A281A481A4810
:104200001A481A271A481A271A281A271A071A07A3
:104210001A281A481A471A271A271A271A271A4833
:104220001A281A281A281A481A481A481A471A47E0
:104230001A271A471A471A471A481A271A271A48D4
:1042400064B464B46CD46CD46CD46CD46CD46CD4BE
:1042500074D474D474D47CF47CD47CF47CF47CF476
:1042600084F484F484F484F484F48CF48CF48CF476
:104270008CF48D148D148D148D148D148D148D1457
:104280008CF48CF48CF48CF48CF48CF48D148D14EC
:104290008D148D148D148D148D148CF48CF48CF479
:1042A0008CF48CF48CF48CF48CF48CF48CF48CF40E
:1042B0008CF48CF48CF48CF48CF48D148D148CF4BC
:1042C0008CF48CF48CF48CF48CF48CF48CF48D14CD
:1042D0008D148CF48CF48CF48CF48CF48CF48CF4BD
:1042E0008CF48CF48D148D148CF48CF48CF48CF48C
:1042F0008CF48CF48CF48CF48CF48CF48CF48CF4BE
:104300008CF48CF48D148D148D148CF48CF48CF44A
:104310008CF48CF48CF48CF48CF48CF48CF48CF49D
:104320008CF48CF48CF48CF48D148D148D148D1409
:104330008D148D148D158D158D148CF48D158D1592
:104340008D158D158D158D158D158D158D158D155D
:104350008D158D158D158D158D158D158D158D144E
:104360008D148D148D148D148D148D148D148D1445
:104370008D148D148D148D158D158D158CF48D1453
:104380008CF48CF48CF48CF484F484F484F484F44D
:1043900084F484F484F484F484F484F484F37CB1A9
:1043A000744F5BAC432A4329432943293B083B080C
:1043B0003B283B283B283AE83B083B283B293B2944
:1043C0003B283AE63AC642E63AE643273B063AE558
:1043D00043454BA45BE3644353A04BA04BA04B80ED
:1043E000438143A33BA72BCE23D123D113700B4F83
:1043F0000B500B4F132E12AB12691A481A48224861
:104400001A271A071A071A071A071A0719E71A07A5
:104410001A071A271A271A481A471A471A471A4713
:104420001A471A471A471A471A471A471A471A4784
:104430001A471A471A471A471A471A471A471A4774
:104440001A471A471A471A471A471A471A471A4764
:104450001A471A471A471A471A471A471A471A4754
:104460001A471A481A481A481A481A481A481A483D
:104470001A481A481A271A281A281A271A271A28EF
:104480001A271A271A271A271A071A071A071A2784
:104490001A281A481A471A271A471A471A481A4850
:1044A0001A481A481A481A481A271A471A471A4720
:1044B0001A471A471A471A471A471A481A481A0732
:1044C00064B464B46CD46CD46CD46CD46CD46CD43C
:1044D00074D474D474D47CF47CD47CF47CF47CF4F4
:1044E00084F484F484F484F484F48CF48CF48CF4F4
:1044F0008CF48D148D148D148D148D148D148D14D5
:104500008CF48CF48CF48CF48CF48CF48D148D1469
:104510008D148D148D148D148D148CF48CF48CF4F6
:104520008CF48CF48CF48CF48CF48CF48CF48CF48B
:104530008CF48CF48CF48CF48D148D148D148CF418
:104540008CF48CF48CF48CF48CF48D148CF48D1429
:104550008D148CF48CF48CF48CF48CF48CF48CF43A
:104560008CF48CF48D148CF48CF48CF494F494F41A
:104570008CF48CF48CF48CF48CF48CF48CF48CF43B
:104580008CF48CF48CF48D148CF48CF48CF48CF40A
:104590008CF48CF48CF48CF48CF48CF48CF48CF41B
:1045A0008CF48CF48CF48CF48D148D148D148D1487
:1045B0008D148D148D158D158CF48CF48CF48D1553
:1045C0008D158D158D158D158D158D158D158D15DB
:1045D0008D158D158D158D158D158D158D158D14CC
:1045E0008D148D148D148D148D148D148D148D14C3
:1045F0008D148D148D148D158D158D158CF48D14D1
:104600008CF48CF48CF484F484F484F484F484F4D2
:1046100084F484F484F484F484F484F484F374716E
:10462000536C4B2A432A432A432943283AE7430839
:1046300043283B283B283B283B083B083B293B2998
:104640003B28430742E642E642E63AE542E53AE4E1
:10465000432353C364436C425BE053A04BA04BA085
:104660004BA143A33BA72BCE23D11BB113700B4F00
:104670000B4F0B2F132E1AEC12691A481A481A48BE
:1046800022481A071A071A071A071A0719E71A07FA
:104690001A071A271A281A481A471A471A471A4790
:1046A0001A471A471A471A471A471A471A471A4702
:1046B0001A471A471A471A471A471A471A471A47F2
:1046C0001A471A471A471A471A471A471A471A47E2
:1046D0001A471A471A471A471A471A471A471A47D2
:1046E0001A471A471A471A481A481A481A481A48BD
:1046F0001A481A271A271A271A271A271A271A2890
:104700001A271A271A281A071A0719E71A071A0761
:104710001A281A481A471A271A471A471A471A47CF
:104720001A471A481A271A271A471A471A471A47C0
:104730001A471A471A471A471A471A471A471A2791
:1047400064B46CB46CD46CD46CD46CD46CD474D4A9
:1047500074D474D474D47CD47CD47CF47CF47CF491
:1047600084F484F484F484F484F48CF48D148CF450
:104770008CF48D148D148D148D148D148D148D1452
:104780008CF48CF48CF48CF48CF48CF48D148D14E7
:104790008D148D148D148CF48CF48CF48CF48CF4B6
:1047A0008D158D148CF48CF48CF48CF48CF48CF4C6
:1047B0008CF48CF48CF48CF48CF48CF48CF48CF4F9
:1047C0008CF48CF48CF48CF48CF48CF48CF48CF4E9
:1047D0008CF48CF48CF48CF48CF48CF48CF48CF4D9
:1047E0008CF48CF48CF48D158CF48CF494F5951475
:1047F00095148CF494F494F494F494F48CF48CF470
:104800008D148CF48CF48CF48CF48CF48CF48CF487
:104810008CF48CF48CF48CF48CF48CF48CF48CF498
:104820008CF48CF48CF48CF48D148D148D148D1404
:104830008D148D158CF48CF48CF48CF48D158D15F1
:104840008D158D158D158D158D158D158D158D1558
:104850008D158D158D158D158D158D158D158D1449
:104860008D148D148D148D158D158D148D148D143E
:104870008D148D148D148D158D158D158CF48D144E
:104880008CF48CF48CF484F484F484F484F484F450
:1048900084F484F484F484F484F484F484F4534C31
:1048A00042C9430A432A432A432943083AE73AC6FE
:1048B000430843283B083B283B083B083B083B098F
:1048C0003B28430742E642C542C542C442E4430393
:1048D00042E15BC26C226C2264215BE053C04BA0BE
:1048E000438143A33BA72BCE1BB10B2F0B2F032FD1
:1048F0000B2F0B2F12ED0A6A12491A481A481A4850
:1049000022481A071A071A071A271A071A071A0736
:104910001A071A271A271A481A471A471A471A470E
:104920001A471A471A471A471A471A471A471A477F
:104930001A471A471A471A471A471A471A471A476F
:104940001A471A471A471A471A471A471A471A475F
:104950001A471A471A471A471A471A471A471A474F
:104960001A471A471A481A481A481A481A481A4839
:104970001A481A281A271A271A271A271A281A280B
:104980001A281A071A281A071A0719E71A071A07FE
:104990001A281A471A271A471A471A471A471A474E
:1049A0001A481A481A481A271A471A481A481A471A
:1049B0001A481A471A471A471A471A471A481A48EC
:1049C00064B46CB46CD46CD46CD46CD46CD474D427
:1049D00074D474D474D47CD47CF47CF47CF47CF4EF
:1049E00084F484F484F484F484F48CF48D148CF4CE
:1049F0008CF48D148D148D148D148D148D148D14D0
:104A00008CF48CF48D148CF48CF48CF48D148D1443
:104A10008D148D148D148CF48CF48CF48CF48CF433
:104A20008D158D148CF48CF48CF48CF48CF48CF443
:104A30008CF48CF48CF48CF48CF48CF48CF48CF476
:104A40008CF48D148CF48CF48CF48CF48CF48CF445
:104A50008CF48CF48D148CF48CF48CF48CF48CF435
:104A60008CF48CF48CF48CF48CF48CF495159514F3
:104A70008CF48CF4951494F494F494F48CF48CF4F5
:104A80008CF48D148CF48CF48CF48CF48CF48CF405
:104A90008CF48CF48CF48CF48CF48CF48CF48CF416
:104AA0008CF48CF48CF48D148D148D148D148D1461
:104AB0008D148D158CF48D158CF48CF48D158D154D
:104AC0008D158D158D158D158D158D158D158D15D6
:104AD0008D158D158D158D158D158D158D158D14C7
:104AE0008D148D148D148D148D158D148D148D14BD
:104AF0008D148D148D148D158D158D158CF48D14CC
:104B00008D148CF48CF48CF484F484D484F484F4C4
:104B100084F484F484F484F484F484F484F484F3D6
:104B2000747063EE538C4B2A4B2943283AE742E7D3
:104B300043073B083B0843283B083B0832A732A702
:104B400032E83AE742C642C542C542C54B055BC59D
:104B50005BA35BA164026C216421640153E04BA060
:104B6000438143A33BA72BAE0B2F0B2F032F032F08
:104B7000030F0B0F12ED126A1A491A481A481A4805
:104B80001A2819E71A071A071A071A071A281A27DC
:104B90001A271A271A281A481A471A471A471A476B
:104BA0001A471A471A471A471A471A471A471A47FD
:104BB0001A471A471A471A471A471A471A471A47ED
:104BC0001A471A471A471A471A471A471A471A47DD
:104BD0001A471A471A471A471A471A471A471A47CD
:104BE0001A471A471A481A481A481A481A481A48B7
:104BF0001A481A281A271A271A271A271A271A288A
:104C00001A281A281A271A271A271A0719E71A071B
:104C10001A271A471A471A471A471A471A471A47AC
:104C20001A481A481A481A271A471A481A481A27B7
:104C30001A471A471A471A471A471A471A481A486A
:104C400064B464B46CD46CD46CD46CD46CD46CD4B4
:104C500074F474D474D474F47CF47CF47CF484F52B
:104C600084F484F484F484F484F48D148D148D1409
:104C70008D148D148D148D148D148D148D148D142C
:104C80008CF48CF48CF48D148CF48CF48CF48D14E2
:104C90008D148D148D148D148D148D158D158D140A
:104CA0008D148D148D148D158CF48CF48CF48D145E
:104CB0008D148D158D158CF48CF48CF48D148CF46E
:104CC0008CF48CF48CF48CF48CF48CF48CF48CF4E4
:104CD0008D148D148D148CF48CF48CF48CF48CF471
:104CE0008CF48CF48CF48CF48CF48CF48CF48CF4C4
:104CF0008CF48CF4951495149514951494F48CF408
:104D00008CF48CF48CF48CF48CF48CF48CF48CF4A3
:104D10008D148CF48CF48CF48CF48CF48CF48CF472
:104D20008CF48D148D148D148D148D148D148D149C
:104D30008D148D158D158D158D158D158D158D1564
:104D40008D158D158D158D158D158D158D158D1553
:104D50008D158D148D148D158D158D158D158D1545
:104D60008D148D148D148D148D148D148D148D143B
:104D70008D148D148D148D148D148CF48D148D144C
:104D80008D148D148CF484F484F484F484F484F409
:104D900084F484F484F484F484F47CF47CF484F463
:104DA0007CD37CD3640F430A4B2943284308430830
:104DB00043284308432843084308430842E742E89E
:104DC0003AE83AC732853AA642C642C542E54B6543
:104DD0005BC45BA263C16C416C4164005BE04B80CF
:104DE0004B8143833BA723AE0B2F032F032F030FCE
:104DF000030F0B0F130E126A12481A481A481A486A
:104E00001A2711E71A071A271A071A0722481A271A
:104E10001A271A271A281A481A471A471A471A47E8
:104E20001A471A471A471A471A471A471A471A477A
:104E30001A471A471A471A471A471A471A471A476A
:104E40001A471A471A471A471A471A471A471A475A
:104E50001A471A471A471A471A471A471A471A474A
:104E60001A471A471A471A481A481A271A271A2798
:104E70001A271A271A271A271A271A271A271A272A
:104E80001A271A281A271A271A281A271A071A2738
:104E90001A271A271A471A471A471A471A471A474A
:104EA0001A471A281A281A271A271A271A481A4797
:104EB0001A471A471A471A471A471A471A471A48E9
:104EC00064B464B46CD46CD46CD46CD46CD46CD432
:104ED00074F474D474D474F47CF47CF47CF47CF4B2
:104EE00084F484F484F484F484F48CF48D148D14A8
:104EF0008D148D148D148D148D148D148D148D14AA
:104F00008CF48CF48CF48CF48CF48CF48CF48CF4A1
:104F10008D148D148CF48D148D148D158D158D14A8
:104F20008D148D148D148D158CF48CF48CF48D14DB
:104F30008D148D148CF48CF48CF48CF48D148CF40E
:104F40008CF48CF48CF48CF48CF48D148D148D14FE
:104F50008D148D148D148CF48CF48CF48CF48CF4EE
:104F60008CF48CF48CF48CF48CF48CF48CF48CF441
:104F70008CF495149514951495149514951494F433
:104F80008CF48CF48CF48CF48CF48CF48CF48CF421
:104F90008CF48CF48CF48CF48CF48CF48CF48CF411
:104FA0008CF48D148D148D148D148D1495148D1412
:104FB0008D148D158D158D158D158D158D158D15E2
:104FC0008D158D158D158D158D158D158D158D15D1
:104FD0008D158D148D148D158D158D158D158D15C3
:104FE0008D158D148D148D148D148D148D148D14B8
:104FF0008D148D148D148CF48CF48D148D148D14EB
:105000008D148D148CF484F484F484F484F484F486
:1050100084F484F484F484F484F47CD47CD47CD448
:105020007CD47CD47CF35BCD432A432943084308DA
:10503000430843284328430843084B0842E74B08EA
:105040004308430842E73AA632853AA542E643259B
:1050500053645BA26C016C416C2064005BE04B808C
:105060004B8143833BA723AD030F032F030F030F94
:10507000030F030F0AEE0A6A12481A481A481A2840
:105080001A071A0719E71A071A0711E71A281A4800
:105090001A271A281A481A481A471A471A471A4745
:1050A0001A471A471A471A471A471A471A471A47F8
:1050B0001A471A471A471A471A471A471A471A47E8
:1050C0001A471A471A471A471A471A471A471A47D8
:1050D0001A471A471A471A471A471A471A471A47C8
:1050E0001A471A471A471A471A471A271A271A2718
:1050F0001A271A271A271A281A281A271A271A27A6
:105100001A271A271A271A271A271A271A271A07B7
:105110001A271A271A471A481A481A471A471A47C5
:105120001A471A471A471A481A271A271A481A48B4
:105130001A471A471A471A471A471A471A471A4767
:1051400064B464B46CB46CD46CD46CD46CD474D4C7
:1051500074D474D474D47CF47CF47CF47CF47CF447
:1051600084F484F484F48CF48CF48CF48CF48D1436
:105170008D148D148D148D158D158D148D148D1425
:105180008CF48CF48CF48CF48CF48CF48CF48CF41F
:105190008CF48CF48CF48D148D148CF48D158D1589
:1051A0008D158D148D148D158D158CF48CF48D1436
:1051B0008D148CF48CF48CF48CF48CF48CF48D14AD
:1051C0008D148D148D148D148D148D148D148D14D7
:1051D0008CF48CF48CF48D158D158D158D158D1525
:1051E0008D158D158D158D158D158D148D148D14B2
:1051F0009514951495149514951495149514951467
:10520000951495148D158CF48CF48CF48CF48CF42A
:105210008CF48CF48CF48D148CF48CF48D148CF44C
:105220008D148D1495149514951495149514951446
:105230008D148D158D158D158D158D158D158D155F
:105240008D158D158D158D158D158D158D158D154E
:105250008D158D158D158D158D158D158D158D153E
:105260008D158D148D148D148D148D148D148D1435
:105270008D148D148D148CF48CF48CF48CF48CF4CB
:105280008CF48CF48CF48CF484F484F484F484F43E
:1052900084F484F484F484F484F47CF47CD47CD4A6
:1052A0007CF47CD47CD37CD35BCE430A430942E8B4
:1052B000430843294B294B084B084B084AE742E86F
:1052C000430843293AE83AC732A6328542E642E625
:1052D00053666BE474426C416420642064215BE09B
:1052E0004B8143833B8723AD030E032F032F030F13
:1052F000032F030F0B0E0AAB12491A481A481A283B
:1053000019E71A071A0719E71A071A071A071A28B6
:105310001A481A281A281A481A471A471A471A47C1
:105320001A471A471A471A471A471A471A471A4775
:105330001A471A471A471A471A471A471A471A4765
:105340001A471A471A471A471A471A471A471A4755
:105350001A471A471A471A471A471A471A471A4745
:105360001A471A471A471A471A471A271A271A2795
:105370001A271A481A481A281A281A281A481A489E
:105380001A471A481A271A271A271A271A281A07F3
:105390001A271A271A481A481A481A481A471A4741
:1053A0001A471A471A471A471A271A271A471A4735
:1053B0001A481A471A471A471A471A471A471A47E4
:1053C00064B46CB46CB46CD46CD46CD46CD474D43D
:1053D00074D474D474D47CF47CF47CF47CF47CF4C5
:1053E00084F484F484F48CF48CF48CF48CF48D14B4
:1053F0008CF48CF48CF48CF48CF48D148D148D144A
:105400008CF48CF48CF48CF48CF48CF48CF48CF49C
:105410008CF48CF48CF48CF48D148CF48CF48CF46B
:105420008D158D148D148D158D158CF48CF48CF4D4
:105430008D148CF48CF48D148D148D158CF48CF4E7
:105440008CF48CF48CF48CF48CF48CF48CF48CF45C
:105450008CF48CF48CF48CF48CF48CF48CF48D152A
:105460008D158D158D158D158D158D148CF48CF471
:105470008CF495149514951495149514951495140D
:10548000951495158D158D158D158D158D158CF41F
:105490008CF48CF48CF48CF48CF48CF48D148CF4EB
:1054A0008CF4951494F495149514951495149514FE
:1054B0009514951495158D158D158D158D158D15C6
:1054C0008D158D158D158D158D158D158D158D15CC
:1054D0008D158D158D158D158D158D158D158D15BC
:1054E0008D158D148D148D148D148D148D148D14B3
:1054F0008D148D148D148D158CF48CF48CF48D1406
:105500008CF48CF48CF48CF484F484F484F484F4BB
:1055100084F484F484F484F47CF47CF47CD47CF40B
:105520007CF47CF47CD47CF37CD35BCD430A4309CC
:1055300043084B094B295329532953084B284AE860
:10554000430843093B083B083AE73AC73AE73AA61B
:105550003AA45B8374436C416C20642064005C015A
:1055600053C143A33BA723AD030E032F030F030F28
:10557000030F030F0B0E12ED126A12481A481A2875
:1055800019E719E71A071A071A071A281A071A2813
:105590001A281A481A281A481A471A471A471A473F
:1055A0001A471A471A471A471A471A471A471A47F3
:1055B0001A471A471A471A471A471A471A471A47E3
:1055C0001A471A471A471A471A471A471A471A47D3
:1055D0001A471A471A471A471A471A471A471A47C3
:1055E0001A471A471A471A471A471A271A271A2713
:1055F0001A271A481A481A281A281A281A481A481C
:105600001A481A471A271A471A271A481A481A28EE
:105610001A271A481A481A481A481A481A471A479D
:105620001A471A471A471A471A481A271A271A27D1
:105630001A471A471A471A481A481A481A481A485D
:1056400064B46CB46CB46CD46CD46CD46CD474D4BA
:1056500074D474D474D47CF47CF47CF47CF47CF442
:1056600084F484F484F484F484F48CF48CF48CF462
:105670008CF48CF48CF48CF48CF48CF48CF48CF42A
:105680008CF48CF48CF48CF48CF48CF48CF48CF41A
:105690008CF48CF48CF48CF48D148D148D148CF4A7
:1056A0008D148D148D148D148D148CF48CF48CF455
:1056B0008D148D148CF48D158D158D158D158D15FE
:1056C0008D158D158D158D158D158D158D158CF4EC
:1056D0008CF48CF48CF48CF48CF48CF48CF48D15A8
:1056E0008D158D148D148D148D148CF48CF48CF414
:1056F0008CF48CF4951495149514951495149514B4
:1057000095148D158D158D1595158D158D158CF49C
:105710008CF48CF48CF48CF48CF48CF48CF48CF489
:105720008CF494F494F494F49514951495149514BD
:1057300095149514951495148D148D148D148D1441
:105740008D148D148D148D148D148D158D158D154E
:105750008D158D158D158D158D158D158D158D1539
:105760008D158D158D158D148D148D148D148D142E
:105770008D148D148D148D158D158CF48CF48D1461
:105780008CF48CF48CF48CF484F484F484F484F439
:1057900084F484F484F47CF47CF47CF47CD47CF491
:1057A0007CF47CF47CF47CD47CD384D2534B4B0AC1
:1057B00053095308530853284B284B2842E742C744
:1057C0003AC73AE83AE83AE83B083B083AE83AA7E9
:1057D00032233A80744374616C616C4064206401CC
:1057E00053E243823BA723AD030E032F030F030FA6
:1057F000030F030F030E12ED0A6A12481A481A2803
:1058000019E719E719E71A071A271A281A281A2771
:105810001A481A481A481A481A471A471A471A477C
:105820001A471A471A471A471A471A471A471A4770
:105830001A471A471A471A471A471A471A471A4760
:105840001A471A471A471A471A471A471A471A4750
:105850001A471A471A471A471A471A471A471A4740
:105860001A471A471A471A471A471A271A271A2790
:105870001A271A481A481A481A481A481A481A4839
:105880001A481A481A271A471A471A481A481A482B
:105890001A481A471A471A481A481A471A471A47FD
:1058A0001A471A471A471A471A471A271A271A2750
:1058B0001A271A471A481A481A481A481A481A48FA
:1058C00064B46CB46CD46CD46CD46CD46CD474D319
:1058D00074D474D474D47CF47CF47CF47CF47CF4C0
:1058E00084F484F484F484F484F48CF48CF48CF4E0
:1058F0008CF48CF48CF48CF48CF48CF48CF48CF4A8
:105900008CF48CF48CF48CF48CF48CF48CF48CF497
:105910008CF48CF48CF48CF48D148D148D148CF424
:105920008D148D148D148D148D148D158D158D156C
:105930008D158D158D158D159515951595158D153F
:105940008D158D158D158D158D158D158D1595153F
:1059500095158D158D158D158D15951595158D151F
:105960008D158D148D148D148D148D148CF48CF470
:105970008CF48CF49514951495148D148D148D1449
:105980008D148D158D158D158D158D158D158CF42A
:105990008CF48CF48CF48CF48CF48D159515951591
:1059A00094F494F494F494F4951495149514951433
:1059B000951495149514951495148D148D148D14B7
:1059C0008D148D14951495149514951595158D15A4
:1059D0008D158D158D158D158D158D158D158D15B7
:1059E0008D158D158D158D148D148D148D148D14AC
:1059F0008D148D148D148D158D158CF48CF48CF400
:105A00008CF48CF48D148CF484F484F484F484F495
:105A100084F484F484F47CF47CD47CD47CF47CF42E
:105A20007CF47CF47CF47CD47CD384D37C916BEECA
:105A3000638B5B085B084B084B084B0842E73AA6B0
:105A40003AC73AE832E83AE83B083AE83AE83AA78F
:105A50003A8542E26C246C216C206C2064205BC08F
:105A60004BA14BA33BC723AD030E032F032F030F03
:105A7000030F030F0B0E0AED0A6A12481A481A2781
:105A800019E719E719E71A071A281A281A271A27EF
:105A90001A271A271A481A481A471A471A471A473C
:105AA0001A471A471A471A471A471A471A471A47EE
:105AB0001A471A471A471A471A471A471A471A47DE
:105AC0001A471A471A471A471A471A471A471A47CE
:105AD0001A471A471A471A271A271A471A471A47FE
:105AE0001A471A471A471A471A471A471A471A48AD
:105AF0001A481A481A481A481A481A481A481A4896
:105B00001A481A481A481A481A481A481A481A4885
:105B10001A481A471A471A471A471A471A471A477C
:105B20001A471A471A471A471A471A271A071A27ED
:105B30001A071A271A281A481A481A281A481A48F7
:105B400064B46CB46CD46CD46CD46CD46CD374D397
:105B500074D474D474D47CD47CF47CF47CF47CF45D
:105B60007CF484F484F484F484F484F48CF48CF46D
:105B70008CF48CF58CF58CF58CF58CF48CF48CF421
:105B80008CF48CF48CF48CF48CF48CF48CF48CF415
:105B90008CF48CF48CF48CF48D148D148D148CF4A2
:105BA0008D148D148D148D158D158D158D158D15E8
:105BB0008D158D158D15951594F594F595159515EF
:105BC0008D158D158D1595158D158D1595159515AD
:105BD000951595158D158D15951595159515951585
:105BE0008D158D148D148D148D148D148CF48CF4EE
:105BF0008CF48CF495149515951595148D148D14BD
:105C00008D148D158D158D158D158D158D158CF4A7
:105C10008CF48CF48CF48CF48CF58D158D15951515
:105C2000951594F494F494F495149514951495148E
:105C30009514951495149514951495148D148D142C
:105C40008D14951495149514951495159515951511
:105C50008D158D158D158D158D158D158D158D1534
:105C60008D158D158D158D148D148D148D148D1429
:105C70008D148D148D148D158D158D158CF48CF45B
:105C80008CF48CF48CF48CF48CF484F484F484F42C
:105C900084F484F484F47CF47CD47CD47CF47CF4AC
:105CA0007CF47CF47CF47CF484F484F48D149513FB
:105CB0008CB15AC85AE853084B094308432842E6B6
:105CC000430743083AE83B083B283B083B083AC8EF
:105CD00042E653655BA363E16C217461642053A0C9
:105CE0004BA14BC343C723AD0B2E032F032F030F31
:105CF000030F030F030E12ED0A6A12491A281A281D
:105D000019E719E719E71A271A281A481A481A270B
:105D10001A271A271A281A471A471A471A471A47DA
:105D20001A471A471A471A471A471A471A471A476B
:105D30001A471A471A471A471A471A471A471A475B
:105D40001A471A471A471A471A471A471A471A474B
:105D50001A471A471A471A271A271A471A471A477B
:105D60001A471A471A471A471A471A471A481A4829
:105D70001A481A281A281A481A481A481A481A4853
:105D80001A481A471A481A481A481A481A481A4804
:105D90001A481A481A471A471A471A471A471A47F9
:105DA0001A471A471A471A471A471A271A271A274B
:105DB0001A2711E71A071A281A271A271A281A4821
:105DC00064B46CB46CD46CD46CD46CD46CF474D4F3
:105DD00074F474F47CF47CF47CD47CF47CF47CF473
:105DE0007CF47CF47CF484F484F484F484F48CF403
:105DF0008CF48CF58CF58CF58CF58CF48CF48CF49F
:105E00008CF48CF48CF48CF48CF48CF48CF48CF492
:105E10008CF48CF48CF48CF48D148D148D148D14FE
:105E20008D148D148D148D148D158D158D1595155E
:105E3000951595159514951494F494F49515951558
:105E40008D158D158D158D158D158D15951594F553
:105E500094F595158D158D15951595159515951523
:105E60008D148D148D149514951495149514951402
:105E700095149514951495149514951495149514DA
:105E800095148D158D158D158D15951595159515E3
:105E900095158D158D158D158D158D158D158CF50B
:105EA000951594F494F494F495149514951495140C
:105EB000951495149514951495149514951495149A
:105EC000951495149514951495149514951495148A
:105ED0008D158D158D158D158D158D158D158D15B2
:105EE0008D158D158D158D148D148D148D148D14A7
:105EF0008D149514951495159515951595158CF487
:105F00008CF48CF48CF48CF48CF484D484F484F4C9
:105F100084F484F484F47CF47CF47CF47CF47CF4E9
:105F20007CF47CF47CD47CF484F48D148CF48CF4B8
:105F300094F3636C5B2A5B6B63CC4B49430742C6AB
:105F400042E643083AC83B083B283B08430843085D
:105F500043275386534263C26C017482642053A06A
:105F600053A14BC343C723AD0B0E032F032F030FC6
:105F7000030F030F0B0E12CD0A4A12481A282228CB
:105F80001A0719E619E71A271A481A481A481A4828
:105F90001A471A471A471A471A471A471A471A47F9
:105FA0001A471A471A471A471A471A471A471A47E9
:105FB0001A471A471A471A471A471A471A471A47D9
:105FC0001A471A471A471A471A471A471A471A47C9
:105FD0001A471A471A471A471A471A471A471A47B9
:105FE0001A471A471A471A471A471A471A481A48A7
:105FF0001A481A281A481A481A481A481A481A48B1
:106000001A481A471A481A481A281A481A481A48A1
:106010001A481A481A471A471A471A471A471A4776
:106020001A471A471A471A481A471A281A281A28C4
:106030001A2819E719E71A071A071A271A281A47F8
:1060400064B46CD46CD46CD46CD46CD46CD474D470
:1060500074D474F474F474F47CF47CF47CF47CF400
:106060007CF47CF47CF47CF484F484F484F484F490
:106070008CF48CF48CF48CF48CF48CF48CF48CF420
:106080008CF48CF48CF48CF48CF48CF48CF48CF410
:106090008CF48CF48CF48CF48D148D148D148D147C
:1060A0008D158D158D148D148D148D1495149514D6
:1060B0009514951495149514951495149514951597
:1060C0008D158D148D148D158D158D14951494F5D5
:1060D00094F595158D158D148D14951495148D14B6
:1060E0008D148D1495149514951495149514951478
:1060F0009514951495149514951495149514951458
:10610000951495148D148D14951495149514951457
:10611000951595158D158D158D158D158D158D155F
:106120008D15951494F4951495149514951495144F
:106130009514951495149514951495149514951417
:106140009514951495149514951495149514951407
:106150008D148D148D148D158D158D158D158D1433
:106160008D148D148D148D148D148D1495158D141E
:1061700095149515951495149514951495149514D6
:106180008D148D148D148CF48CF48CF484F484F4BC
:1061900084F484F47CF47CF47CD47CF47CF47CF48F
:1061A0007CF47CD47CD484F48CF48CF48CF48CF467
:1061B00084F4749274916C917490640D4B074AE668
:1061C00042E643073AE73AE73AE7430743073B0724
:1061D00043274B464B24538163E16C20642053A03A
:1061E00053A14BC343C723AD030E032F032F032F2C
:1061F000030F030F0B0E0ACD0A6A12481A281A2839
:106200001A2719E719E71A071A281A481A481A47C5
:106210001A471A471A471A471A471A471A471A4776
:106220001A471A471A471A471A471A471A471A4766
:106230001A471A471A471A471A471A471A471A4756
:106240001A471A471A471A471A471A471A471A4746
:106250001A471A471A471A471A471A471A471A4736
:106260001A471A471A471A471A471A471A471A2746
:106270001A271A481A481A481A481A481A481A4730
:106280001A471A471A481A481A481A481A471A4702
:106290001A471A471A471A471A471A471A471A47F6
:1062A0001A471A471A471A471A481A281A281A2842
:1062B0001A281A0819E71A071A071A071A271A4775
:1062C00064B464B46CD46CD46CD46CD46CD46CD41E
:1062D00074D474F474F474F474F474F47CF47CF48E
:1062E0007CF47CF47CF47CF47CF484F484F484F416
:1062F00084F584F484F484F484F484D48CF484F4F5
:1063000084F484F484F484F48CF48CF48D148CF48C
:106310008CF48CF48CF48CF48D148D148D148D14F9
:106320008D158D158D158D148D148D149514951452
:106330009514951495149514951495149514951415
:106340008D158D148D148D158D158D149514951531
:10635000951595158D158D148D148D148D1495141A
:1063600095149514951495149514951495149514E5
:106370009514951495149514951494F495149514F6
:10638000951495148D148D149514951495149514D5
:10639000951595158D158D158D1595158D158D15D5
:1063A0008D159514951495149514951495149514AC
:1063B0009514951495149514951495149514951495
:1063C0009514951495149514951495149514951485
:1063D0008D148D148D148D15951595159515951491
:1063E0009514951495149514951495149514951465
:1063F00095149514951494F494F495159514951496
:106400009514951495148D148CF48CF48CF48CF4F0
:1064100084F484F484D47CF47CD47CD47CF47CF444
:106420007CF47CD47CD484F48CF48D148CF48CF4C3
:106430007CB36C936CB26C924B6C42C742C64AE61A
:106440004AE642E742E7430742E642C642E63AE608
:10645000430643264324538164016C416C4153A09D
:1064600053E153C33BA723AD030E032F032F030FA9
:10647000030F030F0B0E0ACD0A6A12481A481A4876
:106480001A271A071A0711E71A271A481A481A472B
:106490001A481A471A271A471A471A471A471A4713
:1064A0001A471A471A471A471A471A471A471A47E4
:1064B0001A471A471A471A471A471A471A471A47D4
:1064C0001A471A471A471A471A471A471A471A47C4
:1064D0001A471A471A471A471A471A471A471A47B4
:1064E0001A471A471A471A471A471A471A471A47A4
:1064F0001A471A471A481A481A481A481A481A488E
:106500001A481A471A471A471A471A471A471A4782
:106510001A471A471A471A471A471A471A471A4773
:106520001A471A471A471A471A481A481A281A289F
:106530001A281A281A071A071A0719E71A271A27F2
:1065400064B464B46CD46CD46CD46CD46CD46CF47B
:1065500074D474F474F474F474F474D47CF47CF42B
:106560007CF47CF47CF47CF484F484F484F484F48B
:1065700084F484F484F484F484F484F484F484F45B
:1065800084F484F484F484F484F48CF48CF48CF433
:106590008D158D158CF48CF48CF48D148D148D1454
:1065A0008D158D158D158D148D148D1495149514D0
:1065B0009514951495149514951495149514951493
:1065C0008D158D158D158D158D158D158D159515B3
:1065D00095158D158D158D148D148D149514951498
:1065E0009514951495149514951495149514951463
:1065F0009514951495149514951495149514951453
:10660000951495148D148D149514951594F594F591
:1066100094F595158D158D15951594F595158D1485
:106620008D1495149514951495149514951495142A
:106630009514951495149514951495149514951412
:106640009514951495149514951495149514951402
:106650009514951495149514951494F594F594F552
:1066600095159514951495149514951495149514E1
:106670009514951494F494F494F494F494F494F498
:1066800094F494F4951495148CF48CF48CF48CF4A8
:106690008CF484F484F484F47CF47CF47CD47CD492
:1066A0007CF47CD484D48CF48CF48CF48CF48CF452
:1066B00084D474726C927491538C4B084AE652C520
:1066C00052C54AE642C642E642E642A542A542C556
:1066D00042C54305432353816C2274617461640095
:1066E0005BE153C343A623AD0B0E030F030F030F50
:1066F000030F030F0B0E0ACD0A6A12481A481A48F4
:106700001A271A0719E71A071A071A481A481A48BF
:106710001A471A471A471A471A471A471A471A4771
:106720001A471A471A471A471A471A471A471A4761
:106730001A471A471A471A471A471A471A471A4751
:106740001A471A471A471A471A471A471A471A4741
:106750001A471A471A471A471A471A471A471A4731
:106760001A471A471A471A471A471A471A471A4721
:106770001A471A471A481A481A481A481A481A480B
:106780001A481A481A471A471A471A471A471A47FF
:106790001A471A471A471A471A471A471A471A47F1
:1067A0001A471A471A471A471A471A481A481A28FE
:1067B0001A281A281A281A071A071A0719E71A276F
:1067C00064B464B46CD46CD46CD46CD46CD46CD419
:1067D0006CD474D474D474D474D474D474D474D481
:1067E0007CD47CF47CF47CF47CF47CF484F484F439
:1067F00084F484F484F484F484F484F484F484F4D9
:1068000084F484F484F484F484F484F484F484F4C8
:106810008D158D158D158CF48CF48CF48D148CF4F1
:106820008D148D148D148D148D1495149514951448
:10683000951494F494F49514951495149514951452
:106840008D158D158D158D158D158D158D158D1538
:106850008D158D158D148D148D148D14951495141E
:1068600095149514951495149514951495149514E0
:1068700095149514951495149514951495149514D0
:10688000951495148D148D149514951594F594F50F
:10689000951595158D158D159515951595149514BA
:1068A00095149514951495149514951495149514A0
:1068B0009514951495149514951495149514951490
:1068C000951495149514951494F494F494F494F404
:1068D00094F494F494F494F494F494F594F5951554
:1068E000951594F494F494F494F49514951494F404
:1068F00094F494F494F494F494F494F494F494F458
:1069000094F494F494F494F494F494F48CF48CF457
:106910008CF48CF48CF484F484F484F47CF47CD4CF
:106920007CD484D484F48CF48CF494F494F495148E
:1069300095358D1474924B2B4B2A532852E75AC528
:1069400052C44AC542A44AC542C542C44AC542A42B
:1069500042C4432543235BC26C426C006C2064003C
:106960005BE14BA23BA623AD0B0E030F030F030FFE
:10697000032F032F0B0E12ED126A12481A271A2743
:106980001A281A2719E71A071A271A481A481A48FC
:106990001A471A471A271A471A471A471A471A470F
:1069A0001A471A471A471A471A471A471A471A47DF
:1069B0001A471A471A471A471A471A471A471A47CF
:1069C0001A471A471A471A471A471A471A471A47BF
:1069D0001A471A471A471A471A471A471A471A47AF
:1069E0001A471A471A471A471A471A471A471A479F
:1069F0001A471A471A481A481A281A281A481A48C9
:106A00001A481A481A471A471A471A471A471A477C
:106A10001A471A471A471A471A471A471A471A476E
:106A20001A471A471A471A471A471A471A481A287C
:106A30001A281A281A281A271A071A0719E71A07EC
:106A400064B464B46CD46CD46CD46CD46CD46CD496
:106A50006CD474D474D474F474D474D474D474D4DE
:106A60007CD47CF47CF47CF47CF47CF47CF484F4BE
:106A700084F484F484F484F584F484F484F484F455
:106A800084F484F484F484F484F484F484F484F446
:106A900085158D158D158D148D148D148D148D14F3
:106AA0008D148D148D148D149514951495149514BE
:106AB00094F494F494F495149514951495149514F1
:106AC0008D158D158D158D158D158D158D158D15B6
:106AD0008D158D148D148D148D1495149514951495
:106AE000951495149514951495149514951495145E
:106AF000951495149514951495149514951495144E
:106B0000951495148D148D148D1495159515951552
:106B100095158D148D148D158D15951495148D1452
:106B2000951495149514951495149514951495141D
:106B3000951495149514951495149514951494F42E
:106B400094F495149514951494F494F494F494F4A2
:106B500094F494F494F494F494F494F494F49515D3
:106B60009515951594F494F494F49515951494F45E
:106B700094F494F494F494F494F494F494F494F4D5
:106B800094F494F494F494F494F494F494F494F4C5
:106B900094F48CF48D148CF48CF484F484F484F4E4
:106BA00084F484D48CF48CF494F494F494F49514D4
:106BB0009D149D1594F35B8D532A5B285B075AC582
:106BC0005AC452A44AA442C442C442A44AE542E67A
:106BD00043064326432363E26C2174416C406421E5
:106BE00053C04BA23BA623AD0B0E030F032F032F65
:106BF000032F032F0B0E12CD128A12481A471A4880
:106C00001A271A271A0711E71A271A481A481A4783
:106C10001A471A471A471A471A471A471A471A476C
:106C20001A471A471A471A471A471A471A471A475C
:106C30001A471A471A471A471A471A471A471A474C
:106C40001A471A471A471A471A471A471A471A473C
:106C50001A471A471A471A471A471A471A471A472C
:106C60001A471A471A471A471A471A271A271A277C
:106C70001A271A471A471A281A281A281A271A27C9
:106C80001A481A481A481A471A471A471A471A47F9
:106C90001A471A471A471A471A471A471A471A47EC
:106CA0001A471A471A471A471A471A471A471A48DB
:106CB0001A481A481A481A281A071A071A071A07E8
:106CC00064B464B46CD46CD46CD46CD46CD46CD414
:106CD0006CD46CD474F474F474D474D474D47CD43C
:106CE0007CD47CF47CF47CF47CF47CF47CF484F43C
:106CF00084F484F484F4851584F584F484F4851490
:106D000084F484F484F484F484F484F484F484F4C3
:106D10008514851484F48CF48D148D148D148D14C5
:106D20008D148D148D148D1495149514951494F45C
:106D300094F494F494F494F495149514951495148F
:106D400095158D158D158D158D158D158D158D152B
:106D50008D158D148D148D148D1495149514951412
:106D600095149514951495149514951495149514DB
:106D700095149514951495149514951495149514CB
:106D8000951495149514951495148D158D158D15D0
:106D90008D158D148D148D158D14951495149514D1
:106DA000951495149514951495149514951495149B
:106DB00095149514951495149514951494F49514AC
:106DC00095149514951494F494F494F494F494F420
:106DD00094F494F494F494F494F494F494F4951452
:106DE000951494F494F494F494F49514951494F400
:106DF00094F494F494F494F494F494F494F494F453
:106E000094F494F494F494F494F494F494F4951421
:106E100094F494F494F48CF48CF48CF48CF48CF45A
:106E20008CF48CF48CF48CF494F4951495149D14D7
:106E30009D149D149D149D348CB15B095B0862C642
:106E40005AC55AA452844AC54AE642C442C542E6DB
:106E5000430643064B246C037442746174615BE027
:106E60005BE14BA23BA623AD0B2E032F032F032F79
:106E7000030F030F0B0E0AAC126A1A481A481A279E
:106E80001A071A271A071A0712071A481A481A4720
:106E90001A471A471A471A471A471A471A471A47EA
:106EA0001A471A471A471A471A471A471A471A47DA
:106EB0001A471A471A471A471A471A471A471A47CA
:106EC0001A471A471A471A471A471A471A471A47BA
:106ED0001A471A471A471A471A471A471A471A47AA
:106EE0001A471A471A471A471A471A271A271A27FA
:106EF0001A271A481A48224822481A281A2712071D
:106F00001A271A281A481A481A471A471A471A48B5
:106F10001A481A471A471A471A471A471A471A4768
:106F20001A471A471A471A471A471A471A471A4759
:106F30001A471A471A481A481A271A071A281A0706
:106F400064B464B46CB46CD46CD46CD46CD46CD4B1
:106F50006CD46CD474F474F474D474D474D47CD4B9
:106F60007CD47CF47CF47CF47CF47CF47CF47CF4C1
:106F700084F484F484F484F584F584F484F484F44F
:106F800084F484F484F484F484F484F484F484F441
:106F90008514851484F48CF48D148D148D148CF464
:106FA0008CF48D148D148D149514951494F494F41C
:106FB00094F494F494F494F495149514951495140D
:106FC000951495158D158D148D148D148D148D15A6
:106FD0008D158D148D148D148D1495149514951490
:106FE00094F494F494F494F494F494F494F494F461
:106FF00094F494F494F494F49514951495149514CD
:10700000951494F494F49514951495158D158D1587
:107010008D158D158D158D15951495149514951444
:107020009514951494F494F495149514951495145A
:10703000951495149514951495149514951494F429
:107040009514951494F494F494F494F494F494F4BE
:1070500094F494F494F494F494F494F494F494F4F0
:10706000951494F494F494F494F494F494F494F4BF
:1070700094F494F494F494F494F494F494F494F4D0
:1070800094F494F494F494F494F49CF494F4951497
:1070900094F494F494F494F48CF48CF48CF48CF4D0
:1070A0008CF58CF4951494F494F494F49D359D141B
:1070B0009D149D159D159D349D348CD2842F6B4A53
:1070C0005AA762A6528552E64B074AE54AC542C511
:1070D00042C542C542A35B42742374616C4053A015
:1070E00053A14BA33BA623AD0B0E032F032F032F5E
:1070F000032F032F0B0E12AC12691A481A481A27D5
:1071000012071A071A281A0711E71A071A281A2746
:107110001A471A471A471A471A471A471A471A4767
:107120001A471A471A471A471A471A471A471A4757
:107130001A471A471A471A471A471A471A471A4747
:107140001A471A471A471A471A471A471A471A4737
:107150001A471A471A471A471A471A471A471A4727
:107160001A471A471A471A471A471A481A471A2736
:107170001A271A271A271A271A271A071A281A0746
:107180001A071A271A281A481A471A471A481A4873
:107190001A481A281A471A471A471A471A471A4705
:1071A0001A471A471A471A471A471A471A471A47D7
:1071B0001A471A471A481A481A281A071A281A0783
:1071C00064B46CB46CB46CD46CD46CD46CD46CD427
:1071D0006CD46CD474F474F474D474D474D47CD437
:1071E0007CD47CF47CF47CF47CF47CF47CF47CF43F
:1071F0007CF484F484F484F484F484F584F584F5D4
:1072000084F584F584F5851584F484F484F484F499
:1072100084F484F484F484F48D148D148CF48CF44C
:107220008CF48D148D148D149514951494F494F499
:1072300094F494F494F494F495149514951495148A
:107240009514951495148D148D148D148D148D151D
:107250008D158D148D148D148D149514951494F42E
:1072600094F494F494F494F494F494F494F494F4DE
:1072700094F494F494F494F494F49514951495146B
:10728000951494F494F49514951495158D158D1505
:107290008D158D158D158D159514951495149514C2
:1072A000951494F494F494F49514951495149514F9
:1072B0009514951494F494F49514951494F494F40A
:1072C000951494F494F494F494F494F494F495143C
:1072D00095149514951494F494F494F494F49514EA
:1072E00094F494F494F494F494F494F494F494F45E
:1072F00094F494F494F494F494F494F494F494F44E
:10730000951494F494F49D149D149D149CF49D1470
:1073100094F494F494F494F494F494F494F494F42D
:1073200094F494F494F494F4951495149D159D1488
:107330009D149D149D159D359D359D349D349D1244
:10734000946F5A8652654AA64B074AE64AE54B07B0
:107350004B0742A53A6342A06BE374626C405380D2
:107360004BA14B823B8623AD0B2E032F032F032F04
:10737000032F030F0B0E0A8B12691A481A481A289A
:1073800011E711E71A071A071A071A071A481A48C5
:107390001A481A471A481A471A471A471A471A47E3
:1073A0001A471A471A471A471A471A471A471A47D5
:1073B0001A471A471A471A471A471A471A471A47C5
:1073C0001A471A471A471A471A471A471A471A47B5
:1073D0001A471A471A471A471A471A471A471A47A5
:1073E0001A471A471A471A471A471A471A471A4795
:1073F0001A471A271A271A271A271A271A281A0784
:107400001A071A271A271A481A471A471A481A48F1
:107410001A481A281A471A471A471A471A471A4782
:107420001A471A471A471A471A471A471A471A4754
:107430001A471A471A481A481A481A271A281A289F
:1074400064B464B46CB46CD46CD46CD46CD46CD4AC
:107450006CD46CD474F474D474D474D474F47CD4B4
:107460007CD47CF47CF47CF57CF47CF47CF47CF4BB
:1074700084F484F484F484F484F484F584F584F549
:1074800084F58515851584F584F484F484F484F4F6
:1074900084F484F484F485148D148D148D148CF488
:1074A0008D148D148D148CF49514951494F494F417
:1074B00094F494F494F494F4951495149514951408
:1074C00095149514951495148D148D148D148D1593
:1074D0008D158D148D148D1495149514951494F4A4
:1074E00094F494F494F494F494F494F494F494F45C
:1074F0009514951495149514951495149514951444
:107500009514951495149514951495158D158D1540
:107510008D158D158D158D14951495149514951440
:10752000951494F494F494F494F495149514951497
:1075300095149514951494F494F494F494F494F4A8
:107540009514951494F494F494F494F494F4951498
:1075500094F49514951494F494F494F4951494F488
:1075600094F494F494F494F494F494F494F494F4DB
:1075700094F494F494F494F494F494F494F494F4CB
:107580009514951495149D149D149D149CF49CF4CD
:107590009D1494F494F494F494F494F494F494F482
:1075A00094F48CF494F494F494F49D149D159D1427
:1075B0009D149D149D359535953595359D349D3497
:1075C00094D15B0952C74AA642C54AE6430643071F
:1075D0004B2742E63AA44B026BE3746274615BE0B2
:1075E0004B804B8243C623AD0B2E032F032F032F5B
:1075F000032F030F0B0E0A8B12491A481A481A2838
:1076000011E719E71A071A071A271A071A281A285A
:107610001A271A481A471A471A471A471A471A4781
:107620001A471A471A471A471A471A471A471A4752
:107630001A471A471A471A471A471A471A471A4742
:107640001A471A471A471A471A471A471A471A4732
:107650001A471A471A471A471A471A471A471A4722
:107660001A471A471A471A471A471A471A471A4712
:107670001A471A271A271A271A271A271A281A28E0
:107680001A071A071A071A271A471A471A471A48D1
:107690001A481A471A471A471A471A471A471A47E1
:1076A0001A471A471A471A471A471A471A471A47D2
:1076B0001A471A471A471A271A271A271A271A2861
:1076C00064B464B464B46CD46CD46CD46CD46CD432
:1076D0006CD46CD474F474D474D474F474F47CF4F2
:1076E0007CF47CF47CF47CF57CF484F484F484F401
:1076F00084F484F484F484F484F485158515851564
:1077000084F484F484F484F484F484F484F484F4B9
:1077100084F484F484F485148D148D148D148CF405
:107720008D148D148D148D14951495149514951431
:10773000951494F494F494F494F495149514951485
:1077400095149514951495149514951495148D14F9
:107750008D158D148D148D148D149514951494F429
:1077600094F494F494F494F494F494F494F494F4D9
:1077700095149514951494F49514951495149514E2
:1077800095149514951495149514951495159515AF
:107790009515951595158D149514951495149514A6
:1077A000951494F494F494F494F494F49514951436
:1077B00094F494F494F494F494F494F49514951447
:1077C00095149514951494F494F494F494F49514F5
:1077D000951494F494F494F494F494F4951494F427
:1077E00094F494F494F494F494F494F494F494F459
:1077F00094F494F494F494F494F494F494F494F449
:1078000094F4951495149D149D149D149CF49CF46B
:107810009CF49D149D149D14951494F494F494F484
:1078200094F494F494F494F494F49D149D149D149D
:107830009D149D349D359535953595359D359D34F3
:10784000842F6B8B5B0852C64AC64B074B07430716
:10785000430742E74B265BA46C02744174616421C8
:1078600053A16444544823AD0B0E032F032F032F61
:10787000032F032F0B0E12AC126A1A481A281A286B
:1078800011E719E7220719E71A071A271A481A48B1
:107890001A481A481A471A471A471A471A471A47DE
:1078A0001A471A471A471A471A471A471A471A47D0
:1078B0001A471A471A471A471A471A471A471A47C0
:1078C0001A471A471A471A471A471A471A471A47B0
:1078D0001A471A471A471A471A471A471A471A47A0
:1078E0001A471A471A471A471A471A471A471A4790
:1078F0001A471A271A271A271A271A271A281A285E
:107900001A271A071A071A271A481A471A471A472E
:107910001A471A471A471A471A471A471A471A475F
:107920001A471A471A471A471A471A471A471A474F
:107930001A471A471A471A271A271A271A271A28DE
:1079400064B464B46CD46CB46CB46CD46CD46CD4C7
:107950006CD46CD474F474D474D474F47CD47CF487
:107960007CF47CF47CF47CF57CF485158515851518
:1079700084F484F484F484F484F4851585158515E1
:1079800084F584F484F484F484F484F484F484F436
:1079900084F484F484F485148D148D148CF48CF4A4
:1079A0008D148D158CF48CF48CF48CF48CF494F48C
:1079B0009514951494F494F494F4951495149514E2
:1079C000951495149514951495149514951495146F
:1079D0008D148D148D14951495149514951494F498
:1079E00094F4951495149514951495149514951470
:1079F00094F494F494F494F494F494F49514951405
:107A0000951494F494F4951495149514951494F590
:107A100094F594F59515951595149514951495145C
:107A20009514951494F494F494F494F49514951492
:107A3000951494F494F494F494F494F494F494F4E5
:107A400095149514951494F494F494F494F4951472
:107A5000951494F494F49514951494F494F494F483
:107A600094F494F494F49CF49CF494F494F494F4C6
:107A700094F494F494F494F494F494F494F494F4C6
:107A800094F494F49D149CF49D149CF49CF49CF444
:107A90009CF495149D149D149D14951494F494F4E1
:107AA00094F494F494F494F49D149D159D159D15EF
:107AB0009D159D3595359535953595359D35845074
:107AC00052A85AC762E75AE75AE753074B074307DA
:107AD00043073AE753876C247442744174617462BB
:107AE00064024BA143A623AD030E032F032F032FE4
:107AF000030F032F0B0E12CD0A4A12481A481A28F8
:107B000019E719E719E71A0711E71A271A481A4857
:107B10001A481A471A471A471A471A471A471A475C
:107B20001A471A471A471A471A471A471A471A474D
:107B30001A471A471A471A471A471A471A471A473D
:107B40001A471A471A471A471A471A471A471A472D
:107B50001A471A471A471A471A471A471A471A471D
:107B60001A471A471A471A471A471A471A471A470D
:107B70001A471A271A271A271A271A271A271A28DC
:107B80001A281A071A071A271A481A481A471A47AA
:107B90001A471A471A471A471A471A471A471A47DD
:107BA0001A471A471A471A471A471A471A471A47CD
:107BB0001A471A471A471A471A471A471A481A48BB
:107BC00064B464B464B46CB46CB46CD46CD46CD46D
:107BD0006CD46CD474D474D474D47CF47CF47CF4FD
:107BE0007CF47CF47CF47CF47CF47CF484F484F405
:107BF00084F484F484F484F484F484F484F584F5C3
:107C00007CF47CF484F484F484F484F484F48515A2
:107C100084F484F484F484F48CF48CF48CF48CF484
:107C20008CF48CF48CF48CF48CF48CF48CF48CF454
:107C30008CF494F494F494F494F494F494F494F40C
:107C400094F494F494F495149514951495148D1457
:107C50008D148D148D1495149514951495149514F4
:107C60009514951495148CF49514951495149514F5
:107C7000951494F494F494F494F494F494F494F4A3
:107C800094F494F494F494F494F49514951494F571
:107C900094F594F5951595159514951495149514DA
:107CA0009514951494F494F494F494F494F494F452
:107CB00094F494F494F494F494F494F494F494F484
:107CC00095149514951494F494F494F495149514CF
:107CD00094F494F494F494F4951494F494F494F443
:107CE00094F494F494F49CF494F494F494F494F44C
:107CF0009CF49CF49CF494F494F48CD48CF494F45C
:107D000094F494F494F49CF49CF49CF49CF494F413
:107D100094F495148CB394F49D159D149D149D14A6
:107D200094F494F494F49CF49D159D159D159D1563
:107D30009D359D359D3595359535953595359D13F5
:107D40008C90630962C762C65AE653074AE642E767
:107D500043073AE653C76C4574427441744163C0AB
:107D600053A053E33BA623AD030E032F032F032F92
:107D7000032F032F0B2E12CC126A12481A481A280E
:107D80001A0719E719E71A071A071A071A281A48CB
:107D90001A471A471A471A471A471A471A471A47DB
:107DA0001A471A471A471A471A471A471A471A47CB
:107DB0001A471A471A471A471A471A471A471A47BB
:107DC0001A471A471A471A471A471A471A471A47AB
:107DD0001A471A471A471A471A471A471A471A479B
:107DE0001A471A471A471A471A471A471A471A478B
:107DF0001A471A471A271A481A481A281A271A27F8
:107E00001A281A271A071A271A481A481A471A4707
:107E10001A471A471A471A471A471A471A471A475A
:107E20001A471A471A471A471A471A471A471A474A
:107E30001A471A471A471A471A471A471A481A4838
:107E400064B464B464B464B46CD46CD46CD46CD4D2
:107E50006CD46CD474F474D474D47CF47CF47CF45A
:107E60007CF57CF47CF47CF47CF47CF484F484F481
:107E700084F484F484F484F484F484F47CF484F549
:107E80007CF47CF47CF484F47CF484F484F484F452
:107E900084F484F484F484F48CF48CF48CF48CF402
:107EA0008CF48CF48CF48CF48CF48CF48CF48CF4D2
:107EB0008CF48CF494F494F494F494F494F494F492
:107EC00094F494F494F495149514951495148D14D5
:107ED0008D148D148D149514951495149514951472
:107EE00095149514951495148CF48CF4951495149C
:107EF0008CF494F4951494F494F494F494F494F429
:107F000094F494F494F494F494F494F495149514EF
:107F10009514951595158D1595149514951495141E
:107F200095149514951494F495149514951495142A
:107F300094F494F494F4951495149514951495145C
:107F4000951494F49514951494F494F4951495144C
:107F500094F494F494F494F494F494F494F49CF4D9
:107F60009CF494F494F49CF494F494F494F494F4C1
:107F700094F49CF49CF494F494F48CD494F494F4D9
:107F800094F494F49CF49CF49CF49CF49CF49D1460
:107F900094F495157C9384D38CD49D159D149D14D5
:107FA0009D149D149D159D149D149D159D159D3426
:107FB0009D349535953595359535953595558D5532
:107FC000955495127C0D62C762C55AC54AC442E6F3
:107FD00043073B0753C864466C446C226C0163E161
:107FE000538064244C07238D0B2E032F032F032F64
:107FF000030F032F0B0E0A8B12491A481A471A282F
:108000001A071A0719E719E71A281A071A271A2749
:108010001A471A471A471A471A471A471A471A4758
:108020001A471A471A471A471A471A471A471A4748
:108030001A471A471A471A471A471A471A471A4738
:108040001A471A471A471A471A471A471A471A4728
:108050001A471A471A471A471A471A471A471A4718
:108060001A471A471A471A471A471A471A471A4708
:108070001A471A471A471A481A481A471A271A2736
:108080001A271A271A271A271A481A471A471A4767
:108090001A471A471A471A471A471A471A471A47D8
:1080A0001A471A471A471A471A471A471A471A47C8
:1080B0001A471A471A471A471A471A471A471A48B7
:1080C00064B464B464B46CD464B464B46CD46CD478
:1080D0006CD46CD474D474D474D47CF47CF47CF4F8
:1080E0007CF47CF47CF47CF47CF47CF47CF47CF410
:1080F0007CF47CF47CF47CF47CF47CF47CF47CF400
:108100007CF47CF47CF47CF484F484F484F484F4CF
:1081100084F484F484F48CF48CF48CF48CF48CF477
:108120008CF48CF48CF48CF48D148CF48CF4951405
:108130009514951495148CF48CF494F494F494F4AC
:1081400094F494F494F494F494F494F495148D14B5
:108150008D148D148D148CF494F48CF48CF48CF4B4
:108160008D148D148CF48CF48CF48CF48CF48CF4CD
:108170008CF494F494F494F494F494F494F494F4C7
:1081800094F494F494F494F494F494F4951495146D
:108190009514951595159515951595149514951493
:1081A000951495149514951494F4951495149514A8
:1081B00094F494F494F494F49514951495149514FB
:1081C000951495149514951494F494F4951494F4CA
:1081D00094F494F494F494F494F49CF49CF49CF447
:1081E0009CF49CF49CF49CF494F494F494F494F42F
:1081F00094F49CF49CF494F494F494F494F494F42F
:1082000094F49CF49CF49CF49CF49CF49CF49D14D5
:108210009D158CF484D4747284F494F49D149D148C
:108220009D149D159D159D149D149D159D159514CA
:10823000953495359535953595358D558D558D55A7
:108240008D5595559D337B8A62A55AA452A34AC485
:1082500042E63AE7432753A664466C026BE16BE2C1
:1082600053804B813B852BAD0B2E032F032F032F08
:10827000032F032F0B0E12AB12491A481A471A2864
:108280001A0719E71A0719E71A281A281A271A27A6
:108290001A471A471A471A471A471A471A471A47D6
:1082A0001A471A471A471A471A471A471A471A47C6
:1082B0001A471A471A471A471A471A471A471A47B6
:1082C0001A471A471A471A471A471A471A471A47A6
:1082D0001A471A471A471A471A471A471A471A4796
:1082E0001A471A471A471A471A471A471A471A4786
:1082F0001A471A471A471A471A471A471A271A27B6
:108300001A271A271A271A271A471A471A471A47E5
:108310001A471A471A471A471A471A471A471A4755
:108320001A471A471A471A471A471A471A471A4745
:108330001A471A471A471A471A471A271A271A4775
:1083400064B464B46CB46CB46CB46CB46CD46CD4FD
:108350006CD474D474D474D474D47CF47CF47CF46D
:108360007CF47CF47CF47CF47CF47CF47CF47CF48D
:108370007D147D147CF47CF47CF47CF47CF47CF43B
:108380007CF47CF47CF47CF47CF484F484F484F455
:1083900084F484F484F48CF48CF48CF48CF48CF4F5
:1083A0008CF48CF48CF48CF48CF48CF48CF49515A3
:1083B0009515951495148CF48CF48CF494F494F431
:1083C00094F494F494F494F494F494F494F495144C
:1083D00095149514951494F48CF48CF48CF48D14F9
:1083E0008D148D148CF48CF48CF48CF48CF48CF44B
:1083F00094F494F494F494F494F494F494F494F43D
:1084000094F494F494F494F494F4951495149514C9
:10841000951494F594F59514951494F49514951475
:108420008CF48CF48CF48CF494F494F4951494F40B
:1084300094F494F494F494F494F494F494F494F4FC
:1084400094F494F494F494F494F494F494F494F4EC
:1084500094F494F494F494F494F49CF49CF49CF4C4
:108460009CF49CF49CF49CF494F494F494F494F4AC
:108470009CF49CF49CF494F494F494F494F494F4A4
:1084800094F49CF49CF49CF49CF49CF49CF49CF474
:1084900094D3951484D47CB37C9395149D159D142A
:1084A0009D149D159D159D159D159D159D35953406
:1084B000953495359535953595358D358D558D5644
:1084C0008D5595559D339CAE6B0662C452A34AA34D
:1084D00042A442C643274326538563E36BE17422DB
:1084E0006C225BE34BE72BAC0B2E032F032F032FE8
:1084F000032F032F0B0E12ED126A12481A481A2886
:108500001A281A0719E71A071A071A281A281A2701
:108510001A471A471A471A471A471A471A471A4753
:108520001A471A471A471A471A471A471A471A4743
:108530001A471A471A471A471A471A471A471A4733
:108540001A471A471A471A471A471A471A471A4723
:108550001A471A471A471A471A471A471A471A4713
:108560001A471A471A471A471A471A471A471A4703
:108570001A471A471A471A471A471A481A271A2732
:108580001A271A271A271A471A471A471A471A4743
:108590001A471A471A471A471A471A471A471A47D3
:1085A0001A471A471A471A471A471A471A471A47C3
:1085B0001A471A471A471A471A271A271A271A2733
:1085C00064B464B46CB46CB46CB46CD46CD46CD45B
:1085D0006CD474D474D474D474D47CF47CF47CF4EB
:1085E0007CF47CF47CF47CF57CF57CF47CF47D14E8
:1085F0007D147D147D147CF47CF47CF47CF47CF498
:108600007CF47CF47CF47CF47CF484F484F484F4D2
:1086100084F484F48CF48D148D148D148CF48CF407
:108620008CF48CF48CF48CF48CF48CF48CF4951421
:1086300094F4951495149514951495149514951413
:1086400094F494F494F494F494F494F494F494F4EA
:1086500094F4951495148CF48CF48CF48D148D147E
:108660008D148D148CF48CF48CF48CF48CF48CF4C8
:1086700094F494F494F494F494F494F494F494F4BA
:1086800094F494F494F49514951495149514951405
:10869000951494F594F59514951495148CF48CF424
:1086A0008D148CF48CF48CF48CF494F494F4951470
:1086B00094F494F494F494F494F494F494F494F47A
:1086C00094F494F494F494F494F494F494F494F46A
:1086D00094F494F494F49CF49CF49CF49CF49CF432
:1086E0009CF49CF49CF49CF49CF49CF49CF49CF40A
:1086F0009CF49CF49CF494F494F494F494F494F422
:1087000094F49CF49CF49CF49CF49CF49CF49CF4F1
:1087100094F494F4951584D47C938CD39D159D1476
:108720009CF49D149D159D159D159D3595149534AE
:1087300095349535953595358D358D358D558556D1
:108740008D5595357C2F630862C562C45AA352A328
:108750004AA44AC54B0753A853C763E36C026C0293
:1087600063E25BE34BE7238C0B2E030F032F032FF6
:10877000032F032F030F12ED0A8A12481A481A48D2
:108780001A281A271A071A071A071A271A281A273F
:108790001A471A471A471A471A471A471A471A47D1
:1087A0001A471A471A471A471A471A471A471A47C1
:1087B0001A471A471A471A471A471A471A471A47B1
:1087C0001A471A471A471A471A471A471A471A47A1
:1087D0001A471A471A471A471A471A471A471A4791
:1087E0001A471A471A471A471A471A471A471A4781
:1087F0001A471A471A471A471A481A471A471A4770
:108800001A471A471A471A471A471A471A471A4760
:108810001A471A471A471A471A471A471A471A4750
:108820001A471A471A471A471A471A471A471A4740
:108830001A471A471A471A281A281A271A271A27CE
:1088400064D464B46CD46CD46CD46CD46CD46CD458
:108850006CD46CD474D474D474D47CF47CF47CF470
:108860007CF47CF47CF47CF47CF47CF47D147CF467
:108870007CF47D147D147CF47CF47CF47CF47CF436
:108880007CF47CF47CF47CF47CF484F484F484F450
:1088900084F484F48CF48D148D148D148CF48CF485
:1088A0008CF48CF48CF48CF48D148CF48CF495147E
:1088B0009514951495149514951495149514951470
:1088C000951494F494F494F494F494F494F494F447
:1088D00094F4951495148CF48D148D148D148D14BA
:1088E0008D148D148CF48CF48CF48CF48CF48CF446
:1088F00094F494F494F494F494F494F494F494F438
:1089000094F494F495149514951495149514951461
:10891000951495149514951495148CF48CF48D1469
:108920008D148CF48CF48CF48CF48CF494F49514F5
:10893000951495149514951494F494F494F494F473
:1089400094F494F494F494F494F494F494F494F4E7
:1089500094F494F494F49CF49CF49CF49CF49CF4AF
:108960009CF49CF49CF49CF49CF49CF49CF49CF487
:108970009CF49CF49CF49CF494F49CF49CF49CF47F
:108980009CF49CF49CF49CF49CF49CF49CF49CF467
:1089900094F48CF48D158CF48CF495149D159D1421
:1089A0009D149D149D149D149D149D359D359534E5
:1089B00095359535953595358D358D358D5685564D
:1089C0008D559535636C5AC862C662C55AC45AA3A0
:1089D00052A34AA44B055BC85BE663E363E16BE12A
:1089E00063E153813B85238C0B2E032F032F032F31
:1089F000032F032F030F0AED0A8B12491A481A4856
:108A00001A481A481A471A271A271A071A271A271C
:108A10001A481A471A471A471A471A471A471A474D
:108A20001A471A471A471A471A471A471A471A473E
:108A30001A471A471A471A471A471A471A471A472E
:108A40001A471A471A471A471A471A471A471A471E
:108A50001A471A471A471A471A471A471A471A470E
:108A60001A471A471A471A471A471A471A471A47FE
:108A70001A471A471A471A471A471A471A471A47EE
:108A80001A471A471A471A471A471A471A471A48DD
:108A90001A471A471A471A471A471A471A471A47CE
:108AA0001A471A471A271A271A271A471A471A471E
:108AB0001A471A471A281A281A271A071A071A27AC
:108AC00064B464D46CD46CD46CD46CD46CD46CD4D6
:108AD0006CD46CD474D474D474F47CF47CF47CF4CE
:108AE0007CF47CF47CF47CF47CF47CF57D147CF4E4
:108AF0007CF47CF47D147CF47CF47CF47CF47CF4D5
:108B00007CF47CF47CF47CF47CF484F484F484F4CD
:108B100084F484F48CF48D148CF48D148CF48CF423
:108B20008CF48CF48CF48CF48D148D148CF48CF403
:108B3000951495149514951495149514951494F40E
:108B400094F494F494F494F494F494F494F494F4E5
:108B500094F4951495148CF48D148D148D148D1437
:108B60008D148D148CF48CF48CF48CF48CF48CF4C3
:108B700094F494F494F494F494F494F494F494F4B5
:108B800094F494F4951495149514951495149514DF
:108B9000951495149514951495148CF48CF48D14E7
:108BA0008D148CF48CF48CF48CF48CF494F4951473
:108BB00095149514951494F494F494F494F494F412
:108BC00094F48CF494F494F494F494F494F494F46D
:108BD00094F494F494F49CF49CF494F49CF49CF435
:108BE0009CF49CF49CF49CF49CF49CF49CF49CF405
:108BF0009CF49CF49CF49CF49CF49CF49CF49CF4F5
:108C00009CF49D149CF49CF49CF49CF49CF49CF4C3
:108C10008CD484D47C938D1584B38CD494D49D143B
:108C20009D149D149D149D149D149D159D35953482
:108C300095359535953595358D358D358D568556CA
:108C40008D558D558CF38CB08C8F842C5AC55AC49D
:108C50005AA352C353055BA75BE663E364016BE170
:108C600063E253A23B85238C0B2E032F032F032F8C
:108C7000032F032F030F0AED0A8B12491A481A48D3
:108C80001A481A271A271A271A271A071A071A071B
:108C90001A271A481A481A471A471A471A471A47EA
:108CA0001A471A471A471A471A471A471A471A47BC
:108CB0001A471A471A471A471A471A471A471A47AC
:108CC0001A471A471A471A471A471A471A471A479C
:108CD0001A471A471A471A471A471A471A471A478C
:108CE0001A471A471A471A471A471A471A471A477C
:108CF0001A471A471A471A471A471A471A471A476C
:108D00001A471A471A471A471A471A471A471A475B
:108D10001A471A471A471A471A471A471A471A474B
:108D20001A271A471A481A471A471A471A471A475A
:108D30001A471A271A271A0719E71A0719E71A07ED
:108D400064B464B46CD46CD46CD46CD46CD46CD473
:108D50006CD474D474D474D474D47CF47CF47CF463
:108D60007CF47CF47CF47CF47CF47CF47CF47CF483
:108D70007CF47CF47CF47CF47CF47CF47CF47CF473
:108D80007CF47CF47CF47CF484F484F484F584F442
:108D900084F484F48CF48CF48CF48CF48CF48CF4E3
:108DA0008D148D148CF48CF48D148D148D148CF41E
:108DB0008CF48CF48CF4951495149514951494F407
:108DC00094F494F494F494F494F494F494F494F463
:108DD00094F49514951495148D148D148CF48CF4CE
:108DE0008CF48D148CF48CF48CF48CF48CF48CF462
:108DF0008CF495149514951494F49514951494F496
:108E000094F4951495149514951595159515951537
:108E1000951595159515951595158CF48CF48CF480
:108E20008CF48D148D148D148CF48CF494F49514AE
:108E300094F494F494F494F494F494F494F494F4F2
:108E400094F494F494F494F494F494F494F494F4E2
:108E500094F494F494F494F494F494F494F49CF4CA
:108E60009CF49CF49CF49CF49CF49CF49CF49CF482
:108E70009CF49CF49CF49CF49CF49CF49CF49CF472
:108E80009CF49CF49CF49CF49CF49CF49CF494F46A
:108E90008CD4749374938D14951494F48CB394B30C
:108EA0009CF49D159D159D159D159D159D359D3514
:108EB00095359535953595358D358D568D56855627
:108EC0008D568D568D558D558D549553846E62E615
:108ED00062E45AC4530553A753E7640464026BE188
:108EE00063E25BC343A62BAD0B2E032F032F032F8F
:108EF000032F032F0B2F130E0A6A12491A481A2840
:108F00001A481A271A271A271A271A281A071A0777
:108F10001A271A481A481A481A471A471A471A4766
:108F20001A471A471A471A471A471A471A471A4739
:108F30001A471A471A471A471A471A471A471A4729
:108F40001A471A471A471A471A471A471A471A4719
:108F50001A471A471A471A471A471A471A471A4709
:108F60001A471A471A471A471A471A471A471A47F9
:108F70001A471A471A471A471A471A471A471A47E9
:108F80001A471A471A471A471A471A471A471A47D9
:108F90001A271A271A471A471A471A471A471A4709
:108FA0001A471A471A471A481A471A471A471A47B8
:108FB0001A271A271A0719E719E719E719E71A07ED
:108FC00064D464B464B46CD46CD46CD46CD46CD4F9
:108FD0006CD474D474D474D474F474F47CF47CF4C9
:108FE0007CF47CF47CF47CF47CF47CF47CF47CF401
:108FF0007CF47CF47CF47CF47CF47CF47CF47CF4F1
:109000007CF47CF47CF47CF4851585158515851538
:1090100084F48CF48CF48CF48CF48CF48CF48CF458
:109020008D148D148CF48CF48CF48CF48CF48CF4FE
:109030008CF48CF48CF48D148D148D14951494F49C
:1090400094F494F494F494F49514951495148CF485
:109050008CF48CF48CF495148D148D148D148D1463
:1090600095158D158CF48D148D148D148D148D140F
:109070008CF48D148D1495149514951495149514E1
:10908000951495148D148D158D158D158D158D15C3
:109090008D158D158D158D158D148D148D148D14C4
:1090A0008D148D148D148D1495148CF494F494F403
:1090B00094F494F494F494F494F494F494F494F470
:1090C00094F494F594F594F494F494F494F494F45E
:1090D00094F494F494F494F494F494F494F494F450
:1090E0009CF49CF49CF49CF49CF49CF49CF49CF400
:1090F0009CF49CF49CF494F49CF49CF49CF49CF4F8
:109100009CF49CF49CF49CF49CF49CF49CF494F4E7
:109110008CF474B46C937CB394F49D149D149CF4FF
:109120009D149D159D159D149D159D159D159D3591
:109130009515953595358D158D358D568D568D56E4
:1091400085568556855685568D568D55955363495A
:109150005AC642235B4753A85BE764256C236BE147
:109160006BE25BE343A62BAD0B0E032F032F032F04
:10917000032F032F0B0E12ED0A6A1A491A481A48D8
:109180001A481A2712071A271A271A281A281A07FC
:109190001A271A481A481A481A471A471A471A47E4
:1091A0001A471A471A471A471A471A471A471A47B7
:1091B0001A471A471A471A471A471A471A471A47A7
:1091C0001A471A471A471A471A471A471A471A4797
:1091D0001A471A471A471A471A471A471A471A4787
:1091E0001A471A471A471A471A471A471A471A4777
:1091F0001A471A471A471A471A471A471A471A4767
:109200001A471A471A471A471A471A471A471A4756
:109210001A271A271A471A271A471A481A471A47A5
:109220001A471A471A471A471A471A471A471A4736
:109230001A271A0719E619E719E719E719E719E7CD
:1092400064D464B464B46CD46CD46CD46CD46CD476
:109250006CD474F474F474D474D474F474F47CF42E
:1092600074F474F474D47CF47CF47CF47CF47CF4B6
:109270007CF47CF47CF47CF47CF47CF47CF47CF46E
:109280007CF47CF47CF47CF48515851585158515B6
:1092900085148CF48D148CF48CF48CF48CF48CF494
:1092A0008D148D148CF48CF48CF48CF48CF48CF47C
:1092B0008CF48D148D148D148D148D148D149514BF
:1092C00095149514951495149514951495148CF47F
:1092D0008CF48CF48CF48D148D148D148D148D14E9
:1092E00095158D148D148CF48CF48D148D148D14AF
:1092F0008D148D148D148D14951495149514951446
:10930000951495148D148D158D158D158D158D1540
:109310008D158D158D158D148D148D148D148D1442
:109320008D148D148D148D1495148CF494F494F480
:1093300094F494F494F494F494F494F494F494F4ED
:1093400094F494F494F494F494F494F494F494F4DD
:1093500094F494F494F494F494F494F494F494F4CD
:1093600094F494F494F49CF49CF49CF49CF49CF495
:109370009CF49CF49CF494F494F49CF49CF49CF47D
:109380009CF49CF49CF49CF49CF49CF49CF494F465
:1093900084F46C936CB384F495359D149D14A4F4FB
:1093A000A5159CF49D149D149D149D149D159D154B
:1093B0009D35953595358D358D368D568D56855621
:1093C000855685568556855685568D568D5584709D
:1093D000634A42864AE75BCA5BE864256C236C01FA
:1093E00063E253A23B652BAD0B0E030F032F032F3C
:1093F000032F032F0AEE0A8B126A1A481A481A48DA
:109400001A481A0712071A071A271A481A481A2759
:109410001A271A481A481A471A471A471A471A4762
:109420001A471A471A471A471A471A471A471A4734
:109430001A471A471A471A471A471A471A471A4724
:109440001A471A471A471A471A471A471A471A4714
:109450001A471A471A471A471A471A471A471A4704
:109460001A471A471A471A471A471A471A471A47F4
:109470001A471A471A471A471A471A471A471A47E4
:109480001A471A471A471A471A471A471A471A47D4
:109490001A271A271A271A471A471A471A471A4724
:1094A0001A471A471A471A481A471A481A471A47B2
:1094B0001A271A0719E619E619E619E719E71A072C
:1094C00064B464B464B46CD46CD46CD46CD46CD414
:1094D0006CD46CF474F474D474F474F474F47CF494
:1094E00074F474F474F47CF47CF47CF47CF47CF414
:1094F0007CF47CF47CF47CF47CF47CF47CF47CF4EC
:109500007CF47CF57D157D148515851585158514F0
:1095100085148CF48D148CF48CF48CF48CF48CF411
:109520008D148D148CF48CF48CF48CF48CF48CF4F9
:109530008CF48D148D148D148D14951495148D1434
:109540008D148D14951495149514951495148CF40C
:109550008CF48CF48CF48D148D148D148D148D1466
:109560008D148D148CF48CF48CF48CF48D148D1477
:109570008D148D148D148D149514951495149514C3
:10958000951495149514951595158D158D158D15A6
:109590008D158D158D158D148D14951495149514A8
:1095A00095148D148D14951495148CF494F49514CD
:1095B00094F49514951494F494F494F494F494F429
:1095C00094F494F494F494F494F494F494F494F45B
:1095D00094F494F494F494F494F494F494F495142A
:1095E0009514951494F49CF49CF49CF49CF49CF4D1
:1095F0009CF49CF49CF494F494F49CF49CF49CF4FB
:109600009CF49CF49CF49CF49CF49CF49CF494F4E2
:109610007C936C936C937C9294F49CF49CF4A4F4EF
:10962000A4F5A5159CF49D149D149D149D149D15E1
:109630009D15953595358D368D368D568D568556BD
:10964000855685568556855685768D768D569554E4
:1096500095339533955274AE5BC86C056C236C01E1
:109660006C025BC243852BAD0B0E030F030F032F60
:10967000032F032F0B0E12CC0A6A1A481A481A48F5
:1096800022481A2711E61A071A271A481A481A48B0
:109690001A471A471A471A471A471A471A471A47C2
:1096A0001A471A471A471A471A471A471A471A47B2
:1096B0001A471A471A471A471A471A471A471A47A2
:1096C0001A471A471A471A471A471A471A471A4792
:1096D0001A471A471A471A471A471A471A471A4782
:1096E0001A471A471A471A471A471A471A471A4772
:1096F0001A471A471A471A471A471A471A471A4762
:109700001A471A471A471A471A471A471A471A4850
:109710001A271A271A471A481A481A471A471A477F
:109720001A471A471A471A471A471A481A471A4730
:109730001A271A271A0719E61A0719E71A071A2704
:1097400064B464B464B46CD464B46CB46CD46CD4D9
:109750006CD46CF474F474F474D474F474F474F419
:1097600074F474F47CF47CF47CF47CF47CF47CF489
:109770007CF47CF47CF47CF47CF47CF47CF47CF469
:109780007CF47CF57D1584F4851585148514851489
:1097900084F48CF48CF48CF48CF48CF48CF48CF4D1
:1097A0008D148D148D148D148D148D148D148D14B1
:1097B0008CF48CF48D148D159515951595159515BE
:1097C0008D158D158D1595159515951595148CF48C
:1097D0008CF48CF48CF48CF48CF48CF48CF48CF489
:1097E0008CF48CF48D158D158CF48D148D148CF4F3
:1097F0008D148CF495149514951495149514951452
:109800009514951495149514951495158D158D151D
:109810008D158D158D158D1595149514951495141C
:1098200095149514951495149514951495149514F0
:1098300095149514951495149514951495149514E0
:10984000951495149515951594F494F494F494F452
:1098500094F494F494F494F4951495149514951444
:10986000951494F494F494F49CF49CF49CF49CF477
:109870009CF49CF49CF49CF494D49CF49CF49CF490
:109880009CF49CF49CF49CF49CF49CF49CF494F460
:109890007C7274737C938CF49CF49CF49CF49CF424
:1098A0009CF49CF49D149CF49CF49D149D149D15B3
:1098B0009D15953595358D568D568D568D568556FB
:1098C000855685568556855685568D568D569555A1
:1098D0008D349D749D948D526C4B63E46BE26BE10F
:1098E0006BE163E343862BAD0B0E030F030F030FF6
:1098F000030F030F030E0AED0A8B12491A481A4888
:1099000022481A2711E61A071A071A481A481A484D
:109910001A471A481A471A471A471A471A471A473E
:109920001A471A471A471A471A471A471A471A472F
:109930001A471A471A471A471A471A471A471A471F
:109940001A471A471A471A471A471A471A471A470F
:109950001A471A471A471A471A471A471A471A47FF
:109960001A471A471A471A471A471A471A471A47EF
:109970001A471A471A471A471A471A471A471A47DF
:109980001A471A471A471A471A471A471A481A48CD
:109990001A2712071A481A481A481A481A471A4723
:1099A0001A471A471A471A471A471A471A481A27CE
:1099B0001A471A271A0719E71A271A071A281A28FE
:1099C00064D464B464B46CD46CD46CB46CD46CD40F
:1099D0006CD46CD474F474F474F474F474F474F497
:1099E00074F47CF47CF47CF47CF47CF47CF47CF4FF
:1099F0007CF47CF47CF47CF47CF47CF47CF47CF4E7
:109A00007CF47CF57D1584F484F484F48514851449
:109A100084F48CF48D148CF48CF48CF48CF48D140C
:109A20008D148D148D148D148D148D148D148D142E
:109A30008D148D148D1495159515951595159515F1
:109A40008D158D158D158D158D158D158D158CF428
:109A50008CF48CF48CF58CF58CF58CF58CF48CF402
:109A60008CF48CF495158D158D158D148D148D1425
:109A70008D148CF4951495149514951495149514CF
:109A80009514951495149514951495158D158D159B
:109A90008D158D158D158D15951595149514951499
:109AA000951495149514951495149514951495146E
:109AB000951495149514951495149514951495145E
:109AC0009514951495159515951594F494F494F4AE
:109AD00094F494F494F495149514951495149514A1
:109AE000951494F494F495149CF49CF49CF49CF4D4
:109AF0009CF49CF49CF49CF49CF49CF49CF49CF4E6
:109B00009CF49CF49CF49CF49CF49CF49CF494F4DD
:109B100094D48CF494F494F49CF49CF4A5149D14C3
:109B20009CF49D149D149CF49D149D149D149D14EF
:109B30009D15953595358D568D568D568556855680
:109B4000855685568556855685568D568D5695551E
:109B50009D96A5B59DB58D537CEE63E56BE26BE1FB
:109B60006BE15BC253E72BAC0B0E030F030F030F2C
:109B7000030F032F030F0B0E12CC12491A48224871
:109B800022481A2719E71A071A071A481A481A48C2
:109B90001A471A471A481A471A471A471A471A47BC
:109BA0001A471A471A471A471A471A471A471A47AD
:109BB0001A471A471A471A471A471A471A471A479D
:109BC0001A471A471A471A471A471A471A471A478D
:109BD0001A471A471A471A471A471A471A471A477D
:109BE0001A471A471A471A471A471A471A471A476D
:109BF0001A471A471A471A471A471A471A471A475D
:109C00001A471A471A471A471A471A471A481A484A
:109C10001A4812071A271A481A481A481A471A47A0
:109C20001A471A471A471A471A471A471A471A274C
:109C30001A471A471A271A071A071A271A281A48FA
:109C400064D464D464B46CD46CD464B46CD46CD474
:109C50006CD46CD46CF474F474F474F474F474F41C
:109C600074F47CF47CF47CF47CF47CF47CF47CF47C
:109C70007CF47CF47CF47CF47CF47CF47CF47CF464
:109C80007CF57CF57CF47D1485148514851485148D
:109C900085148CF48D148CF48CF48CF48CF48CF48A
:109CA0008CF48CF48CF48CF48D148D148D148D1430
:109CB0008D148D14951495159515951595158D156F
:109CC0008D158D158D158D158D158D158D158CF4A6
:109CD0008CF48CF48D158CF58CF58CF48CF48D143F
:109CE0008D148D148D148D148D148D148D148D146C
:109CF0008D148D149514951495149514951495142C
:109D00009514951495149514951495158D158D1518
:109D10008D158D158D158D15951595149514951416
:109D200095149514951495149514951494F495140C
:109D300095149514951495149514951495149514DB
:109D40009514951495159515951594F494F494F42B
:109D500094F494F494F494F494F495149514951460
:109D600094F49514951494F494F494F49CF49CF461
:109D70009CF49CF49CF49CF49CF49CF49CF49CF463
:109D80009CF49CF49CF49CF49CF49CF49CF494D47B
:109D900094D394D49CF49CF49CF49CF49D149D1452
:109DA0009CF49D149D149D149D149D149D149D144C
:109DB0009D15953595358D5685568556855685560E
:109DC000855685568556855685568D568D5595549E
:109DD000ADB5ADB5A5947CD17CEF6C056BE26C01A3
:109DE0006BE15BA143852BAC0B0E030F030F030F3D
:109DF000030F030F0B2F0ACD0AAB12491A481A485A
:109E000022481A271A071A271A271A2722481A47F8
:109E10001A471A471A471A471A471A471A471A473A
:109E20001A471A471A471A471A471A471A471A472A
:109E30001A471A471A471A471A471A471A471A471A
:109E40001A471A471A471A471A471A471A471A470A
:109E50001A471A471A471A471A471A471A471A47FA
:109E60001A471A471A471A471A471A471A471A47EA
:109E70001A471A471A471A471A471A471A471A47DA
:109E80001A471A471A471A471A471A471A471A47CA
:109E90001A471A271A271A481A481A481A471A47F7
:109EA0001A471A471A471A471A471A471A471A47AA
:109EB0001A271A271A471A271A271A271A271A277A
:109EC00064D464D464B46CD46CD464B46CD46CD4F2
:109ED0006CD46CD46CF474F474F474F474F474F49A
:109EE00074F47CF47CF47CF47CF47CF47CF47CF4FA
:109EF0007CF47CF47CF47CF47CF47CF47CF47CF4E2
:109F00007CF57CF57CF584F584F484F48514851463
:109F100085148CF48D148CF48CF48CF48CF48CF407
:109F20008CF48CF48CF48CF48D148D148D148D14AD
:109F30008D148D1495149515951595158D158D15F4
:109F40008D158D158D158D158D158D158D158CF423
:109F50008CF48CF48CF48CF48CF48CF48CF48D14E0
:109F60008D148D148D148D148D148D148D148D14E9
:109F70008D148D14951495149514951495149514A9
:109F80009514951495149514951495159515951586
:109F900095158D158D158D1595149514951495148D
:109FA0009514951495149514951495149514951469
:109FB00095149514951494F495149514951495147A
:109FC0009514951495159514951494F494F494F4AB
:109FD00094F494F494F494F494F494F494F4951420
:109FE00094F494F4951494F494F494F49CF49CF400
:109FF0009CD49CF49CF49CF49CF49CF49CF49CF401
:10A000009CF49CF49CF49CF49CF49CF49CF49CD4F0
:10A0100094D49CD49CD49CF49CF49CF49D149D14E6
:10A020009D149D149D149D149D149D149D149D14A8
:10A030009D15953595358D558D5585568556855685
:10A04000855685568556855685568D569555ADB59A
:10A05000B5D4B5B4A5947CD17CEF74267402742178
:10A06000742263E24BC62BAC0B0E030F030F030FDE
:10A07000030F030F030F0ACD0A6A12481A481A4841
:10A080001A481A481A281A281A481A271A271A4743
:10A090001A471A471A471A471A471A471A471A47B8
:10A0A0001A471A471A471A471A471A471A471A47A8
:10A0B0001A471A471A471A471A471A471A471A4798
:10A0C0001A471A471A471A471A471A471A471A4788
:10A0D0001A471A471A471A471A471A471A471A4778
:10A0E0001A471A471A471A471A471A471A471A4768
:10A0F0001A471A471A471A471A471A471A471A4758
:10A100001A471A471A471A471A471A471A471A4747
:10A110001A471A071A271A481A481A481A471A27B4
:10A120001A471A481A471A471A471A471A471A4726
:10A130001A271A271A471A471A481A271A271A27B6
:10A1400064D464B464D464D46CD46CD46CD46CD44F
:10A150006CD46CD474F474F474F474F474F474F40F
:10A1600074F47CF47CF47CF47CF47CF47CF47CF477
:10A170007CF47CF47CF47CF47CF47CF47CF47CF45F
:10A180007CF57CF57CF584F584F584F584F58515FE
:10A1900084F48CF48D148D148D148CF48CF48CF464
:10A1A0008CF48CF48CF48CF48CF48D148D148CF46D
:10A1B0008CF48CF48CF48CF48CF48CF48CF48CF49F
:10A1C0008CF48CF48CF48CF48CF48CF48CF48D156D
:10A1D0008D158CF48D148D15951595158CF48CF4C6
:10A1E0008CF48CF48CF48CF48CF48CF48D158D152B
:10A1F0008D1595159515951495149514951495141C
:10A200009514951495149514951495149514951406
:10A21000951495148D148D14951495149514951406
:10A2200095149514951495149514951495149514E6
:10A23000951495149514951494F494F494F494F45A
:10A2400094F495149514951494F494F494F494F46B
:10A2500094F494F494F494F494F494F494F494F4BE
:10A2600094F494F494F494F49D149CF49CF49CD48D
:10A270009CD49CD49CF49CF49CF49CF49CF49CF49E
:10A280009CF49CF49CF49CF49CF49CF49CF49CF44E
:10A290009CD49CD49CF49CF4A4F4A4F49CF49D144D
:10A2A0009CF49CF49D14A5149D149D149D149D1460
:10A2B0009D149D149D1595358D558D568556855645
:10A2C00085568556855685568D568D35ADD6D6978D
:10A2D000D635BDB4ADB58D1384EF84C88CE474213C
:10A2E00074016BE25C0733AD0B0E030F032F030FFA
:10A2F000030F030F0B0E0AED12AB12481A481A484F
:10A300001A481A481A481A481A481A471A471A4740
:10A310001A471A471A471A471A471A481A471A4734
:10A320001A471A471A471A471A471A471A471A4725
:10A330001A471A471A471A471A471A471A471A4715
:10A340001A471A471A471A471A471A471A471A4705
:10A350001A471A471A471A471A471A471A471A47F5
:10A360001A471A471A471A471A471A471A471A47E5
:10A370001A471A471A471A471A471A471A471A47D5
:10A380001A471A471A471A471A471A471A481A48C3
:10A390001A481A271A271A481A481A481A481A48EF
:10A3A0001A471A471A471A471A471A471A471A47A5
:10A3B0001A271A271A271A471A471A481A481A47F3
:10A3C00064D464B464D464D464B46CD46CD46CD4F5
:10A3D0006CD46CD474F474F474F474F474F474F48D
:10A3E00074F47CF47CF47CF47CF47CF47CF47CF4F5
:10A3F0007CF47CF47CF47CF47CF47CF47CF47CF4DD
:10A400007CF57CF584F584F584F584F584F584F594
:10A4100084F58CF48D148CF48CF48CF48CF48CF422
:10A420008CF48CF48CF48CF48CF48D148CF48CF40B
:10A430008CF48CF48CF48CF48CF48CF48CF48CF41C
:10A440008CF48CF48CF48CF48CF48CF48CF48D15EA
:10A450008D158CF48D148D15951595158CF48CF443
:10A460008CF48CF48CF48CF48CF48CF48D158D15A8
:10A470009515951595159514951495149514951491
:10A480009514951495149514951495149514951484
:10A49000951495148D148D14951495149514951484
:10A4A0009514951494F494F49514951495149514A6
:10A4B000951494F494F494F494F494F494F494F43B
:10A4C00094F494F494F494F494F494F494F494F44C
:10A4D00094F494F494F494F494F494F494F494F43C
:10A4E00094F494F494F494F494F494F494F49CF424
:10A4F0009CF49CF49CF49CF49CF49CF49CF49CF4DC
:10A500009CF49CF49CF49CD49CF49CF49CF49CF4EB
:10A510009CD49CF49CF49CF4A4F4A4F49CF49D14AA
:10A520009D149D149D14A5149D149D149D149D149B
:10A530009D149D149D14953595558D558D568556B4
:10A540008556855685568D558D558D35ADD6DE97FC
:10A55000DE55C5D4B5B49D748D108CE88CC47421BF
:10A560006BE16BE25C0733AC0B0E030F032F030FA1
:10A57000030F030F0B0E0ACC0A6A12681A481A4816
:10A580001A481A481A481A481A471A471A471A47BF
:10A590001A471A471A471A471A471A471A471A47B3
:10A5A0001A471A471A471A471A471A471A471A47A3
:10A5B0001A471A471A471A471A471A471A471A4793
:10A5C0001A471A471A471A471A471A471A471A4783
:10A5D0001A471A471A471A471A471A471A471A4773
:10A5E0001A471A471A471A471A471A471A471A4763
:10A5F0001A471A471A471A471A471A471A471A4753
:10A600001A471A471A471A471A471A471A481A4840
:10A610001A271A271A271A481A481A481A481A488D
:10A620001A471A471A471A471A471A471A471A4821
:10A630001A471A271A271A471A471A471A471A4752
:10A6400064B464B464D464D464B46CB46CD46CD4B2
:10A650006CD46CD474F474F474D474F474F474F42A
:10A6600074F47CF47CF47CF47CF47CF47CF47CF472
:10A670007CF47CF47CF47CF47CF47CF47CF47CF45A
:10A680007CF57CF47CF584F584F584F584F58515FA
:10A6900084F48CF48D148CF48CF48CF48CF48CF4A1
:10A6A0008CF48CF48CF48CF48CF48D148CF48CF489
:10A6B0008CF48CF48CF48CF48CF48CF48CF48CF49A
:10A6C0008CF48CF48CF48CF48CF48CF48CF48CF48A
:10A6D0008CF48D158D158D158D1595158CF48CF4C8
:10A6E0008CF48CF48CF48CF48CF48CF48CF48CF46A
:10A6F0008CF48CF48CF48CF494F494F494F494F43A
:10A7000094F494F48CF48CF48CF4951495149514BE
:10A71000951495148D148D14951495149514951401
:10A720009514951494F494F4951495149514951423
:10A73000951495149514951494F494F494F494F455
:10A7400095149514951494F494F494F494F494F466
:10A7500094F48CF48CF494F4951494F494F494F4A8
:10A7600094F495149514951494F49514951494F404
:10A7700094F494F494F49CF49CF49CF49CF49CF471
:10A780009CF49CF49CF49CF49CF49CF49CF49CF449
:10A790009CF49CD49CF49CF49D149D149D149D14D5
:10A7A0009D149D149D14A5149D149D149D149D1419
:10A7B0009D149D149D349D3595358D358D358D5663
:10A7C0008D568D568D568D558D5595559D34CE365D
:10A7D000DE96C5D4B5B49D749D718CC8740273E1C6
:10A7E0006BE16BE25C072BAC0B0E032F032F030F07
:10A7F000030F032F0B0F0AED0A6A12691A481A4851
:10A800001A481A471A471A471A471A471A471A473F
:10A810001A471A471A471A471A471A471A471A4730
:10A820001A471A471A471A471A471A471A471A4720
:10A830001A471A471A471A471A471A471A471A4710
:10A840001A471A471A471A471A471A471A471A4700
:10A850001A471A471A471A471A471A471A471A47F0
:10A860001A471A471A471A471A471A471A471A47E0
:10A870001A471A471A471A471A471A471A471A47D0
:10A880001A471A471A471A471A471A471A471A47C0
:10A890001A471A4712071A271A471A481A481A4815
:10A8A0001A471A471A471A471A471A471A471A489F
:10A8B0001A471A271A271A471A471A481A481A47CE
:10A8C00064B464B464B464D464B46CB46CD46CD450
:10A8D0006CD46CD46CF474F474F474F474F474F490
:10A8E00074F47CF47CF47CF47CF47CF47CF47CF4F0
:10A8F0007CF47CF47CF47CF47CF47CF47CF47CF4D8
:10A900007CF57CF47D157CF484F5851584F485153F
:10A9100084F48CF48D148CF48CF48D148CF48CF4FD
:10A920008CF48CF48CF48CF48CF48D148CF48CF406
:10A930008CF48CF48CF48CF48CF48CF48CF48CF417
:10A940008CF48CF48CF48CF48CF48CF48CF48CF407
:10A950008CF48D158D158D158D1595158CF48CF445
:10A960008CF48CF48CF48CF48CF48CF48CF48CF4E7
:10A970008CF48CF48CF48CF494F494F494F494F4B7
:10A9800094F4951495148CF48CF4951495149514F2
:10A990009514951495149514951495148CF48CF4C1
:10A9A0008CF48CF48CF48CF494F4951494F494F466
:10A9B00094F4951494F494F494F494F494F494F436
:10A9C00094F494F494F494F494F494F494F494F447
:10A9D00094F494F48CF494F494F494F494F494F43F
:10A9E00094F495149514951495149514951494F461
:10A9F00094F494F494F494F49CF49CF49CF49CF4F7
:10AA00009CF49CF49CF49CF49CF49CF49CD49CF4E6
:10AA10009CD49CD49CF49CF49D149D149D149D1472
:10AA20009D149D149D14A5149D14A5149D149D148E
:10AA30009D349D349D349D35953595358D358D5599
:10AA40008D558D558D559535953595559D34B594C8
:10AA5000D697CE36BDF5A5B59D717C67740274019D
:10AA600074016C025C2733AC0B0E032F032F030F12
:10AA7000030F032F0B0F0AEE12CC12691A481A4863
:10AA80001A471A471A471A471A481A481A281A47DB
:10AA90001A471A471A471A471A471A471A471A47AE
:10AAA0001A471A471A471A471A471A471A471A479E
:10AAB0001A471A471A471A471A471A471A471A478E
:10AAC0001A471A471A471A471A471A471A471A477E
:10AAD0001A471A471A471A471A471A471A471A476E
:10AAE0001A471A471A471A471A471A471A471A475E
:10AAF0001A471A471A471A471A471A471A471A474E
:10AB00001A471A471A471A471A471A471A471A473D
:10AB10001A471A471A271A271A471A271A471A488C
:10AB20001A481A471A471A471A471A471A471A471C
:10AB30001A471A271A271A471A471A471A471A474D
:10AB400064B464B464D464D46CD46CB46CD46CD485
:10AB50006CD46CD46CF474F474F474F474F474F40D
:10AB60007CF47CF47CF47CF47CF47CF47CF47CF465
:10AB70007CF47CF47CF47CF47CF47CF47CF47CF455
:10AB80007CF47CF47CF47CF485158515851585159D
:10AB900084F48CF48D148CF48CF48CF48CF48CF49C
:10ABA0008CF48CF48CF48CF48CF48CF48CF48CF4A5
:10ABB0008CF48CF48CF48CF48CF48CF48CF48CF495
:10ABC0008CF48CF48CF48CF48D148CF48CF48D1443
:10ABD0008D148CF48D158D159515951594F494F4AC
:10ABE00094F494F494F48CF48CF48CF48D148D140B
:10ABF00095149514951494F494F494F494F494F4B2
:10AC000094F49514951495149514951494F494F45F
:10AC100094F494F494F494F494F48CF48CF48CF40C
:10AC20008CF48CF48CF48CF48CF494F494F494F40C
:10AC300094F494F494F494F494F494F494F494F4D4
:10AC400094F494F494F4951494F494F494F494F4A3
:10AC50009514951495149514951494F494F494F40F
:10AC600094F494F494F4951494F494F494F4951462
:10AC700095149514951494F494F494F494F49CF429
:10AC80009CF49CF49CF49CF49CF49CD49CD49CD4A4
:10AC90009CD49CD49CF49CF49CF49CF49D149D1432
:10ACA000A514A514A514A514A514A5149D149D14EC
:10ACB0009D349D349D349D34953595359535955508
:10ACC00095559555955595559555955595359D346D
:10ACD000A574B5B4B5D4ADB59D718CC895058CE49B
:10ACE00074216C025C2733AC0B0E030F032F030F90
:10ACF000032F030F0B0F0B0E0AAB12691A481A48E9
:10AD00001A471A471A471A481A271A481A481A4857
:10AD10001A471A471A471A271A271A471A471A476B
:10AD20001A471A471A471A471A471A471A471A471B
:10AD30001A471A471A471A471A471A471A471A470B
:10AD40001A471A471A471A471A471A471A471A47FB
:10AD50001A471A471A471A471A471A471A471A47EB
:10AD60001A471A471A471A471A471A471A471A47DB
:10AD70001A471A471A471A471A471A471A471A47CB
:10AD80001A471A471A471A471A471A471A471A47BB
:10AD90001A471A271A271A271A471A271A271A474B
:10ADA0001A271A271A471A471A471A471A471A47DB
:10ADB0001A471A471A471A471A271A271A471A47CB
:10ADC00064B464B464D46CD46CD46CD46CD46CD4DB
:10ADD0006CD46CD46CF474F474F474F474F474F48B
:10ADE0007CF47CF47CF47CF47CF47CF47CF47CF4E3
:10ADF0007CF47CF47CF47CF47CF47CF47CF47CF4D3
:10AE00007CF47CF47CF47CF485158515851585151A
:10AE1000851484F48D148D148CF48CF48CF48CF4DF
:10AE20008CF48CF48CF48CF48CF48CF48CF48CF422
:10AE30008CF48CF48CF48CF48CF48CF48CF48CF412
:10AE40008CF48CF48CF48CF48CF48CF48CF48D14E1
:10AE500095158D158D158D159515951594F494F4FE
:10AE600094F494F494F48CF58CF48CF48D148D1487
:10AE70008CF48CF494F494F494F494F494F494F4A2
:10AE800094F4951495149514951494F494F494F4FE
:10AE900094F494F494F494F494F48CF48CF48CF48A
:10AEA0008CF48CF48CF48CF48CF48CF494F494F492
:10AEB00094F494F494F494F494F494F494F4951431
:10AEC000951495149514951494F494F494F494F4BE
:10AED00094F49514951494F494F494F494F494F4F0
:10AEE00094F494F494F494F494F494F494F4951401
:10AEF00095149514951494F494F494F494F49CF4A7
:10AF00009CF49CF49CF49CF49CD49CD49CD49CB362
:10AF10009CB39CD49CF49CF49CF49CF4A4F49D14E9
:10AF20009D14A514A514A514A514A5149D149D1471
:10AF30009D349D359D35953595359555955595554A
:10AF400095559555955595559555955595559555B1
:10AF50009D75ADB5ADB5A5B59D718CC795058CA298
:10AF60007C4174225C2733CD0B0E0B0F030F030FB4
:10AF7000030F032F0B0E0AED0AAB1A691A481A4881
:10AF80001A471A471A481A271A271A271A481A4816
:10AF90001A471A471A271A271A271A271A481A4728
:10AFA0001A471A471A471A471A471A471A471A4799
:10AFB0001A471A471A471A471A471A471A471A4789
:10AFC0001A471A471A471A471A471A471A471A4779
:10AFD0001A471A471A471A471A471A471A471A4769
:10AFE0001A471A471A471A471A471A471A471A4759
:10AFF0001A471A471A471A471A471A471A471A4749
:10B000001A471A471A471A471A471A471A481A4737
:10B010001A471A471A471A271A471A471A471A4748
:10B020001A471A471A481A471A471A471A471A4717
:10B030001A471A471A471A471A271A271A471A4748
:10B0400064B464B464D46CD46CD46CD46CD46CD458
:10B050006CD46CD46CF474F474F474F474F474F408
:10B0600074F47CF47CF47CF47CF47CF47CF47CF468
:10B070007CF47CF47CF47CF47CF47CF47CF47CF450
:10B080007CF47CF47CF47CF4851585158515851598
:10B09000851485148D148D148CF48CF48CF48CF43C
:10B0A0008CF48D148CF48CF48CF48CF48CF48CF47F
:10B0B0008D148CF48CF48CF48CF48CF48CF48CF46F
:10B0C0008CF48CF48CF48CF48CF48CF48CF48D155E
:10B0D0008D158D148D148D148D1495148CF494F499
:10B0E00094F48CF48CF48CF58CF58CF48D148D1414
:10B0F0009514951494F494F494F494F494F494F4CE
:10B1000094F4951495149514951494F494F494F47B
:10B1100094F494F494F494F494F48CF48CF48CF407
:10B120008CF48CF48CF48CF48CF48CF48CF494F417
:10B1300094F494F494F494F494F494F494F494F4CF
:10B1400094F49514951494F494F494F494F494F47D
:10B1500094F4951494F4951494F494F494F494F46D
:10B1600094F494F494F494F494F494F494F495147E
:10B1700095149514951495149514951494F49CF4C1
:10B180009CF49CF49CF49CD49CD49CD49CD49CD4DF
:10B190009CD49CD49CF49CF49CF4A4F4A4F49D143E
:10B1A0009CF49D14A514A514A5149D149D149D1420
:10B1B0009D359D359D3595359535955595559555C7
:10B1C000955595359535955595559555955595556F
:10B1D0009D759D959D759D559D718CE895048CC2BE
:10B1E0008CC27442642733CD0B2E030F030F030F61
:10B1F000032F030E0B0E12ED126A1A491A481A4851
:10B200001A471A471A471A271A271A271A271A47B6
:10B210001A471A471A2712071A071A481A271A47ED
:10B220001A471A471A471A471A471A471A471A4716
:10B230001A471A471A471A471A471A471A471A4706
:10B240001A471A471A471A471A471A471A471A47F6
:10B250001A471A471A471A471A471A471A471A47E6
:10B260001A471A471A471A471A471A471A471A47D6
:10B270001A471A471A471A471A471A471A471A47C6
:10B280001A471A471A471A471A471A471A471A47B6
:10B290001A471A471A471A471A471A471A471A47A6
:10B2A0001A471A471A471A471A471A471A471A4796
:10B2B0001A471A471A471A471A471A481A271A47A5
:10B2C00064B464B464B46CD46CD46CD46CD46CD4F6
:10B2D0006CD46CD46CD46CF474F474F474F474F4AE
:10B2E00074F47CF47CF47CF47CF47CF47CF47CF4E6
:10B2F0007CF47CF47CF47CF47CF47CF47CF47CF4CE
:10B300007CF47CF47CF47CF47D148515851585141F
:10B31000851585148D148D148D148CF48CF48CF497
:10B320008CF48CF48CF48CF48CF48CF48CF48CF41D
:10B330008D148CF48CF48CF494F494F48CF48CF4DC
:10B340008CF48CF48CF48CF48CF48CF48CF49515D3
:10B3500095159514951495148CF48CF48CF48CF448
:10B36000951495148D148CF58CF58CF48D148D1426
:10B370009514951494F494F494F494F494F494F44B
:10B3800094F49514951495149514951494F494F4D8
:10B3900094F494F494F494F48CF48CF48CF48CF48D
:10B3A0008CF48CF48CF48CF48CF48CF48CF48CF49D
:10B3B00094F494F494F494F4951494F494F495140B
:10B3C00094F494F494F494F494F494F494F494F43D
:10B3D00094F494F494F494F494F494F494F494F42D
:10B3E00094F494F494F494F494F494F495149514DB
:10B3F000951495149514951494F494F494F49CF481
:10B4000094D494D494D494B39CD49CB49CD49CD41D
:10B410009CD49CD49CF49CF49CF49CF49CF49CF4EC
:10B420009CF4A4F4A514A514A5149D149D149D14B6
:10B430009D359D359D359535953595559555955544
:10B4400095559535955595359555955595559555EC
:10B4500095759575955595559D72950994E494E269
:10B4600094E274625C2633ED0B0E030E032F032F60
:10B47000032F0B0E02AC12AB126A1A481A481A4775
:10B480001A471A471A471A271A271A271A271A2754
:10B490001A471A471A471A0712071A281A281A476A
:10B4A0001A471A471A471A471A471A471A471A4794
:10B4B0001A471A471A471A471A471A471A471A4784
:10B4C0001A471A471A471A471A471A471A471A4774
:10B4D0001A471A471A471A471A471A471A471A4863
:10B4E0001A481A481A481A481A481A481A481A474D
:10B4F0001A471A471A471A471A471A471A471A4744
:10B500001A471A471A471A471A471A471A471A4733
:10B510001A471A471A471A471A471A471A471A4723
:10B520001A471A471A471A471A471A471A471A4713
:10B530001A471A471A471A481A481A481A271A2740
:10B5400064B464B464B464B46CD46CB46CB46CD4DB
:10B550006CD46CD46CD46CF46CF474F474F474F433
:10B5600074F47CF47CF47CF47CF47CF47CF47CF463
:10B570007CF47CF47CF47CF47CF47CF47CF47CF44B
:10B580007CF47CF47CF47CF47CF47CF484F484F42B
:10B5900084F4851485148D148D148D148CF48CF41E
:10B5A0008CF48CF48CF48CF48CF48CF48CF48CF49B
:10B5B0008CF48CF48CF494F494F494F494F4951442
:10B5C00095149514951494F494F494F494F494F4D8
:10B5D00094F494F594F495148CF48CF48CF4951400
:10B5E000951495158D148D148D148D1495158D1439
:10B5F0009514951495149514951495149514951403
:10B6000095149514951495149514951495149514F2
:10B610009514951495149514951495158D158D15EF
:10B620008D158CF48CF48CF48CF48CF48CF48CF4F8
:10B6300094F494F494F494F494F494F494F494F4CA
:10B6400094F494F494F494F494F494F494F494F4BA
:10B6500094F494F494F49514951494F494F494F468
:10B6600094F494F494F495149514951495149514F5
:10B6700095149514951495149514951494F49CF4BC
:10B680009CF49CD49CD494B394B39CB39CB49CD4AD
:10B690009CD49CD49CF49CF49CF49CF49CF49CF46A
:10B6A0009CF49CF4A4F4A514A5149D149D149D145D
:10B6B0009D349D359D3595359535955595559555C3
:10B6C0009555955595559555955695569556955626
:10B6D00095569555957595569D72952B94E59502C1
:10B6E00094E284A364463BEC0B0D0B0E032F032F57
:10B6F000030F0B2E0ACC0A6A12491A481A481A4834
:10B700001A471A471A481A481A281A271A271A27AE
:10B710001A271A471A471A271A071A071A281A48FF
:10B720001A471A471A471A471A471A471A471A4711
:10B730001A471A471A471A471A471A471A471A4701
:10B740001A471A471A471A471A471A471A471A47F1
:10B750001A471A471A471A471A471A471A481A48DF
:10B760001A481A481A481A481A481A481A481A48C9
:10B770001A471A471A471A471A471A471A471A47C1
:10B780001A471A471A471A471A471A471A471A47B1
:10B790001A471A471A471A471A471A471A471A47A1
:10B7A0001A471A471A471A471A471A471A471A4791
:10B7B0001A471A471A481A481A481A481A281A07DC
:10B7C00064B464B464B464B46CD46CD46CD46CD419
:10B7D0006CD46CD46CD46CF46CF474F474F474F4B1
:10B7E00074F474F47CF47CF47CF47CF47CF47CF4E9
:10B7F0007CF47CF47CF47CF47CF47CF47CF47CF4C9
:10B800007CF47CF47CF47CF47CF47CF57CF47CF4B7
:10B8100084F4851485158D158D148D148CF48D1478
:10B820008CF48CF48CF48CF48CF48CF48CF48D14F7
:10B830008CF48CF48CF494F494F494F494F49514BF
:10B8400095149514951494F494F494F494F494F455
:10B8500094F494F5951595149514951495149514E0
:10B860008D148D148D148D148D148D148D148CF4F1
:10B870008CF49514951495149514951495149514A9
:10B880009514951495149514951495149514951470
:10B890009514951495149514951495158D158D156D
:10B8A0008D158CF48CF48CF48CF48CF48CF48CF476
:10B8B00094F494F494F494F494F494F494F494F448
:10B8C00094F494F494F494F494F494F494F494F438
:10B8D00094F494F49514951495149514951494F483
:10B8E00094F494F494F49514951595159514951471
:10B8F00095149514951495149514951494F49CF43A
:10B900009CF49CD494B394B39CB39CB49CB49CB46A
:10B910009CD49CD49CF49CF49CF49CF49CF49CF4E7
:10B920009CF49CF4A4F4A514A5149D149D149D14DA
:10B930009D349D359D359535953595559555955540
:10B940009555955595558D559556955695569556AB
:10B9500095559D55A57695559D729D4C94E59502FE
:10B9600095028D0464263BEC0B0D0B0E030F030FA9
:10B970000B2F0B2F0B0D0A8B12491A481A481A4825
:10B980001A471A471A481A481A281A481A271A270B
:10B990001A271A471A471A271A281A281A281A275C
:10B9A0001A471A471A471A471A471A471A471A478F
:10B9B0001A471A471A471A471A471A471A471A477F
:10B9C0001A471A471A471A471A471A471A471A476F
:10B9D0001A471A471A471A471A471A471A481A485D
:10B9E0001A481A481A481A481A481A481A481A4847
:10B9F0001A471A471A471A471A471A471A471A473F
:10BA00001A471A471A471A471A471A471A471A472E
:10BA10001A471A471A471A471A471A471A471A471E
:10BA20001A471A471A471A471A471A471A471A470E
:10BA30001A471A471A481A481A481A481A481A0739
:10BA400064B464B464B464B46CD46CD46CD46CD496
:10BA50006CD46CD46CD46CD46CF474F474F474F44E
:10BA600074F474F47CF47CF47CF47CF47CF47CF466
:10BA70007CF47CF47CF47CF47CF47CF47CF47CF446
:10BA80007CF47CF47CF47CF47CF47CF47CF47CF436
:10BA90007CF484F484F48D158D158D158D148CF43F
:10BAA0008CF48CF48CF48CF48CF48CF48CF48D1475
:10BAB0008D148CF48CF49514951495149514951498
:10BAC00095149514951494F494F494F494F494F4D3
:10BAD00094F494F494F495149514951495148D1489
:10BAE0008D148D148D148D148D148D148D148D144E
:10BAF0008D148CF48CF48CF494F494F494F49514E4
:10BB000095149514951495149514951495149514ED
:10BB100095149514951494F494F595158D158D152B
:10BB20008D158D148D148D148D148CF4951495141D
:10BB300094F494F494F494F494F494F494F49514A4
:10BB400094F48CF48CF494F494F494F494F494F4C5
:10BB500094F494F494F49514951495149514951400
:10BB60009514951494F495149515951595149514AC
:10BB70008D148D14951495149514951494F49CF4C7
:10BB80009CF49CF494B394B39CB39CB39CB49CB4C9
:10BB90009CB49CD49CF49CF49CF49CF49CF49CF485
:10BBA0009CF49CF4A4F4A514A5149D149D149D1458
:10BBB0009D349D349D3495359555955595559555A0
:10BBC00095558D558D558D558D558D568D55955554
:10BBD0009555ADB5BDF6A5959D729D6C95069502E2
:10BBE00095018CE364253BCC0B2E0B2F032F032FE9
:10BBF000032F030F0B0E12ED128A1A681A481A4708
:10BC00001A471A471A471A481A481A271A271A278A
:10BC10001A271A471A481A481A481A281A271A2798
:10BC20001A471A471A471A471A471A471A471A470C
:10BC30001A471A471A471A471A471A471A471A47FC
:10BC40001A471A471A471A471A471A471A471A47EC
:10BC50001A471A471A471A471A471A471A471A48DB
:10BC60001A481A481A481A481A481A481A481A47C5
:10BC70001A471A471A471A471A471A471A471A47BC
:10BC80001A471A471A471A471A471A471A471A47AC
:10BC90001A471A471A471A471A471A471A471A479C
:10BCA0001A471A471A471A471A471A471A471A478C
:10BCB0001A471A471A481A481A481A281A271A07F8
:10BCC00064B464B464D464D46CD46CD46CD46CD4D4
:10BCD0006CD46CD46CD46CD46CF46CF474F474F4D4
:10BCE00074F474F474F474F47CF47CF47CF47CF4F4
:10BCF0007CF47CF47CF47CF47CF47CF47CF47CF4C4
:10BD00007CF47CF47CF47CF47CF47CF47CF47CF4B3
:10BD10007CF484F484F484F484F484F484F48CF463
:10BD20008CF48CF48CF48CF48CF48D148CF48D14D1
:10BD30008D148CF48CF49514951495149514951415
:10BD400095149514951494F494F494F494F495142F
:10BD50009514951495149514951495148D148D14AB
:10BD60008D148D148D148D148D148D148D148D14CB
:10BD70008D148CF48CF48CF48CF48CF49514951450
:10BD8000951495149514951495149514951495146B
:10BD90009514951495149515951595158D158D1566
:10BDA0008D148D148D148D148D148D14951495147B
:10BDB00094F494F494F494F494F494F494F4951422
:10BDC00095148CF48CF4951494F494F494F494F401
:10BDD00094F494F494F494F495149514951495149F
:10BDE000951495149514951495149514951495140B
:10BDF00095148D14951495149514951495149D14FB
:10BE00009CF49CF494B394B39CB49CB49CB49CB444
:10BE10009CB49CD49CD49CD49CF49CF49CF49CF442
:10BE20009CF49CF4A4F4A5149D14A5149D149D14D5
:10BE30009D149D349D359D35955595559555955534
:10BE400095558D558D558D558D558D558D559555D2
:10BE5000A575C636BDF6A59595729D6D95069D2274
:10BE60009D21950374A73BCC130E0B2F030F032FBB
:10BE7000032F030F0B0F130E0A8B12481A471A4792
:10BE80001A471A471A471A481A481A271A271A2708
:10BE90001A271A271A47224822481A281A281A2726
:10BEA0001A271A481A481A471A471A471A471A47A8
:10BEB0001A471A471A471A471A471A471A471A477A
:10BEC0001A471A471A471A471A471A471A471A476A
:10BED0001A471A471A471A471A471A471A471A475A
:10BEE0001A471A471A471A471A471A471A471A474A
:10BEF0001A471A471A471A471A471A471A471A473A
:10BF00001A471A471A471A471A471A471A471A4729
:10BF10001A471A481A481A481A481A481A481A4812
:10BF20001A481A471A471A471A471A471A471A4708
:10BF30001A471A471A481A481A481A271A2719E797
:10BF400064B464B464B464D464B464B46CD46CD4C1
:10BF50006CD46CD46CD46CD46CD46CD46CD474F4B9
:10BF600074F474F474F474F474F474F47CF47CF481
:10BF70007CF47CF47CF47CF47CF47CF47CF47CF441
:10BF80007CF47CF47CF47CF47CF47CF47CF47CF431
:10BF90007CF484F484F484F484F484F484F484F4E9
:10BFA0008CF48CF58CF48CF48CF48D148CF48D144E
:10BFB0008D148CF49515951594F495149514951489
:10BFC0009514951495149514951495149514951429
:10BFD0009514951495149514951495148D148D1429
:10BFE0008D148D148D148D148D148D148D148D1449
:10BFF0008D148CF48D149514951495149514951432
:10C00000951495149514951495148CF48CF48CF463
:10C010008CF495149515951595158D148D148D1416
:10C020008D148D148D148D148CF48CF48CF48CF48C
:10C0300094F48CF495149514951494F494F494F465
:10C04000951495149514951494F494F494F494F42C
:10C0500094F494F494F494F495149514951495141C
:10C06000951494F4951495149514951495149514A9
:10C0700095148D1495149514951494F49D149D1491
:10C080009CF49CF49CD494D394B39CD49CB49CB462
:10C090009CB49CB39CD39CD49CD49CD49CF49CF422
:10C0A000A4F4A514A514A5149D14A514A5349D14D9
:10C0B0009D149D349D359D359D55955595559555AA
:10C0C00095568D568D568D568D568D7695559D541B
:10C0D000BE16C636BE159D7595529D6D8D069D2268
:10C0E0009D21950385083BCC130E0B0E032F030FE8
:10C0F000032F032F0B2F130E0A8B12481A471A47D0
:10C100001A481A471A481A481A281A281A271A27A2
:10C110001A271A271A271A471A271A481A281A28D4
:10C120001A481A481A481A481A471A471A471A4703
:10C130001A471A471A471A471A471A471A471A47F7
:10C140001A471A471A471A471A471A471A471A47E7
:10C150001A471A471A471A471A471A471A471A47D7
:10C160001A471A471A471A471A471A471A471A47C7
:10C170001A471A471A471A471A471A471A471A47B7
:10C180001A471A471A471A471A471A471A471A47A7
:10C190001A481A481A481A481A481A481A481A488F
:10C1A0001A481A481A471A471A471A471A471A4785
:10C1B0001A471A471A471A481A481A071A071A0735
:10C1C00064B464B464B464B464B464B46CD46CD45F
:10C1D0006CD46CD46CD46CD46CD46CD46CD46CD45F
:10C1E00074F474F474F474F474F474F474F474F40F
:10C1F00074F474F474F474F474F474D474F474F41F
:10C2000074F474F474F47CF47CD47CD47CD47CF426
:10C210007CF47CF484F484F484F484D484F484F48E
:10C220008CF48CF48CF48CF48CF48D148D148D14AB
:10C230008D148CF4951595159515951495149514E4
:10C2400095149514951495149514951495149514A6
:10C2500095149514951495149514951595158D149C
:10C260008D148D1495158D158D158D158D148D14BA
:10C270008D148D1495159515951595159515951580
:10C2800095158D158D158D158D158CF48CF48CF4FC
:10C290008CF48D158D158D158D158D148D148D14B3
:10C2A0008D148D148D148D148CF48D148CF48CF4E9
:10C2B0009514951495149514951494F494F494F499
:10C2C00094F4951495149514951494F494F494F4AA
:10C2D00094F494F494F494F4951595159514951498
:10C2E0009514951495149514951495149514951406
:10C2F0009514951495149514951494F49CF49D1428
:10C300009CF49CF49CF49CF49CF49CF49CF49CD4CD
:10C310009CD49CD39CD39CD39CD49CD39CD49CD4A1
:10C32000A4F4A514A514A5149D149D14A514A53456
:10C330009D149D359D359D359D3595559555955546
:10C3400095568D568D568D568D768D7695559D5478
:10C35000C636CE56BDF49D5495529D6D95079D22CF
:10C360009D2195237CE8442D132E0B0F032F032FC3
:10C37000032F032F0B0F0B0E12CC12491A481A472A
:10C380001A471A481A481A271A281A271A281A4820
:10C390001A271A271A271A271A271A071A281A4893
:10C3A0001A481A481A481A481A471A471A471A4781
:10C3B0001A471A471A471A471A471A471A471A4775
:10C3C0001A471A471A471A471A471A471A471A4765
:10C3D0001A471A471A471A471A471A471A471A4755
:10C3E0001A471A471A471A471A471A471A471A4745
:10C3F0001A471A471A471A471A471A471A471A4735
:10C400001A471A471A471A471A471A471A471A4724
:10C410001A481A481A481A481A481A481A481A480C
:10C420001A481A481A471A471A471A471A471A4702
:10C430001A471A471A471A471A481A281A281A2751
:10C4400064B464B464B464D464D464B46CD46CD49C
:10C450006CD46CD46CD46CD46CD46CD46CD46CF4BC
:10C4600074F474F474F474F474F474F474F474F48C
:10C4700074F474F474F474F474D474D474D474F4DC
:10C4800074F474F474F474F47CF47CF474D47CF474
:10C490007CF47CD47CF47CF484F484F484F584F41B
:10C4A00084F48CF48CF48CF48CF48D148D148D1431
:10C4B0008D148CF48D15951495149514951495146C
:10C4C0009514951495149514951495149514951424
:10C4D00095149514951495148D148D148D148D1434
:10C4E0008D148D148D148D148D148CF48CF48CF4A7
:10C4F0008CF48CF48D148CF48CF48CF48D159515CF
:10C500008D158D158D158D158D158D148D148D141E
:10C510008D148D158D158D158D158D148D148D140F
:10C520008D148D148D148D148D148CF48CF48CF466
:10C5300095149514951494F494F4951495149514F5
:10C540009514951495149514951495148CF494F4ED
:10C5500094F494F494F495149515951595149514F4
:10C560009514951495149514951495149514951483
:10C57000951495149514951494F494F49CF49D14C6
:10C580009CF49CF49CF49CF49CF49CF49CF49CF42B
:10C590009CF49CF49CD39CD39CD39CD39CD49CD4DF
:10C5A0009CF4A4F4A514A514A5149D149D149D3405
:10C5B0009D349D359D559D359D5595559555955564
:10C5C000955595558D558D568D568D769555AD94C1
:10C5D000CE36D635C5F5A57495529D6D95079D222D
:10C5E0009D2195237CC74C4E130E0B0F030F032F79
:10C5F000032F032F0B2F0B0E12ED12691A481A4747
:10C600001A471A481A481A271A271A271A271A27C0
:10C610001A271A471A481A481A481A271A071A488E
:10C620001A481A481A481A471A471A471A471A47FF
:10C630001A471A471A471A471A471A471A471A47F2
:10C640001A471A471A471A471A471A471A471A47E2
:10C650001A471A471A471A471A471A471A471A47D2
:10C660001A471A471A471A471A471A471A471A47C2
:10C670001A471A471A471A471A471A471A471A47B2
:10C680001A471A471A471A471A481A471A471A47A1
:10C690001A471A481A481A481A281A271A281A48EC
:10C6A0001A481A471A471A471A471A471A471A4781
:10C6B0001A471A471A471A271A271A281A281A2710
:10C6C00064B464B464B464B464D464B46CD46CD43A
:10C6D0006CD46CD46CD46CD46CD46CD46CD46CF43A
:10C6E00074F474F474F474F474F474F474F474F40A
:10C6F00074F474F474F474F474D474D474D474D47A
:10C7000074D474F474F474D474F474D474F47CF441
:10C710007CF47CD47CD47CD47CD47CD484D484D469
:10C7200084F484F48CF48D148CF48CF48CF48D14D7
:10C730008D148CF48CF48CF48CF48CF48CF48CF4D8
:10C7400094F494F494F49514951495149514951404
:10C750008D148D148CF48CF48CF48CF48CF48CF497
:10C760008CF48CF48CF48CF48CF48CF48CF48CF4C9
:10C770008CF48CF48CF48CF48CF48CF48CF48CF4B9
:10C780008CF48D148D148D148D148D148D148D14C2
:10C790008D148CF48CF48CF48CF4951495149514FD
:10C7A000951495148D149514951495149514951449
:10C7B0009514951494F494F494F495149514951494
:10C7C00095149514951495148D148D148CF48CF483
:10C7D0008CF48CF48CF49514951494F494F49514CE
:10C7E0009514951495149514951495149514951401
:10C7F0009514951494F494F494F49CF49CF49D147E
:10C800009CF49CF49CF49CF49CF49CF49CF49CF4A8
:10C810009CF49CD49CD39CD39CD39CD49CD49CD47B
:10C820009CD49CF4A4F4A514A514A514A534A53493
:10C83000A5359D349D559D559D559D5595559555B1
:10C84000955595558D558D568D568D759554A532AA
:10C85000C5D3DE35C5B3A57495529D6D95079D2250
:10C860009D219D238D285C8F1B0D0B0E030F032F25
:10C870000B2F0B2F0B2F0B2F12ED12691A481A4892
:10C880001A471A481A281A271A271A281A071A079D
:10C890001A271A481A481A481A481A4812071A0733
:10C8A0001A271A271A481A471A471A471A471A47BF
:10C8B0001A471A471A471A471A471A471A471A4770
:10C8C0001A471A471A471A471A471A471A471A4760
:10C8D0001A471A471A471A471A471A471A471A4750
:10C8E0001A471A471A471A471A471A471A471A4740
:10C8F0001A471A471A471A471A471A471A471A4730
:10C900001A471A471A471A471A471A481A481A481C
:10C910001A481A481A481A481A281A071A481A4868
:10C920001A481A471A471A471A471A471A471A47FE
:10C930001A471A471A471A471A281A481A481A282B
:10C9400064B464B464B464B464D46CD46CD46CD48F
:10C9500064B46CB46CB46CD46CD46CD46CD46CD43F
:10C960006CF46CF46CD474F474F474F474F474F4BF
:10C9700074F474F474F474F474D474D474D474D4F7
:10C9800074D474D474F474D474D474D474F474F407
:10C9900074F47CD47CD47CD47CD47CD47CD484F4D7
:10C9A00084F484F484F48CF48CF48CF48CF48D147E
:10C9B0008D148D148CF48CF48CF48CF48CF48CF435
:10C9C00094F494F494F49514951495149514951482
:10C9D0008D148D148D148CF48CF48CF48CF48CF4F4
:10C9E0008CF48CF48CF48CF48CF48CF48CF48CF447
:10C9F0008CF48CF48CF48CF48CF48CF48CF48CF437
:10CA00008CF48D148D148D148D148D148D148D143F
:10CA10008D148CF48CF48CF48CF49514951495147A
:10CA2000951495148CF4951495149514951494F408
:10CA300094F494F494F494F494F495149514951453
:10CA400095149514951495148D148D148D148CF4DF
:10CA50008CF48CF48CF49514951495149514951409
:10CA6000951495149514951495149514951495147E
:10CA70009514951494F494F494F49CF49CF49D14FB
:10CA80009CF49CF49CF49CF49CF49CF49CF49CF426
:10CA90009CF49CD49CD39CD39CD49CD49CD49CD4F8
:10CAA0009CD49CD49CF4A514A514A514A534A53439
:10CAB000A5349D34A535A5559D559D559D55955538
:10CAC000955595568D568D568D559554B5D5D6554B
:10CAD000E675EE55CDB3AD7495529D6D95079D22CB
:10CAE000A521A5649D698DB31B0D0B0E030F0B2FA4
:10CAF0000B2F0B300B2F0B2F130D128A12481A48D5
:10CB00001A471A481A481A071A071A0722281A0732
:10CB10001A271A271A281A281A281A481A2711E732
:10CB20001A271A281A481A481A471A471A471A473A
:10CB30001A471A471A471A471A471A471A471A47ED
:10CB40001A471A471A471A471A471A471A471A47DD
:10CB50001A471A471A471A471A471A471A471A47CD
:10CB60001A471A471A471A471A471A471A471A47BD
:10CB70001A471A471A471A471A471A471A471A47AD
:10CB80001A471A471A471A471A481A481A481A4899
:10CB90001A481A281A281A481A2819E71A271A2888
:10CBA0001A481A481A471A471A471A471A471A477B
:10CBB0001A471A471A471A471A471A481A481A476B
:10CBC00064B464B464B464B464D46CD46CD46CD40D
:10CBD0006CD46CB46CB46CD46CD46CD46CD46CD495
:10CBE0006CD46CD46CD474F46CD46CF46CF46CF4BD
:10CBF00074F474D474D474F474F474D474D474D495
:10CC000074D474D474D474D474D474F474D474D4C4
:10CC100074F474D474D47CD47CD47CD47CD47CD48C
:10CC20007CD484F484F484F48CF48CF48CF48CF44C
:10CC30008CF48CF48CF48CF48CF48CF48CF48CF4F4
:10CC400094F494F494F495149514951495149514FF
:10CC50008D148D148D148CF48CF48CF48CF48CF471
:10CC60008CF48CF48CF48CF48CF48D148CF48CF4A3
:10CC70008CF48CF48CF48CF48CF48CF48CF48CF4B4
:10CC80008CF48D148D148D148D148D148D148D14BD
:10CC90008D148D1595159515951495149514951459
:10CCA000951495148CF49514951595159515951561
:10CCB000951594F494F494F494F4951495149514AF
:10CCC00095149514951495148D148D148D148D143C
:10CCD0008D148D159515951495149514951495141A
:10CCE00095149514951495149514951495148D1404
:10CCF00095149514951494F494F49CF49D149D1437
:10CD00009CF49CF49CF49CF49CF49CF49CF49CF4A3
:10CD10009CF49CD49CD49CD39CD49CD49CD49CD474
:10CD20009CD49CD49CF4A4F4A514A514A534A534D7
:10CD3000A535A534A535A5559D559D559D559555AC
:10CD4000955595568D568D568D559D54D698E6968B
:10CD5000EE75EE54CDB3AD749D529D4D9527A54310
:10CD6000AD62AD63ADEA95D3230D0B0E030F032F18
:10CD70000B2F0B2F0B2F0B0F130E128A12481A4872
:10CD80001A471A481A281A0719E719E71A282228F1
:10CD90001A071A071A071A481A281A281A481A28A6
:10CDA0001A481A481A271A481A471A471A471A4798
:10CDB0001A471A471A471A471A471A471A471A476B
:10CDC0001A471A471A471A471A471A471A471A475B
:10CDD0001A471A471A471A471A471A471A471A474B
:10CDE0001A471A471A471A471A471A471A471A473B
:10CDF0001A471A471A471A471A471A471A471A472B
:10CE00001A471A471A471A471A481A481A481A4816
:10CE10001A481A281A071A48222819E71A071A283E
:10CE20001A481A481A471A471A471A471A471A47F8
:10CE30001A471A471A471A471A471A471A471A47EA
:10CE400064B464B464B464B464D46CD46CD46CD48A
:10CE50006CD46CD46CD46CD46CD46CD46CD46CD4D2
:10CE60006CD46CD46CD46CD46CD46CD46CD46CF3A3
:10CE70006CD374D474D474F474F474F474D474D41B
:10CE800074D474D474D474D474D474D474F474F422
:10CE900074F474F474F474D47CD47CD47CD47CD4D2
:10CEA0007CD47CF484F484F484F48CF48CF48CF4DA
:10CEB0008CF48D148CF48D148D148D148CF48CF4EE
:10CEC00094F494F494F4951495149514951495147D
:10CED0008D148D148D148CF48CF48CF48CF48CF4EF
:10CEE0008CF48CF48CF48CF48CF48CF48CF48CF442
:10CEF0008CF48CF48CF48CF48CF48CF48CF48CF432
:10CF00008CF48D148D148D148D148D148D148D143A
:10CF10008D148D158D1595159514951495149514DE
:10CF200095148CF48CF4951495148CF48CF494F47E
:10CF300094F494F494F494F495149514951495142D
:10CF40009514951495148D148D148D148D148D15C0
:10CF50008D158D158D15951495149514951495149E
:10CF60009514951495149514951495148D148D1489
:10CF70008D149514951494F494F494F49D149CF4E5
:10CF80009CF49CF49CF49CF49CF49CF49CF49CF421
:10CF90009CF49CD494D49CD49CB49CB49CD49CD439
:10CFA0009CD49CF4A4F4A514A514A514A534A5340C
:10CFB000A554A535A5559D559D559D559D559D55EA
:10CFC0009556955695568D568D559555BE16DE96A9
:10CFD000EE75E613CDB3AD949D729D2CA568B5A4F6
:10CFE000B5C3AD84A5A995D3230D130E030F032F4D
:10CFF0000B2F0B2F0B2F0B2F130E128A12681A48B0
:10D000001A271A481A271A281A071A071A071A2855
:10D010001A271A071A271A271A481A271A271A2707
:10D020001A481A481A481A471A471A471A471A47F5
:10D030001A471A471A471A471A471A471A471A47E8
:10D040001A471A471A471A471A471A471A471A47D8
:10D050001A471A471A471A471A471A471A471A47C8
:10D060001A471A471A471A471A471A471A471A47B8
:10D070001A471A471A471A471A471A471A471A47A8
:10D080001A471A471A471A471A471A481A481A4895
:10D090001A481A481A071A271A281A0719E71A07E6
:10D0A0001A481A481A471A471A471A471A471A4776
:10D0B0001A471A471A471A471A471A471A471A4768
:10D0C00064B464B464B464B364D46CD464B464B459
:10D0D00064B464B46CD46CD46CB46CB46CB46CD400
:10D0E0006CD46CD46CD46CD46CD46CD46CF46CF301
:10D0F0006CF474D474F474F474F474F474F474F418
:10D1000074F474F474F474F474D474D474D474D45F
:10D1100074D474D474D474D474D474D47CD47CD4BF
:10D120007CD47CD47CF484F484F484F484F48CF48F
:10D130008CF48D148D148D148D148D148D148CF429
:10D1400094F494F494F495149514951495149514FA
:10D150009514951495148CF48CF48CF48CF48CF454
:10D160008CF48CF48CF48CF48CF48CF48CF48CF4BF
:10D170008D148CF48CF48CF48CF48CF48CF48CF48E
:10D180008CF48D148D148D148D148D148D148D14B8
:10D190008D148D1595158D1595158CF494F494F4C6
:10D1A0008CF48CF48CF48CF48CF48CF494F494F46F
:10D1B00094F494F494F494F48CF48CF48CF48CF44F
:10D1C0008CF48CF48CF48CF48CF48CF48D148D151C
:10D1D0008D158D158D15951495149514951495141C
:10D1E00095149514951495148D148D148D148D1417
:10D1F0008D148D149514951494F494F494F494F47B
:10D2000094F49CF49CF49CF49CF494F49CF49CF4AE
:10D210009CF494D494D494D494B49CD49CD49CF48E
:10D220009CD49CF4A4F4A514A534A534A534A53449
:10D23000A534A534A555A5559D759D559D559D763F
:10D240009D56957695568D568D5595559D54C5D4BC
:10D25000E675E675CDF4AD94A572A58CADA8B5C5FF
:10D26000B5C3B5C4ADCA8DD2230D0B0E0B2F0B2F3A
:10D270000B2F0B2F0B2F0B2F130E128A12681A482D
:10D280001A271A281A281A281A071A2819E719E734
:10D290001A281A281A281A271A271A271A271A2783
:10D2A0001A471A471A471A471A471A471A471A4776
:10D2B0001A471A471A471A471A471A471A471A4766
:10D2C0001A471A471A471A471A471A471A471A4756
:10D2D0001A471A471A471A471A471A471A471A4845
:10D2E0001A481A481A481A481A481A481A481A472F
:10D2F0001A471A471A471A471A471A471A471A4726
:10D300001A471A471A471A471A471A481A481A4812
:10D310001A481A481A271A271A271A2719E71A2704
:10D320001A481A481A471A471A471A471A471A47F3
:10D330001A471A471A471A471A471A471A471A47E5
:10D3400064B464B464B464B364D464B464B464B4FE
:10D3500064B464B46CB46CB46CB46CB46CB46CD4BD
:10D360006CD46CB46CB46CD46CD46CD46CF46CD4DD
:10D370006CD46CD46CD46CD46CD474D474D46CD49D
:10D3800074F474F474F474F474F46CD46CD46CD4D5
:10D390006CD474D474D474D474D474D474D474D455
:10D3A0007CD47CD47CF484F484F484F484F484F415
:10D3B00084F48CF48CF48D148D148D148D148CF4F1
:10D3C00094F494F494F49514951495149514951478
:10D3D00095149514951494F495148CF48CF48CF4A1
:10D3E0008CF48CF48CF48CF48CF48CF48CF48CF43D
:10D3F0008D148CF48CF48CF48CF48CF48CF48CF40C
:10D400008CF48D148D148CF48CF48CF48D158D1596
:10D410008D1595159515951595158CF494F494F432
:10D420008CF48CF48CF48CF48CF48CF494F494F4EC
:10D4300094F494F494F494F494F48CF48CF48CF4C4
:10D440008CF48CF48CF48CF48CF48CF48D158D1598
:10D450008D158D1595159514951495149514951491
:10D4600095149514951495149514951495148D147C
:10D470008D148D149514951494F495149514951495
:10D4800094F494F49CF494F494F49CF49CF49CF43C
:10D490009D159D159D159D149D149CF49CF49CF464
:10D4A0009CF49D14A514A514A534A534A534A53465
:10D4B000A5349D349D559D759D759D759D759D7675
:10D4C0009D769D7695769556955595559D55A55382
:10D4D000CE56DE76CE35A5749D72A58CADA8B5C5A9
:10D4E000B5C3B5A4ADEA95D2230D0AEE0B2F0B2FD1
:10D4F0000B2F0B2F0B2F0B0F130E128B12491A48E9
:10D500001A271A281A281A281A071A281A2819E76F
:10D510001A071A271A271A281A281A271A271A2721
:10D520001A471A271A471A471A471A471A471A4713
:10D530001A471A471A471A471A471A471A471A47E3
:10D540001A471A471A471A471A471A471A471A47D3
:10D550001A471A471A471A471A471A471A481A48C1
:10D560001A481A481A481A481A481A481A481A48AB
:10D570001A471A471A471A471A471A471A471A47A3
:10D580001A471A471A471A471A481A481A481A488F
:10D590001A481A481A281A071A281A271A271A275F
:10D5A0001A271A481A471A471A471A471A471A4792
:10D5B0001A471A471A471A471A471A471A471A4763
:10D5C00064B464B464B464B364D464B464B464B47C
:10D5D00064B464B46CB46CB46CD46CD46CD46CB4FB
:10D5E0006CB46CB46CB46CD46CD46CD46CD46CD49B
:10D5F0006CD46CF46CF46CD46CD474D474D46CD4DB
:10D6000074F474F474F474F474F46CF46CD46CD432
:10D610006CF46CD46CD474D474D474D474D474D4C2
:10D6200074D47CF47CF484F484F484F484F484F47A
:10D6300084F48CF48CF48D148D148D148D148CF46E
:10D640008CF48CF48CF4951495149514951495140D
:10D6500095149514951494F495148CF48CF48CF41E
:10D660008CF48CF48CF48CF48CF48CF48CF48CF4BA
:10D670008D148CF48CF48CF48CF48CF48CF48CF489
:10D680008CF48CF48CF48CF48CF48CF48CF48D1578
:10D69000951595159515951595148CF48CF48CF4B9
:10D6A0008CF48CF48CF48CF48CF48CF494F494F46A
:10D6B00094F494F494F494F494F48CF48CF48CF442
:10D6C0008CF48CF48CF48CF48CF48CF48D158D1516
:10D6D0008D158D159515951495149514951495140F
:10D6E00095149514951495149514951495148D14FA
:10D6F0008D148D149514951494F495149514951413
:10D7000094F494F494F494F494F494F49D149D1586
:10D710009D359D359D359D159D149D149D149D151C
:10D720009D159D14A514A534A514A534A534A534C0
:10D73000A534A534A555A5759D759D759D759D76DA
:10D740009D769D76957695769576957695759D756B
:10D75000B5F6BDD4CE569D5495119D2BAD87B5C55C
:10D76000B5C3B5C5ADEA95D322ED0B0E0B2F0B2F2C
:10D770000B2F0B2F0B2F0B0F12EE0A6A12481A48B1
:10D780001A271A281A281A281A071A071A281A27CD
:10D790001A071A271A271A281A281A271A271A279F
:10D7A0001A471A471A481A471A471A471A471A4770
:10D7B0001A471A471A471A471A471A471A471A4761
:10D7C0001A471A471A471A471A471A471A471A4751
:10D7D0001A471A471A471A471A471A471A481A483F
:10D7E0001A481A481A481A481A481A481A481A4829
:10D7F0001A471A471A471A471A471A471A471A4721
:10D800001A471A471A471A481A481A481A481A282B
:10D810001A281A481A271A071A281A481A481A489A
:10D820001A481A481A471A471A471A471A471A47EE
:10D830001A471A471A471A471A471A471A471A47E0
:10D8400064B464B464B364B364B464B464B464B41A
:10D8500064B464B46CD46CD46CD464D464D464B450
:10D860006CB46CB46CD46CD46CD46CD46CD46CD4F8
:10D870006CD46CF46CF46CF46CF46CD46CD46CF408
:10D8800074F474F474F474F46CF474F46CD46CD4B0
:10D890006CD46CD46CD46CD46CD46CD474D474D478
:10D8A00074D474D47CD47CF47CF484F484F484F450
:10D8B00084F48CF48CF48CF48CF48D148CF48CF44F
:10D8C0008CF4951495149514951495149514951439
:10D8D00095149514951495148D148D148CF48CF462
:10D8E0008CF48CF48CF48CF48CF48CF48CF48CF438
:10D8F0008D148CF48CF48CF48CF48CF48CF48CF407
:10D900008CF48CF48CF48D148CF48CF48D148D14B4
:10D910008D14951595158D148D148CF48CF48CF450
:10D920008CF48CF48CF48CF48CF48CF494F494F4E7
:10D9300094F494F494F494F48CF48CF48CF48CF4C7
:10D940008CF48CF48CF48CF48CF48CF48D148D1495
:10D950008D148D149514951495149514951495148F
:10D9600095149514951495149514951495148D1477
:10D970008D148D149514951494F495149514951490
:10D9800094F494F494F494F494F494F49D359D35C3
:10D990009D359D359D359D359D149D149D149D355A
:10D9A0009D359D149D149D14A514A514A514A5348E
:10D9B000A534A554A575A5759D759D759D759D7519
:10D9C0009D76957595759D769D76957695969575CA
:10D9D0009D74A574ADB5955484D0954BA587B5C4F9
:10D9E000B5C3B5A4ADCA95D222ED0AEE0B2F0B2F0D
:10D9F0000B2F0B2F0B2F0B2F130E12AB12691A4884
:10DA00001A271A071A281A281A281A071A281A2849
:10DA10001A271A271A271A471A271A271A271A27DE
:10DA20001A471A471A471A471A471A271A471A480D
:10DA30001A471A471A471A471A471A471A471A47DE
:10DA40001A471A471A471A471A471A471A471A47CE
:10DA50001A471A471A471A471A471A471A471A48BD
:10DA60001A481A481A481A481A481A481A481A47A7
:10DA70001A471A471A471A471A471A471A471A479E
:10DA80001A471A471A481A481A481A281A281A28E8
:10DA90001A271A281A271A271A481A481A481A48F9
:10DAA0001A481A471A471A471A471A471A471A476D
:10DAB0001A471A471A471A471A471A471A471A475E
:10DAC00064B464B364B364B364B364B464B464B49A
:10DAD00064B464B46CD46CD46CD464B464B464B40E
:10DAE0006CD46CB46CD46CD46CD46CD46CD46CD456
:10DAF0006CD46CD46CD46CD46CD46CF46CF46CF4C6
:10DB00006CF46CF474F474F46CF46CF46CF46CD425
:10DB10006CD46CF46CD46CD46CD46CD46CD474D4DD
:10DB200074D474D474D47CD47CD47CF484F484F41D
:10DB300084F48CF48CF48CF48CF48D148CF48D14AB
:10DB40008CF49514951495149514951495149514B6
:10DB50008CF48CF48CF48D148D148D148D148CF441
:10DB60008CF48CF48CF48CF48CF48CF48CF48CF4B5
:10DB70008D148D148CF48CF48CF48CF48D158D151F
:10DB80008D158D148D148D148D1495149514951474
:10DB9000951495149514951495148D148D148D1455
:10DBA0008D148D148D148D148CF48CF48CF48CF4F1
:10DBB0008CF494F494F494F48CF48CF48CF48CF44D
:10DBC0008CF48CF48CF48CF48CF48CF49514951403
:10DBD00095149514951495149514951495149514FD
:10DBE000951495149514951495148D148D148D1405
:10DBF0008D148D149514951494F49514951495140E
:10DC000094F494F4951494F49514951495149D55E6
:10DC10009D559D359D359D349D149D149D359D3597
:10DC20009D359D359D149D34A514A514A514A534CA
:10DC3000A554A554A575A5759D749D559534955508
:10DC40009D7595759D759575957595769596957651
:10DC50009575ADB5ADB59D7584F09D6BA566B5C4E4
:10DC6000B5A3B584ADEA8DB222ED0B0E0B2F0B2FB1
:10DC7000032F032F0B2F0B2F130E1AEC12691A48C8
:10DC80001A271A071A281A281A281A281A281A4886
:10DC90001A471A271A271A271A271A271A281A483A
:10DCA0001A481A481A481A471A271A481A481A4787
:10DCB0001A471A471A471A471A471A471A471A475C
:10DCC0001A471A471A471A471A471A471A471A474C
:10DCD0001A471A471A471A471A471A471A471A473C
:10DCE0001A481A481A481A481A481A481A471A4726
:10DCF0001A471A471A471A471A471A471A471A481B
:10DD00001A481A471A481A481A281A281A271A07A6
:10DD10001A071A071A271A271A471A471A471A47BB
:10DD20001A471A471A471A471A471A471A471A47EB
:10DD30001A471A471A471A471A471A471A471A48DA
:10DD400064B464B364B364B364B364B464B464B417
:10DD500064B464B464D46CD46CD464B464B464B493
:10DD60006CD46CB46CD46CD46CD46CB46CB46CD413
:10DD70006CD46CD46CD46CD46CD46CF46CF46CF443
:10DD80006CF46CF474F474F46CF46CF46CF46CD4A3
:10DD90006CD46CD46CD46CD46CD46CD46CD474D47B
:10DDA00074D474D474D474D47CD47CD47CF484F4CB
:10DDB00084F484F48CF48CF48CF48D148D148D1410
:10DDC0008D149514951495149514951494F494F455
:10DDD0008CF48CF48CF48D148D148D148CF48CF4E0
:10DDE0008CF48CF48CF48CF48CF48CF48CF48CF433
:10DDF0008D148CF48CF48CF48CF48CF495158D15B6
:10DE00008D158D148D1495149514951495149514E1
:10DE100094F494F494F4951495148CF48D148D1456
:10DE20008D148CF48CF48CF48CF48CF48CF48CF4D1
:10DE30008CF48CF494F494F494F48CF48CF48CF4CA
:10DE40008CF48CF48CF48CF48CF48CF49514951480
:10DE500095149514951495149514951495148D1482
:10DE6000951495149514951495148D148D148D1482
:10DE70008D148D149514951494F494F495149514AC
:10DE8000951494F48CD394D495149D359D359D555B
:10DE90009D559D559D359D159D159D159D359D3512
:10DEA0009D359D359D159D14A514A534A534A53526
:10DEB000A534A554A575A595A5959D759D758D143D
:10DEC0009D759D759D759D759D76957695769576D6
:10DED0009D75AD94B594A5959551A58CADA7BDE55F
:10DEE000B5A3AD84ADCA95D3230D0B0E0B2F032F15
:10DEF000032F032F0B2F0B2F0AED126A12481A283B
:10DF00001A271A071A271A271A281A281A271A2727
:10DF10001A271A471A471A271A271A271A281A28B7
:10DF20001A2822481A481A271A271A271A481A485C
:10DF30001A471A471A471A471A471A471A471A47D9
:10DF40001A471A471A471A471A471A471A471A47C9
:10DF50001A471A471A471A471A471A471A471A47B9
:10DF60001A481A481A481A481A481A481A471A47A3
:10DF70001A471A471A471A471A471A471A481A4897
:10DF80001A481A481A481A281A281A2719E719E7A6
:10DF900019E719E71A271A271A471A481A471A477A
:10DFA0001A471A471A471A471A471A471A471A4769
:10DFB0001A471A471A471A471A481A471A481A2777
:10DFC00064B464B464B364B364B364B464B464B494
:10DFD00064B464B464D46CD46CD46CD46CD464B4C1
:10DFE0006CD46CD46CD46CD46CD46CB46CB46CD471
:10DFF0006CD46CD46CD46CD46CD46CF46CF46CF4C1
:10E000006CF46CF46CF46CF46CF46CD46CF46CD450
:10E010006CD46CD46CD46CD46CD46CD46CD46CD400
:10E0200074D474D474D474D47CD47CD47CF47CF450
:10E0300084F484F48CF48CF48CF48CF48CF48CF4F0
:10E040008D148D1495149514951495149514951498
:10E0500095148CF48CF495158D148D158D148D14E8
:10E060008D148D148D148D148D148D148D148D14A8
:10E070008D148CF48CF48CF48CF48CF4951595152B
:10E080008D148D148D148D14951495149514951468
:10E0900094F494F494F49514951495148D148D14AB
:10E0A0008D148CF48CF48CF48CF48CF48CF48D142E
:10E0B00095149514951494F494F494F494F494F4BD
:10E0C00094F494F494F48CF48CF494F495149514DE
:10E0D0009514951495149514951495148D148D1408
:10E0E00095148CF4951495148D14951495148D1421
:10E0F0008D148D148D14951494F494F49515951431
:10E1000095149514951494F495149D359D559D552D
:10E110009D559D359D359D159D159D159D359D35AF
:10E120009D359D359D159D149D14A514A535A535CA
:10E13000A534A534A575A575A5959D759D759D7688
:10E140009D769D759D759D559D7695769576957672
:10E150009D55BDD5BDD5ADB59D51A5ACB5E9BE05A7
:10E16000B5C4AD84ADEB95D322ED0B0E0B2F0B2F69
:10E17000032F032F0B2F0B0F12ED126A12481A28D0
:10E1800012071A071A271A271A281A281A271A27CD
:10E190001A271A271A271A271A271A271A281A0796
:10E1A0001A071A281A281A071A271A271A481A4863
:10E1B0001A471A471A471A471A471A471A471A4757
:10E1C0001A471A471A471A471A471A471A471A4747
:10E1D0001A471A471A471A471A471A471A471A4737
:10E1E0001A481A481A481A481A481A481A471A4721
:10E1F0001A471A471A471A471A471A471A481A4815
:10E200001A481A481A481A281A271A0719E719E744
:10E2100019E719E71A271A281A481A471A471A47F6
:10E220001A471A471A471A471A471A471A471A47E6
:10E230001A471A471A471A471A471A471A281A0735
:10E2400064B464B464B464B464B364B464B464B40F
:10E2500064B464B46CD46CD46CD46CB46CB46CD44E
:10E260006CD46CD46CD46CD46CD46CD46CD46CD4AE
:10E270006CD46CD46CD46CD46CD46CF46CF46CF43E
:10E280006CF46CF46CF46CF46CF46CF46CF46CF48E
:10E290006CD36CD464B464B46CD46CD46CD46CD4CF
:10E2A0006CD46CD474D474D474D47CF47CD47CF4E6
:10E2B00084F484F484F48CF48CF48CF48CF48D1455
:10E2C0008D148D1495149514951495149514951416
:10E2D00095148D148D148D148D148D148D148D142E
:10E2E0008D148D148D148D148D148D148D148D1426
:10E2F0008D148D148D148CF48CF48CF495148D1471
:10E300008D148D148D148D149514951495149514E5
:10E310009514951495149514951495148D148D14C5
:10E320008D148CF48CF48CF48CF48CF48CF48CF4CC
:10E330008D14951495148CF494F494F494F494F44A
:10E3400094F494F48CF495148CF495149514951419
:10E35000951495149514951495148D148D148D148D
:10E360008D14951495148D148D1495148D148D148D
:10E370008D148D148D14951494F494F495149514AF
:10E380009514951494F494F49D149D359D559D55C4
:10E390009D359D359D359D349D149D349D349D3511
:10E3A0009D359D359D359D359D35A534A5359D34CF
:10E3B0009D559D55A575A5759D759D959D969D969B
:10E3C0009D969D769D769D759D75957695769576AF
:10E3D0009D55BDB5BDD5B5B59D52A5ADB60ABE0519
:10E3E000BE04ADA5A5CA95D3230D0B0E0B2F0B2F85
:10E3F000032F032F0B2F0B0F130E126A1A481A4804
:10E4000012071A071A271A271A271A481A481A48E9
:10E410001A481A271A271A271A271A281A281A28D0
:10E4200011E71A281A281A281A481A481A481A47A7
:10E430001A471A471A471A471A471A471A471A47D4
:10E440001A471A471A471A471A471A471A471A47C4
:10E450001A471A471A471A471A471A471A471A47B4
:10E460001A471A481A481A481A481A471A471A47A0
:10E470001A471A471A471A471A471A471A471A4893
:10E480001A481A471A481A281A071A0719E719E7E3
:10E4900019E719E71A071A271A471A471A471A4796
:10E4A0001A471A471A471A471A471A471A471A4764
:10E4B0001A471A471A471A471A471A271A481A2892
:10E4C00064B464B464B464B464B464B464B464B48C
:10E4D00064B464B46CD46CD46CD46CD46CD46CD48C
:10E4E0006CD46CD46CD46CD46CD46CD46CD46CD42C
:10E4F0006CD46CD46CD46CD46CD46CD46CD46CF4FC
:10E500006CF46CF46CD46CF46CD46CF46CD36CD38D
:10E510006CD36CD46CD46CD46CD46CD46CD46CD4FC
:10E520006CD46CD474D474D474D474D47CD47CF48B
:10E530007CF484F484F484F484F48CF48D148D14C9
:10E540008CF48D148D149514951495148D148D14CC
:10E550008D148D1495158D148D148D148D148D14AA
:10E560008D148D148D148D148D148D148D148D14A3
:10E570008D148D148D148CF48CF48CF48D148D14F6
:10E580008D1495149514951495149514951495144B
:10E5900095149514951495149514951495148D143B
:10E5A0008D148D148D148D148CF48CF48CF48CF4E7
:10E5B0008CF48D1495149514951495149514951444
:10E5C0009514951495149514951495149514951403
:10E5D00095149514951495148D148D148D1495140B
:10E5E00095148D148D148D148D148D148D148D141B
:10E5F0008D148D148D148CF494F494F494F4951477
:10E600009514951494F49D149D149D559D559D55F8
:10E610009D359D359D359D149D349D349D349D15AE
:10E620009D159D159D359D359D359D35A5359D3592
:10E630009D359D559D759D759D759D969D969D9647
:10E640009D769D769D769D769D969576957695762A
:10E650009555AD74BDD5B5D69D52A58DB60ABE06ED
:10E66000BE05BDE6ADCB95D3230D130E032F0B2FA7
:10E67000032F0B2F0B2F0B2F130E126A12481A4861
:10E6800012071A071A281A271A271A481A481A4866
:10E690001A281A071A271A471A471A481A281A282E
:10E6A00012071A071A281A281A481A481A471A4825
:10E6B0001A481A471A471A471A471A471A471A4751
:10E6C0001A471A471A471A471A471A471A471A4742
:10E6D0001A471A471A471A481A481A471A471A4730
:10E6E0001A471A471A471A471A471A471A471A4722
:10E6F0001A471A471A471A471A471A471A471A4712
:10E700001A471A471A481A481A0711E619E71A074A
:10E710001A071A071A071A271A471A481A481A47CF
:10E720001A471A471A471A471A471A471A471A47E1
:10E730001A471A471A471A471A471A271A481A280F
:10E7400064B464B464B464B464B464B464B46CB401
:10E750006CB46CD46CD46CD46CD46CD46CD46CD4D9
:10E760006CD46CD46CD46CD46CD46CD46CD46CD4A9
:10E770006CD46CD46CD46CD46CD46CD46CD46CD499
:10E780006CF46CF46CD46CD46CD46CF46CD46CD429
:10E790006CD46CD46CD46CD46CD46CB46CB46CD4B9
:10E7A0006CD46CD474D474D474D474D47CF47CF4E9
:10E7B0007CF47CF484F484F484F48CF48D148CF470
:10E7C0008CF48D148D148D14951495148D148D1452
:10E7D0008D148D1495158D148D148D148D148D1428
:10E7E0008D148D148D148D148D148D148D148CF442
:10E7F0008D148CF48CF48CF48CF48CF48D148D14B6
:10E8000095149514951495149514951495149514C0
:10E8100095149514951495149514951495149514B0
:10E820008D148D158D158D158D158CF48CF48CF43F
:10E830008CF48D159515951594F4951495149514DF
:10E840009514951495149514951495149514951480
:10E8500095149514951495148D148D148D14951488
:10E8600095148D148D148D148D148D148D148D1498
:10E870008D148D148D148CF495148CF48CF48D14EB
:10E880008D148D1495149514951495359D559D559D
:10E890009D359D359D159D159D159D159D159D3588
:10E8A0009D359D359D359D359D359D359D359D35D8
:10E8B0009D559D559D769D759D769D969D969D96A3
:10E8C0009D759D759D759D769D76957695768D76D3
:10E8D0009575A554B5D6ADD69D729D8DB60ABE066A
:10E8E000BE04B5A5ADCA8DB2230D130E032F0B2F99
:10E8F0000B2F0B2F0B2F0B2F130E128A12481A48B7
:10E90000120711E61A271A281A281A481A481A282C
:10E910001A481A281A071A471A471A481A281A278B
:10E920001A281A071A081A28224822481A281A48A8
:10E930001A481A481A471A471A471A471A471A47CD
:10E940001A471A471A471A471A471A471A471A47BF
:10E950001A471A471A481A481A481A481A471A47AB
:10E960001A471A471A471A471A471A471A471A479F
:10E970001A471A471A471A471A471A471A471A478F
:10E980001A471A471A481A481A281A0719E71A077D
:10E990001A071A271A271A481A481A471A471A47ED
:10E9A0001A471A471A471A471A471A471A471A475F
:10E9B0001A471A471A471A481A471A271A271A28AD
:10E9C00064B464B464B464B464B46CD46CB46CB44F
:10E9D0006CB46CD46CD46CD46CD46CD46CD46CD457
:10E9E0006CD46CD46CD46CD46CD46CD46CD46CD427
:10E9F0006CD46CD46CD46CD46CD46CD46CD46CD417
:10EA00006CF46CF46CD46CD46CD46CD46CD46CD4C6
:10EA10006CD46CD46CB46CB46CB464B46CB464B4C6
:10EA20006CD46CD46CD474D474D474D474F47CD496
:10EA30007CF47CF484F484F484F484F48D158CF4F4
:10EA40008CF48D148D148D14951495148D148D14CF
:10EA50009515951595158D148D148D148D148D1493
:10EA60008D148CF48D148D148D148D158D148D14BE
:10EA70008D148CF48D158D158D148D148D148D14AD
:10EA8000951495149514951495149514951495143E
:10EA9000951495149514951495149514951495142E
:10EAA0009514951595158D158D158D158D158CF461
:10EAB0008D15951595159515951595149514951411
:10EAC00095149514951495149514951495149514FE
:10EAD00095149514951495148D148D148D14951406
:10EAE00095148D148D148D148D148D148D148D1416
:10EAF0008D148CF48CF48CF48CF48CF48D148D14B3
:10EB00008D148D348D1495349535953495359D350A
:10EB10009D359D359D159D159D159D159D359D35E5
:10EB200095149D359D359D359D359D359D559D355E
:10EB30009D559D559D769D759D969D969D969D9600
:10EB40009D969D759D759D769D76957695768D762F
:10EB500095769D55ADD69D9695739D8DADEAB5E59F
:10EB6000BE05B5A5ADEB95D3230D130E032F0B2FCB
:10EB70000B2F0B2F0B2F0B2F0AED128A1A681A4836
:10EB8000120711E61A071A281A281A281A281A280A
:10EB90001A481A071A071A271A481A271A481A274A
:10EBA0001A281A0811E71A281A4822481A281A4857
:10EBB0001A481A481A471A471A471A471A471A474B
:10EBC0001A471A471A471A471A471A471A471A473D
:10EBD0001A471A471A481A481A481A481A471A4729
:10EBE0001A471A471A471A471A471A471A471A471D
:10EBF0001A471A471A471A471A471A471A471A470D
:10EC00001A471A471A481A481A271A071A071A07DA
:10EC10001A271A271A271A471A471A471A271A476C
:10EC20001A471A471A471A471A471A471A471A47DC
:10EC30001A471A471A471A471A471A481A271A270B
:10EC400064B464B464B464B464B46CD46CD46CD48C
:10EC50006CD46CD46CD46CD46CD46CF46CD474D48C
:10EC600074D46CD46CF46CF46CF46CF46CF46CD4FC
:10EC70006CD46CD46CD46CD46CD46CD46CD46CD494
:10EC80006CF46CD46CD46CD46CD46CD46CD46CD464
:10EC90006CD46CD46CB46CB46CB464B464B464B44C
:10ECA0006CD46CD46CD46CD474D474D474D474F424
:10ECB0007CF47CF47CF484F484F4851484F48D1462
:10ECC0008CF48D148D158D158D158D148D148D145A
:10ECD0008D148D158D158D158D148D148D148D1429
:10ECE0008D148D148D148D148D148D148D148D141C
:10ECF0008D148D148D148D148D148D148D148D140C
:10ED000095149514951495149514951495149514BB
:10ED100095149514951495149514951495149514AB
:10ED200095149515951595158D158D158D158D15B4
:10ED30008CF48D158D1595159515951495149514C0
:10ED40009514951495149514951495149515951579
:10ED500095149514951495148D148D148D148D148B
:10ED60008D148D148D148D148D148D148D148CF4BC
:10ED70008CF48CF48CF48CF48CF48CF48D148D1451
:10ED80008D148D148D1495349535953595359535AF
:10ED9000953495149D359D349D349D349D349D341A
:10EDA0009D349D3595149514953495349D359D3538
:10EDB00095559D759D769D759D759D969D969D9687
:10EDC0009D759D759D769D769D96959695968D766D
:10EDD0008D76957695768D7695939D8EADEAAD84FC
:10EDE000BE05BDE6B60C95B3230D130E032F0B2FF6
:10EDF000032F0B2F0B2F0B2F12ED126A12481A48FC
:10EE00001A471A0711E71A281A281A281A271A481F
:10EE10001A481A2712071A271A471A471A481A288F
:10EE20001A281A071A281A071A481A481A481A4894
:10EE30001A481A471A471A471A471A471A471A47C9
:10EE40001A471A471A471A471A471A471A471A47BA
:10EE50001A471A471A471A481A481A471A471A47A8
:10EE60001A471A471A471A471A471A471A471A479A
:10EE70001A471A471A471A471A471A471A471A478A
:10EE80001A471A471A471A481A481A0719E71A2739
:10EE90001A281A281A471A471A471A471A471A47A8
:10EEA0001A471A471A471A471A471A471A471A475A
:10EEB0001A471A471A471A471A471A471A481A0789
:10EEC00064B464B464B46CD46CD46CD46CD46CD4BA
:10EED0006CD46CD46CD474F474F474F474F474F46A
:10EEE00074F474F474F474F474F474D46CD46CF432
:10EEF0006CF46CD46CD46CD46CD46CF46CF46CD4B2
:10EF00006CD46CD46CD46CD46CD46CD46CB46CB441
:10EF10006CB46CB464B464B46CB464B46CD46CD4C9
:10EF20006CD46CD46CD46CD46CD474D474D474D4C9
:10EF30007CF47CF47CF47CF484F484F485158CF407
:10EF40008CF48D148D148D158D158D148D148D14D8
:10EF50008D148D148D148CF48CF48CF48D148D140C
:10EF60008D148D148D148D148D148D148D148D1499
:10EF70008D148D148D148D148D148D148D148D1489
:10EF80009514951495149514951495149514951439
:10EF90009514951495149514951495149514951429
:10EFA000951494F5951595158D158D158D158D1553
:10EFB0008D158D158D158D158D158D148D1495143C
:10EFC00095149514951495149514951495149514F9
:10EFD00095149514951495149514951495148D14F1
:10EFE0008D148D148D148D148D148D148D148CF43A
:10EFF0008CF48CF48CF48D148D148D158D158D146A
:10F000008D148D148D14953595359535953595352B
:10F01000953495149D349D349D349D349D349D3498
:10F020009D349D3595149514953495349D349D35B6
:10F03000953595149D969D759D969D969D969D964C
:10F040009D969D769D759D969D76957695968D76E9
:10F050008D768D768D768D768D73958EADEBB5C56F
:10F06000BE05BDE6BE2C95B3230D130F0B2F0B2F42
:10F07000032F032F0B2F0B2F0ACD0A6912481A48B2
:10F080001A471A271A281A071A281A281A481A4833
:10F090001A481A471A271A471A471A471A481A28A5
:10F0A0001A281A071A071A071A071A481A471A4776
:10F0B0001A471A471A471A471A471A471A471A4748
:10F0C0001A471A471A471A471A471A471A471A4738
:10F0D0001A471A471A471A471A471A471A471A4728
:10F0E0001A471A471A471A471A471A471A471A4718
:10F0F0001A471A471A471A471A471A481A481A4706
:10F100001A471A481A481A481A271A271A071A2794
:10F110001A271A271A471A471A471A471A471A4727
:10F120001A471A471A471A471A471A471A471A47D7
:10F130001A471A471A471A471A471A471A481A28E5
:10F1400064B46CB46CB46CD46CD46CD46CD46CD427
:10F150006CD46CD474D474D474D474F474F474F41F
:10F1600074F474D474F474F474F474D474D46CD4E7
:10F170006CF46CD46CD46CD46CD46CF46CF46CD42F
:10F180006CD46CD46CD46CD46CD46CD46CB46CB4BF
:10F190006CB46CB464B464B464B464B46CD46CD44F
:10F1A0006CD46CD46CB46CD474D46CD474D474F447
:10F1B00074F47CF47CF47CF484F484F484F48D148E
:10F1C0008CF48D148D148D148D148D148D148CF479
:10F1D0008CF48CF48CF48CF48CF48CF48D148D14ED
:10F1E0008D148D148D148D148D148D148D148D1417
:10F1F0008D148D148D148D148D148D148D148D1407
:10F2000095149514951495149514951495149514B6
:10F2100095149514951495149514951495149514A6
:10F220009514951595158D158D158D158D158D15B7
:10F230008D158D158D158CF48D158D1495149514D3
:10F240009514951495149514951495149514951575
:10F250009514951495149514951495149514951466
:10F260008D148D148D148D148D148D148D148CF4B7
:10F270008CF48CF48D148D148D148D158D158D14C6
:10F280008D148D14951595359535953595359535A0
:10F29000953495149D349D349D349D349D349D3416
:10F2A0009D349D3595149514953495349D349D5514
:10F2B0009D559D759D969D969D969D969D969D9618
:10F2C0009D969D769D769D969D96957695768D7666
:10F2D0008D768D768D768D768D74956EADEBB5E6EB
:10F2E000C605BDE6BE4D95B32B0D130F032F032F9F
:10F2F000032F032F032F0B0F130E0A8B12491A48EB
:10F300001A271A271A271A281A281A281A281A27F1
:10F310001A471A471A471A471A481A481A281A2821
:10F320001A281A0719E71A271A271A271A471A47F5
:10F330001A471A471A471A471A471A471A471A47C5
:10F340001A471A471A471A471A471A471A471A47B5
:10F350001A471A471A471A471A471A471A471A47A5
:10F360001A471A471A471A471A471A471A471A4795
:10F370001A471A471A471A471A481A481A481A4881
:10F380001A481A481A481A481A481A271A071A0710
:10F390001A271A271A471A471A471A471A471A47A5
:10F3A0001A471A471A471A471A471A471A471A4755
:10F3B0001A471A471A471A471A471A471A481A2863
:10F3C0006CD464B46CD46CD46CD46CD46CD46CD465
:10F3D00074F474F474F474F474F474F474F474F4ED
:10F3E00074F474F474F474F474F474F474F474F4DD
:10F3F0006CF46CD46CD46CD46CD46CF46CF46CD4AD
:10F400006CD46CD46CD46CD46CD46CD46CD46CD4FC
:10F410006CD46CB46CB46CD464B464B464B46CD4A4
:10F420006CD46CD46CD46CD46CD46CD474D474D4CC
:10F4300074D47CF47CF47CF484F484F484F4851433
:10F4400085148D148D158D158D158D158D158CF4D8
:10F450008CF48D158D158CF48CF48CF48D148D1426
:10F460008D148D148D148D148D148D148D148D1494
:10F470008D148D148D148D148D148CF48D148D14A5
:10F480009514951495149514951495149514951434
:10F490009514951495149514951495149514951424
:10F4A000951495148D158D158D158D158D158D153E
:10F4B0008CF58CF58D158CF48D158D149514951493
:10F4C00095149514951495149514951495149514F4
:10F4D00095149514951495149514951495149514E4
:10F4E00095148D148D1495148D148D148CF48D1425
:10F4F0008D158D148CF48D148CF48CF48CF48D1487
:10F500008D148D149515953595359535953595351D
:10F510009D349D349D349D349D349D349D349D3463
:10F520009D349D3495149514953495349D359D5591
:10F530009D559D759D969D969D969D969D969D9695
:10F540009D969D969D969D969575957595768D76CD
:10F550008D7695759575959695748D4EADECADA699
:10F56000BE05BDE7BE4D95B3230D130F0330032F2A
:10F57000032F032F032F0B2F132E1AED126A1A4895
:10F580001A271A271A271A271A281A271A281A2771
:10F590001A471A481A481A471A481A481A281A289D
:10F5A0001A281A2719E611E61A271A271A471A479E
:10F5B0001A471A471A471A471A471A471A471A4743
:10F5C0001A471A471A471A471A471A471A471A4733
:10F5D0001A471A471A471A471A471A471A471A4723
:10F5E0001A471A471A471A471A471A471A471A4713
:10F5F0001A471A471A471A471A481A481A481A48FF
:10F600001A481A481A481A481A481A281A271A076C
:10F610001A271A481A471A471A471A471A471A4701
:10F620001A471A471A471A471A471A471A471A47D2
:10F630001A471A471A471A471A471A471A481A28E0
:10F640006CD464D464D46CD46CD46CD46CD474D4C2
:10F6500074D474F474F474F474F474F474F474F48A
:10F6600074F474F474F474F474F474F474F474D47A
:10F6700074F474F474F474D474F474F474D46CF492
:10F680006CF46CD46CD46CD46CD46CD46CD46CD45A
:10F690006CD464B464B464B464B464B464D464D442
:10F6A00064D46CD46CB46CD46CD46CD46CD474F45A
:10F6B00074D474F47CF47CF47CF484F484F484F4E2
:10F6C00084F485148515851485148D158D158D1577
:10F6D0008CF58CF58D158D158D158D158D158D145D
:10F6E0008D148D148D148D148D148D148D148D1412
:10F6F0008D148D148D148D148D148CF48D148D1423
:10F7000095149514951495149514951495149514B1
:10F7100095149514951495149514951495149514A1
:10F72000951495148D148D148D148D158D158D15BE
:10F730008CF58CF48CF48CF48D158D158D15951439
:10F740009514951495149514951495149514951471
:10F750009514951495149514951495149514951461
:10F76000951495148D148D148D148D148D148D1481
:10F770008D148D148D148D148CF48CF58CF58D14E2
:10F780008D148D149514953595359535953595359C
:10F7900095349D349D349D349D349D349D349D34E9
:10F7A0009D349D3495349534953495349534953500
:10F7B00095559D559D969D969D969D969D969D963B
:10F7C0009D96A5969D969D9695559D969DB69596CA
:10F7D00095759D75ADF79D9695748D2FA5CCB5C685
:10F7E000BE05BE07AE0C95B3230D132F032F032FB9
:10F7F000032F032F032F0B2F0B2F12ED124A1A4842
:10F800001A281A281A281A271A271A281A271A27EC
:10F810001A271A481A281A481A471A481A481A481A
:10F820001A271A271A071A071A271A471A471A47B0
:10F830001A471A471A471A471A471A471A471A27E0
:10F840001A271A471A471A471A471A471A471A47D0
:10F850001A471A471A471A471A471A471A471A47A0
:10F860001A471A471A471A471A471A471A471A4790
:10F870001A471A471A471A471A471A481A481A477E
:10F880001A471A481A481A481A481A471A271A27AC
:10F890001A481A471A471A471A471A471A471A475F
:10F8A0001A471A471A471A471A471A471A471A4750
:10F8B0001A471A471A471A471A471A471A481A285E
:10F8C0006CD46CD46CD46CF46CD46CD474F474F4C8
:10F8D00074F474F47CF474F474F47CF47CF47CF4C8
:10F8E00074F474F474F474F474F474F474F474F4D8
:10F8F00074F474F474F474F474F474F474F474F4C8
:10F900006CF46CD46CD46CD46CD46CD46CD46CD4D7
:10F9100064B464B464B464B464B464B464B464D407
:10F9200064D464B46CB46CD46CD46CD46CD474F4FF
:10F9300074F474F47CF47CF47CF47CF484F484F447
:10F9400084F485158514851584F484F484F484F492
:10F9500084F48D158D158D158D158D158D158D14C2
:10F960008D148D148D148D148D148D148D148D148F
:10F970008D148D148D148D148D148CF48D148D14A0
:10F98000951495149514951495149514951495142F
:10F99000951495149514951495149514951495141F
:10F9A000951495149514951495148D158D158D1524
:10F9B0008CF48CF48D148D148D158D158D14951477
:10F9C00095149514951495149514951495149514EF
:10F9D0008D148D14951495149514951495149514EF
:10F9E000951495148D1495148D1495148D148D14EF
:10F9F0008D148D148D148D148CF58CF58D158D143E
:10FA00008D148D1495148D149514951495149535A5
:10FA10009D349D349D349D349D349D349D349D345E
:10FA20009D349D349534953495349D359D3595356B
:10FA300095559D559D969D969D969D969D969D96B8
:10FA40009D969D969D969D969D969D969DB6A5B6D6
:10FA5000A595BDF6CE98ADD69D949D91A5ADB5C6A4
:10FA6000BE06BE08ADCC8DB3230D0B0E032F032FA6
:10FA7000032F032F032F032F0B2F12CD124A1A48E7
:10FA80001A281A281A28120711E71A271A281A27DB
:10FA90001A271A281A281A481A471A471A471A47BB
:10FAA0001A471A271A0712071A271A481A481A4813
:10FAB0001A471A481A481A471A471A471A471A275C
:10FAC0001A271A471A471A471A471A471A471A474E
:10FAD0001A471A471A471A471A471A471A471A471E
:10FAE0001A471A471A471A471A471A471A471A470E
:10FAF0001A471A471A471A471A471A471A471A47FE
:10FB00001A471A471A471A471A471A471A471A47ED
:10FB10001A471A471A471A471A471A471A471A47DD
:10FB20001A471A471A471A471A471A471A471A47CD
:10FB30001A471A471A471A481A481A481A281A28F8
:10FB40006CD46CD46CD46CD46CD474D474D474F47D
:10FB500074F47CF47CF47CF47CF47CF47CF47CF42D
:10FB60007CF47CF47CF47CF47CF474F474F474F42D
:10FB700074F474F474F474F474F474F474D474F465
:10FB800074D46CD46CD46CD46CD46CD46CD46CB48D
:10FB90006CB464B464B464B464B464B464B464D47D
:10FBA00064D46CD46CB46CD46CD46CD46CD474D475
:10FBB00074F474F47CF47CF47CF47CF47CF47CF4D5
:10FBC00084F484F484F484F484F484F484F4851454
:10FBD00084F484F484F48D158D1584F48D158D15BD
:10FBE0008D158CF48D148CF48CF48CF48D148D1490
:10FBF0008D148D148D148D148D148CF48D148D141E
:10FC00009514951494F495149514951495149514CD
:10FC100094F49514951494F49514951495149514DE
:10FC20009514951495149515951595158D158D1597
:10FC30008CF48CF48CF48CF48D148D149514951430
:10FC4000951495149514951495149514951495146C
:10FC5000951495149514951495149514951495145C
:10FC60009514951495149514951495148D148CF47D
:10FC70008CF48CF48CF48D148D148CF58D158D14FE
:10FC80008D148D14951495149535953595359535B8
:10FC90009D349D349D349D349D349D349D349D34DC
:10FCA0009D349D349534953495149D359D359D3501
:10FCB0009D559D559D769D769D969D969D969D966E
:10FCC0009D969D969D969D969D769D96A5B6A5968C
:10FCD000AD95D636DE97B5D5A594A5B1ADEDB5E712
:10FCE000BE06BDE8A5AD95B42B2E130F0B2F0B2F21
:10FCF0000B2F0B2F0B2F0B2F0B0F12CD0A4A1A486D
:10FD00001A481A281A281A0719E719E71A271A2869
:10FD10001A281A481A281A481A471A471A471A4717
:10FD20001A481A271A2712071A271A481A481A486F
:10FD30001A481A281A281A481A471A471A271A4717
:10FD40001A471A471A471A271A271A471A471A47EB
:10FD50001A471A471A471A471A471A471A471A479B
:10FD60001A471A471A471A471A471A471A471A478B
:10FD70001A471A471A471A471A471A471A471A477B
:10FD80001A471A471A471A471A471A471A471A476B
:10FD90001A471A471A471A471A471A471A471A475B
:10FDA0001A471A471A471A471A471A471A471A474B
:10FDB0001A471A471A481A281A281A281A281A28D5
:10FDC0006CD46CD46CD46CF474D474D474D474D4F3
:10FDD0007CF47CF47CF47CF47CF47CF47CF47CF4A3
:10FDE0007CF47CF47CF47CF47CF474F474F474F4AB
:10FDF00074F474F474F474F474D474D474F474F403
:10FE000074D46CD46CD46CD46CD46CD464B46CB432
:10FE10006CB464B464B464B464B464B464B464D4FA
:10FE20006CD46CD46CB46CD46CD46CD46CD474D4EA
:10FE300074F474F47CF474D47CF47CF47CF47CF47A
:10FE40007CF47CF47CF484F484F484F484F484F40A
:10FE500084F484F484F484F484F584F5851585159C
:10FE600084F484F48D158D148CF48CF48CF48D143E
:10FE70008D148D148D148D148D148D148D148D147A
:10FE80009514951494F4951495149514951494F46C
:10FE900094F494F494F494F494F4951495149514BF
:10FEA00095149514951494F4951595158D158D1537
:10FEB0008CF48CF48CF48CF48D148D1495149514AE
:10FEC00095149514951495149514951495149514EA
:10FED000951495149514951495149514951494F4FB
:10FEE00094F4951495149514951495148D148CF41C
:10FEF0008CF48CF48CF48CF48CF48D148D148D149F
:10FF00008D148D1495149514953595359535953535
:10FF1000953495349D349D349D349D349D349D3469
:10FF20009D349D349514951495149D359D359D35BE
:10FF30009D359D559D769D769D969D969D969D960B
:10FF40009D969D969D96A5B69D969D96A595AD95DB
:10FF5000BDB5DE35DE76B5B5A5B4A5B2ADCDBE076F
:10FF6000BE06BDE9A5AD95B42B2E130F0B0F0B2FBD
:10FF70000B2F0B2F0B2F0B2F0B0F12CD0A6A1248D2
:10FF80001A481A281A271A0719E71A0719E71A2709
:10FF90001A281A481A481A481A471A471A471A4775
:10FFA0001A481A281A281A071A071A281A281A4843
:10FFB0001A481A281A281A481A471A271A271A47B5
:10FFC0001A471A271A481A271A271A271A471A47A8
:10FFD0001A471A471A471A471A471A471A471A4719
:10FFE0001A471A471A471A471A471A471A471A4709
:10FFF0001A471A471A471A471A471A471A471A48F8
:020000040801F1
:100000001A481A471A471A471A471A471A471A47E7
:100010001A471A471A471A471A471A471A471A47D8
:100020001A471A471A471A471A471A471A471A47C8
:100030001A471A471A481A281A281A071A071A2894
:100040006CD46CD46CF474F474F474F474F47CF4C0
:100050007CF47CF47CF47CF47CF47CF47CF47CF420
:100060007CF47CF47CF47CF47CF47CF474F474F420
:100070007CF47CF47CF474D474D474D474F474D4A8
:1000800074D46CD46CD46CD46CD46CD46CD46CD468
:100090006CB464B464B46CB464B464B464B46CD468
:1000A0006CD46CD46CD46CD46CD46CD474D474D440
:1000B00074D474F474F474F474F47CF47CF47CF408
:1000C0007CF47CF47CF47CF484F484F484F484F490
:1000D00084F484F4851484F484F484F484F484F43F
:1000E00084F484F4851584F48D158D158CF48CF4CA
:1000F0008CF48CF48D148D148D148D148D14951432
:1001000095149514951495149514951494F494F4E9
:1001100094F49514951494F494F494F4951495141B
:10012000951494F495149514951495148D148D14B8
:100130008D148CF48D158D148D148D148D149514CF
:100140008CF4951495149514951495149514951490
:10015000951495149514951495149514951494F478
:1001600094F495149514951495148CF48D148D14A1
:100170008CF48CF48D148D148D148D148D148D14B9
:100180008D148D1495349514953595359535953593
:100190009535953595349D349D349D349D159D152B
:1001A0009D349D149D349D349D349D349D359535ED
:1001B00095559D759D969D769D769D969D969D9651
:1001C0009D969D96A5B69DB69DB6A5B6ADD5BDF539
:1001D000D635E655DE56BDD5AD94A5B2A5ADBE0764
:1001E000BE06BDE9A5AD95B42B2E130E0B0F0B2F3C
:1001F0000B2F032F0B2F0B2F0B0E12ED128A124811
:100200001A481A481A271A071A071A071A071A0744
:100210001A271A271A481A271A471A471A471A4735
:100220001A471A281A281A271A281A281A481A4860
:100230001A481A481A481A481A471A271A271A47F2
:100240001A481A481A481A071A271A271A471A4723
:100250001A471A471A471A471A471A471A471A4796
:100260001A471A471A471A471A471A471A471A4786
:100270001A471A471A471A471A471A481A481A4873
:100280001A481A481A471A471A471A471A471A4764
:100290001A271A471A471A471A471A471A471A4776
:1002A0001A471A471A471A471A471A471A471A4746
:1002B0001A471A471A471A271A2719E71A071A0757
:1002C0006CD46CD46CF474F474F474D47CF47CF456
:1002D0007CF47CF47CF47CF47CF47CF47CF47CF49E
:1002E0007CF47CF47CF47CF47CF47CF47CF47CF48E
:1002F0007CF47CF47CD474D474D474F474F474F406
:1003000074F46CD46CD46CD46CD46CD46CD46CD4C5
:100310006CD464B46CB46CB46CD46CD46CD46CD445
:100320006CD46CD46CD46CD46CD46CD474D474D4BD
:1003300074D474D474F474F474F474F474F47CF4B5
:100340007CD47CD47CD47CF47CF47CF47CF47CF48D
:100350007CF484F484F4851584F584F584F584F4C0
:100360008515851585158D158D158D158CF48CF4D9
:100370008CF48CF48CF48D148D148D148D148D14D8
:10038000951495149514951495149514951494F446
:1003900094F49514951494F494F494F49514951499
:1003A0009514951495149514951495149514951405
:1003B00095148D158D158D148D148D148D14951423
:1003C000951495159514951495149514951494F405
:1003D00094F495149514951495149514951494F417
:1003E00094F494F494F494F495148CF48D148D1482
:1003F0008CF48CF48D148D148D148D148D148D1437
:100400008D148D14953495349535953595359535F0
:100410009535953595349D349D359D359D359D3566
:100420009D159D349D349D349D349D349D3495554A
:10043000955595759D759D769D769D969D969D96F7
:100440009D969D969D969DB69DB6A5D6BE57D67790
:10045000DE75E655E655CE36ADB4A5B2954CB60878
:10046000BE06B5E9A5AD95B42B2E130E0B0F0B2FC1
:10047000032F032F0B2F0B2F0B0E0AAC128B1249DD
:100480001A481A481A271A271A071A071A071A2782
:1004900012071A071A271A271A471A471A471A471C
:1004A0001A471A471A471A471A481A481A481A4840
:1004B0001A481A281A481A481A471A481A271A278F
:1004C0001A481A481A281A071A071A271A481A48DF
:1004D0001A481A471A471A471A471A471A471A4713
:1004E0001A471A471A471A471A471A471A471A4704
:1004F0001A471A471A471A471A471A481A481A2811
:100500001A481A481A471A481A481A471A471A27FF
:100510001A481A471A471A471A471A471A471A47D2
:100520001A471A471A471A471A471A481A471A47C2
:100530001A471A471A481A271A071A0719E71A07F3
:100540006CD46CD46CF474F474F474F47CF47CF4B3
:100550007CF47CF47CF47CF47CF47CF47CF47CF41B
:100560007CF47CF47CF47CF47CF47CF47CF47CF40B
:100570007CF47CF47CF474F474F474F474F474F423
:1005800074F46CD46CD46CD46CD46CD46CD46CD443
:100590006CB46CB46CB46CD46CD46CD46CD46CD4BB
:1005A0006CD46CD46CD46CD46CD474D474F474D413
:1005B00074D474F474F474F474F474F474F474D43B
:1005C00074D474D47CF47CF47CD47CF47CD47CF43B
:1005D0007CF47CF47CF484F484F484F484F484F473
:1005E00084F4851585158D158D158D158D148CF458
:1005F0008CF48CF48D148D148D148D148D148D1435
:1006000095148CF49514951495149514951594F4EB
:1006100094F494F494F49514951494F49514951416
:100620009514951495149514951495149514951482
:10063000951495158D158D158D158D15951595148C
:1006400095149514951495149514951494F494F4A4
:1006500094F494F494F494F494F494F49514951418
:10066000951495149514951494F48CF48CF48CF4DE
:100670008D148D148CF48D148D148D148D148D1493
:100680008D148D149534953595359535953595356D
:100690009535953595149D359D359D359D359D3503
:1006A0009D159D159D349D349D349D349D349D55DF
:1006B000955595559D759D769D769D769D969D96B5
:1006C0009D959D969D969DB69DB6AE17BE77D676A6
:1006D000DE55E654E655D656ADB49D72954DB60935
:1006E000BE07B5E9A5CD95B42B2E130F0B0F0B2F1D
:1006F000032F032F032F032F0B0E028C128A124994
:100700001A481A481A281A281A271A271A071A27BD
:100710001A0719E61A071A271A271A471A471A47F3
:100720001A471A271A271A471A481A481A481A48FD
:100730001A481A481A481A481A481A481A271A27EB
:100740001A481A481A281A281A271A271A481A481B
:100750001A481A481A481A471A471A471A471A478E
:100760001A471A471A471A471A471A471A471A4781
:100770001A471A471A471A471A281A481A481A28AD
:100780001A481A481A481A481A481A481A271A279B
:100790001A271A481A471A471A471A471A471A4770
:1007A0001A471A471A471A471A471A471A471A4741
:1007B0001A471A471A481A271A071A0719E719E792
:1007C0006CD46CD46CF474F474F474F47CF47CF431
:1007D0007CF47CF47CF47CF47CF47CF47CF47CF499
:1007E0007CF47CF47CF47CF47CF47CF47CF47CF489
:1007F0007CF47CF47CF47CF474F474F474F474F499
:1008000074F46CF46CD46CD46CD46CD46CD46CD4A0
:100810006CD46CB46CD46CD46CD46CD46CD46CD4F8
:100820006CF46CD474F46CD474F474F474F474F4E0
:1008300074D474D474F474F474F474F474F474F4B8
:1008400074F474F474F474D474D47CD47CF47CF4B0
:100850007CF47CF47CF47CF47CF47CF484F484F408
:1008600084F4851585158D158D158D158D148CF4D5
:100870008CF48CF48D148D148D148D148D148D14B2
:100880008D14951495148D148D149514951494F459
:1008900094F494F494F49514951494F494F494F4D6
:1008A0009514951495149514951495149514951400
:1008B000951495158D158D158D158D15951495140B
:1008C00095149514951495149514951494F494F422
:1008D00094F494F494F494F494F494F494F49514B7
:1008E000951495149514951495148D148D148D14D8
:1008F0008D148D148CF48D148D148CF48D148D1432
:100900008D148D149514953595349535953595350B
:10091000953595359D359D359D359D359D359D3557
:100920009D359D359D359D359D3495349D359D3541
:1009300095559D7595759D769D769D769D969D9612
:100940009D969D969D969DB69DB6AE37BE77D67602
:10095000DE55E654E675CE36ADB495528D2EB60A08
:10096000BE08B5EAA5AE95B4332E130F0B0F032FB7
:10097000030F032F032F032F0B2F130E12EC12491B
:100980001A481A481A271A281A271A271A281A271B
:100990001A2719E619E61A071A271A281A481A27D1
:1009A0001A271A271A271A471A481A481A481A489B
:1009B0001A481A481A481A481A481A481A481A4827
:1009C0001A481A481A481A481A281A271A481A4858
:1009D0001A481A481A481A471A471A471A471A470C
:1009E0001A471A471A471A471A471A471A471A47FF
:1009F0001A471A471A471A471A281A481A481A282B
:100A00001A481A481A481A481A481A271A281A2738
:100A10001A281A281A481A481A471A471A471A470A
:100A20001A471A471A471A471A471A471A471A47BE
:100A30001A471A271A481A281A271A0719E71A07ED
:100A40006CD46CF46CF474F474F474D47CF47CF4AE
:100A50007CF47CF47CF47CF47CF47CF47CF47CF416
:100A60007CF47CF47CF47CF47CF47CF47CF47CF406
:100A70007CF47CF47CF474D474D474F474F474D47E
:100A800074D46CF46CD46CD46CD46CD46CD46CD43E
:100A90006CD46CD46CD46CD46CD46CD46CD46CD456
:100AA00074F474F474F474F474D474D474F474D466
:100AB00074D474D474D474D474F474D474D474D4D6
:100AC00074D474D474D474F474D474F474F47CF45E
:100AD0007CF47CF47CF47CF47CF47CF47CF484F48E
:100AE00084F584F584F585158D158CF48CF48CF4DF
:100AF0008CF48CF48D158D158D158D148D158D142C
:100B00008D148D148D148D148D149514951494F4E6
:100B100094F4951495149514951494F494F494F411
:100B200094F495149514951494F494F48CF48CF432
:100B300095148D158D158D148D148D148CF49514BC
:100B40009514951494F494F4951494F494F494F402
:100B500094F494F494F494F494F494F494F4951434
:100B6000951494F494F495148CF48D148D148CF4E1
:100B70008CF48CF48CF48CF48CF48CF48D148D1433
:100B80008D148D148D1495149514953495359535D3
:100B90009514951495359D359D359D359D359D351F
:100BA00095149D3595359535953595359D35953506
:100BB0009D559D75957595759D759D759D759D96B4
:100BC0009D969D969D969D969DD69DF6B656D696DB
:100BD000EED7DE54DE55CE36ADB48D33850EB60B72
:100BE000B5E8B5EBA5CE95B4332E12EE030F030F87
:100BF000032F032F032F032F0B2F0B0E12ED126960
:100C00001A481A481A471A471A271A071A281A4858
:100C10001A271A271A071A071A271A281A281A2809
:100C20001A281A271A271A271A471A481A271A277A
:100C30001A271A271A481A471A471A481A481A48E8
:100C40001A481A481A481A481A271A271A281A48F6
:100C50001A481A481A481A481A471A471A471A4788
:100C60001A471A471A471A471A471A471A471A477C
:100C70001A471A471A471A471A471A481A481A2889
:100C80001A481A481A271A271A481A281A281A28F6
:100C90001A281A281A281A281A471A471A471A47C8
:100CA0001A471A471A471A471A471A471A471A473C
:100CB0001A471A271A481A481A281A0719E71A074A
:100CC0006CD46CF474D474F474F474D47CF47CF444
:100CD0007CF47CF47CF47CF47CF47CF47CF47CF494
:100CE0007CF47CF47CF47CF47CF47CF47CF47CF484
:100CF0007CF47CF47CF474F474F474F474F474D4BC
:100D000074D46CF46CD46CD46CD46CD46CD46CD4BB
:100D10006CD46CD46CD46CF46CF46CF474F474F423
:100D200074F474F474F474F474D474D474D474D403
:100D300074D474D474D474D374D474D474D474D474
:100D400074D474D474D474D474D474D474F474F423
:100D50007CF474F474F47CF47CF47CF47CF47CF423
:100D60007CF484F584F484F484F484F48CF48CF4BA
:100D70008CF48CF48D158D158D158D158CF48CF4EB
:100D80008CF48CF48CF48CF48CF48CF494F4951432
:100D900094F494F48CF494F494F494F494F494F41B
:100DA00094F494F49514951494F494F48CF48CF4D1
:100DB00095148D158D158D148D148D149514951411
:100DC000951494F494F494F4951494F494F494F4A1
:100DD00094F494F494F494F494F494F49514951491
:100DE0009514951495148CF48CF48D148CF48CF467
:100DF0008CF48CF48CF48CF48CF48CF48D148D14B1
:100E00008D148D148D148D14951495149534953579
:100E1000953595359D35953595359535953595149B
:100E20008D148D148D148D14951495359535953537
:100E30009555955595759575955595559D759D76D1
:100E40009D769D969D969D969DB69DD5B656DED770
:100E5000F718E675DE76C616ADB58D5384EFB5ECA2
:100E6000B5E9B5EBADCF95D52B2E130E032F032F80
:100E7000032F032F032F0B2F0B2F0B2F0AED126ABB
:100E80001A481A481A471A471A281A0712071A271F
:100E90001A281A271A271A071A271A281A071A2887
:100EA0001A281A281A271A271A271A271A271A2738
:100EB0001A271A271A471A471A271A271A481A48A8
:100EC0001A481A481A481A481A271A271A271A4875
:100ED0001A481A481A481A481A471A471A471A4706
:100EE0001A471A471A471A471A471A471A471A47FA
:100EF0001A471A471A471A471A471A481A481A2807
:100F00001A281A271A271A271A271A281A081A28F5
:100F10001A081A281A281A281A281A471A471A4784
:100F20001A471A471A471A471A471A471A471A48B8
:100F30001A481A481A071A281A281A071A071A07E5
:100F40006CD46CD474D474F474D474D47CF47CF401
:100F50007CF47CF47CF47CF47CF47CF47CF47CF411
:100F60007CF47CF47CF47CF47CF47CF47CF47CF401
:100F70007CF47CF474F474D474D474F474F474D481
:100F800074F474F46CF46CF46CF46CD474D474D4A1
:100F900074D474D474D474F474F474F474F474F471
:100FA00074F474F474D474F474F47CF47CF474D431
:100FB00074D474D474D474D474D474D474D474D4F1
:100FC0006CD46CD474D474D474D474F474F474F491
:100FD00074F474F474F474F474F47CF47CF47CF5B8
:100FE0007CF584F5851584F484F484F484F48CF41D
:100FF0008CF48CF48CF48CF48CF48CF48CF48CF4F1
:101000008CF48CF48CF48CF48CF48CF494F49514AF
:1010100094F48CF48CF48CF48CF48CF48CF48CF4C8
:101020008CF494F494F4951494F494F494F48CF46F
:10103000951495158D158D148D148D148D1495148E
:101040008CF494F48CF48CF48CF4951494F494F45F
:1010500094F494F494F494F494F494F4951495140E
:101060009514951495148CF48CF48CF48CF48CF405
:101070008CF48CF48CF48CF48CF48CF48D158D142D
:101080008D148D158D148D149514951495349535F6
:1010900095359535953595148D148D148D148D14C5
:1010A0008D148D148D148D148D348D358D3595558D
:1010B0009555955595759575957595759D759D760F
:1010C0009D769D769D75A5B69D95AE16D719EF397F
:1010D000F738E6B6DE76C616AD958D3384EFADED06
:1010E000B5EAB5ECA5CF95D52B4E130E032F032FE4
:1010F000032F032F032F032F0B0F0B2F0AED126A61
:1011000012481A481A471A481A271A2712071A07A4
:101110001A281A481A281A271A281A281A081A08E0
:101120001A071A281A281A271A271A271A271A27D5
:101130001A271A271A471A471A271A271A271A4846
:101140001A481A481A481A481A281A071A481A48F0
:101150001A481A281A281A481A471A471A471A47C3
:101160001A471A471A471A471A471A471A471A4777
:101170001A471A471A471A471A481A481A281A28A3
:101180001A281A281A281A271A271A281A281A2851
:101190001A071A081A271A281A481A481A471A4703
:1011A0001A471A471A471A471A471A471A481A4835
:1011B0001A481A281A271A071A281A281A271A2723
:1011C0006CD474D474D474F474F474F47CF47CF437
:1011D0007CF47CF474F47CF47CF47CF47CF47CF497
:1011E0007CF47CF47CF47CF47CF47CF47CF47CF47F
:1011F0007CF47CF474F474D474D474F474F474F4DF
:1012000074F474F474F474F474D474D474D474D41E
:1012100074D474D474F474F474F474F474F47CF4C6
:101220007CF47CF47CF47CF47CF47CF47CF474D466
:1012300074D474D474D474D474D474D474D46CD476
:101240006CD46CD46CD474D474D474D474F474D456
:1012500074F474F474F474F474F47CF47CF47CF436
:101260007CF47CF484F47CF484F484F484F48514B5
:101270008D148D148D148CF48CF48CF48CF48CF40B
:101280008CF48CF48CF48CF48CF48D1495149514EB
:1012900095148CF48CF48CF48CF495148CF48CF4FC
:1012A0008CF48CF49514951494F494F494F494F4CC
:1012B000951495159515951495148D148D149514F4
:1012C0008CF48CF48CF48CF48CF48CF48CF494F416
:1012D00094F494F494F494F48CF494F48CF48CF4E6
:1012E0008CF48CF48CF48CF48CF48CF48CF48CF4FE
:1012F0008D148CF48CF48CF48CF48CF48D158D148A
:101300008D148D148D148D148D149514953595357B
:101310009535953595148D148D148D14851485147B
:101320008514851485148D148D348D358D55955502
:101330009555955595559555955595759D759D75ED
:101340009D759D759D96A5B6A5B5BE36E739EF1876
:10135000F718DE75D656C616ADB58D347CEFADEDFB
:10136000B5EBB5EDA5D095D52B4E130E032F032F5E
:10137000032F032F032F032F0B2F0B0F0AED128BBD
:1013800012481A481A481A481A281A071A071A2718
:101390001A481A271A071A281A281A281A281A0760
:1013A0001A281A081A281A481A271A271A271A2731
:1013B0001A271A271A471A471A271A271A271A47C5
:1013C0001A471A481A481A281A281A071A271A27D1
:1013D0001A481A281A481A481A471A471A471A4721
:1013E0001A471A471A471A471A471A471A471A47F5
:1013F0001A471A471A471A471A481A481A481A2801
:101400001A481A281A071A271A071A281A271A0711
:101410001A281A071A071A281A481A481A471A4780
:101420001A471A471A471A481A481A471A481A48B0
:101430001A481A281A271A071A071A281A271A28C0
:101440006CD46CD474D474F474F474D474D474D42C
:101450007CF47CF47CF47CF47CF47CF47CF47CF40C
:101460007CF47CF47CF47CF47CF47CF47CF47CF4FC
:101470007CF47CF47CF474F474F474F474F474F414
:1014800074F474F474F474F474D474F474F474F43C
:1014900074F474F474F474F474F474F47CF47CF4FC
:1014A0007CF47CF47CF47CF47CF47CF47CF47CD4DC
:1014B00074D474D474D474D474F474D46CF46CD4BC
:1014C0006CD46CD46CD46CD46CD46CD474F474F4CC
:1014D00074D474D474F474F474F474F47CF47CF4FC
:1014E0007CF47CF47CF47CF484F484F484F485143B
:1014F00085148D148D148D148D148D148D148CF40D
:101500008CF48CF48CF48CF48CF48D148D148D1478
:101510008D1495149514951495148CF48CF48CF406
:101520008CF495149514951494F494F494F494F420
:1015300094F494F494F49514951495148D148D14D6
:101540008CF48CF48CF48CF58CF48CF494F494F48A
:1015500094F494F494F48CF48CF48CF48CF48CF473
:101560008CF48CF48CF48CF48CF48CF48CF48CF47B
:101570008D148D148CF48CF48CF48D158D158D14C4
:101580008D148D148D1495149514951495349535EA
:101590009535953595148D148D148D148D148D14E9
:1015A000851485148514851485148D358D559555B0
:1015B00095759575957595759575957595759D75D3
:1015C0009D759D959D969D96A595D6B8E739EF1981
:1015D000EEF7D634D696CE77ADB585347CF0ADEE49
:1015E000B5ECB5EDA5D095B5334E0B0E032F032FFB
:1015F000032F032F032F0B2F0B2F0B2F0B0E12CBB1
:1016000012481A481A271A481A481A271A071A2776
:101610001A481A2712071A271A481A281A281A28A5
:101620001A281A281A071A271A281A271A271A27CF
:101630001A271A271A271A271A271A271A271A4782
:101640001A471A481A481A481A271A281A071A272E
:101650001A281A481A481A481A471A471A471A479E
:101660001A471A471A471A471A471A471A471A4772
:101670001A471A471A471A471A471A471A471A2881
:101680001A481A281A071A281A271A481A48120735
:101690001A281A081A071A281A281A471A481A471D
:1016A0001A471A471A481A481A481A481A471A482D
:1016B0001A481A481A271A271A271A271A271A48BF
:1016C0006CD46CD474D474F474F474F474D474D48A
:1016D0007CF47CF47CF47CF47CF47CF47CF47CF48A
:1016E0007CF47CF47CF47CF47CF47CF47CF47CF47A
:1016F0007CF47CF47CF474F474F474F474F474F492
:1017000074F474F474F474F474F47CF47CF474F489
:101710007CF47CF47CF47CF47CF47CF47CF47CF449
:101720007CF47CF47CF47CF47CF47CF47CF47CD459
:1017300074D474D474F474F474F46CF46CF46CD4E1
:101740006CD46CD46CD46CD46CD46CD46CF474D471
:1017500074D474D474F474F474F474F47CF47CF479
:101760007CF47CF47CF47CF47CF484F4851485159E
:10177000851485148D148D148D148D148D148D1471
:101780008CF48CF48CF48CF48D148D148D148D14D5
:101790008D14951495149515951494F494F494F46B
:1017A00094F49514951495148CF494F494F494F49E
:1017B00094F494F494F494F4951495148D148D1475
:1017C0008CF48CF48CF58CF58CF58CF494F494F406
:1017D00094F494F494F48CF48CF48CF48CF48CF4F1
:1017E0008CF48CF48CF48CF48CF48CF48D148CF4D8
:1017F0008CF48CF48CF48CF48CF48D158D158D1484
:101800008D158D158D148D148D148D14951495349E
:101810008D348D348D148D148D148D148D148D1480
:10182000851485148514851485148D358D558D5535
:1018300095559575957595759575957595959D7550
:101840009D959D959D969D96A595C637E73AEF196E
:10185000EF18EF18E6F8BE16A5B57CF37CF0ADEEF8
:10186000B5CCB5CEA5D095D5334E0B0E032F032F97
:10187000032F032F032F032F0B2F0B2F0B0E12CC35
:1018800012491A481A481A481A481A271207120702
:101890001A271A281A0712071A071A481A281A2884
:1018A0001A281A281A071A071A271A281A271A078D
:1018B0001A071A071A271A271A271A271A271A2760
:1018C0001A281A481A271A481A271A281A271A27CC
:1018D0001A271A481A471A471A471A471A471A471F
:1018E0001A471A471A471A471A471A471A471A47F0
:1018F0001A471A471A471A471A471A471A471A48DF
:101900001A281A281A071A281A281A281A481A07E9
:101910001A281A071A071A071A281A481A481A47BB
:101920001A481A471A481A481A481A481A471A48A9
:101930001A481A481A481A271A271A271A271A471C
:101940006CD46CD474D474F474F474D474D474F407
:101950007CF47CF47CF47CF47CF47CF47CF47CF407
:101960007CF47CF47CF47CF47CF47CF47CF47CF4F7
:101970007CF47CF47CF474F474F474F474F474F40F
:1019800074F474F474F47CF47CF47CF47CF47CF4EF
:101990007CF57CF47CF47CF47CF47CF47CF47CF4C6
:1019A0007CF47CF47CF47CF47CF47CF47CF47CF4B7
:1019B00074D474F474F474F474F46CF46CF46CD43F
:1019C0006CD46CD46CD46CD46CD46CD474D474D407
:1019D00074D474D474F474F474F474F47CF47CF4F7
:1019E0007CF47CF47CF47CF47CF47CF484F4851446
:1019F000851484F484F484F484F485148D148D1493
:101A00008CF48CF48CF48CF48CF48D148D148D1473
:101A10008CF49514951495149514951495149514A7
:101A2000951494F48CF495148CF48CF494F494F44C
:101A300094F494F494F49514951495148D148D14D1
:101A40008CF48CF48CF48CF59515951494F494F432
:101A500094F494F494F48CF48CF48CF48CF48CF46E
:101A60008CF48CF48CF48CF48CF48D148D148CF434
:101A70008CF48CF48D148D148D158D158D158D159C
:101A80008D158D148D148D158D158D148D148D144B
:101A90008D148D148D148D148D148D148D148D143E
:101AA0008514851485148514851485148D558D55DC
:101AB00095559575957595759575957595959D95AE
:101AC0009D969D969D969D96A595A595BE37DEF90A
:101AD000EF39EF39E6F9B5D5A5B67CF37CD0A5CFC3
:101AE000ADCDADCEA5D195D52B4E0B0E032F032F2B
:101AF000032F032F032F032F0B2F0B2F130E12ABCC
:101B000012491A481A481A481A481A481A27120736
:101B10001A271A281A281A071A071A071A281A2819
:101B20001A281A271A2711E61A071A281A281A0734
:101B30001A2711E619E71A271A271A071A071A2867
:101B40001A281A481A481A271A271A271A271A274A
:101B50001A271A471A471A471A471A471A471A479D
:101B60001A471A471A471A471A471A471A471A476D
:101B70001A471A471A471A471A471A471A471A485C
:101B80001A281A281A071A281A281A271A281A2768
:101B90001A271A271A071A2722481A281A271A4812
:101BA0001A471A471A471A481A481A471A481A4829
:101BB0001A281A481A481A281A271A271A271A47B9
:101BC0006CD46CD474D474F474D474F474D474F485
:101BD0007CF47CF47CF47CF47CF47CF47CF47CF485
:101BE0007CF47CF47CF47CF47CF47CF47CF47CF475
:101BF0007CF47CF47CF474F474F474F474F47CF485
:101C00007CF47CF47CF47CF47CF47CF47CF47CF553
:101C10007CF57CF57CF47CF47CF47CF47CF47CF442
:101C20007CF47CF47CF47CF47CF47CF47CF47CF434
:101C300074D474F474F474F474F46CD46CF46CD4DC
:101C40006CD46CD46CD474D474D474D474D474D46C
:101C500074D474D47CF47CF47CF47CF47CF47CF454
:101C60007CF47CF47CF47CF47CF47CF484F48514C3
:101C700084F48514851484F484F485148D148D14EF
:101C80008D148CF48CF48CF48CF48D148D148CF4F1
:101C90008CF4951495149514951495149514951425
:101CA00095148CF48CF48D148CF48CF48CF48CF4EA
:101CB0008CF48CF49514951495148D148D148D1446
:101CC0008CF48CF48CF48CF495159514951494F490
:101CD00094F494F494F48CF48D148CF48D148CF4AA
:101CE0008CF48CF48CF48CF48CF48D148D1484F4BA
:101CF00084F484F48CF484F484F484F48D148D15C9
:101D00008D148D148D148D148D148D148D148D14CB
:101D10008D148D148D148D148D148D148D148D14BB
:101D20008514851485148514851485358D558D5538
:101D30008D558D5595558D558D54955595759D960B
:101D40009D969D969D969D969D96A595A595AD94DF
:101D5000DEF9DEF9C636ADD69DB674F474D0A5CFE3
:101D6000ADCDADCFA5D195D52B4E0B0E032F032FA7
:101D7000032F032F032F032F0B2F0B2F12ED126AAC
:101D800012481A481A471A481A481A481A471A276E
:101D90001A271A271A281A071A071A071A071A07DA
:101DA0001A271A271A27120712071A281A271A277A
:101DB0001A271A0719E71A071A271A071A071A28DB
:101DC0001A281A281A481A471A271A2812071A27EF
:101DD0001A271A471A471A471A471A471A471A471B
:101DE0001A471A471A471A471A471A471A471A47EB
:101DF0001A471A471A471A471A471A471A271A48FA
:101E00001A481A281A071A281A281A271A271A28C5
:101E10001A071A281A071A0722281A481A281A48CD
:101E20001A471A471A471A471A471A471A481A48A8
:101E30001A271A271A281A281A271A271A271A4877
:101E40006CD46CD46CD474D474F474F474F474F4EA
:101E50007CF47CF47CF47CF47CF47CF47CF47CF402
:101E60007CF47CF47CF47CF47CF47CF47CF47CF4F2
:101E70007CF47CF47CF47CF47CF47CF47CF47CF4E2
:101E80007CF47CF47CF47CF47CF47CF57CF57CF5CF
:101E90007CF57CF57CF57CF47CF47CF47CF47CF4BF
:101EA0007CF47CF47CF47CF47CF47CF474F474F4C2
:101EB00074F474F474F474D474D474D474D46CD48A
:101EC0006CD46CD474D474D474D474D474D474F4C2
:101ED00074F47CF47CF47CF47CF47CF47CF47CF48A
:101EE0007CF47CF47CF47CF47CF47CF47CF484F46A
:101EF00084F484F484F484F48514851485148D1595
:101F00008D148D148CF48CF48CF48D148D148CF44D
:101F10008CF48CF48CF48D148CF48CF48CF48CF4A0
:101F20008CF48D148D148D148D148D148D148D14CA
:101F30008D148D148D148D148D148CF48CF48CF4FC
:101F40008D148D148D148D148CF48CF48CF48CF40D
:101F50008CF48CF48CF48CF48CF48CF48D148CF460
:101F60008CF48CF48CF48CF48CF58D158D15851413
:101F70008514851484F484F484F48CF48D148D1405
:101F80008D148D148D148D148D148D148D148D1449
:101F90008D148D148D148D148D148D148D148D1439
:101FA0008D1485148514851485148D558D558D5586
:101FB0008D558D348D558D558D5595559D969D9688
:101FC0009D969D969D969D969D969D969D95A57593
:101FD000ADB5A595A595A5969DD774F46CB1A5D082
:101FE000ADCEADCFADF295B5334E0B0E032F032F13
:101FF000032F032F032F032F0B2F0B0F130D126A29
:102000001A481A481A471A471A481A471A471A47C5
:102010001A471A481A281A271A071A071A071A07F6
:102020001A071A271A281A271A071A271A271A27E7
:102030001A271A271A071A071A071A071A071A2837
:102040001A281A281A281A481A271A281A271A2763
:102050001A271A471A271A471A471A471A471A47B8
:102060001A471A471A471A471A471A471A471A4768
:102070001A471A471A471A471A471A471A471A4857
:102080001A481A481A271A271A271A271A281A2804
:102090001A071A271A071A071A071A271A281A4896
:1020A0001A471A471A471A471A471A471A471A4827
:1020B0001A271A271A271A271A481A471A481A4895
:1020C0006CD46CD46CD474D474F474F474F474F468
:1020D0007CF47CF47CF47CF47CF47CF47CF47CF480
:1020E0007CF47CF47CF47CF47CF47CF47CF47CF470
:1020F0007CF47CF47CF47CF47CF47CF47CF47CF460
:102100007CF47CF47CF47CF47CF57CF57CF57CF54B
:102110007CF57CF57CF57CF57CF47CF47CF47CF43B
:102120007CF47CF47CF47CF47CF47CF474F474F43F
:1021300074F474D474D474F474D474D474D46CD427
:102140006CD474D474D474D474D474D474D474F437
:1021500074F47CF47CD47CD47CF47CF47CF47CF447
:102160007CF47CF47CF47CF47CF47CF47CF484F4E7
:1021700084F484F484F585158514851585158515F5
:102180008D158D148D148CF48D148D148D148D1467
:102190008CF48CF48CF48D148D148CF48CF48CF4FD
:1021A0008D148D148D148D148D148D148D148D1427
:1021B0008D148D148D148D148D148CF48CF48CF47A
:1021C0008D148D148D1495158CF48CF48CF48CF482
:1021D0008D148CF48CF48CF48CF48D148D158CF49B
:1021E0008CF48CF48CF48CF58D158D158515851477
:1021F0008514851484F484F484F48CF48D148D1582
:102200008D158D148D148D148D148D148D148D14C5
:102210008D148D148D148D148D148D148D148D14B6
:102220008D148D148514851484F4851485148514F7
:102230008514853485358D558D5595769D969D965D
:102240009D769D969D969D969D969D969D969D9616
:10225000A5969D959D96A5B69DD774F46C91959085
:10226000A5CFADCFAE3395D5334E0B0E032F032F35
:10227000032F032F032F032F0B2F0B0E0AAC126912
:102280001A481A481A471A471A471A471A471A4744
:102290001A271A471A281A271A071A071A071A0795
:1022A0001A071A071A281A481A281A271A271A2842
:1022B0001A281A271A071A071A071A271A271A2874
:1022C0001A271A271A281A481A071A271A281A2703
:1022D0001A271A471A471A471A471A471A471A4716
:1022E0001A471A471A471A471A471A471A471A47E6
:1022F0001A471A471A471A471A471A471A471A47D6
:102300001A471A471A471A271A071A271A281A2883
:102310001A071A271A071A071A071A271A071A2854
:102320001A481A471A471A271A471A471A471A47C4
:102330001A481A481A271A271A481A471A481A48D0
:102340006CD46CD46CD474D474F474F474F474F4E5
:102350007CF47CF47CF47CF47CF47CF47CF47CF4FD
:102360007CF47CF47CF47CF47CF47CF47CF47CF4ED
:102370007CF47CF47CF47CF47CF47CF47CF47CF4DD
:102380007CF47CF57CF57CF57CF57CF57CF57CF5C6
:102390007CF57CF57CF57CF57CF57CF47CF47CF4B8
:1023A0007CF47CF47CF47CF47CF47CF47CF474F4B5
:1023B00074F474D474D474D474D474D474D474D4BD
:1023C00074D474D474D474F474F474F474D474F44D
:1023D00074F47CF47CF47CF47CF47CF47CF47CF485
:1023E0007CF47CF57CF57CF47CF47CF484F484F45B
:1023F00084F484F484F584F5851585148514851496
:1024000084F48CF48CF48CF48CF48D148D148CF492
:102410008CF48D148D148D148D148D148D148D14D5
:102420008D148D148D148D148D148D148D148D14A4
:102430008D148D148D148CF48CF48CF48CF48CF439
:102440008D158D148D148D148CF48CF48CF48CF407
:102450008CF48CF48CF48CF48D148D148D148CF419
:102460008CF48CF48D148D158D15851585158514BA
:1024700085148514851484F485148D148D158D159B
:102480008D158D158D148D148D148D148D148D1442
:102490008D148D148D148D148D148D148D148D1434
:1024A0008D1485148514851485148515851485145B
:1024B0008514853485358D55957595769D769D76F3
:1024C0009D769D969D969D969D969D769D969D96B4
:1024D0009D969D959D96A596A5B7751564B28D5050
:1024E000A5D0A5D0A5D29DF6334E0B0E032F030F1A
:1024F000032F032F032F032F0B2F0B0E0AAC1249B0
:102500001A481A481A471A481A471A471A471A47C0
:102510001A471A471A271A281A271A071A071A07D2
:102520001A071A071A071A281A481A271A281A28DF
:102530001A281A281A071A071A271A271A271A28D0
:102540001A071A071A271A271A281A071A281A28E0
:102550001A271A481A481A471A471A471A471A4791
:102560001A471A471A471A471A471A471A471A4763
:102570001A471A471A471A471A471A471A471A4753
:102580001A471A471A281A281A071A271A281A281F
:102590001A271A071A0819E71A0722281A071A28E9
:1025A0001A281A481A481A471A271A471A471A2780
:1025B0001A471A481A271A271A481A481A471A286F
:1025C0006CD46CD46CD474D474F474F474F474F463
:1025D0007CF47CF47CF47CF47CF47CF47CF47CF47B
:1025E0007CF47CF47CF47CF47CF47CF47CF47CF46B
:1025F0007CF47CF47CF47CF47CF47CF47CF47CF45B
:102600007CF47CF47D157CF47CF47D157D157D15C2
:102610007CF57CF57CF57CF57CF57CF47CF47CF534
:102620007CF47CF47CF47CF47CF47CF47CF474F432
:1026300074D474D474D474D474D474D474D474D45A
:1026400074D474D474F474F474F474F474F474F48A
:102650007CF47CF47CF47CF47CF47CF47CF47CF4FA
:102660007CF47CF57CF57CF47CF47CF484F484F4D8
:1026700084F484F484F584F584F484F484F484F498
:1026800084F484F48CF48CF48CF48CF48CF48CF45A
:102690008CF48D148D148D148D148D148D148D1453
:1026A0008D148D148D148D148D148D148D148D1422
:1026B0008D148D148D148CF48CF48CF48CF48CF4B7
:1026C0008D158D148D148CF48CF48CF48CF48CF4A6
:1026D0008CF48CF48CF48CF48CF48CF48CF48CF4FA
:1026E0008CF48D148D148D15851585148515851420
:1026F00085148514851485148CF48D148D148D1512
:102700008D158D158D148D148D148D148D148D14BF
:102710008D148D148D158D148D148D148D148D14B0
:102720008D14851484F485148515851585158514F7
:102730008514851585358D55957695759D759D7690
:102740009D759D769D969D969D969D969D969D9632
:102750009D969D96A5769D14A5777D1564927D1115
:102760009DF29DB19DB2A637334E0B0E032F032F62
:10277000032F030F032F0B300B2F0B0E12CC12491C
:102780001A481A481A471A471A471A471A471A473F
:102790001A471A271A281A281A281A481A281A28EB
:1027A0001A271A071A071A281A281A281A281A285C
:1027B0001A281A071A071A071A271A281A271A276F
:1027C0001A271A071A071A271A281A071A271A285F
:1027D0001A281A481A471A471A471A471A471A470F
:1027E0001A471A471A471A471A471A471A471A47E1
:1027F0001A471A471A471A471A481A471A471A47D0
:102800001A471A471A281A481A071A271A271A485D
:102810001A281A07222819E71A0722281A071A273E
:102820001A281A481A471A471A471A471A471A47BE
:102830001A271A471A481A481A481A481A471A47AC
:102840006CD46CD46CD474D474F474F474F474F4E0
:102850007CF47CF47CF47CF47CF47CF47CF47CF4F8
:102860007CF47CF47CF47CF47CF47CF47CF47CF4E8
:102870007CF47CF47CF47CF47CF47CF47CF47CF4D8
:102880007CF47CF47CF47CF47CF47CF47CF57CF5C6
:102890007CF57CF57CF47CF47CF57CF57CF57CF5B2
:1028A0007CF47CF47CF47CF47CF47CF474F474D4D8
:1028B00074D474D474D474D474F474F474F474F458
:1028C00074F474F474F47CF47CF47CF47CF47CF4A0
:1028D0007CF47CF47CF47CF47CF47CF47CF47CF478
:1028E0007CF47CF47CF47CF47CF47CF47CF484F460
:1028F00084F484F484F584F484F484F484F484F417
:1029000084F484F484F48D158CF48CF48CF48CF4BD
:102910008CF48D148CF48CF48CF48D148D148CF454
:102920008D148D148D148D148D148D148D148D149F
:102930008D148CF48CF48CF48D148D148D148D14F2
:102940008D148D158D158D148D148D148D148D147D
:102950008CF48CF48CF48CF48CF48CF48CF48CF477
:102960008D158D158515851485148514851485148C
:102970008514851485148D148D148D148D148D1467
:102980008D148D148D148D148D148D148D148D143F
:102990008D148D148D148D148D148D148D148D142F
:1029A0008D148D1485158515851585158515851549
:1029B0008515853585358D359575957695769D7614
:1029C0009D769D759D759D769D769D969D969D9512
:1029D0009D95A576A5559CD3A5777D1564B3649088
:1029E00095929DB19DB29DF63B6E130E032F032F62
:1029F000032F032F032F032F0B0F0B0E12CC126983
:102A00001A481A471A471A471A471A471A471A47BD
:102A10001A271A471A481A281A281A071A271A288A
:102A20001A271A271A271A271A481A281A281A079B
:102A30001A081A0719E71A071A271A271A281A272D
:102A40001A271A071A071A281A281A281A071A27DB
:102A50001A071A481A471A471A471A471A471A47AD
:102A60001A471A471A471A471A471A471A471A475E
:102A70001A471A471A471A471A471A471A471A474E
:102A80001A471A471A481A281A281A271A481A4899
:102A90001A281A07222819E719E71A071A071A0726
:102AA0001A071A281A271A471A471A471A471A479D
:102AB0001A271A271A271A481A481A471A471A476C
:102AC0006CD46CD46CD474D474F474F474F474F45E
:102AD0007CF47CF47CF47CF47CF47CF47CF47CF476
:102AE0007CF47CF47CF47CF47CF47CF47CF47CF466
:102AF0007CF47CF47CF47CF47CF47CF47CF47CF555
:102B00007CF47CF47CF47CF47CF47CF47CF57D1522
:102B10007D157CF47CF47CF47CF57CF57CF57CF50F
:102B20007CF47CF47CF47CF47CF47CF47CF474D44D
:102B300074D474D474D474F474F474F474F474F4B5
:102B40007CF47CF474F47CF47CF47CF47CF47CF40D
:102B50007CF47CF47CF47CF47CF47CF47CF47CF4F5
:102B60007CF57CF57CF57CF57D157D147D147CF47D
:102B700084F484F584F584F484F484F484F484F493
:102B800084F484F484F48D158D158CF48CF48CF419
:102B90008CF48D148D148CF48CF48CF48CF48CF4F3
:102BA0008CF48CF48CF48CF48CF48CF48CF48CF425
:102BB0008CF48CF48CF48CF48D148D148D148D1491
:102BC0008D148D158D158D148D148D148D148D14FB
:102BD0008CF48CF48CF48CF48CF48CF48CF48CF4F5
:102BE00084F48514851484F484F484F484F48514C2
:102BF0008514851485148D148D148D148D148D14E5
:102C00008D148D148D148CF48D148D148D148D14DD
:102C10008D148D148D148D158D158D148D148D14AA
:102C20008D148515851584F47CF47CF47D1585154B
:102C30008515853585358D358D55957695769D9699
:102C40009D769D969D969D969D969D969D959D950E
:102C50009D75A555A5149CB3A556853664936491BE
:102C60007D1295B195719DD63B6E130E032F030F08
:102C7000032F032F032F032F0B2F0ACD12AB124963
:102C80001A481A471A471A471A471A471A471A473B
:102C90001A471A471A481A281A281A071A071A2709
:102CA0001A271A471A271A271A481A481A281A07D9
:102CB0001A071A281A071A071A281A271A271A276A
:102CC0001A281A0711E71A081A281A281A281A07A0
:102CD00012071A481A481A471A471A471A471A4732
:102CE0001A471A471A471A471A471A471A471A47DC
:102CF0001A471A471A471A471A471A481A481A47CA
:102D00001A471A471A481A281A281A271A481A2836
:102D10001A281A081A081A0719E71A071A071A07A9
:102D200019E71A271A271A271A471A471A471A475C
:102D30001A471A471A471A471A471A471A471A478B
:102D40006CD46CD46CD474F474F474F474D474F4DB
:102D50007CF47CF47CF47CF47CF47CF47CF47CF4F3
:102D60007CF47CF47CF47CF47CF47CF47CF47CF4E3
:102D70007CF47CF47CF47CF47CF47CF47CF47CF5D2
:102D80007CF47CF47CF47CF47CF47CF57CF57CF5C0
:102D90007CF57CF57CF47CF47CF57CF57CF57CF5AD
:102DA0007CF47CF47CF47CF47CF47CF47CF474D4CB
:102DB00074D474D474D47CF47CF47CF47CF47CF40B
:102DC0007CF47CF57CF57CF47CF47CF47CF47CF481
:102DD0007CF47CF47CF57CF47CF47CF47CF57CF570
:102DE0007CF57CF57CF57CF585157D147D1484F4EB
:102DF00084F4851584F584F484F484F484F484F4F0
:102E000084F484F485148D158D158CF48CF48CF475
:102E10008D148D148D148CF48CF48CF48CF48CF44F
:102E20008CF48CF48D148CF48CF48CF48CF48CF481
:102E30008CF48CF48CF48CF48D148D148D148D140E
:102E40008D158D158D158D148D158D148D148D1476
:102E50008CF48CF48D148CF48CF48CF48CF4851438
:102E600085148514851484F4851484F484F48514FD
:102E7000851485148514851485148D148D148D1472
:102E80008D148D148D148D148D148D148D148D143A
:102E90008D148D148D158D358D158D148D148D1506
:102EA000851585157CF47CF47CF47CF57D15851501
:102EB0008515851485158D358D358D5595759576CA
:102EC0009D769D769D769D769D769D969D959D950C
:102ED000A575A4D4A493A492AD359D976C9364B2C8
:102EE0007D5395B295719DF63B4E12EE030F030F85
:102EF000032F032F0B0F030F0B0E0AAB126912489F
:102F00001A481A481A471A471A471A471A471A47B7
:102F10001A471A471A481A281A281A281A071A0785
:102F20001A071A271A271A271A481A481A281A2875
:102F30001A071A071A281A071A071A271A281A47E7
:102F40001A281A271A071A071A281A281A281A28B4
:102F50001A071A271A481A481A471A471A471A47C7
:102F60001A471A471A471A471A471A471A471A4759
:102F70001A471A471A471A471A481A481A481A4845
:102F80001A471A471A481A281A281A071A281A28F4
:102F90001A281A2819E71A0719E719E71A0719E76B
:102FA00019E71A071A271A471A471A471A271A47FA
:102FB0001A471A471A271A471A471A471A471A4729
:102FC0006CD46CF46CF474F474F474F474D474D439
:102FD0007CF47CF47CF47CF47CF47CF47CF47CF471
:102FE0007CF47CF47CF47CF47CF47CF47CF47CF461
:102FF0007CF47CF47CF47CF47CF47CF57CF57CF44F
:103000007CF47CF47CF47CF47CF47CF57CF57CF53D
:103010007CF57CF57CF47CF47CF47CF47CF47CF42E
:103020007CF47CF47CF47CF47CF47CF47CF47CF420
:1030300074F474F474F47CF47CF47CF47CF47CF428
:103040007CF47CF57CF57CF47CF47CF47CF47CF4FE
:103050007CF47CF57CF57CF57CF57CF47CF47CF4EC
:103060007CF47CF47CF47CF47D157D14851485144B
:1030700084F4851584F585158515851485148515C5
:1030800085148515851484F48D158D148D148D1477
:103090008D148D148D148D148D148CF48CF48CF48B
:1030A0008CF48CF48D148CF48CF48CF48CF48CF4FF
:1030B0008CF48CF48CF48CF48D148D148D148D148C
:1030C0008CF48CF48CF48D158D158D148D148D1459
:1030D0008CF48CF48CF48CF48CF48CF485148514BE
:1030E00085158515851584F484F484F484F4851598
:1030F0008515851585148514851485148D148D14F6
:103100008D148D148D148D148D148D148D148D14B7
:103110008D148D148D148D158D148D1485148514B6
:1031200084F57CF57CF57CF47CF47CF47D158515C8
:103130007D148514851585158D358D358D559576C0
:103140009D969D969D969D769D759D959D759D756B
:10315000AD76ACD4AC73A492B555A5B774B364B3D3
:103160007D3495B28D71A6363B6E12EE030F030FC0
:10317000030F030F030F0B0F130E128B12491A4884
:103180001A481A481A271A471A471A471A471A4755
:103190001A471A471A481A281A281A281A281A07E2
:1031A00011E712071A271A271A481A481A281A0765
:1031B0001A281A281A271A481A071A071A471A47E4
:1031C0001A481A281A281A081A081A281A281A0730
:1031D0001A281A071A481A481A471A471A471A4744
:1031E0001A471A471A471A471A471A471A471A47D7
:1031F0001A471A471A471A471A481A481A481A48C3
:103200001A471A471A481A281A281A071A281A2871
:103210001A281A2819E719E719E719E71A0719E709
:1032200019E719E71A071A271A271A471A271A2718
:103230001A481A471A471A471A471A471A471A4785
:103240006CD46CD474D474F474F474F474D474F4CE
:103250007CF47CF47CF47CF47CF47CF47CF47CF4EE
:103260007CF47CF47CF47CF47CF47CF47CF47CF4DE
:103270007CF47CF47CF47CF47CF47CF57CF47CF4CD
:103280007CF47CF47CF47CF47CF47CF47CF57CF5BC
:103290007CF47CF47CF47CF47CF47CF47CF47CF4AE
:1032A0007CF47CF47CF47CF47CF47CF47CF47CF49E
:1032B0007CF47CF47CF47CF47CF47CF47CF47CF48E
:1032C0007CF47CF47CF47CF47CF47CF47CF57CF57C
:1032D0007CF57CF57CF57CF57CF57CF57CF57CF566
:1032E0007CF47CF47CF47CF47D147D1485148514CA
:1032F000851484F484F48515851585158515851543
:103300008514851484F4851485148D158D158D15FB
:103310008D15851585158D158CF48CF48CF48CF435
:103320008CF48CF48CF48D148D148CF48CF48CF45B
:103330008CF48CF48CF48D148D148D148D148D14E8
:103340008CF48D148D148D148D148D148D148D1496
:103350008CF48CF584F48CF485148514851485150F
:1033600085158515851485147CF47CF484F5851504
:103370008515851585158514851485148D148D1472
:103380008D148D148D148D148D148D148D148D1435
:10339000851485148D148D14853585147CF47CF486
:1033A0007CF47CF47CF47CF47CF47CF47CF47D147C
:1033B0007D1485158515853585358D558D55957506
:1033C000957695969D969D959D959D959D75A575D2
:1033D000A535A493A472A492B575A5B6855564933A
:1033E00064B27D329593B678438E12EE030F030FCD
:1033F000030F030F030F0B0F0AED126A1A481A4846
:103400001A481A471A471A471A471A471A471A47B3
:103410001A471A471A481A271A071A071A281A2881
:103420001A271A071A271A471A471A271A481A2753
:103430001A071A281A271A271A2812071A271A47AA
:103440001A481A481A481A281A281A281A281A072D
:103450001A071A071A071A481A471A471A471A4723
:103460001A471A471A471A471A471A471A471A4754
:103470001A471A471A471A471A471A481A481A4742
:103480001A471A471A481A281A281A281A281A28CE
:103490001A071A0719E71A071A0719E61A071A0767
:1034A00019E719E71A071A271A471A271A271A2796
:1034B0001A271A271A271A471A471A471A471A4764
:1034C0006CD46CD474D474F474F474F474D474D46C
:1034D0007CF47CF47CF47CF47CF47CF47CF47CF46C
:1034E0007CF47CF47CF47CF47CF47CF47CF47CF45C
:1034F0007CF47CF47CF47CF57CF57D157CF47CF428
:103500007CF47CF47CF47CF47CF47CF57CF47CF43A
:103510007CF47CF47CF47CF47CF47CF47CF47CF42B
:103520007CF47CF47CF47CF47CF47CF47CF47CF41B
:103530007CF47CF47CF47CF47CF47CF47D157CF5E8
:103540007CF57CF57CF47CF47CF47CF57CF57CF5F6
:103550007CF57CF57CF57D157CF57CF57CF57CF5C2
:103560007CF47CF47CF47CF47D148514851485143F
:10357000851585148514851585158515851585157D
:103580008514851484F4851484F48514851484F4D6
:10359000851485158515851484F48CF48CF48D14AC
:1035A0008D148D148D148D148D148D148D148D1413
:1035B0008CF48CF48CF48D148D148D148D148D1466
:1035C0008D148D148D158D148D148D148D148514FA
:1035D00085148515851584F484F485148514851562
:1035E00085158515851585157D157CF47D15851545
:1035F00085158515851485148514851485158D14F8
:103600008D148D148D148D148D148D1485148514C2
:1036100085148514851485147CF47CF47CF47CF486
:103620007D147CF47CF47CF47CF47D147D147D1496
:103630007D147D1585158535853585358D558D55DB
:103640008D759596959695959D969D95A576A5557E
:103650009CF49C73A472A492B596ADB695976494AD
:1036600064936CB095B3AE78436E12EE0B0F0B0FF4
:103670000B0F030F0B0F0B0F0AED126A1A481A48B3
:103680001A471A471A471A471A471A471A471A4732
:103690001A471A471A471A271A2719E71A071A2822
:1036A0001A2722481A281A271A271A481A271A28C6
:1036B0001A271A281A281A271A271A271A271A47E0
:1036C0001A471A481A481A281A281A281A071A28AC
:1036D0001A281A071A271A481A471A471A471A4760
:1036E0001A471A471A471A471A471A471A471A47D2
:1036F0001A471A471A471A471A471A471A471A47C2
:103700001A471A471A281A281A281A281A281A286B
:103710001A071A071A071A071A071A071A0719E7C2
:1037200019E71A071A071A271A271A271A271A2712
:103730001A071A271A471A471A471A471A471A47E1
:103740006CD46CD474D474D474F474F474F474F4C9
:103750007CF47CF47CF47CF47CF47CF47CF47CF4E9
:103760007CF47CF47CF47CF47CF47CF47CF47CF4D9
:103770007CF47CF47CF47CF57CF47D147CF47CF4A7
:103780007CF47CF47CF47CF47CF57CF57CF47CF4B7
:103790007CF57D157CF47CF47CF47CF47CF47CF486
:1037A0007CF47CF47CF47CF47CF47CF47CF47CF499
:1037B0007CF47CF47CF47CF57CF57CF57D157D1542
:1037C0007D157D157D157CF47CF57CF57CF57CF50F
:1037D0007CF57CF57CF57CF57CF57D157D157D15FE
:1037E0007D157D157D157D157CF485157D1485145D
:1037F00085158514851585158515851585158515FA
:10380000851484F484F484F484F484F484F484F4D7
:1038100084F485158515851485148CF48CF48CF44A
:103820008D158D158D158D158D158D158D158D1588
:103830008D158CF58CF58D148D148D148D148D14BF
:10384000851484F484F484F484F484F48514851455
:1038500085148514851484F484F484F484F4851424
:103860008515851585157D157D157D157D158515A8
:10387000851584F4851585148514851485158D1496
:103880008D148D148D158D148D158D15851485143D
:1038900085147CF47CF47CF47CF47CF47D147CF45E
:1038A0007CF47CF47CF47CF47CF47D147D147D1435
:1038B0007D157D157D147D158515853585358D55D1
:1038C0008D558D559576959695759D769D5594B3A8
:1038D00094739C739C52B514DEBAAD969DB764B4D4
:1038E0005C72540E9594AE374B6E130E0B300B304A
:1038F0000B300B2F0B2F0B0F0AEE0A6A12491A48D6
:103900001A471A481A271A471A471A471A471A47CE
:103910001A471A471A481A271A281A071A071A287C
:103920001A071A271A281A281A281A281A281A07CA
:103930001A271A281A271A271A271A271A271A475E
:103940001A271A271A281A481A281A281A071A078B
:103950001A281A081A071A281A471A471A471A471C
:103960001A471A471A471A471A471A471A471A474F
:103970001A471A471A471A471A471A471A471A473F
:103980001A471A471A281A281A271A281A281A28EA
:103990001A0711E61A071A071A071A0719E71A076A
:1039A0001A071A281A281A271A271A271A271A272D
:1039B0001A271A271A471A471A471A471A471A473F
:1039C0006CD46CD474F474F474F474D474F47CF41F
:1039D0007CF47CF47CF47CF47CF47CF47CF47CF467
:1039E0007CF47CF47CF47CF47CF47CF47CF47CF457
:1039F0007CF47CF47CF47CF57CF47D147D147CF404
:103A00007CF47CF47CF47CF47CF57CF57CF57CF433
:103A10007CF47D157D157CF47CF47CF47CF47CF4E2
:103A20007CF47CF47CF47CF47CF47CF47CF47CF416
:103A30007CF47CF47CF47CF57CF57CF57CF47CF502
:103A40007CF57CF57CF57CF57CF57CF57CF47CF5EF
:103A50007CF57CF57CF57CF57CF57CF57CF57CF4DF
:103A60007CF47CF47CF47CF47CF47CF47D1485148C
:103A70008515851585158515851585158515851576
:103A80008515851485148515851484F484F484F4CF
:103A900084F484F4851484F484F484F484F484F445
:103AA000851585158515851585158514851484F46A
:103AB0008CF48CF48CF58CF584F4851485148514C1
:103AC00084F484F484F484F485148514851484F4D3
:103AD00084F48514851484F484F4851485157CF4A9
:103AE0007CF47CF47CF485157CF47CF57D157D14E8
:103AF000851584F48514851485148515851585141C
:103B0000851485148D1585158515851584F484F423
:103B10007CF47CF47CF47CF47CF47514751474F4FB
:103B20007CF47CF47CF47CF47CF47D157D147CF4D2
:103B30007CF474F47CF47D148515853585358535E4
:103B40008D558D558D758D5595559D7694F4949321
:103B50009C739C739C73ACF3E6FAB5D69DB76CB4BA
:103B60005C72540E95B4AE384B8E130E0B2F0B2F88
:103B70000B2F0B2F0B2F0B2F0B0E12AB12691A48AA
:103B80001A481A471A471A471A471A471A471A472C
:103B90001A471A471A481A281A281A281A071A27D9
:103BA0001A281A071A281A281A281A271A481A2708
:103BB00012071A281A271A271A271A271A271A2724
:103BC0001A271A271A281A281A481A281A271A07E9
:103BD0001A071A281A281A271A471A471A471A477B
:103BE0001A471A471A471A471A471A471A471A47CD
:103BF0001A471A471A471A471A471A471A471A47BD
:103C00001A471A471A281A271A071A281A271A2889
:103C10001A2819E71A071A071A071A281A281A273A
:103C20001A281A281A271A271A271A271A271A2889
:103C30001A271A271A271A471A471A471A471A47DC
:103C40006CD46CF474F474F474F474F474F474F464
:103C50007CF47CF47CF47CF47CF47CF47CF47CF4E4
:103C60007CF47CF47CF47CF47CF47CF47CF47CF4D4
:103C70007CF47CF47CF47CF57CF47D147D147D1460
:103C80007CF47CF47CF47CF47CF47CF57CF57CF5B1
:103C90007CF47D157D157CF47CF47CF47CF47CF460
:103CA0007CF47CF47CF47CF47CF47CF47CF47CF494
:103CB0007CF47CF57CF57D157D157D157D157CF4FA
:103CC0007CF57CF57CF57CF57CF57CF47CF47CF46F
:103CD0007CF57CF57CF57CF57CF57CF57CF47CF45E
:103CE0007CF47CF47CF47CF47CF47CF47D147D1412
:103CF0007D147D147CF47CF47CF485148515851585
:103D000085158515851585158514851485148514E7
:103D1000851484F484F484F484F484F484F484F4C2
:103D200085148515851585158514851485148514C8
:103D3000851484F584F585158515851485148514F9
:103D400084F484F484F484F484F484F48514851471
:103D5000851484F484F484F48514851485157D1405
:103D60007CF47CF47CF485157CF57CF47D147CF487
:103D70007CF484F484F485148514851585158515E3
:103D8000851585358515851585147CF47D147CF4A1
:103D90007D147D1474F474F475147514751474F42E
:103DA0007CF47CF47CF47D147D147D1474F474D460
:103DB00074D474F47D157D147D3485358535853551
:103DC00085358D558D558D5595769D359493949368
:103DD0009C939C73A472E699EF1AADB5A5D76CD4E9
:103DE0006492540E8DB4BE994B8E130E0B2F0B2F75
:103DF0000B2F0B2F0B2F0B2F0B0E12ED128A1A48C5
:103E00001A471A471A471A471A471A471A471A47AA
:103E10001A471A471A471A481A271A071A281A2738
:103E20001A481A271A271A281A271A071A071A28A7
:103E300019E71A0722271A071A271A271A271A47D3
:103E40001A271A071A071A271A271A281A281A27A8
:103E50001A071A271A271A271A471A471A471A47FA
:103E60001A471A471A471A471A471A471A471A474A
:103E70001A471A471A471A471A471A471A471A473A
:103E80001A471A271A481A071A071A271A271A2729
:103E90001A281A0719E71A271A071A281A271A2799
:103EA0001A271A271A271A271A471A471A271A28C9
:103EB0001A271A271A271A471A471A471A471A475A
:103EC0006CF474F474F474F474D474F474F474F4DA
:103ED0007CF47CF47CF47CF47CF47CF47CF47CF462
:103EE0007CF47CF47CF47CF47CF47CF47CF47CF452
:103EF0007CF47CF47CF47CF57CF47D147D147CF4FF
:103F00007CF47CF47CF47CF47CF47CF47CF57CF52F
:103F10007CF47D157D157CF47CF47CF47CF47CF4DD
:103F20007CF47CF47CF47CF57CF47CF47CF47CF410
:103F30007CF47CF57CF57CF47CF47CF47CF47CF4FF
:103F40007CF57CF57CF57CF57CF47CF57CF57D15C9
:103F50007D157D157D157CF57CF57CF57CF47CF478
:103F60007CF47CF47CF47CF47CF47CF485157D1486
:103F70007D147D147D147D147D147D147D147CF4DA
:103F80007CF485158515851585158514851485148E
:103F9000851484F484F484F484F484F484F484F440
:103FA00084F485148514851484F484F484F484F4EE
:103FB0008515851585158515851585158514851433
:103FC00084F484F484F484F48514851485148514AD
:103FD000851484F484F484F484F484F484F47CF408
:103FE0007CF47CF47CF47D157CF474D47CF47D1436
:103FF0007CF47CF485158515851485158515851546
:104000007D157CF474D374D374F47CF474F474F478
:1040100074F475147D147514751474F474F474F4D4
:1040200074F47CF47CF47D1474F474F474F474D437
:1040300074F47D147D157D147D147D1485148534F0
:104040008D348D348D559555953594B49473947302
:104050009C939C73A472D617EF1BADB5A5D785555D
:104060005C30540E8DB4B6994B8E130E032F0B2F6C
:104070000B2F0B2F0B2F0B2F0B0F12ED126A1A4861
:104080001A471A471A471A471A471A471A471A4728
:104090001A471A471A471A481A2719E71A071A27F8
:1040A0001A271A481A271A271A271A271A071A0727
:1040B0001A0719E71A0719E61A071A271A271A27DB
:1040C0001A271A071A071A271A281A281A481A48E4
:1040D0001A271A071A271A271A471A471A471A4778
:1040E0001A471A471A471A471A471A471A471A47C8
:1040F0001A471A471A471A471A471A471A471A47B8
:104100001A471A481A471A0711E61A071A271A28CF
:104110001A281A0719E71A071A071A271A281A2736
:104120001A271A271A271A471A471A471A481A2706
:104130001A271A271A471A471A471A471A471A47B7
:104140006CF474F474D474F474F474F47CF47CF447
:104150007CF47CF47CF47CF47CF47CF47CF47CF4DF
:104160007CF47CF47CF47CF47CF47CF47CF47CF4CF
:104170007CF47CF47CF47CF57CF47D147CF47CF49D
:104180007CF47CF47CF47CF47CF47CF57CF57CF5AC
:104190007CF47CF57D157CF47CF47CF47CF47CF47C
:1041A0007CF47CF47CF47CF47CF47CF47CF47CF48F
:1041B0007CF47CF57CF47D147D147D157D157CF5F7
:1041C0007CF57CF57D157CF57CF57CF57CF57CF546
:1041D0007CF57CF57CF57CF57CF57CF57CF47CF459
:1041E0007CF47CF47CF47CF47CF47CF47D147D140D
:1041F0007D147D147D147D147D147CF47D147CF479
:104200007CF47D1585158515851585158514851412
:10421000851484F484F484F484F484F484F484F4BD
:1042200084F484F484F484F484F484F484F484F4CE
:10423000851484F4851585158515851585148514D3
:1042400084F484F484F484F485148514851485142A
:10425000851484F484F484F484F484F484F47CF485
:104260007CF47CF47CF47D157CF57CF47CF47CF4AB
:104270007CF47CF47CF48515851585157D1574D446
:1042800074B36CB36CD474F474F474F4751475145E
:10429000751474F474F474F474F474F474F474F4BD
:1042A00074F474F474F47514751474F474F474F48C
:1042B00074F47D157D157D157D15851485148D137C
:1042C00094F3951395348D3495359CD49C939493A5
:1042D0009C739C73A4739C71DE99AD95A5D695D7FC
:1042E0005C50540E95B4BEB94B8E130E032F0B2F9A
:1042F0000B2F0B2F0B2F0B2F0B0E12ED126A1A48E0
:104300001A471A471A471A471A471A471A471A47A5
:104310001A471A471A481A481A481A071A071A0752
:104320001A481A471A471A471A281A281A0719E763
:1043300022071A0719E719E71A071A271A271A274F
:1043400022281A0719E71A071A271A281A481A479B
:104350001A271A271A071A271A471A471A471A47F5
:104360001A471A471A471A471A471A471A471A4745
:104370001A471A471A471A471A471A471A471A2755
:104380001A471A481A271A271A071A071A281A2822
:104390001A281A0719E719E722281A071A281A48AB
:1043A0001A271A271A271A471A471A471A471A2785
:1043B0001A271A271A471A471A471A471A471A4735
:1043C0006CF474F474F474F474F474F47CF47CF4A5
:1043D0007CF47CF47CF47CF47CF47CF47CF47CF45D
:1043E0007CF47CF47CF47CF47CF47CF47CF47CF44D
:1043F0007CF47CF47CF47CF57CF47D147D147CF4FA
:104400007CF57CF57CF57CF57D157CF57CF57CF503
:104410007CF47CF47D157CF47CF47CF47CF47CF4FA
:104420007CF47CF47CF47CF47CF47CF47CF48515E2
:104430007CF47CF47CF47D147D147D157D157CF575
:104440007CF57CF57CF57CF57CF57CF47CF47CF4E7
:104450007CF47CF57CF57CF57CF57CF57CF47CF4D7
:104460007CF47CF47CF47CF47CF47CF47D147D148A
:104470007D147D147D147D147D147D1485157D15AA
:104480007CF57D157CF584F584F5851585158515F8
:10449000851584F584F584F584F5851485148515D2
:1044A0008514851484F484F484F484F484F484F40A
:1044B00084F485158515851585158515851585154E
:1044C000851584F585158515851485148514851441
:1044D0008514851484F484F484F4851585157D147D
:1044E00085157CF47D147D157D157CF47CF47CF4BD
:1044F0007D157D147D147D157D1474D474D374D30F
:1045000074D474F474F474F474F474F474F474F48B
:1045100074F474F474F474F474F474F474F474F45B
:1045200074F474F474F47514751474F474F474F409
:1045300074F474F47D157D357D1585149554ADB5F1
:10454000BDD5BDF5B5D59D549514A4F59C94949313
:1045500094739C73A473A472C5F7AD95A5B69DF72B
:104560005C50540E95B4BEB94B8E130E032F0B2F17
:104570000B2F0B2F0B2F0B2F0B0E12ED126A1A485D
:104580001A471A271A471A471A471A471A471A4743
:104590001A471A471A481A481A281A281A071A07CF
:1045A0001A271A481A271A271A481A281A281A07DF
:1045B0001A071A0719E719E71A071A271A071A0715
:1045C0001A271A0719E61A071A481A271A471A4803
:1045D0001A481A281A271A271A471A471A471A4731
:1045E0001A471A471A471A471A471A471A471A47C3
:1045F0001A471A471A471A471A471A471A471A47B3
:104600001A471A471A471A271A271A271A281A2840
:104610001A281A281A0719E71A071A281A281A48EE
:104620001A481A481A471A471A471A471A471A4780
:104630001A471A471A471A471A471A471A471A4772
:104640006CF474F474F474F474F474F47CF47CF422
:104650007CF47CF47CF47CF47CF47CF47CF47CF4DA
:104660007CF47CF47CF47CF47CF47CF47CF47CF4CA
:104670007CF47CF47CF47CF57CF47D147D147CF477
:104680007CF57CF57CF57CF57CF57CF57CF57CF5A2
:104690007CF47CF47CF47CF47CF47CF47CF47CF49A
:1046A0007CF47CF47CF47CF47CF47CF47CF47D1469
:1046B0007CF47CF47CF47CF47CF47CF47D157CF458
:1046C0007CF57CF47CF47CF47CF47CF47CF47CF469
:1046D0007CF57CF47CF47CF57CF57CF57CF47CF456
:1046E0007CF47CF47CF47CF47D147CF47D147CF408
:1046F0007D147D147D157D147D147D147D147D1530
:104700007D157D157CF584F584F585158515851554
:1047100085158515851585158515851585158515C9
:104720008514851484F484F484F484F48515851444
:10473000851584F484F485158515851585158515ED
:10474000851585158515851585148514851485149D
:10475000851485147D147D147CF47CF47CF47CF445
:104760007CF47D147D147D1474F474F474F474F486
:1047700074F474F474F474F474F474F474F474F4F9
:1047800074F474F474F474F474F474F474F474F4E9
:1047900074F474F474F474F474F474F474F474F4D9
:1047A00074F474F4751575147D15751574F474F43A
:1047B00074D474F47D1574F47CF485349533C5F5A4
:1047C000D5F4DE14CE15A5329D139CD49C939C7316
:1047D00094739C739C72A492BD75B5B6A5D695D7FB
:1047E000540F540E95B4BE9853AE130D032F032FE0
:1047F0000B2F0B2F0B2F0B2F0B0E12ED12491A48FC
:104800001A471A471A471A471A471A471A471A47A0
:104810001A471A471A471A481A281A281A071A074D
:104820001A071A271A271A471A481A481A281A273D
:1048300019E719E719E71A071A271A271A271A0773
:104840001A2722271A071A061A271A481A471A4837
:104850001A471A471A271A271A271A471A471A47B0
:104860001A471A471A471A471A471A471A471A4740
:104870001A471A471A471A471A471A471A471A4730
:104880001A471A471A471A471A471A271A271A485F
:104890001A481A281A0719E719E71A271A271A486F
:1048A0001A481A481A471A471A471A471A471A47FE
:1048B0001A471A471A471A471A471A471A471A47F0
:1048C0006CF474F474D474D474F474F47CF47CF4E0
:1048D0007CF47CF47CF47CF47CF47CF47CF47CF458
:1048E0007CF47CF47CF47CF47CF47CF47CF47CF448
:1048F0007CF47CF47CF47CF57CF47D147D147CF4F5
:104900007CF57CF57CF57CF47CF47CF57D157CF500
:104910007CF47CF47CF47CF47CF47CF47CF47CF417
:104920007CF47CF474F47CF47CF47CF47CF47D14EE
:104930007CF47CF47CF47D147D147D147D147CF473
:104940007CF57CF47CF47CF47CF57CF57CF47CF4E4
:104950007CF47CF47CF57CF57CF57CF57CF47CF4D3
:104960007CF47CF47CF47CF47CF47CF47D147D1485
:104970007D147D147D147D147CF47CF47CF47CF433
:104980007CF47CF57CF584F584F5851585157D141E
:1049900085148515851584F485148515851584F48D
:1049A00084F4851485148514851485147CF47CF4B2
:1049B00084F484F47CF48515851585158515851595
:1049C000851585158515851585148514851485141B
:1049D00085147D147CF47CF474D47CF47CF47D1414
:1049E0007CF47D1474F474F474F46CF46CF46CF46E
:1049F0006CD46CF46CD46CD46CD46CF474F474F427
:104A000074F474F474F474F474F474F474F474F466
:104A100074F474F47514751474F474F47D157D14C1
:104A20007D147D157D157D157D157D157D1574F421
:104A300074D474F47D1574F47D148514A554D614BF
:104A4000DDF3E5F3DE14C5D4AD33ACF4A4939C726E
:104A50009C72A472A472A472BD55B5B6A5D67D137E
:104A6000540F540E95D4BE9853AE130D0B2F0B2F2D
:104A70000B2F0B2F0B2F0B2F0B0E12CC12691A487A
:104A80001A471A471A471A471A471A471A471A471E
:104A90001A471A471A471A481A481A281A271A276B
:104AA0001A271A271A481A481A481A271A271A279B
:104AB00019E619E619E71A271A271A281A281A27B1
:104AC0001A071A071A2719E71A071A271A271A475F
:104AD0001A471A271A271A271A271A471A471A474E
:104AE0001A471A471A471A471A471A471A471A47BE
:104AF0001A471A471A471A471A471A471A471A47AE
:104B00001A471A471A471A471A471A271A271A48DC
:104B10001A481A481A281A0719E71A281A271A4889
:104B20001A481A481A471A471A471A471A471A279B
:104B30001A471A481A481A471A471A471A471A476B
:104B400074F474F474D474D474D47CF47CF47CF46D
:104B50007CF47CF47CF47CF47CF47CF47CF47CF4D5
:104B60007CF47CF47CF47CF47CF47CF47CF47CF4C5
:104B70007CF47CF47CF47CF57CF47D147CF47CF493
:104B80007CF57CF47CF57CF47CF47CF57CF57CF5A0
:104B90007CF47CF47CF47CF47CF47CF47CF47CF495
:104BA0007CF47CF47CF47CF47CF57CF47D157D1441
:104BB0007CF47CF47CF47CF47CF47CF47CF47CF475
:104BC0007CF57CF47CF47CF57D157CF57CF47CF440
:104BD0007CF47CF47CF47CF57CF57CF57CF57CF451
:104BE0007CF47CF47CF47CF47CF47CF47D147D1403
:104BF00085157D147CF47CF47CF47CF47CF47CF5E9
:104C00007CF47CF57CF57CF57D15851585157D1589
:104C10007D1585147D147D147D148515851584F40A
:104C200084F485147D147D147D147D157D157CF42C
:104C30007CF47CF47CF47CF47D157D157D157CF48E
:104C40007CF47D15851585158514851485158515C8
:104C50007D157CF47CD47CF47D157D157CF57CF58C
:104C60007CF574F474F474F474F474F46CF46CF40B
:104C70006CD46CD46CD46CF46CF474F474F474F47C
:104C800074F474F474F474F474F474F474F474F4E4
:104C900074F474F474F475147D1474F47D157D1536
:104CA0007D157D157D157D157D157D157D157D1475
:104CB00074F474F47D157D147CF48514A594D5F4F6
:104CC000E5F3E5F3DDF4D5D4C594B4B2AC72A452E7
:104CD000A452AC32AC52AC72BD55ADB6A5F66491DF
:104CE0004C0F540E95D5BE9853AD1B0D0B2F0B2FAB
:104CF0000B2F0B2F0B2F0B2F0B2E12CC126A1A48D7
:104D00001A481A471A471A471A471A471A471A479A
:104D10001A471A471A481A481A481A2712071A0730
:104D20001A271A281A281A481A281A271A071A2777
:104D300019E719E619E61A072248224822481A28D4
:104D40001A271A071A071A071A071A271A271A27DB
:104D50001A471A271A271A271A271A471A471A47CB
:104D60001A471A471A471A471A471A471A471A473B
:104D70001A471A471A471A471A471A471A471A472B
:104D80001A471A471A471A471A471A471A271A483A
:104D90001A481A481A481A281A071A271A271A48A6
:104DA0001A481A471A471A471A471A471A471A47FA
:104DB0001A481A481A481A481A471A471A471A47E7
:104DC0006CD474F474D474D474D47CF47CF47CF413
:104DD0007CF57CF47CF47CF47CF47CF47CF47CF452
:104DE0007CF47CF47CF47CF47CF47CF47CF47CF443
:104DF0007CF47CF57CF57CF57CF47D147CF47CF40F
:104E00007CF57CF47CF57CF47CF57CF57CF57CF51C
:104E10007CF47CF47CF47CF47CF47CF47CF47CF412
:104E20007CF47CF47CF47CF57CF57CF47CF47CF400
:104E30007CF47CF47CF47CF47CF47CF47CF47CF4F2
:104E40007CF57CF47CF47CF57CF47CF47CF47CF4E0
:104E50007CF47CF47CF47CF47CF47CF47CF57CF5D0
:104E60007CF47CF47CF47CF47CF47CF47CF47CF4C2
:104E70007CF47CF47CF47CF47CF47CF57CF57CF5AF
:104E80007CF57CF57CF57CF57CF57CF57CF57CF59A
:104E90007CF47CF47CF47D147D14851484F484F417
:104EA00085147D147CF47D147D147D157CF57CF4D3
:104EB0007CF47CF47CF47CF57CF57CF47CF57D154D
:104EC00085157D157D157D15851585157D157D153A
:104ED0007D157CF47CF47CF47CF57D157CF57CF50B
:104EE00074F474F474F46CF46CF46CF46CF46CF4AA
:104EF0006CD46CD46CD46CF474F47514751474F4B0
:104F000074F474F4751474F474F474F474F474F440
:104F100074F474F474F47514751475157D157D1599
:104F20007D157D157D157D157D157D157D157D14F2
:104F30007CF47CF47D147CF47CF38D13A553CDB309
:104F4000DDF3E613D592BD11B4D1BCB1B491BCB3BD
:104F5000C4D3C493B432AC72BD55ADB69DF65450B3
:104F60004C2F540E9DD5C6D8640F1AED0B2F0B2F66
:104F70000B2F0B2F0B2F0B2F0B2F12ED128A1A4812
:104F80001A481A481A471A471A471A471A471A4717
:104F90001A471A471A481A481A481A281A0711E7CE
:104FA0001A271A281A281A481A271A071A0722280D
:104FB0001A2719E619E61A071A281A482248224819
:104FC00022481A271A271A271A0719E71A271A47F1
:104FD0001A271A271A271A271A271A471A471A4769
:104FE0001A471A471A471A471A471A471A471A47B9
:104FF0001A471A471A471A471A471A471A471A47A9
:105000001A471A471A471A471A471A471A271A27D8
:105010001A481A281A271A281A271A271A271A2765
:105020001A471A471A471A471A471A471A471A4778
:105030001A481A481A481A471A471A471A471A4765
:1050400074F474F474D474D474D47CF47CF47CF468
:105050007CF47CF47CF47CF47CF47CF47CF47CF4D0
:105060007CF47CF47CF47CF47CF47CF47CF47CF4C0
:105070007CF47CF57CF57CF57CF57CF47CF47CF5AB
:105080007CF57CF57CF57CF57CF57CF57CF57CF598
:105090007CF47CF47CF47CF47CF47CF47CF47CF490
:1050A0007CF47CF47CF47CF47CF47CF47CF47D145F
:1050B0007CF47CF47CF47CF47CF47CF47CF47CF56F
:1050C0007CF57CF57CF57CF47CF47CF47CF47CF45D
:1050D0007CF47CF47CF47CF47CF47CF47CF57CF54E
:1050E0007CF47CF47CF47CF47CF47CF47CF47CF440
:1050F0007CF47CF47CF47CF57CF47CF57CF57CF52C
:105100007CF57CF47CF57CF57CF57CF57CF57CF518
:105110007CF47CF47CF47D147D147D147D147D1569
:105120007D157D147D147D147CF47CF47CF47CF47A
:105130007CF47CF47CF47CF57CF47CF57D157D15A9
:10514000851584F584F57D157D157D157D157D15F9
:1051500085157CF57CF47CF47CF47CF474F474F4B4
:1051600074F474F46CF46CF46CF46CF46CF46CF42F
:105170006CF46CF46CF46CF474F47514751474F4CD
:1051800074F474F474F474F474F47514751475147C
:1051900074F47514751475147D157D157D157D15C4
:1051A0007D157D157D157D157D157D157D157D1470
:1051B0007CF385138D1484F39D9594F2AD53DE1426
:1051C000E5F3E5F3CD51BCF1BCD1B4B1D574E5B68E
:1051D000CCF3C472BC52AC72B555ADB69DD64C3052
:1051E000442F540E9DF4C6F95BEE1B0D0B2F0B2FB5
:1051F0000B2F0B2F0B2F0B2F132F12ED128A12498F
:105200001A481A481A471A471A471A471A471A4794
:105210001A471A471A471A481A481A281A281A0702
:105220001A071A071A281A281A481A0719E71A0714
:1052300022271A071A071A071A071A281A282248B3
:1052400022481A481A281A271A271A071A071A472B
:105250001A271A281A281A271A271A471A471A47E4
:105260001A271A471A471A471A471A471A471A4756
:105270001A471A471A471A471A471A471A471A4726
:105280001A471A471A471A471A471A471A471A4815
:105290001A481A481A481A471A471A271A271A2763
:1052A0001A271A471A471A471A471A471A471A4716
:1052B0001A471A481A481A471A471A471A471A47E4
:1052C00074F474F474F474D47CF47CF47CF47CF49E
:1052D0007CF47CF47CF47CF57CF57CF57CF47CF44B
:1052E0007CF47CF47CF47CF47CF47CF47CF47CF43E
:1052F0007CF57CF57CF57CF57CF57CF57CF57CF526
:105300007CF57CF57CF57CF57CF57CF57CF57CF515
:105310007CF47CF47CF47CF47CF47CF47CF47CF40D
:105320007CF47CF47CF47CF47CF47CF47CF47CF4FD
:105330007CF47CF47CF47CF47CF47CF47CF57CF5EB
:105340007CF57CF57CF57CF57CF47CF47CF47CF4D9
:105350007CF47CF47CF47CF47CF47CF47CF47CF4CD
:105360007CF57D147CF47CF47CF47CF47CF47CF49B
:105370007CF47CF47CF47CF57CF57CF57CF57CF5A8
:105380007CF47CF47CF47CF57CF57CF57CF57CF598
:105390007CF47CF47CF47D157CF47D147D147D1507
:1053A0007D157CF47CF47CF47CF47CF47CF47CF55A
:1053B0007CF57CF57D157CF47CF47CF47CF57CF547
:1053C0007CF57CF57CF57CF57D157D157D157D15D1
:1053D00085157D157CF57CF474F474F474F474F420
:1053E00074F46CF46CF46CF46CF46CF46CF46CF4B5
:1053F0006CF46CF46CF46CF47514751474F474F44B
:1054000074F474F474F474F474F4751475147514F9
:1054100075147514751475157D157D157D157D151F
:105420007D157D157D157D157D157D157D148514E6
:10543000BEB9DF5CDF5BB616B5D5AD73C5D4DE1380
:10544000E613E5F3DDB3BCF1BCF1C512E5F5CD1211
:10545000CCB2C452BC52AC92B555ADB695B64C2F39
:10546000442F540D9DF4C6D85BEE1B0E132F0B2F4B
:105470000B2F0B2F0B2F0B2F132F130D12AB1249CA
:105480001A481A481A471A471A471A471A471A4712
:105490001A471A471A471A481A481A281A281A285F
:1054A0001A071A071A271A281A281A0719E719E7D4
:1054B0001A071A071A071A2812071A271A48224821
:1054C0001A481A481A281A271A271A2719E71A07F2
:1054D0001A281A481A481A481A471A471A471A47E0
:1054E0001A471A471A471A471A471A481A471A47B3
:1054F0001A471A471A471A471A471A471A471A47A4
:105500001A471A471A471A471A471A471A471A4793
:105510001A471A471A471A471A471A471A271A27C3
:105520001A471A471A471A471A471A471A471A4773
:105530001A471A481A471A471A471A471A471A4762
:1055400074F474F474F474D47CF47CF47CF47CF41B
:105550007CF47CF47CF47CF57CF57CF57CF47CF4C8
:105560007CF47CF47CF47CF47CF47CF47CF47CF4BB
:105570007CF47CF57CF57CF57CF57CF57CF57CF5A4
:105580007CF57CF57CF57CF57CF57CF57CF57CF593
:105590007CF47CF47CF47CF47CF47CF47CF47CF48B
:1055A0007CF47CF47CF47CF47CF47CF47CF47CF47B
:1055B0007CF47CF47CF47CF47CF47CF57CF57CF568
:1055C0007CF57CF57CF57CF47CF47CF47CF57CF457
:1055D0007CF47CF47CF47CF47CF47CF47CF47CF54A
:1055E0007CF57CF57CF47CF47CF47CF47CF47CF439
:1055F0007CF47CF57CF57CF57CF57CF57CF57CF524
:105600007CF47CF47CF47CF47CF57CF57CF57CF516
:105610007CF57CF47CF57D157D157D157D147D1460
:105620007D147CF47CF47CF47CF47CF47CF57CF5D7
:105630007CF57CF57CF57CF47CF47CF47CF47CF5E6
:105640007CF47CF47CF47CF57D157D157D157D1551
:1056500085157D157CF47CF474D474F474F46CF4C6
:105660006CF56CF56CF56CF46CF46CF56CF56CF534
:105670006CF56CF56CF46CF474F4751474F474F4E7
:1056800074F474F474F474F474F475147514751477
:1056900075147515751575157D1575157D157D15A3
:1056A0007D157D157D157D157D157D148514BE999F
:1056B000E77BEF5AEF5AEF3AEF39DE76DE14E5F387
:1056C000E5F3E613E5F4C532BCF1BD11E615D533BB
:1056D000C491C452BC52B492AD34A59695B6440F51
:1056E000442F4C0D9DF5C6D95BEE1B2E132F132FA7
:1056F000134F134F13501330132F130E12AB1248C6
:105700001A481A481A471A471A471A471A471A478F
:105710001A471A471A481A481A481A271A281A28DC
:105720001A081A071A071A281A281A2719E719E750
:1057300019E71A271A071A281A281A271A281A07DF
:105740001A281A281A481A481A281A281A0719E76C
:105750001A281A281A481A481A471A471A471A477D
:105760001A471A471A471A471A471A481A471A4730
:105770001A471A471A471A471A471A471A471A4721
:105780001A471A471A471A471A471A471A471A4711
:105790001A471A471A471A471A471A471A471A4701
:1057A0001A471A471A471A471A471A471A471A47F1
:1057B0001A481A481A481A471A471A471A471A47DE
:1057C00074F474F474D474D47CF47CF47CF47CF4B9
:1057D0007CF47CF47CF47CF57CF57CF57CF57CF544
:1057E0007CF57CF57CF57CF57CF57CF57CF57CF531
:1057F0007CF57CF57CF57CF57CF57CF57CF57CF521
:105800007CF57CF57CF57CF57CF57CF57CF57CF510
:105810007CF47CF47CF47CF47CF47CF47CF47CF408
:105820007CF47CF47CF47CF47CF47CF47CF57CF4F7
:105830007CF47CF47CF47CF47CF57D157CF57CF5C3
:105840007CF57CF57CF57CF57CF57CF57CF57CF4D1
:105850007CF47CF47CF47CF47CF47CF47CF47CF5C7
:105860007CF57CF57CF47CF47CF47CF47CF47CF5B5
:105870007CF57CF57CF57CF57CF57CF57CF47CF4A2
:105880007CF47CF47CF47CF47CF47CF57CF57CF496
:105890007CF47CF47CF57CF57CF57D157D147D1421
:1058A0007D147D147CF47CF47CF47CF57CF57CF533
:1058B0007CF47CF47CF47CF47CF47CF47CF47CF468
:1058C0007CF47CF47CF47CF47CF57CF57CF57CF554
:1058D0007D157CF57CF474F474D474D474F46CF594
:1058E0006CF56CF56CF56CF46CF46CF56CF56CF5B2
:1058F0006CF56CF56CF56CF46CF4751474F474F46C
:1059000074F474F474F474F474F4751475147515F3
:1059100075147515751575147514751575157D1532
:105920007D157D157D157D157D157D158514BE585C
:10593000E77AEF59F759F739F738EE96DE14E613A0
:10594000EE13EE34DDD3C532C553F6D8DDF4EDF5F4
:10595000D4F2C472C473B493AD14A5968DB6440F3B
:10596000442F540D9DF5C6F95BEE232E13501350B2
:105970001350135013501350132F1B0E1AAB1A4809
:105980001A481A481A471A471A471A471A471A470D
:105990001A471A471A481A481A481A481A271A075B
:1059A0001A081A081A071A271A271A271A271A076D
:1059B00019E71A071A271A271A281A281A271A075E
:1059C0001A271A281A481A481A281A281A281A07A9
:1059D00019E71A281A481A481A471A471A471A473D
:1059E0001A471A471A471A471A481A471A471A47AE
:1059F0001A471A471A471A471A471A471A471A479F
:105A00001A471A471A471A471A471A471A471A478E
:105A10001A471A471A471A471A471A471A471A477E
:105A20001A471A471A471A471A471A471A471A476E
:105A30001A481A481A481A481A471A471A471A475A
:105A400074F474F474D474D47CF47CF47CF47CF436
:105A50007CF47CF47CF47CF57CF57CF57CF57CF5C1
:105A60007CF57CF57CF57CF57CF57CF57CF57CF5AE
:105A70007CF57CF57CF57CF57CF57CF57CF57CF59E
:105A80007CF57CF57CF57CF57CF57CF57CF57CF58E
:105A90007CF47CF47CF47CF47CF47CF47CF47CF486
:105AA0007CF47CF47CF47CF47CF47CF47CF47CF476
:105AB0007CF47CF47CF47CF47CF57CF57CF47CF563
:105AC0007CF57CF57CF57CF57CF57CF57CF47CF450
:105AD0007CF47CF47CF47CF47CF47CF47CF47CF446
:105AE0007CF57CF47D147D147CF47CF47CF47CF4F3
:105AF0007CF57CF57CF57CF57CF57CF57CF47CF420
:105B00007CF47CF47CF47CF47CF47CF47CF47CF415
:105B10007CF47CF47CF47CF57CF57D157D147D149F
:105B20007D147D147CF47CF47CF47CF47CF57CF5B1
:105B30007CF47CF47CF47CF47CF47CF47CF47CF4E5
:105B40007CF47CF47CF47CF57D157D157D157CF56D
:105B50007CF47CF47CF474F474F474F474F56CF5F3
:105B60006CF56CF46CF46CF46CF474F56CF56CF529
:105B70006CF56CF56CF56CF46D147514751474F4A7
:105B800074F474F474F474F474F475147515751570
:105B90007515751575157514751475157515753597
:105BA0007D157D157D157D157D157D158514ADD66D
:105BB000E77BEF5AF759F739F739EED7E634E63491
:105BC000EE34EE34DDF4CD72C552FEF8EE76EE160C
:105BD000CCF2C451BC52B493B514A5B68D95440F04
:105BE000442F540D9E15C6D95BEE232E134F135030
:105BF0001350135013501350132F12CC0A691A4824
:105C00001A481A471A471A471A471A471A471A478B
:105C10001A471A471A471A481A481A481A0719E71A
:105C20001A071A071A271A271A271A271A271A27AC
:105C30001A071A071A271A271A271A481A481A077A
:105C40001A071A481A481A481A481A281A281A28E5
:105C50001A071A271A281A481A471A471A471A47BA
:105C60001A471A471A471A471A471A471A471A472C
:105C70001A471A471A471A471A471A471A471A471C
:105C80001A471A471A471A471A471A471A471A470C
:105C90001A471A471A471A471A471A471A471A47FC
:105CA0001A471A471A471A471A471A471A471A48EB
:105CB0001A471A481A481A471A471A471A471A47DA
:105CC00074F474F474D474D47CF47CF47CF47CF4B4
:105CD0007CF47CF47CF47CF57CF57CF57CF57CF53F
:105CE0007CF57CF47CF47CF57CF57D157D157D15CB
:105CF0007D157D157CF57CF57CF57CF57CF57CF5DA
:105D00007CF57CF57CF57CF57CF57CF57CF57CF50B
:105D10007CF47CF47CF47CF47CF47CF47CF47CF403
:105D20007CF47CF47CF47CF47CF47CF47CF47CF4F3
:105D30007CF47CF47CF47CF47CF47CF47CF47CF5E2
:105D40007CF57D157CF57CF57CF57CF47CF47CF4AD
:105D50007CF47CF47CF47CF47CF47CF47CF47CF4C3
:105D60007CF47CF47D147D147CF47CF47CF47CF471
:105D70007CF57CF57CF57CF57CF47CF57CF47CF49E
:105D80007CF47CF47CF47CF47CF47CF47CF47CF493
:105D90007CF47CF47CF47CF57CF57D157D147D141D
:105DA0007D147CF47CF47CF47CF47CF47CF57CF550
:105DB0007CF47CF47CF47CF47CF47CF47CF47CF463
:105DC0007CF47CF47CF47D157D157D157CF47CF4ED
:105DD0007CF47CF47CF47CF474F4751574F46CF449
:105DE0006CF46CF46CF474F474F46CF46CF46CF5A2
:105DF0006CF56CF56CF56CF46CF474F4751474F467
:105E000074F474F47514751475147514751575158A
:105E10007515751575157514751475157515753514
:105E200075157D157D157D157D157D1585149533AD
:105E3000DF3BEF5AF759F759F739EEB6EE75EE3406
:105E4000E634E614E614DDB3D5B3F6B7EE97EE36D6
:105E5000D553C492C472BC93B515A5B68D954410A4
:105E6000442F540DA615C6D85BEE232E134F134FA7
:105E70001350135013501350134F1B0D126A1A482E
:105E80001A481A471A471A271A471A471A471A4729
:105E90001A471A471A471A471A481A481A2719E779
:105EA00019E71A071A281A481A271A271A271A4808
:105EB0001A281A271A271A481A471A471A481A2856
:105EC0001A271A271A281A481A481A281A281A2884
:105ED0001A271A271A281A481A471A471A471A4718
:105EE0001A471A471A471A271A271A481A471A47E9
:105EF0001A471A471A471A471A471A471A471A479A
:105F00001A471A471A471A471A471A471A471A4789
:105F10001A471A471A471A471A471A471A471A4779
:105F20001A471A471A471A471A471A471A471A4769
:105F30001A471A481A481A481A481A471A471A4755
:105F400074F474F474F474F47CF47CF47CF47CF4F1
:105F50007CF47CF47CF47CF57CF57CF57CF57CF5BC
:105F60007CF47CF47CF47CF57CF57D157D157D1549
:105F70007CF57CF57CF47CF47CF47CF47CF47CF59E
:105F80007CF57CF57CF57CF57CF57CF57CF57CF589
:105F90007CF47CF47CF47CF47CF47CF47CF47CF481
:105FA0007CF47CF47CF47CF57CF57CF57CF57CF46D
:105FB0007CF47CF47D147CF47CF47CF47CF47CF53F
:105FC0007CF57D157CF57CF47CF47CF47CF47CF42D
:105FD0007CF47CF47CF47CF47CF47CF47CF47CF441
:105FE0007CF57CF47CF47CF47CF47CF47CF47CF430
:105FF0007CF47CF47CF57CF47CF47CF47CF47CF420
:106000007CF47CF47CF47CF47CF47CF47CF47CF410
:106010007CF47CF47CF57D157D157D157D157D1555
:106020007D157CF47CF47CF47CF47CF57CF57CF5CB
:106030007CF47CF47CF47CF47CF47CF47CF47CF4E0
:106040007CF47CF47D157D157D157CF47CF47CF46A
:106050007CF47CF47CF47CF474F4751574F46CF4C6
:106060006CF46CF46CF474F474F46CF46CF56CF51E
:106070006CF56CF56CF56CF46CF46CF475157514CA
:1060800075147514751475147514751575157515C5
:106090007514751575157515751575157515753591
:1060A00075157D157D157D157D157D157CF484F3A5
:1060B000D6FAEF7BEF5AEF59F759EED7EE96EE5539
:1060C000E634E613E613E5F3D592D5D3F6D7F69783
:1060D000E5D5D4F3BC72B472B535A5968575441078
:1060E000442F540D9E15C6D85BEE232E134F134F2D
:1060F00013501350134F134F132F1B2E1ACC12494A
:106100001A481A481A271A471A471A471A471A47A5
:106110001A471A471A471A471A481A281A2719E617
:1061200019E719E71A071A281A281A271A271A2806
:106130001A281A281A281A481A471A471A481A48B1
:106140001A281A271A281A281A271A281A281A4722
:106150001A481A271A271A271A471A471A471A4796
:106160001A471A271A271A271A271A471A471A47A7
:106170001A471A471A471A471A471A471A471A4717
:106180001A471A471A471A471A471A471A471A4707
:106190001A471A471A471A471A471A471A471A47F7
:1061A0001A471A471A471A471A471A471A471A2707
:1061B0001A481A481A481A281A281A481A471A4711
:1061C0007CF47CF47CF47CF47CF47CF47CF47CF44F
:1061D0007CF47CF47CF47CF57CF57CF57CF57CF53A
:1061E0007CF47CF47CF47D157D157D157D157D1585
:1061F0007CF47CF47CF47CF47CF47CF47CF47CF41F
:106200007CF57CF57CF57CF57CF57CF57CF57CF506
:106210007CF47CF47CF47CF47CF47CF47CF47CF4FE
:106220007CF47CF47CF47CF47CF5851585157D1577
:106230007CF47CF47CF47CF47CF57CF57CF57CF5DA
:106240007CF57CF57CF57CF47CF47CF47CF47CF4CB
:106250007CF47CF47CF47CF47CF47CF47CF47CF4BE
:106260007D157CF47CF47CF47CF47CF47CF47CF48C
:106270007CF47CF47CF47CF47CF47CF47CF47CF49E
:106280007CF47CF47CF47CF47CF47CF47CF47CF48E
:106290007CF47CF47CF585157D157D157D157D15CB
:1062A0007D157D157CF57CF57D157D157CF57CF5E2
:1062B0007CF57CF57CF47CF47CF47CF47CF47CF45C
:1062C0007CF47CF47D157CF47CF47CF47CF47CF42C
:1062D0007CF47CF47CF47D14751474F475146CF403
:1062E0006CF46CD46CF474F47CF474D474F46CF5C5
:1062F0006CF56CF56CF56CF56CF46CD474F4751489
:106300007514751475157514751475157515751541
:10631000751575157515751575157515751575152D
:10632000751575157D157D157D157D1585358D5575
:10633000ADF7BE57CE77E73AEF39F718EEB6E67508
:10634000E634E634E613E614E614EE96F6F8FEF8C4
:10635000E616CCF3BC72B472B535A5968DB64C304A
:10636000442F53EDA615CED86C4F232E134F134F49
:1063700013701370135013501B4F1B4F1AEC12491C
:106380001A481A481A481A471A471A471A471A4702
:106390001A471A471A471A471A471A271A2719E697
:1063A00019E619E61A071A271A281A481A481A4825
:1063B0001A481A481A481A481A471A471A481A48CF
:1063C0001A481A271A271A281A271A271A471A4763
:1063D0001A481A271A271A271A271A471A471A4734
:1063E0001A271A271A271A271A271A271A471A4765
:1063F0001A471A471A471A471A471A471A471A4795
:106400001A471A471A471A471A471A471A471A4784
:106410001A471A471A471A471A471A471A471A4774
:106420001A471A471A471A471A471A471A471A4764
:106430001A481A271A071A281A281A481A471A47F0
:106440007CF47CF47CF47CF47CF47CF47CF47CF4CC
:106450007CF47CF47CF47CF47CF57CF57CF57CF5B8
:106460007CF57CF57CF57D157D157D147D147D1402
:106470007CF47CF47CF47CF47CF47CF47CF47CF49C
:106480007CF57CF57D157D157CF47CF47CF57CF544
:106490007CF47CF47CF47CF47CF47CF47CF47CF47C
:1064A0007CF47CF47CF47CF47CF58515851584F50E
:1064B0007CF47CF47CF47CF47CF57CF57CF57CF558
:1064C0007CF57CF57CF57CF47CF47CF47CF47CF449
:1064D0007CF47CF47CF47CF47CF47CF47CF47CF43C
:1064E0007D147D147CF47CF47CF47CF47CF47CF4EA
:1064F0007CF47CF47CF47CF47CF47CF47CF47CF41C
:106500007CF47CF47CF47CF47CF47CF47CF47CF40B
:106510007CF47CF47CF47D157D157D157D157D1551
:106520007D157CF57CF47CF47CF47CF57CF57CF5C5
:106530007CF57CF47CF47CF47CF47CF47CF47CF4DA
:106540007CF47CF47CF47CF47CF47CF47CF47CF4CB
:106550007CF47CF47CF47CF474F474F474F474F4DB
:106560006CF46CF474D47CD39DB77CD374D474F580
:106570006CF56CF56CF56CF56CF56CF474F47514E5
:1065800075147514751575147514751575157515BF
:1065900075157514751575157515751475157515AD
:1065A0007515751575157D357D3585568556855559
:1065B0008D558D5595549D53E73AF759F718F7388F
:1065C000FF38EEB6E655EE55E634E634F6F7F6B7A4
:1065D000EE57D554C492B493B515A59695D64C50A4
:1065E000442F540EA636CED87450232E1370137039
:1065F00013701370137013701B4F1B4F1AED124959
:106600001A481A481A481A481A471A471A471A477E
:106610001A471A471A471A471A271A271A2719E634
:1066200019E619E61A271A271A271A281A481A48A3
:106630001A481A481A481A481A471A471A471A484D
:106640001A481A271A271A271A471A471A471A27C1
:106650001A471A481A271A271A271A471A471A4791
:106660001A271A471A471A471A471A471A471A4742
:106670001A471A471A471A471A471A471A471A4712
:106680001A471A471A471A471A471A471A471A4702
:106690001A471A471A471A471A471A471A471A47F2
:1066A0001A471A471A471A471A471A471A471A47E2
:1066B0001A471A4812071A071A281A481A471A4777
:1066C0007CF47CF47CF47CF47CF47CF47CF47CF44A
:1066D0007CF47CF47CF47CF47CF57CF57CF57CF536
:1066E0007CF57CF57CF57D157D147D147D147D1481
:1066F0007CF47CF47CF47CF47CF47CF47CF47CF41A
:106700007CF57CF57CF57D157CF47CF47CF57CF5E2
:106710007CF47CF47CF47CF47CF47CF47CF47CF4F9
:106720007CF47CF47CF47CF47CF47D157D1584F59C
:106730007CF47CF47CF47CF47CF57CF57CF57CF5D5
:106740007CF57CF57CF57CF47CF47CF47CF47CF4C6
:106750007CF47CF47CF47CF47CF47CF47CF47CF4B9
:106760007D147D147D147CF47CF47CF47CF47CF446
:106770007CF47CF47CF47CF47CF47CF47CF47CF499
:106780007CF47CF47CF47CF47CF47CF47CF47CF489
:106790007CF47CF47CF47D157D157D157D157CF5F0
:1067A0007CF47CF47CF47CF47CF57CF57CF57CF565
:1067B0007CF47CF47CF47CF47CF47CF47CF47CF459
:1067C0007CF47CF47CF47CF47CF47CF47CF47CF449
:1067D0007CF47CF47CF474F474F474F474F474F461
:1067E00074F46CF474D47CB3ADD795357CB374D4A5
:1067F0006CF56CF56CF56CF574F56CF474F474F47C
:10680000751475147515751575157515751575153A
:106810007515751575157515751575147515751529
:10682000751575157D357D357D35853585568556CE
:1068300085568D568D559D54E75BEF3AF759F759BC
:10684000F759F738EED7E676E676DE35DE15CD7306
:10685000DDB5EDF7BC92B493B514A5B67D344C51BB
:10686000440F4BEEA615C6986C0F2B4E1B701B7079
:106870001B701B701B7013701B4F1B6F232E126934
:1068800012481A481A481A481A481A471A471A4703
:106890001A471A481A481A471A271A271A271A078E
:1068A0001A071A061A271A271A271A481A481A48BE
:1068B0001A481A481A481A481A471A471A471A47CC
:1068C0001A471A471A271A471A471A471A471A47E0
:1068D0001A471A481A271A271A271A471A471A470F
:1068E0001A471A471A471A471A471A471A471A47A0
:1068F0001A471A471A471A471A471A471A471A4790
:106900001A471A471A471A471A471A471A471A477F
:106910001A471A471A471A471A471A471A471A476F
:106920001A471A471A471A471A471A471A471A485E
:106930001A481A481A271A071A271A481A481A47CB
:106940007CF47CF47CF47CF47CF47CF47CF47CF4C7
:106950007CF57CF47CF47CF57CF57CF57CF57CF5B1
:106960007CF47CF47CF57CF47CF47CF47D147D1464
:106970007D147CF47CF57CF47CF47CF47CF47CF475
:106980007CF57CF57CF47CF47CF47CF47CF47CF485
:106990007CF47CF47CF47CF47CF47CF47CF47CF477
:1069A0007CF47CF47CF47CF47CF47CF47CF57CF466
:1069B0007CF47CF47CF47CF57CF57CF57CF57CF453
:1069C0007CF47CF47CF47CF57CF47CF47CF47CF446
:1069D0007CF47CF47CF47CF47CF47CF47CF47CF437
:1069E0007D147CF47CF47CF47CF47CF47CF47CF406
:1069F0007CF57CF47CF47CF47CF47CF47CF47CF515
:106A00007CF47CF47CF47CF47CF47CF47CF47CF406
:106A10007CF47CF47CF47D147D157CF47CF57CF5B1
:106A20007CF57CF57CF57CF57CF57CF57CF57CF5DE
:106A30007CF47CF47CF47CF47CF47CF47CF47CF4D6
:106A40007CF47CF47CF47CF47D157CF47CF47CF4A4
:106A50007CF47CF474F47CF47D147D1574F474F48B
:106A600074F46CF474D47CB3A596BDD794D37CD461
:106A70006CD46CF56CF56CF474F5751575157515AD
:106A800075157515751575157515751575157515B6
:106A900075157515751575157515751575157515A6
:106AA00075157D157D357D357D3585368535853585
:106AB000853585558D559534B5F6D6B8F759F739DE
:106AC000F739F759F73AEF19D677A4F2BD54B4D293
:106AD000BC91CD14C4D4BCF4AD149D558534441080
:106AE00044304BEEA636C6B86C4F2B4E1B701B7055
:106AF0001B701B701B701B701B701B4F234E1A8A60
:106B00001A481A481A481A481A481A481A471A4777
:106B10001A481A481A481A481A471A471A271A27A9
:106B20001A271A271A271A271A471A481A481A47DB
:106B30001A471A481A481A471A471A471A471A474B
:106B40001A471A471A471A471A471A471A471A473D
:106B50001A481A481A481A271A471A471A471A474A
:106B60001A471A471A471A471A471A471A471A471D
:106B70001A471A471A471A471A471A471A471A470D
:106B80001A471A471A471A471A471A471A471A47FD
:106B90001A471A471A471A471A471A471A471A47ED
:106BA0001A471A471A471A471A471A481A481A48DA
:106BB0001A481A481A481A281A271A481A481A2727
:106BC0007CF47CF47CF47CF47CF47CF47CF47CF445
:106BD0007CF57CF57CF57CF57CF57CF57CF57CF52D
:106BE0007CF47CF47CF57CF57CF47CF47D147D14E1
:106BF0007D147CF47CF57CF47CF47CF47CF47CF4F3
:106C00007CF57CF57CF47CF47CF47CF47CF47CF402
:106C10007CF47CF47CF47CF47CF47CF47CF47CF4F4
:106C20007CF47CF47D147CF47CF47CF47CF47CF4C3
:106C30007CF57CF57CF57CF57CF57CF57CF57CF4CD
:106C40007CF47CF47CF47CF57CF47CF47CF47CF4C3
:106C50007CF47CF47CF47CF47CF47CF47CF47CF4B4
:106C60007D147CF47CF47CF47CF47CF47CF47CF483
:106C70007CF57CF57CF57CF57CF57CF57CF57CF58C
:106C80007CF57D157CF47CF47CF47CF47CF47CF461
:106C90007CF47D147D147CF47CF47CF47CF57CF530
:106CA0007CF57CF57CF57CF57CF57CF57CF57CF55C
:106CB0007CF47CF47CF47CF47CF47CF47CF47CF454
:106CC0007CF47CF47CF47CF47CF47CF47D147CF423
:106CD0007CF474D47CF47D147D147D1574F474F408
:106CE0006CF46CF474F47CD39D76BDF8A5767CD4FA
:106CF0006CF46CF474F56CF47515751575157515E3
:106D00007515751575157515751575157515751533
:106D10007515751575157515751575147515751524
:106D200075157D357D357D357D35853585358535E3
:106D3000853585558D558D559534E75BEF5AEF5A5E
:106D4000EF5AEF5AE73ACEB9AD95A514A4F3ACB219
:106D5000B492C4D3C515B514AD55ADB69DD74C513D
:106D600044104BEEA616C6B86C4F2B4E1B701B7012
:106D70001B701B701B701B701B701B4F1AED124990
:106D80001A481A481A481A481A481A481A471A47F5
:106D90001A481A481A481A481A471A481A471A2706
:106DA0001A271A271A271A271A471A471A471A475B
:106DB0001A471A471A471A471A471A471A471A47CB
:106DC0001A471A471A471A471A471A471A471A47BB
:106DD0001A481A481A481A271A471A471A471A47C8
:106DE0001A471A471A471A471A471A471A471A479B
:106DF0001A471A471A471A471A471A471A471A478B
:106E00001A471A471A471A471A471A471A471A477A
:106E10001A471A471A471A471A471A471A471A476A
:106E20001A471A471A471A471A471A471A271A4879
:106E30001A481A481A481A281A271A481A481A4883
:106E40007CF47CF47CF47CF47CF47CF47CF47CF4C2
:106E50007CF57CF57CF57CF57CF57CF57CF57CF5AA
:106E60007CF47CF47CF57CF57CF47CF47D147D145E
:106E70007D147D147CF57CF47CF47CF47CF47CF44F
:106E80007CF47CF57CF57CF47CF47CF47CF47CF57F
:106E90007CF47CF47CF47CF47CF47CF47CF47CF472
:106EA0007CF47CF47D147D147D147D147CF47CF4DE
:106EB0007CF57CF57CF57CF57CF57CF57CF57CF54A
:106EC0007CF57CF57CF57CF57CF57CF47CF47CF43D
:106ED0007CF47CF47CF47D147D147CF47CF47D14CF
:106EE0007D147D147D147CF47CF47CF47CF47CF4BF
:106EF0007CF57CF57CF57CF57CF57CF57CF57CF50A
:106F00007CF47CF47CF47CF47CF47CF47CF47CF401
:106F10007CF47D147D147D147CF47CF47CF57CF58C
:106F20007CF57CF57CF57CF57D157CF57CF57CF5B8
:106F30007CF47CF47CF47CF47CF47CF47CF47CF4D1
:106F40007CF47CF47CF47CF47CF47CF47D1574F4A7
:106F500074D474F47CF47D147D1574F574F474F4B5
:106F60006CF46CF46CF474D47CF47CF47CD474F421
:106F700074F574F474F46CF574F575157515751570
:106F800075157515751575157515751575157515B1
:106F90007515751575157515751575157515753581
:106FA00075157D357D567D357D3585358535855520
:106FB0008555855585358D359555E77CE75BD6FA42
:106FC000ADD5B637ADF78D348D1495149CF4A4D39C
:106FD000ACB3B4B3B4D3AD14AD95A5B69DD75451ED
:106FE00044104BEEA636C6B86C4F234E1B701B7078
:106FF0001B701B701B701B701B6F234F1AEC124908
:107000001A481A481A481A481A481A471A471A4773
:107010001A281A481A481A481A471A471A471A4784
:107020001A471A471A471A271A471A471A471A4778
:107030001A471A471A471A471A471A471A471A4748
:107040001A471A471A471A471A471A471A271A4758
:107050001A471A481A481A471A271A471A471A4746
:107060001A471A471A471A471A471A471A471A4718
:107070001A471A471A471A471A471A471A471A4708
:107080001A471A471A471A471A471A471A471A47F8
:107090001A471A471A471A471A471A471A471A47E8
:1070A0001A471A471A471A471A471A471A471A27F8
:1070B0001A481A481A481A271A271A481A481A4703
:1070C0007CF47CF47CF47CF47CF47CF47CF47CF440
:1070D0007CF57CF57CF57CF47CF47CF47CF47CF42D
:1070E0007CF47CF47CF47CF47CF47CF47D147D14DE
:1070F0007D147D157D157CF47CF47CF47CF47CF4AB
:107100007CF47CF57CF57CF47CF47CF47CF47CF4FD
:107110007CF47CF47CF47CF47CF47CF47CF47D15CD
:107120007CF47CF47D147D147D147D147CF47CF45B
:107130007CF57CF57CF57CF57CF57CF57CF57CF5C7
:107140007CF57CF57CF57CF57CF57CF47CF47CF4BA
:107150007CF47CF47CF47CF47CF47CF47CF47CF4AF
:107160007D147D147CF47CF47CF47CF47CF47CF45D
:107170007CF57CF57CF57CF57CF57CF57CF57CF488
:107180007CF47CF47CF47CF47CF47CF47CF47CF47F
:107190007CF47CF47D147D147CF47CF47CF57CF52B
:1071A0007CF57CF57CF57CF57CF57CF47CF47CF559
:1071B0007CF47CF47CF47CF47CF47CF47CF47CF44F
:1071C0007CF47CF47CF47CF47CF47CF47CF474D467
:1071D0007CF474F47CF47D1474F474F574F46CF43D
:1071E0006CF46CF46CF474F474F474F474F474F576
:1071F0006CF46CF46CF46CF574F575157515751507
:10720000751575157515751575157515751575152E
:10721000751575157515751575157515751575141F
:107220007D357D557D557D557D3585558535855516
:107230008535855585358D358D359D55A5B6A5B6D4
:107240008D348D348D358D358D35953595159CF472
:10725000A4F4ACF4AD14B595ADB5A57495B5545181
:10726000440F540DA635C6D86C4F234E1B701B70AF
:107270001B701B701B701B702390232E128A1A48E0
:107280001A281A481A481A481A471A471A471A4712
:107290001A281A481A481A481A471A471A471A4702
:1072A0001A271A471A471A271A471A471A471A4716
:1072B0001A471A471A471A471A471A481A481A47C4
:1072C0001A471A481A481A481A481A471A271A27F2
:1072D0001A271A471A471A471A271A471A471A47E6
:1072E0001A271A471A471A471A471A471A471A47B6
:1072F0001A471A471A471A471A471A471A471A4786
:107300001A471A471A471A471A471A471A471A4775
:107310001A471A471A471A471A471A471A471A4765
:107320001A471A471A471A471A471A471A271A07B5
:107330001A481A481A481A481A471A471A471A2761
:107340007CF47CF47CF57CF47CF47CF57CF57CF5B9
:107350007CF57CF57CF47CF47CF47CF47CF47CF4AB
:107360007CF47CF47CF47CF47CF47D147D147D143A
:107370007CF47CF47CF57CF47CF47CF47CF47CF48C
:107380007CF47CF47CF47CF47CF47CF47CF47CF47D
:107390007CF47CF47CF47CF47CF47CF47CF47CF46D
:1073A0007CF47D147D147CF47CF47CF47CF47CF41B
:1073B0007CF57CF57CF57CF57CF57CF57CF57CF446
:1073C0007CF47CF47CF47CF57CF57CF47CF47CF43B
:1073D0007CF47CF47CF47CF47CF47CF47CF47CF42D
:1073E0007CF47CF47CF47CF47CF47CF47CF47CF51C
:1073F0007CF57CF57CF57CF57CF57CF57CF57CF406
:107400007CF47CF47CF47CF47CF47CF57CF57CF5F9
:107410007CF47CF47CF47D147CF47CF47CF57CF5C9
:107420007CF57CF57CF57CF57CF47CF47CF47CF4D8
:107430007CF57CF57CF57CF57CF57CF57CF57CF4C5
:107440007CF47CF47CF47CF47CF47CF474F47CF4C4
:107450007CF57CF57D1574F574F474F574F56CF5B4
:107460006CF56CF46CF46CF56CF46CF46CF56CF518
:107470006CF574F574F56CF56CF575157515751579
:1074800075157515751575157514751475157514AF
:10749000751475157515751575157515751575159D
:1074A0007D357D357D557D567D35855585358535D3
:1074B0008535853585358D358D358D358D358D35D4
:1074C0008D358D558D558D558D558D358D35953524
:1074D0009514AD75AD96ADB5ADB5A57395945470D5
:1074E0004C0E540DA635C6D76C4F2B4E1B701B701F
:1074F0001B701B701B7023705D3644311ACB1A4809
:107500001A481A481A481A481A471A471A471A476F
:107510001A471A481A481A471A471A471A471A4761
:107520001A471A471A471A271A471A471A471A4773
:107530001A471A471A471A271A481A481A481A485F
:107540001A481A481A481A481A481A481A271A276D
:107550001A271A271A471A471A471A471A471A4763
:107560001A471A471A471A471A471A471A471A4713
:107570001A471A471A471A471A471A471A471A4703
:107580001A471A471A471A471A471A471A471A47F3
:107590001A471A471A471A471A471A471A471A47E3
:1075A0001A471A471A471A481A471A271A2712075A
:1075B0001A281A281A481A481A471A471A471A271F
:1075C0007CF47CF47CF47CF47CF47CF57CF57CF538
:1075D0007CF57CF57CF47CF47CF47CF47CF47CF429
:1075E0007CF47CF47CF47CF47CF47D147D147D14B8
:1075F0007CF47CF47CF57CF47CF47CF47CF47CF40A
:107600007CF47CF47CF47CF47CF47CF47CF47CF4FA
:107610007CF47CF47CF47CF47CF47CF47CF484F5E1
:1076200084F585147D147D147CF47CF47CF47CF466
:107630007CF57CF57D157CF57CF57CF57CF57CF4A2
:107640007CF47CF47CF47CF57CF57CF47CF47CF4B8
:107650007CF47CF47CF47CF47CF47CF47CF47CF4AA
:107660007CF47CF47CF47CF57CF57CF57CF57CF595
:107670007CF57CF57CF57CF57CF57CF57CF57CF582
:107680007CF57CF47CF47CF57CF57CF57CF57CF574
:107690007CF47CF47CF47CF47CF47CF47CF57CF568
:1076A0007CF57CF57CF57CF57CF47CF47CF47CF555
:1076B0007CF57CF57CF57CF57CF57CF57CF57CF443
:1076C0007CF47CF47CF47CF47CF474D47CF47D1540
:1076D0007D157D157D1574D46CD474F574F56CF539
:1076E0006CF56CF46CF46CF56CF56CF56CF56CF594
:1076F0006CF56CF56CF574F574F5751575157515F7
:10770000751575157515751575147514751575142C
:10771000751475157515751575157515751575151A
:107720007D357D557D557D557D3585358535853650
:107730008535853585358D55853585358535853551
:107740008555855585558D568D568D558D558D553F
:107750009575A5B6AD95AD94ADB4A59395935C70B4
:107760004C0E5C0CBEB6C6D76C4F2B4E1B701B70FC
:107770001B701B701B70239054B42B6E1A8A1A480E
:107780001A481A481A481A481A471A471A471A47ED
:107790001A471A471A471A471A471A471A471A47E1
:1077A0001A471A471A471A471A471A471A471A47D1
:1077B0001A471A471A471A271A271A481A481A48FE
:1077C0001A481A481A481A481A481A481A481A28C9
:1077D0001A271A271A471A471A471A471A471A47E1
:1077E0001A481A471A471A471A471A471A471A4790
:1077F0001A471A471A471A471A471A471A471A4781
:107800001A471A471A471A471A471A471A471A4770
:107810001A471A471A471A471A471A471A471A4760
:107820001A471A471A471A471A471A471A481A078F
:107830001A071A281A271A481A481A471A471A48BC
:107840007CF47CF47CF47CF57CF57D157CF47CF494
:107850007D147CF47D147CF47CF47CF47CF47CF466
:107860007CF47CF47CF47CF47D147D147CF47CF456
:107870007CF47CF47CF47CF47CF474F474F47CF498
:107880007CF47CF47CF47CF47CF474F474F47CF488
:107890007CF47CF47CF57CF57CF57CF57CF57CF562
:1078A00084F584F485147D147CF47CF47CF47CF4FD
:1078B0007CF57CF57CF57CF47CF47CF47CF47CF445
:1078C0007CF47CF47CF47CF57CF57CF47CF47CF436
:1078D0007CF57CF47CF47CF47CF47CF47CF47CF427
:1078E0007CF47CF47CF47CF47CF57CF57CF57CF514
:1078F0007CF57CF57CF57CF57CF57CF57CF57CF500
:107900007CF47CF47CF47CF47CF47CF57CF57CF5F4
:107910007CF47CF47CF47CF47CF47CF57CF57CF5E4
:107920007CF57CF57CF57CF57D157D157D157CF56C
:1079300085157CF57CF57CF57CF57CF57CF47CF498
:107940007CF47CF47CF47CF47CF47CF47CF47CF4B7
:107950007D1574F56CD46CB46CD46CD474F56CF582
:107960006CF56CF46CF46CF56CF56CF56CF56CF511
:107970006CF56CF56CF574F574F575157515751574
:1079800075157515751575157514751575157515A8
:107990007515751575157515751575147515751598
:1079A0007D357D357D557D557D35853585358556CE
:1079B00085358535853585358535853585358535F7
:1079C000853585558555855585558D558D558D55EF
:1079D0009D95A5B5AD94A551B5D3BE149D925C4FB0
:1079E0004C0E5C0CBEB6C696744F2B4E1B701B70B3
:1079F0001B701B701B6F23905D155C93334D1A48F1
:107A00001A481A481A481A481A471A471A471A476A
:107A10001A471A471A471A471A471A471A471A475E
:107A20001A471A471A471A471A471A471A471A474E
:107A30001A471A471A471A271A471A481A481A475C
:107A40001A271A281A481A481A481A471A481A4868
:107A50001A281A271A271A481A471A471A471A477C
:107A60001A271A271A271A471A271A271A271A27EE
:107A70001A471A471A471A471A471A481A471A47FD
:107A80001A471A471A471A471A471A471A471A47EE
:107A90001A471A471A471A471A471A471A471A47DE
:107AA0001A471A471A471A471A471A471A481A27ED
:107AB0001A071A271A481A471A471A471A471A471D
:107AC0007CF47CF47CF47CF57CF57D157CF47D14F1
:107AD0007D147CF47CF47D147D147CF47CF47CF4C3
:107AE0007CF47CF47CF47CF47CF47D147CF47CF4F5
:107AF0007CF57CF47CF47CF47CF474F474F474F41D
:107B000074F47CF47CF47CF47CF474F474F47CF40D
:107B10007CF47CF47CF47CF47CF57D147CF47CF4C3
:107B20007D158514851485157CF47CF47CF47CF536
:107B30007CF57CF57CF57CF47CF47CF47CF47CF4C2
:107B40007CF47CF47CF47CF57CF57CF47CF47CF4B3
:107B50007CF47CF47CF47CF47CF47CF47CF47CF4A5
:107B60007CF47CF47CF47CF47CF57CF57CF57CF591
:107B70007CF57CF57D157CF57CF57CF57CF57CF55C
:107B80007CF47CF47CF47CF47CF47CF47CF47CF475
:107B90007CF47CF47CF47CF47CF47CF47CF47CF465
:107BA0007CF47CF47CF47CF47D157D157D157D15CD
:107BB0007CF57CF57D157D157CF47CF57CF47CF4FE
:107BC0007CF47CF47CF47CF47CF57CF47CF47D1413
:107BD00074F46CD464B464B46CD46CF46CF46CF56C
:107BE0006CF46CF46CF46CF56CF56CF56CF56CF590
:107BF0006CF56CF56CF574F574F5751575157515F2
:107C00007515751575147514751475147515753508
:107C10007515751575157515751575357D357535AC
:107C20007D357D357D557D557D358555853585562B
:107C30008535853585358535853585358555853554
:107C4000853585558555855585358D558D349D757D
:107C5000A595AD94AD93A530BDD3BE349552540EC9
:107C60004C0E5C0CBEB6C655746F2B4E1B701B7051
:107C70001B701B701B4F2B8F6D566D155C311A4896
:107C80001A481A481A471A471A471A471A471A47EA
:107C90001A471A471A471A471A471A471A471A47DC
:107CA0001A471A471A471A471A471A471A471A47CC
:107CB0001A471A471A471A471A471A481A481A27DA
:107CC0001A071A071A281A481A481A481A481A4846
:107CD0001A481A271A471A471A471A271A471A47DB
:107CE0001A271A271A271A0719E61A071A271A270E
:107CF0001A471A281A281A481A481A471A471A47B8
:107D00001A471A471A471A471A471A471A471A476B
:107D10001A471A471A471A471A471A471A471A475B
:107D20001A471A471A471A471A471A471A481A276A
:107D30001A071A271A271A481A481A481A481A47B7
:107D40007CF47CF47CF47CF57CF57CF57CF57CF4AF
:107D50007CF47CF47CF47CF47CF47CF47CF47CF4A3
:107D60007CF47CF47CF47CF47CF47D157D157CF54E
:107D70007CF57CF47CF47CF47CF47CF47CF47CF482
:107D800074F474F474F474F474F47CF47CF47CF49B
:107D90007CF47CF47CF47CF47D147D147D147D14DF
:107DA0007D147D147D157D157CF57CF57CF57D15A8
:107DB0007D157CF57CF57CF47CF47CF47CF47CF41F
:107DC0007CF47CF47CF47CF57CF57CF57CF57CF52E
:107DD0007CF57CF57D157D147D147D147CF47CF49C
:107DE0007CF47CF47CF47CF57CF57CF57CF47CF410
:107DF0007CF47CF47CF57CF57CF57CF57CF57CF5FD
:107E00007CF57CF57CF57CF57CF57CF47CF47CF4ED
:107E10007CF47CF47CF47CF47CF47CF47CF47CF4E2
:107E20007CF47CF47CF47CF47CF47CF47D147D158F
:107E30007D157D157D1585157CF47CF47CF47CF531
:107E40007CF47CF47CF47CF47CF47CF57CF574F4B8
:107E500074D46CD46CD46CD46CD46CF46CF46CF4BA
:107E60006CF56CF46CF46CF46CF56CF56CF56CF50D
:107E70006CF56CF5751574F574F574F57515751567
:107E800075157514751575157515751575157515A3
:107E900075157515751575157D357D357D357D35F2
:107EA0007D357D357D357D567D35855685368535E7
:107EB00085358535853585358535853585358535F2
:107EC00085358555855585358D558D359D54BE1621
:107ED000BDF4A551A551A530BE14BE348D31540E4C
:107EE0004C0E5C0CC6B6C696746F2B2D1B701B70A7
:107EF0001B701B701B70236F6D56753553CF1A287E
:107F00001A481A471A471A471A471A471A471A4768
:107F10001A471A471A471A471A471A471A471A4759
:107F20001A471A471A471A471A471A471A471A4749
:107F30001A471A471A471A471A481A481A481A2855
:107F40001A271A071A071A281A481A481A481A48E4
:107F50001A281A481A471A471A471A471A471A4737
:107F60001A271A2719E719E619E619E71A071A272F
:107F70001A481A281A481A481A481A271A481A4733
:107F80001A471A471A471A471A471A471A471A47E9
:107F90001A471A471A471A471A471A471A471A47D9
:107FA0001A471A471A471A471A471A471A471A28E8
:107FB0001A271A071A281A281A481A481A481A4853
:107FC0007CF47CF47CF47D157CF57CF57CF57CF50B
:107FD0007CF57CF47CF47CF47CF47CF47CF47CF420
:107FE0007CF47CF57CF57CF57CF57D157D157CF5C8
:107FF0007CF57CF47CF47CF474F47CF47CF47CF408
:1080000074F474F474F474F47CF47CF47CF47CF410
:108010007CF47CF47CF47CF47D147D147D147D145C
:108020007D147D147D157CF57CF57CF57CF57D1546
:108030007D157CF57CF47CF47CF47CF47CF47CF49D
:108040007CF47CF47CF47CF57CF57CF57CF57CF4AC
:108050007CF47CF47D157D147D147D147CF47CF41B
:108060007D147CF47CF57D157CF57CF57CF47CF44A
:108070007CF47CF47CF57CF57CF57CF57CF57CF57A
:108080007CF57CF57CF57CF57CF47CF47CF47CF46C
:108090007CF47CF47CF47CF47CF47CF47CF47CF460
:1080A0007CF47CF47CF47CF47CF47CF47D147D140E
:1080B0007D147CF47CF485157CF47CF47CF47CF4F5
:1080C0007CF47CF47CF47CF47CF47D1574F574D43D
:1080D0006CD46CD46CD46CD46CD46CF46CF46CF53F
:1080E0006CF56CF46CF46CF46CF56CF56CF56CF58B
:1080F0006CF56CF56CF5751574F574F575157515ED
:10810000751575157515751575157515751575151F
:108110007515751575157D3575357D357D357D354F
:108120007D357D357D357D557D5685568536853544
:10813000853585368536853685358535853585356C
:1081400085558D55853585358D359D54B5F5DE972D
:10815000CE34A550A550BDD3E738BE348D114C0E9A
:108160004C2E5C0CC6B6C696746F2B4E1B701B70E3
:108170001B701B701B6F234F75767D555C101A2882
:108180001A471A471A471A471A471A471A471A47E7
:108190001A471A471A471A471A471A471A471A47D7
:1081A0001A471A471A471A471A471A471A471A47C7
:1081B0001A471A471A471A471A481A481A481A28D3
:1081C0001A281A071A071A271A481A481A481A4862
:1081D0001A481A481A471A471A471A471A471A4795
:1081E0001A471A271A0719E619E619E719E71A278D
:1081F0001A271A271A281A481A481A271A471A47F4
:108200001A471A471A471A471A471A471A471A4766
:108210001A471A471A471A471A471A471A471A4756
:108220001A471A471A471A471A471A471A471A4746
:108230001A281A481A281A281A281A481A481A48AE
:108240007CF47CF47CF47CF57CF57CF57CF57CF5A9
:108250007CF57CF47CF47CF47CF47CF47CF47CF49D
:108260007CF47CF47CF47CF47CF47CF57CF57CF48C
:108270007CF47CF47CF47CF474D474D474D47CF4F6
:1082800074D474D474D474F47CF47CF474F47CF4F6
:108290007CF47CF47CF47CF47D147D147D147D14DA
:1082A0007D14851484F47D157D157CF57CF57D1594
:1082B00085157D157CF47CF47CF47CF47CF47CF4F2
:1082C0007CF47CF47CF47CF47CF47CF47CF47CF42E
:1082D0007CF47CF47D147D147D147D147CF47CF49A
:1082E0007CF47CF47CF57CF57D157CF47CF47CF4EA
:1082F0007CF47CF47CF47CF47CF47CF47CF57CF5FC
:108300007CF47CF47CF47D147D147CF47CF47CF4AB
:108310007CF47CF47CF47CF47CF47CF47CF47CF4DD
:108320007CF47CF47CF47CF47CF47CF47D147D148B
:108330007D148514851485147CF47CF47CF47CF421
:108340007CF47CF47CF47CF47D14751474F46CF48B
:108350006CF46CD46CD46CD46CD46CD46CF46CF5BC
:108360006CF46CF46CF46CF46CF56CF56CF56CF509
:108370006CF56CF56CF574F5751575157515751549
:10838000751575157515751475147515751575159F
:108390007514751475157D3575357D357D357D35CF
:1083A0007D357D357D357D557D56855685568535A2
:1083B00085568535853585358556853585358535AB
:1083C000853595968D5585358D35A574CE15E696F2
:1083D000CDB1AD50A550E738E739C6558D11540ED3
:1083E0004C2E5C0CBE96CEB674902B4E1B701B7040
:1083F0001B501B50236F2B6F75777D55434D1A28EB
:108400001A471A471A471A471A471A471A471A4764
:108410001A471A471A471A471A471A471A471A4754
:108420001A471A471A471A471A471A471A471A4744
:108430001A471A471A471A471A471A481A481A4831
:108440001A281A0711E71A071A271A271A481A486A
:108450001A481A471A471A471A471A471A471A4713
:108460001A471A271A271A2719E619E619E71A07C9
:108470001A071A271A481A271A481A471A271A27B2
:108480001A471A471A471A481A471A471A471A47E3
:108490001A471A471A471A471A471A471A471A47D4
:1084A0001A471A471A471A471A471A471A471A47C4
:1084B0001A271A481A481A281A281A481A481A470E
:1084C0007CF47CF47D157CF57CF57CF47CF57CF506
:1084D0007CF57CF57CF47CF47CF47CF47CF47CF41A
:1084E0007CF47CF47CF47CF47CF47CF57CF57CF40A
:1084F0007CF47CF47CF47CF474F474D474D474D47C
:1085000074D474D474F474F474F47CF474D474D4A3
:108510007CF47CF47CF47CF47CF47CF47CF47D14BA
:108520007D14851484F47D157D157D157D157D15CF
:108530007D157D147D147CF47CF47CF47CF47CF457
:108540007CF47CF47CF47CF47CF47CF47CF47CF4AB
:108550007CF47CF47D147D147D147D147CF47CF417
:108560007CF47CF47CF57CF57CF47CF47CF47CF489
:108570007CF47CF47CF47CF47CF47CF57CF57CF578
:108580007CF47CF47CF47D147CF47CF47CF47CF44A
:108590007CF47CF47CF47CF47CF47CF47CF47CF45B
:1085A0007CF47CF47CF47CF47CF47CF47D147D1409
:1085B0007D148515851585157CF47CF47CF47CF49C
:1085C0007CF47CF47CF47D1474F474F46CF46CF43A
:1085D0006CF46CD46CD46CD46CD46CF56CF56CF419
:1085E0006CF46CF46CF46CF46CF56CF56CF56CF587
:1085F0006CF56CF56CF574F574F574F57515751509
:10860000751575157515751475147515751574F43E
:10861000751475157D357D357D357D357D357D351B
:108620007D357D357D357D557D567D557D55855511
:108630008535853585358555855585558D558D55BA
:108640008D5595968D358D359D55B5B5E696EE755E
:10865000CDB1AD50A550C634EF79C6558D11540E2D
:108660004C2E5C0CBEB6C6757C8F2B2D234F235031
:108670001B2F12EE12CD12AC4C1153F02ACA1A283D
:108680001A471A471A471A471A471A471A471A47E2
:108690001A471A471A471A471A471A471A471A47D2
:1086A0001A471A471A471A471A471A471A471A47C2
:1086B0001A471A471A471A471A471A481A481A48AF
:1086C0001A271A2719E71A071A071A271A271A4802
:1086D0001A481A481A481A481A481A481A481A488A
:1086E0001A481A271A271A271A271A271A0719E7C2
:1086F0001A071A271A481A481A481A481A271A270E
:108700001A271A271A471A471A471A471A471A47A1
:108710001A471A471A471A471A471A471A471A4751
:108720001A471A471A471A481A481A481A471A473E
:108730001A471A481A481A281A281A481A471A476C
:108740007CF47CF57CF57CF57CF57CF57CF57CF5A2
:108750007CF47CF47CF47CF47CF47CF47CF47CF499
:108760007CF47CF47CF47CF47CF47CF47CF47CF489
:108770007CF47CF47CF47CF47CF47CF47CF474F481
:1087800074D474D474D474D474D47CF574D474D480
:108790007CF47CF47CF47CF47CF47CF47CF47CF459
:1087A0007D147D147D157CF57D157D157CF57D157D
:1087B0007CF47CF47D147CF47CF47CF47CF47CF418
:1087C0007CF47CF47CF47CF47CF47CF47CF47CF429
:1087D0007CF47CF484F48515851585157D147D1451
:1087E0007CF47CF47CF47CF47CF47CF47CF47CF409
:1087F0007CF47CF47CF47CF47CF47CF47CF47CF4F9
:108800007CF47CF47D147D147CF47D147D147D1443
:108810007D147CF47CF47CF47CF47CF47CF47CF4B7
:108820007CF47CF47CF47CF47CF47CF485157CF49E
:108830007CF47CF48514851585157D157CF47CF419
:108840007CF47D1474F474F474F474F46CF46CF4C7
:108850006CD46CD46CF46CD46CD46CF46CF56CF596
:108860006CF56CF46CF46CF46CF56CF56CF56CF503
:108870006CF56CF56CF56CF574F57515751575156D
:108880007515751575157514751575157515751599
:1088900075357D357D357D357D357D357D357D3550
:1088A0007D357D357D357D5575357D357D357D56FF
:1088B0008556855685358555855585558D769DB763
:1088C0009DB695758D359534AD95BD94E676EE746F
:1088D000CD91AD2FA530D696E779C6768D314C0E69
:1088E0004C2E5C0CC6B6BE557C6F432D3B9033902E
:1088F0002BB12BD12BB133B0755675353B0C1A28E3
:108900001A271A471A471A471A471A471A471A477F
:108910001A471A471A471A471A471A471A471A474F
:108920001A471A471A471A471A471A471A471A473F
:108930001A471A471A471A471A481A481A481A284B
:108940001A271A071A0719E611E61A071A271A280A
:108950001A481A481A481A281A271A271A281A4889
:108960001A481A481A471A471A281A271A071A07BC
:108970001A071A281A281A481A481A481A481A4868
:108980001A271A271A471A471A471A471A471A471F
:108990001A471A471A471A471A471A471A471A47CF
:1089A0001A471A471A481A281A281A481A481A48F9
:1089B0001A271A481A481A481A481A471A471A47CB
:1089C0007CF47CF57CF57CF57CF57CF57CF57CF520
:1089D0007CF47CF47CF47CF47CF47CF47CF47CF417
:1089E0007CF47CF47CF57CF47CF47CF47CF47CF406
:1089F0007CF47CF47CF47CF474F474F474F474F417
:108A000074D474D474D474D474F47CF574D474D4DD
:108A10007CF47CF47CF47CF47CF47CF47CF47CF4D6
:108A20007D147D147D157D157D157D157CF57CF4FB
:108A30007CF47CF47CF47CF47CF47CF47CF47CF4B6
:108A40007CF47CF47CF47CF47CF57D157D157D1440
:108A50007D1484F48515851585157D147D147D148C
:108A60007D147CF47CF47CF47CF47CF47CF47CF465
:108A70007CF47CF47CF47CF47CF47CF47CF47CF476
:108A80007CF47CF47CF47CF47CF47D147D147D1403
:108A90007CF47CF47CF47CF47CF47CF47CF57CF554
:108AA0007CF47CF47CF47CF47CF47CF47CF57CF544
:108AB0007D157D147CF47CF484F57CF57CF47CF4E9
:108AC0007CF47D157D1474F474F474F46CF46CF41B
:108AD0006CD46CD46CD46CD46CD46CD46CF56CF554
:108AE0006CF46CF46CF46CF56CF56CF56CF56CF581
:108AF0006CF56CF56CF56CF574F574F5751575150C
:108B000075157515751575157515753575357515D5
:108B100075357D357D357D357D357D357D357D35CD
:108B20007D357D357D357535753575147D357D56CD
:108B300085568556853685558D568D9695B79DB645
:108B40009DB69DB69D75A595B5B4CDD4E655EE748C
:108B5000D5D1B550A530AD71E759C6977CD04C0E34
:108B60004C2E5C0CC6B6C6768490538E5C733B91DB
:108B700023501B7023702B6F75777D353B2C1A2883
:108B80001A471A471A481A471A471A471A471A47DC
:108B90001A471A471A471A471A471A471A471A47CD
:108BA0001A471A471A471A471A471A471A471A47BD
:108BB0001A471A471A471A471A481A481A281A28E9
:108BC0001A0719E719E719E619E619E61A271A2804
:108BD0001A481A481A481A281A271A071A271A2848
:108BE0001A481A481A471A481A481A281A281A28D6
:108BF0001A071A281A281A481A481A481A481A48E6
:108C00001A471A471A271A271A271A271A271A47FC
:108C10001A471A471A471A471A471A471A471A474C
:108C20001A471A471A481A281A271A271A481A4898
:108C30001A471A471A471A471A471A471A471A472C
:108C40007CF47CF57D157D157D157D157CF57CF519
:108C50007CF47CF47CF47CF47CF47CF47CF47CF494
:108C60007CF47CF47CF47CF47CF47CF47CF47CF484
:108C70007CF47CF47CF474F474F474F474F474F49C
:108C800074F474D474D474D474F47CF474D474D43C
:108C90007CF47CF47CF47CF47CF47CF47CF47CF454
:108CA0007D147D147D147D157D157CF57D157CF47A
:108CB00074F474F47CF47CF47CF47CF47CF47CF444
:108CC0007CF47CF47CF47CF47D157D157D157CF4BE
:108CD0007CF484F4851585157D147D147D147D1434
:108CE0007D147CF47CF47CF47CF47CF47CF57CF4E2
:108CF0007CF47CF47CF47CF47CF47CF47CF57CF5F2
:108D00007CF57CF57D157D147CF47D147D147D143B
:108D10007D147CF47CF47CF47CF47CF47CF47CF4B2
:108D20007CF47CF47CF47CF47CF47CF47CF47CF4C3
:108D30007CF47CF47CF47CF47CF57CF47CF47CF4B2
:108D40007D147CF474F474F474F474F46CF46CF4C2
:108D50006CD46CF46CF46CD46CD46CD46CD46CD4D3
:108D60006CD46CF46CF46CF56CF56CF56CF56CF51E
:108D70006CF56CF56CF56CF574F574F574F57515AA
:108D800075147515753575357D357D357D357D35B4
:108D90007D357D357D357D357D357D357D557D3523
:108DA0007D357D3575357D357D357D557D557D35FB
:108DB00085568556855685558D76959695969D96BC
:108DC0009D96A5B6AD95CE36E676EE75EE74EE744C
:108DD000DE12B54FAD2FCE34EF59CEB76C6F4C0EBF
:108DE0004C2E5C0CBEB6D6D784B03B0C4C322B500C
:108DF00023501B701B702B6F75777D5532EB1A2833
:108E00001A471A471A471A471A471A471A471A475A
:108E10001A471A471A471A471A471A471A471A474A
:108E20001A471A471A471A471A471A471A471A473A
:108E30001A471A471A471A471A471A281A281A4867
:108E4000224819E619E619E619E619E61A071A275B
:108E50001A271A281A481A481A2719E71A071A2827
:108E60001A281A481A481A481A481A481A281A4832
:108E70001A271A271A281A481A481A481A481A4745
:108E80001A471A471A271A271A271A271A271A279A
:108E90001A471A471A471A471A471A471A471A47CA
:108EA0001A471A471A481A271A071A071A071A4799
:108EB0001A471A471A471A471A471A471A471A47AA
:108EC0007CF57D157D157D157D157D157CF57CF476
:108ED0007CF47CF47CF47CF47CF47CF47CF47CF412
:108EE0007CF47CF47CF47CF47CF47CF47CF47CF402
:108EF0007CF47CF47CF47CF474F474F474F474F412
:108F000074F474F474D474F47CF47CF474D474D471
:108F10007CF47CF47CF47CF47D147CF47CF47CF4B0
:108F20007D147D147D147CF47D157CF47CF474F444
:108F300074F47CF47CF47CF47CF47CF47CF47CF4B9
:108F40007CF47CF47CF47CF47D157D157CF47CF45D
:108F50007CF484F48515851585157D157D147D14A7
:108F60007D147CF47CF47CF47CF47CF47CF47CF460
:108F70007CF47CF47CF47CF47CF47CF57D157D152C
:108F80007D157D1585157D157D147D147D147D144D
:108F90007D147CF47CF47CF47CF47CF47CF47CF430
:108FA0007CF47CF47CF47CF47CF47CF47CF47CF441
:108FB0007CF47CF47CF47CF47CF47D157CF47CF40F
:108FC00074F474F474F474F474F474F46CF46CF471
:108FD0006CD46CD46CD46CD46CD46CD46CD46CD491
:108FE0006CD46CD46CD46CF56CF56CF56CF56CF5DC
:108FF0006CF56CF56CF56CF56CF56CF56CF4751541
:109000007515753575357D357D357D557D357D35E8
:109010007D357D357D357D557D357D357D357D35A0
:109020007D357D357D557D557D557D557D35751558
:109030007D1585768556853585559596959695B693
:109040009DB6A5B6AD95D676E675EE74EE73F6735D
:10905000EE74CDF1B550D675EF59CED86C4F4C0E9D
:109060004C2E5C0CBEB6CEB77C8F330D2B4F2350ED
:109070001B501B701B70234F6D366CF422691A480D
:109080001A471A471A471A471A471A471A471A47D8
:109090001A471A471A471A471A471A471A471A47C8
:1090A0001A471A471A471A471A471A471A471A47B8
:1090B0001A471A471A471A471A471A471A471A48A7
:1090C0001A271A0719E719E719E719E71A271A27BC
:1090D0001A281A271A271A281A2719E619E71A0729
:1090E0001A271A481A481A481A481A481A471A4892
:1090F0001A271A271A281A281A481A471A471A47E5
:109100001A471A471A471A471A471A471A271A2797
:109110001A471A471A471A471A471A471A471A4747
:109120001A471A471A481A271A0719E71A071A2757
:109130001A471A471A471A471A481A471A471A4726
:109140007CF57CF57CF57CF57CF57CF57CF57CF498
:109150007CF47CF47CF47CF47CF47CF47CF47CF48F
:109160007CF47CF47CF47CF47CF47CF47CF47CF47F
:109170007CF47CF47CF47CF47CF47CF47CF47CF46F
:109180007CF474F474F474F47CF47CF474D474D4C7
:1091900074F47CF47CF47CF47CF47CF47CF47CF457
:1091A0007CF47CF47CF47CF47CF57CF57CF474F445
:1091B0007CF47CF47CF47CF47CF47CF47CF47CF42F
:1091C0007CF47CF47CF47CF47CF47CF47CF47CF41F
:1091D0007CF484F4851585157D1485157D147CF447
:1091E0007CF47CF47CF47CF47CF47CF47CF47CF4FF
:1091F0007CF47CF47CF47CD47CF47D157D157D15A9
:109200007CF47D157D157D147D1485157D147D14EC
:109210007D147D147CF47CF47CF47CF47CF47CF48C
:109220007CF47CF47CF47CF47CF47CF47CF47CF4BE
:109230007CF57CF47CF47CF57CF47CF47CF474F4B4
:1092400074F474F474F474F474F46CF46CF46CF5F5
:109250006CF46CF46CD46CD46CD46CD46CD46CD4CE
:109260006CD46CF46CF46CF46CF46CF46CD46CF53D
:109270006CF56CF56CF56CF56CF56CF56CF474F4E0
:1092800075157535753575157D357D557D357D358E
:109290007D357D357D357D557D557D557D557D559E
:1092A0007D557D557D357D357D357D357D357D35EE
:1092B00074F485568556855585558D969596959663
:1092C0009DB69DB6A595C616E696EE74EE73F6733A
:1092D000EE74D5F2B530AD30D6D7CEF8644E4C2F03
:1092E0004C2F5BECBE96CEB77C902B4E1B4F1B5089
:1092F0001B701B701B70234F6D56334D1A491A4853
:109300001A471A471A471A471A471A471A471A4755
:109310001A471A471A471A471A471A471A471A4745
:109320001A471A471A471A471A471A471A471A4735
:109330001A471A471A471A471A471A471A471A4725
:109340001A271A2819E719E719E619E71A071A2739
:109350001A271A271A271A271A0711E619E719E7F1
:109360001A071A281A281A281A281A481A481A27CF
:109370001A271A071A071A281A281A481A481A48C0
:109380001A471A471A471A471A471A471A271A2715
:109390001A471A471A471A471A471A471A471A47C5
:1093A0001A471A471A481A2819E719E719E61A2717
:1093B0001A481A481A481A471A471A471A471A47A2
:1093C0007CF57CF57CF57CF57CF57CF57CF57CF416
:1093D0007CF47CF47CF47CF47CF47CF47CF47CF40D
:1093E0007CF47CF47CF47CF47CF47CF47CF47CF4FD
:1093F0007CF47CF47CF47CF47CF47CF47CF47CF4ED
:109400007CF47CF474F474F474F474F474F474F40C
:1094100074F47CF47CF47CF47CF47CF47CF57CF5D2
:109420007CF47CF47CF47D157CF57CF57CF47CF498
:109430007CF47CF47CF47CF47CF47CF47CF47CF4AC
:109440007CF47CF47CF47CF47CF47CF47CF47CF59B
:109450007CF47CF485147D147D147CF47D147CF400
:109460007CF47CF47CF47CF47CF47CF47CF47CF47C
:109470007CF47CF47CF47CF47CF47CF57D157D1527
:109480007CF47CF47D147D147D1485157D147D148D
:109490007D147D147D147D147CF47CF47CF47CF4C8
:1094A0007CF47CF47CF47CF47CF47CF47CF47CF43C
:1094B0007CF57CF57CF57D157CF47CF474F474F417
:1094C00074F474F474F474F474F46CF46CF46CF573
:1094D0006CF46CF46CF46CD46CD46CD46CD46CD42C
:1094E0006CD46CF46CF46CF46CF46CF46CF46CF59B
:1094F0006CF56CF56CF56CF56CF56CF56CF474F55D
:10950000751574F56CF475357D357D557D557D3556
:109510007D357D557D357D557D557D557D567D56F9
:109520007D557D357D557D357D357D357D357D356B
:109530007D3574F48535855585558D768D768D769A
:10954000959695969D75A574C5F5E675EE74EE74C1
:10955000EE74DE54BD92AD51BE55D75A5C0E4C2F01
:109560004C2F5BECBE96CEB77C902B4E1B701B70C5
:109570001B701B701B6F236F3C111AAB12491A48EA
:109580001A471A471A471A471A471A471A471A47D3
:109590001A471A471A471A471A471A471A471A47C3
:1095A0001A471A471A471A471A471A471A471A47B3
:1095B0001A471A471A471A471A471A471A471A47A3
:1095C0001A471A281A0719E719E619E71A071A2776
:1095D0001A271A271A271A271A2719E619E719E747
:1095E00019E71A071A271A281A481A481A471A4751
:1095F0001A481A071A071A281A481A481A471A47FF
:109600001A471A471A471A471A471A471A471A4752
:109610001A471A471A471A471A471A471A471A4742
:109620001A471A471A481A281A271A0719E61A0752
:109630001A481A481A481A481A481A471A471A471D
:109640007CF47CF57CF57CF57CF57CF57CF57CF494
:109650007CF47CF47CF47CF47CF47CF47CF47CF48A
:109660007CF47CF47CF47CF47CF47CF47CF47CF47A
:109670007CF47CF47CF47CF47CF47CF47CF47CF46A
:109680007CF47CF47CF47CF474F474F474F474F47A
:1096900074F474F47CF47CF47CF47CF47CF57CF558
:1096A0007D157CF47CF47CF47CF57CF47D157CF4F5
:1096B0007CF47CF47CF47CF47CF47CF47CF47CF42A
:1096C0007CF47CF47CF47CF47CF47CF47CF47CF519
:1096D0007CF57D157D157D147D147CF47D147CF462
:1096E0007CF47CF47CF47CF47CF47CF47CF47CF4FA
:1096F0007CF47CF47CF47CF47CF47CF47CF57D15C7
:109700007CF47CF47D147D147D157D147CF47D1433
:109710007D147D147D147CF474D47CF47CF47D156C
:109720007CF47CF47CF47CF47CF47CF47CF47CF4B9
:109730007CF47CF47CF47CF574F474F474F474F4C8
:1097400074F474F474F474F474F46CF46CF46CF5F0
:109750006CF46CF46CF46CD46CF46CF46CF46CD449
:109760006CD46CF46CF46CF46CF46CF46CF46CF518
:109770006CF56CF56CF56CF56CF574F56CF56D15B8
:109780006CF464B47515753675357D557D557D550C
:109790007D557D557D557D357D557D557D557D5559
:1097A0007D357D357D357D357D357D357D357D3529
:1097B0007D357D157D15855585558555855685568F
:1097C0008D768D768D559554B5D5DE76E696E696F2
:1097D000DE55CE15C5D4B5D4ADB4A5F5540E4C2F79
:1097E0004C2E5BECBE96CEB67C902B4E1B701B7045
:1097F0001B701B701B6F1B2E12CC1ACB12891A48C0
:109800001A471A481A471A471A471A471A471A474F
:109810001A471A471A471A471A471A471A471A4740
:109820001A471A471A471A471A471A471A471A4730
:109830001A471A471A471A471A471A471A471A4720
:109840001A471A471A2719E719E719E71A071A07D3
:109850001A271A271A281A271A0719E619E719E7E3
:109860001A071A071A071A281A281A481A471A47ED
:109870001A071A0719E71A071A281A471A471A4720
:109880001A471A471A471A471A471A471A471A47D0
:109890001A471A271A471A471A471A471A471A47E0
:1098A0001A471A471A481A481A281A271A271A074D
:1098B0001A271A481A481A481A481A481A471A47BB
:1098C0007CF57CF57CF57CF57CF57CF57CF47CF412
:1098D0007CF47CF47CF474F47CF47CF47CF47CF410
:1098E0007CF47CF47CF47CF47CF47CF47CF474F400
:1098F00074F47CF47CF47CF47CF47CF47CF47CF4F0
:109900007CF47CF47CF47CF474F474F474F474F4F7
:1099100074F474F47CF47CF47CF47CF47CF47CF4D7
:109920007CF47CF47CF47CF47CF47CF47CF47CF4B7
:109930007CF47CF47CF47CF47CF47CF47CF47CF4A7
:109940007CF47CF47CF47CF47CF47CF47CF57CF595
:109950007CF57CF57CF47D147CF47CF47D147D1422
:109960007CF47CF47CF47CF47CF47CF47CF47CF477
:109970007CF47CF47CF47CF47CF47CF47CF47CF566
:109980007D157D147D147D147D147D147CF47D146F
:109990007D147CF47CF474D47CF47CF47CF47CF44E
:1099A0007CF47CF47CF47CF47CF47CF47CF47CF437
:1099B0007CF47CF47D157CF474D474D474F4751444
:1099C000751474F474F474F46CF46CF46CF46CF456
:1099D0006CF46CF46CF46CF46CF46CF46CF46CF487
:1099E0006CF46CF46CF46CF46CF46CF46CF46CD497
:1099F0006CD46CD46CF56CF56CF56CF56CF56CD4C2
:109A000064D464B464D475367D567D557D557D55DA
:109A10007D557D557D557D557D557D557D357D35F6
:109A2000753575357D35753575157D357D357D35E6
:109A30007D357D357D3585558555855585568555CD
:109A400085567D147D148D359534AD73CE36CE3567
:109A5000BDB3BDB4BDD5B5D5B5F59DD5540E4C2F10
:109A60004C2E5C0CBE96C6967C902B4E2370236FBA
:109A7000236F1B6F1B6F0AED0AEC12CB12891A4879
:109A80001A471A471A471A471A471A471A471A47CE
:109A90001A471A471A471A471A471A471A471A47BE
:109AA0001A471A471A471A471A471A471A471A47AE
:109AB0001A471A471A471A471A471A471A471A479E
:109AC0001A471A471A271A0719E719E719E71A0751
:109AD0001A271A481A281A071A0719E719E719E75F
:109AE0001A071A281A281A281A271A481A271A276A
:109AF0001A071A0719E71A071A271A271A471A27DF
:109B00001A271A471A471A471A471A471A471A476D
:109B10001A471A271A471A471A471A271A271A479D
:109B20001A471A481A271A481A281A271A271A27CA
:109B30001A271A481A481A281A281A271A471A4799
:109B40007CF57CF57CF57CF57CF57CF57CF47CF48F
:109B50007CF47CF474F474F47CF47CF47CF47CF495
:109B60007CF47CF47CF47CF47CF47CF47CF474F47D
:109B700074F47CF47CF47CF47CF47CF47CF47CF46D
:109B80007CF47CF47CF47CF474F474F474F474F475
:109B900074F474F47CF47CF47CF47CF47CF47CF455
:109BA0007CF47CF47CF47CF47CF47CF47CF47CF435
:109BB0007CF47CF47CF47CF47CF47CF47CF47CF524
:109BC0007CF47CF47CF47CF47CF47CF57D157CF5F1
:109BD0007CF57CF47CF57D147D147D147CF47D157E
:109BE0007CF47CF47CF47CF47CF47CF47CF47CF4F5
:109BF0007CF47CF47CF47CF47CF47CF47CF47CF5E4
:109C00007CF47D147D147D147D147D147CF47D140E
:109C10007CF47CF47CF47CF47CF47CF47CF47CF4C4
:109C20007D1474F474F47CF47CF47CF47CF47CF5A2
:109C30007D157D157D157CF474D474F474F474F47E
:109C400074F4751474F474F46CF46CF46CF46CF4D3
:109C50006CF46CF46CF46CF46CF46CF46CF46CF503
:109C60006CF56CF56CF56CF46CF46CF46CF46CD411
:109C70006CD46CF56CF56CF56CF56CF56CD464B467
:109C800064D464B464B46CF475157D357D557D354C
:109C90007D557D557D557D567D557D357D357D3593
:109CA000753575157515751474F4751475157D1560
:109CB0007D357D357D357D358555853585358535D4
:109CC000855685567D1485148D149D54B5B5B5D52E
:109CD000BDB5BDB5BDD5BDD5B5D59DB5540E4C2FC3
:109CE0004C2F540DB697C6D884D2332D232E1A8C00
:109CF0001AAC1B0E12ED0AEC0AEC12CB12891A48B0
:109D00001A481A471A471A471A471A471A471A474A
:109D10001A471A471A471A471A471A471A471A473B
:109D20001A471A471A471A471A471A471A471A472B
:109D30001A471A471A471A471A481A471A471A471A
:109D40001A471A481A281A271A0719E719E71A078B
:109D50001A271A281A281A271A07222819E719E792
:109D600022081A281A271A281A281A281A271A071E
:109D700019E719E71A0719E71A071A271A471A479E
:109D80001A471A471A481A471A471A471A471A47CA
:109D90001A471A471A471A471A471A271A281A48F9
:109DA0001A481A281A281A481A281A281A481A4823
:109DB0001A481A481A281A071A271A271A271A2778
:109DC0007CF57CF57CF57CF57CF57CF57CF47CF40D
:109DD0007CF47CF474D474F47CF47CF47CF47CF433
:109DE0007CF47CF47CF47CF47CF47CF47CF474F4FB
:109DF00074F47CF47CF47CF47CF47CF47CF47CF4EB
:109E00007CF47CF47CF47CF47CF47CF47CF474F4DA
:109E100074F474F47CF474F47CF47CF47CF47CF4DA
:109E20007CF47CF47CF47CF47CF47CF47CF47CF4B2
:109E30007CF47CF47CF47CF47CF47CF47CF47CF4A2
:109E40007CF47CF47CF47CD47CF47CF47CF47D1590
:109E50007CF57D157CF57CF47CF47CF47CF47CF45E
:109E60007CF47CF47CF474F47CF47CF47CF47CF47A
:109E70007CF47CF47CF47CF47CF47CF47CF47CF561
:109E80007CF47D157D147D147D147D147D147D146A
:109E90007D147CF47CF57CF47CF47CF47D147CF4FF
:109EA00074F474F474F47CF47CF47CF47CF47CF549
:109EB0007CF57D157D157CF574F474F474F474F4FC
:109EC00074F474F474F46CF46CF46CF46CF46CF47A
:109ED0006CF46CF46CF46CF46CF46CF46CF46CF482
:109EE0006CF56CF56CD46CF46CF46CF46CF46CD4B0
:109EF0006CD46CF56CF56CF56CD464B464B464B477
:109F000064B46CD564D464B46CF4753575357D5522
:109F10007D557D557D567D567D357D357D35753537
:109F200075157515751575147514751475157D15DC
:109F30007D357D357D357D557D3585358536853657
:109F4000855685567D157D157CD484D39D55AD955C
:109F5000B5B5BDB5BDB5C5D5BDF59574540E4C2F81
:109F60004C2F540E3AC9092311A61A6A01880126FA
:109F70000188024A0AEC0AEC0AEB12EB12891A4831
:109F80001A471A471A471A471A471A471A471A47C9
:109F90001A471A471A471A471A471A471A471A47B9
:109FA0001A471A471A471A471A471A471A471A47A9
:109FB0001A471A471A471A481A481A471A471A4797
:109FC0001A481A481A281A281A271A071A071207AD
:109FD0001A071A281A281A281A071A071A0719E737
:109FE0001A071A281A471A481A481A281A281A0744
:109FF0001A071A071A0719E71A071A271A471A47DA
:10A000001A271A471A471A471A481A471A471A4767
:10A010001A471A471A471A471A471A471A281A4856
:10A020001A281A281A281A481A281A281A481A48C0
:10A030001A481A481A281A2811E719E71A0719E6C0
:10A040007CF57CF57CF57CF57CF57CF47CF47CF48B
:10A050007CF474F474F47CF47CF474F47CF47CF498
:10A060007CF47CF47CF47CF47CF47CF47CF474F478
:10A0700074F47CF47CF47CF47CF47CF47CF47CF468
:10A080007CF47CF47CF47CF47CF47CF47CF474F458
:10A0900074F474F47CF47CF47CF47CF47CF47CF450
:10A0A0007CF47CF47CF47CF47CF47CF47CF47CF430
:10A0B0007CF47CF47CF47CF47CF47CF57CF57CF51D
:10A0C0007CF57CF47CF47CF47CF47CF47CF47D15ED
:10A0D0007D157CF47CF47CF47CF47CF47CF47CF4DE
:10A0E0007CF47CF47CF474D474F47CF47CF47CF420
:10A0F0007CF47CF57CF57CF47CF47CF47CF47CF5DD
:10A100007D157D157D157D157CF47D147D147CF405
:10A110007CF47CF47CF47CF47CF474F474F474F4D7
:10A1200074F474F47CF47CF47D147CF47CF47CF49E
:10A130007D157D157D157D1574F474F474F474F437
:10A1400074F474F46CF46CF46CF56CF46CF46CF4FE
:10A150006CF46CF46CF46CF46CF46CF46CF46CF4FF
:10A160006CF46CF46CF46CF46CF46CF46CF46CF4EF
:10A170006CF46CF56CF564D464B464B464B46CD4FD
:10A180006CF56CF56CF564B464D46CF475147535C9
:10A190007D557D557D567D557D357D357D357535B6
:10A1A000751575147514751474F475147514753566
:10A1B00075157D357D357D357D357D358536853625
:10A1C0008536853585367CF474D47CD384B3ADB6BE
:10A1D000BDD5BDB5C5D5DE77C6159574540E4C0FEB
:10A1E00043AE1A49118601450146016701670166C0
:10A1F0000A6A0ACB0AEC0AEC0AEB12EB1289124843
:10A200001A471A481A471A471A471A471A471A4745
:10A210001A471A471A471A471A471A471A471A4736
:10A220001A471A471A471A471A471A471A471A4726
:10A230001A471A471A481A481A481A481A471A4712
:10A240001A471A481A481A481A271A271A271A07A3
:10A2500011E71A271A281A281A271A071A2719E69F
:10A260001A071A271A471A481A481A481A481A2861
:10A270001A271A271A271A2712071A071A471A47DE
:10A280001A481A471A471A471A471A471A471A47C5
:10A290001A481A471A471A471A471A471A471A48B4
:10A2A0001A271A271A271A481A271A471A481A4823
:10A2B0001A481A281A281A281A2819E71A0719E614
:10A2C0007CF47CF47CF47CF47CF47CF47CF47CF40E
:10A2D0007CF47CF47CF474F47CF47CF47CF47CF406
:10A2E0007CF47CF47CF47CF47CF47CF47CF47CF4EE
:10A2F0007CF47CF47CF47CF47CF47CF47CF47CF4DE
:10A300007CF47CF47CF47CF47CF47CF47CF47CF4CD
:10A310007CF47CF47CF47CF47CF47CF47CF47CF4BD
:10A320007CF47CF47CF47CF47CF47CF47CF47CF4AD
:10A330007CF47CF47CF47CF47CF47CF57CF57CF59A
:10A340007CF57CF47CF47CF47CF47CF47CF47D156A
:10A350007CF47CF47CF47D157CF57CF47CF47CF45A
:10A360007CF47CF47CF47CF47CF47CF47D157CF54A
:10A370007CF47CF47CF57CF47CF47CF47CF47CF45C
:10A380007CF47CF57CF57CF57CF57D157CF57CF525
:10A390007CF57CF47CF47CF47CF474F474F474F454
:10A3A00074F47CF47CF47CF47CF47CF47CF47D1513
:10A3B0007D157D157D157D1574F474F474F474F4B5
:10A3C00074F46CF46CF46CF56CF56CF56CF46CF482
:10A3D0006CF46CF46CF46CF56CF56CF56CF46CF47A
:10A3E0006CF46CF46CF46CF46CF46CF46CF46CF46D
:10A3F0006CF46CF46CF464B464B46CD46CF56CF50B
:10A400006CF56CF56CF56CD464B46CF46D14751467
:10A4100075357D557D567D557D357D3575157514A4
:10A4200075147514751475147514751475147514E4
:10A4300075157D157D157D357D157D157D157D3554
:10A440007D3585367D357D1574D47CD39535B5D66F
:10A45000BDD5C5D5C5F5DE97C6158D74540F542FDF
:10A4600043AE01250126014709C91A6B01A80A4A12
:10A4700012CB0AEB02EB0B0C0AEB12EB0A89124827
:10A480001A481A471A471A471A471A471A471A47C3
:10A490001A471A471A471A471A471A471A471A47B4
:10A4A0001A471A471A471A471A471A471A471A47A4
:10A4B0001A471A471A481A481A481A481A481A478F
:10A4C0001A471A471A471A271A471A271A271A2803
:10A4D0001A071A271A481A481A271A271A071A0792
:10A4E0001A071A271A271A481A471A471A481A2801
:10A4F0001A281A281A271A271A271A271A271A4732
:10A500001A471A471A471A481A471A471A271A2782
:10A510001A471A471A471A471A471A471A471A4733
:10A520001A471A471A471A471A481A471A471A4821
:10A530001A481A281A281A281A281A2719E619E771
:10A540007CF47CF47CF47CF47CF47CF47CF47CF48B
:10A550007CF47CF47CF47CF47CF47CF47CF47CF47B
:10A560007CF57CF47CF47CF47CF47CF47CF47CF46A
:10A570007CF47CF47CF47CF47CF47CF47CF47CF45B
:10A580007CF47CF47CF47CF47CF47CF47CF47CF44B
:10A590007CF47CF47CF47CF47CF47CF47CF47CF43B
:10A5A0007CF47CF47CF47CF47CF47CF47CF47CF42B
:10A5B0007CF47CF47CF47CF47CF47CF47CF47CF51A
:10A5C0007CF57CF57CF57CF47CF47CF47CF47CF408
:10A5D0007CF47CF47CF47CF47CF47CF47CF47CF4FB
:10A5E0007CF47CF47CF47CF47CF47CF47CF47CF5EA
:10A5F0007CF57CF57CF57CF57CF47CF47CF57CF4D6
:10A600007CF47CF57CF57CF57CF57CF57CF57CF5C3
:10A610007CF57CF57CF47CF474F474F474F474F4D8
:10A6200074F47CF47CF47CF47CF47CF47CF47D1590
:10A630007D157D157D157CF47CF474F474D474F46C
:10A6400074F46CF46CF46CF46CF56CF56CF46CF400
:10A650006CF46CF46CF46CF56CF56CF56CF46CF4F7
:10A660006CF46CF46CF46CF46CF46CD46CD46CF42A
:10A670006CF46CF46CD464D46CD46CD46CF56CF560
:10A680006CF56CF56CF56CF564B46CD46CF4751504
:10A690006CF47D557D567D567D3575357515751473
:10A6A000751474F474F474F474F4751475147515E5
:10A6B00075157D157D157D157D157D157D157D1512
:10A6C0007D157D157D157D157D147CB3ADD7BDD66B
:10A6D000C5D5C5B4CE15DE9894D17491438E2ACBDE
:10A6E00009C701260126016709E90A6B026A0AEC1B
:10A6F0000AEB02EC0B0C0B0C0AEB12EB0A8912486A
:10A700001A471A481A471A471A471A471A471A4740
:10A710001A471A471A471A471A471A471A471A4731
:10A720001A471A471A471A471A471A471A471A4721
:10A730001A471A471A471A271A271A281A281A488E
:10A740001A471A471A471A481A481A281A281A285C
:10A750001A271A281A281A481A271A2719E719E651
:10A7600019E61A271A271A471A471A471A471A4882
:10A770001A481A481A481A471A481A481A471A27EC
:10A780001A471A271A481A481A281A281A071A277D
:10A790001A471A471A471A471A471A471A471A47B1
:10A7A0001A471A471A471A471A471A471A271A48C0
:10A7B0001A481A481A281A281A281A2719E619E7CF
:10A7C0007CF47CF47CF47CF47CF47CF47CF47CF409
:10A7D0007CF47CF47CF47CF47CF47CF47CF47CF4F9
:10A7E0007CF47CF47CF47CF47CF47CF47CF47CF4E9
:10A7F0007CF47CF47CF474F47CF47CF47CF47CF4E1
:10A800007CF47CF47CF47CF47CF47CF47CF47CF4C8
:10A810007CF47CF47CF47CF47CF47CF47CF47CF4B8
:10A8200074F474F47CF47CF47CF47CF47CF47CF4B8
:10A830007CF47CF47CF47CF47CF47CF47CF47CF597
:10A840007CF57CF57CF57CF47CF47CF47CF47CF485
:10A850007CF47CF47CF47CF474F47CF47CF47CF480
:10A860007CF47CF47CF47CF47CF47CF47CF47CF468
:10A870007CF57CF57CF57D157CF47CF47CF47CF433
:10A880007CF57CF47CF47CF47CF47D157D157CF502
:10A890007CF47CF47CF47CF47CF474F474F474F450
:10A8A0007CF47CF47CF47CF47CF47CF47CF47D1506
:10A8B0007D157D157D157CF474F474F474F474F4D2
:10A8C0006CF46CF46CF46CF46CF56CF56CF46CF486
:10A8D0006CF46CF56CF46CF56CF56CF56CF46CF474
:10A8E0006CF46CF46CF46CF46CF46CF46CD46CF488
:10A8F0006CF46CF46CD464D46CD46CD46CF46CF5DF
:10A900006CF56CF56CF56CF56CD46CD46CF56CD4A2
:10A9100075357D567D5575357535751575157514F7
:10A9200074F474F474F474F474F474F475147514A5
:10A9300075157515751575157D157D157D157D15A7
:10A940007D157D157D15853585359555B5F7BDD6B4
:10A95000C5D4CDD4DE979CD1196511A61A0901265C
:10A9600001260126012601C9020A0A8B0AEC02EC23
:10A97000030C030C02EC0B0C0AEB12EB12891248CD
:10A980001A481A481A471A471A471A471A471A47BD
:10A990001A471A471A471A471A471A471A471A47AF
:10A9A0001A471A471A471A471A471A471A471A479F
:10A9B0001A471A471A471A271A071A271A281A482D
:10A9C0001A471A471A471A471A481A281A281A28DB
:10A9D0001A271A271A271A471A271A2719E619E6D3
:10A9E00019E61A071A271A471A471A471A471A4721
:10A9F0001A471A471A471A471A471A271A471A476F
:10AA00001A471A471A271A281A281A271A271A27FC
:10AA10001A481A471A471A471A471A471A471A472D
:10AA20001A471A471A471A471A471A471A481A283C
:10AA30001A481A481A281A281A2719E719E619E68F
:10AA400074F474F474F47CF47CF47CF47CF47CF49E
:10AA50007CF47CF47CF47CF47CF47CF47CF47CF476
:10AA60007CF47CF47CF47CF47CF47CF47CF47CF466
:10AA70007CF47CF47CF47CF47CF47CF47CF47CF456
:10AA80007CF47CF47CF47CF47CF47CF47CF47CF446
:10AA90007CF47CF47CF47CF47CF47CF47CF47CF436
:10AAA00074F474F47CF47CF47CF47CF47CF47CF436
:10AAB0007CF47CF47CF47CF47CF47CF47CF47CF515
:10AAC0007CF57CF57CF57CF47CF47CF47CF47CF403
:10AAD0007CF47CF47CF47CF47CF47CF47CF47CF4F6
:10AAE0007CF47CF47CF47CF47CF47CF47CF57CF5E4
:10AAF0007CF47CF57CF57CF57CF47CF47CF47CF4D3
:10AB00007CF47CF47CF47CF47CF47CF57CF47CF4C4
:10AB10007CF47CF47CF47CF47CF474F474F474F4CD
:10AB200074F47CF47CF47CF47CF47CF47CF47CF4AD
:10AB30007CF47CF47CF47CF474F47CF474F474F4AD
:10AB40006CF46CF46CF46CF56CF56CF56CF46CF402
:10AB50006CF46CF46CF46CF56CF56CF56CF46CF4F2
:10AB60006CF46CF46CF46CF46CF46CF46CF46CF4E5
:10AB70006CF46CF46CF46CD46CD46CF46CD46CD455
:10AB80006CF56CF574F574F56CF56CF574F56CD4C6
:10AB90006D1475157535753575157514751474F452
:10ABA00074F474F474F474F474F474F47514751423
:10ABB000751575157515751575157D157D157D152D
:10ABC0007D157D157D15853584F4ADB6BDF6C5D5ED
:10ABD000C5D4D5F3E6B7320611A6098709A7012621
:10ABE00001260126016709E9022A0AAB0AEC0B0CCF
:10ABF000030C030C02EC0B0C0AEB12EB126912486B
:10AC00001A481A471A471A471A471A471A471A473B
:10AC10001A471A471A471A471A471A471A471A472C
:10AC20001A471A471A471A471A471A471A471A471C
:10AC30001A471A471A471A271A071A071A271A48CB
:10AC40001A471A471A471A471A481A481A481A2818
:10AC50001A281A281A481A481A271A271A0719E60A
:10AC600019E71A271A481A471A471A471A471A475C
:10AC70001A471A471A471A471A471A271A471A270C
:10AC80001A271A271A271A271A271A271A271A07DC
:10AC90001A271A271A471A471A471A471A471A47EC
:10ACA0001A471A471A471A471A471A471A481A489A
:10ACB0001A481A481A281A281A0719E619E619E62E
:10ACC00074F474F474F47CF47CF47CF474F47CF424
:10ACD0007CF474F47CF474F474F47CF47CF47CF40C
:10ACE0007CF47CF47CF47CF47CF47CF47CF47CF4E4
:10ACF0007CF47CF47CF47CF47CF47CF47CF47CF4D4
:10AD00007CF47CF47CF47CF47CF47CF47CF47CF4C3
:10AD10007CF47CF47CF47CF47CF47CF47CF47CF4B3
:10AD20007CF47CF47CF47CF47CF47CF47CF47CF4A3
:10AD30007CF47CF47CF47CF47CF47CF47CF47CF493
:10AD40007CF47CF47D157CF47CF47CF47CF47CF461
:10AD50007CF47CF47CF47CF47CF47CF47CF47CF473
:10AD60007CF47CF47CF47CF47CF47CF47CF57CF561
:10AD70007CF57CF57CF57CF47D157CF47CF47CF42E
:10AD80007CF47CF47CF47CF47D157CF47CF47CF421
:10AD90007CF47CF47CF47CF47CF474F474F47CF443
:10ADA0007CF47CF47CF47CF47CF47CF47CF47CF423
:10ADB0007CF47CF47CF47CF47CF47CF474F474F423
:10ADC00074F474F474F574F56CF56CF56CF56CF45E
:10ADD0006CF46CF56CF56CF56CF56CF56CF46CF46E
:10ADE0006CF46CF46CF46CF46CF46CF46CF46CD483
:10ADF0006CD46CD46CD464D464D46CD46CD46CD463
:10AE00006CF56CF56CF56CF56CF56CF56CF56CF43B
:10AE10006CF475157515751575157515751474F42F
:10AE20006CF46CF474F474F474F474F475147514B0
:10AE30007515751475157515751575147D157D15B4
:10AE40007D157D157D157D1584F4ADB6BDD6C5D5B2
:10AE5000D615EE95DEB6742F11C709A70167012636
:10AE60000127012601A80A09024A0ACC02EC030CB8
:10AE7000030C030C0B0C0B0C0AEB12AA12681A48F9
:10AE80001A471A471A471A471A471A471A471A47BA
:10AE90001A471A471A471A471A471A471A471A47AA
:10AEA0001A471A471A471A471A471A471A471A479A
:10AEB0001A471A471A471A281A271A071A071A0789
:10AEC0001A271A271A481A481A481A481A481A48B4
:10AED0001A281A281A281A271A271A271A071A07A7
:10AEE0001A271A271A471A471A471A471A471A479A
:10AEF0001A471A471A471A471A471A471A471A276A
:10AF00001A271A271A271A271A281A281A271A0757
:10AF10001A281A271A471A471A471A471A471A4867
:10AF20001A481A481A481A481A481A481A271A2753
:10AF30001A481A481A281A0719E719E619E619E6ED
:10AF400074F474F474F474F47CF474F474D474D4F9
:10AF50007CD47CF474D474F474F47CF47CF47CF4C9
:10AF60007CF47CF47CF47CF47CF47CF47CF47CF461
:10AF70007CF47CF47CF47CF47CF47CF47CF47CF451
:10AF80007CF47CF47CF47CF47CF47CF47CF47CF441
:10AF90007CF47CF47CF47CF47CF47CF47CF47CF431
:10AFA0007CF47CF47CF47CF47CF47CF47CF47CF421
:10AFB0007CF47CF47CF47CF47CF47CF47CF47CF411
:10AFC0007CF47CF47CF47CF47CF47CF47CF474F409
:10AFD00074F474D474F47CF47CF47CF47CF47CF429
:10AFE0007CF47CF47CF47CF47CF47CF47CF57CF5DF
:10AFF0007CF57CF47CF57CF57CF47CF47CF47CF4CE
:10B000007CF47CF47CF47CF47CF47CF47CF47CF4C0
:10B010007CF47CF47CF47CF47CF47D1474F47CF497
:10B020007CF47CF47CF47CF47CF47CF47CF47CF4A0
:10B030007CF47CF47CF474F474F474F474F4751497
:10B0400074F474F474F474F46CF46CF474F574F5CE
:10B050006CF46CF46CF46CF56CF56CF56CF46CF4ED
:10B060006CF46CF46CF46CF46CF46CF46CD46CD420
:10B070006CD46CD46CD464D46CD46CD46CD56CD4D7
:10B080006CD46CD56CD56CD56CD56CF56CF56CF559
:10B090006CF46CF46CF475157515751575157514DF
:10B0A00074F474F474F474F474F474F4751475141E
:10B0B000751575157514751575157D157D157D1529
:10B0C0007D157D157D157D1584F48D14A555C5D58B
:10B0D000DE35E675DE756BEE11C709A7016701471E
:10B0E0000147012609A802090AAB0AEC030C030C6C
:10B0F000030C030C0B0C0B0C0ACB0A6912481A4800
:10B100001A471A471A471A471A471A471A471A4737
:10B110001A471A471A471A471A471A471A471A4727
:10B120001A471A471A471A471A471A471A471A4717
:10B130001A471A471A481A481A281A071A071207EC
:10B140001A271A281A481A481A481A481A481A4830
:10B150001A281A281A281A481A271A271A271A27C3
:10B160001A271A271A471A471A471A471A471A2737
:10B170001A471A471A471A471A471A471A471A27E7
:10B180001A271A471A481A481A281A271A271A0774
:10B190001A071A281A471A471A471A471A481A4804
:10B1A0001A481A481A481A271A071A281A281A4831
:10B1B0001A481A471A281A2719E719E619E619E64C
:10B1C00074F474F474F474F474F474D474D474D49F
:10B1D00074D474D474D474D474F474D474D474D40F
:10B1E00074D47CF47CF47CF47CF47CF47CF47CF407
:10B1F0007CF47CF47CF47CF47CF47CF57CF57CF5CC
:10B200007CF57CF57CF57CF57CF47CF47CF47CF4BA
:10B210007CF47CF47CF47CF47CF47CF47CF47CF4AE
:10B220007CF47CF47CF47CF47CF47CF47CF47CF49E
:10B230007CF47CF47CF47CF57CF47CF47CF47CF48D
:10B240007CF47CF47CF47D157CF47CF47CF474F464
:10B2500074D474D474F47CF47CF47CF47CF47CF4C6
:10B260007CF47CF47CF47CF47CF47CF47CF57CF55C
:10B270007CF57CF57D157CF47CF47CF47CF47CF42A
:10B280007CF47CF47CF47CF47CF47CF47CF47CF43E
:10B290007CF47CF47CF47CF47CF47CF474F474F43E
:10B2A0007CF47CF47CF47CF47CF47CF47CF47CF41E
:10B2B0007CF47CF47CF474F474F474F4751474F415
:10B2C000751574F474F474F46CF46CF4751574F40A
:10B2D00074F56CF46CF46CF56CF56CF56CF46CF462
:10B2E0006CF46CF46CF46CF46CF46CD46CD46CD4BE
:10B2F0006CD46CD46CD464D46CD46CD56CD46CD455
:10B300006CD46CD56CF56CD56CD56CD56CD46CF4F8
:10B310006CF56CF46CF46CF46CF474F5751574F4F1
:10B3200074F474F46CF474F574F474F474F47514C3
:10B330007514751475147515751575157D157515B8
:10B340007D157D157D157D157CF484D49D54C5F542
:10B35000CE15DE96D6B73A8911C709E801A701874D
:10B360000187014601670A4A0AEC02EC030C030C50
:10B37000030C030C030C02EC0AEB128912481A4866
:10B380001A471A471A471A471A471A471A471A47B5
:10B390001A471A471A471A471A471A471A471A47A5
:10B3A0001A471A471A471A471A471A471A471A4795
:10B3B0001A471A471A481A481A481A071A071A0742
:10B3C0001A271A271A271A281A481A481A481A48F0
:10B3D0001A481A281A281A271A271A271A281A2840
:10B3E0001A281A481A471A471A471A471A471A4773
:10B3F0001A471A471A471A471A471A471A471A4745
:10B400001A271A471A481A481A281A281A281A27CF
:10B410001A071A271A471A471A471A471A481A4882
:10B420001A281A281A281A071A071A071A281A286F
:10B430001A471A471A281A281A0719E719E619E7A6
:10B440006CF46CF474F474D474D474D474D474D46C
:10B4500074D474D474D474D474D474D474D474F48C
:10B4600074F474F47CF47CF47CF47CF47CF47CF46C
:10B470007CF47CF47CF47CF57CF57CF57CF57CF547
:10B480007CF57CF57CF57CF57CF47CF47CF47CF438
:10B490007CF47CF47CF47CF47CF47CF47CF47CF52B
:10B4A0007CF47CF47CF47CF47CF47CF47CF47CF41C
:10B4B0007CF47CF47CF47CF47CF47CF47CF47CF40C
:10B4C0007CF47CF47CF47CF47CF47CF47CF474F404
:10B4D00074D474D474F47CF47CF47CF47CF47CF444
:10B4E0007CF47CF47CF47CF47CF47CF47CF57CF5DA
:10B4F0007CF57CF47CF47CF47CF47CF47CF47CF4CB
:10B500007CF47CF47CF47CF47CF47CF47CF47CF4BB
:10B510007CF47CF47CF47CF47CF47CF474F474F4BB
:10B5200074F47CF47CF47CF47CF47CF47CF57CF4A2
:10B5300074D47CF47CF47CF474F474F474F474F4D3
:10B5400074F474F474F474F46CF46CF4751574F4A9
:10B550006CF46CF46CF56CF56CF56CF56CF46CF4E7
:10B560006CF46CF46CF46CF464D464D464D464D47B
:10B5700064D464D464D46CD46CD56CD56CD46CD4E1
:10B580006CD46CD46CD46CF56CD56CD46CF46CF459
:10B590006CF46CD46CD46CD46CF46CF56CF574F500
:10B5A0006CF46CF46CF46CF474F474F474F475145A
:10B5B0007514751475147514751475157515751540
:10B5C0007D157D157D157D157CF484D3ADB6BDF656
:10B5D000B5B56BCD4AEA32CB09E809E801C801A844
:10B5E00001A8018701A70AAB0AEC02EC030C030CCB
:10B5F000030C030C030C030C0AEB12AA12691A4881
:10B600001A471A481A471A471A471A471A471A4731
:10B610001A471A471A471A471A471A471A471A4722
:10B620001A471A471A471A471A471A471A471A4712
:10B630001A471A471A481A481A281A281A281A079D
:10B640001A271A271A271A271A481A481A481A486E
:10B650001A481A481A281A271A271A471A271A485E
:10B660001A481A271A471A471A471A481A471A47F0
:10B670001A471A471A471A471A471A471A471A47C2
:10B680001A471A471A481A481A481A271A271A280E
:10B690001A271A271A271A471A471A471A471A4801
:10B6A0001A271A481A0719E719E719E71A071A2873
:10B6B0001A471A471A471A281A281A0719E719E6C3
:10B6C0006CD46CF46CF474D474F474D474D474D4F2
:10B6D00074D474F474F474F474F474F474F474F44A
:10B6E00074F474D474D474D474D47CF47CF47CF482
:10B6F0007CF47CF47CF47CF57CF57CF57CF57CF5C5
:10B700007CF57CF57CF57CF57CF47CF47CF47CF4B5
:10B710007CF47CF47CF47CF47CF47CF47CF474F4B1
:10B7200074D474D474D47CF47CF47CF47CF47CF411
:10B730007CF47CF47CF47CF47CF47CF47CF47CF489
:10B740007CF47CF47CF47CF47CF47CF47CF474F481
:10B7500074F474F474F474D474D474D474F474D429
:10B760007CF47CF47CF47CF47CF47CF47CF47CF459
:10B770007CF47CF47CF47CF47CF47CF47CF47CF449
:10B780007CF47CF47CF47CF47CF47CF47CF47CF439
:10B790007CF47CF47CF47CF47CF47CF47CF474F431
:10B7A00074F474F474F47CF47CF47CF47CF57CF430
:10B7B0007CF47CF47CF47CF474F474F474F474F429
:10B7C00074F474F474F4751474F474F475157515D4
:10B7D00074F46CF56CF56CF56CF56CF56CF46CF45C
:10B7E0006CF46CF46CF464F464D464D464D464D401
:10B7F00064D464D464D46CF56CD46CD46CD464D448
:10B800006CD46CD46CD46CD46CD46CD46CD46CD438
:10B810006CD46CD46CD46CD46CF46CF56CF56CF5A5
:10B820006CD46CF46CF46CF474F474F474F474F418
:10B83000751475147514751474F474F47515751500
:10B840007D357D157D157D157CF57CD3ADF7B5F780
:10B850007C2F116511C709C709E809E809E801E962
:10B8600001E90A290A6A0ACB0AEC030C030C030C4F
:10B87000030C030C030C030C0AEB12EB12891248A5
:10B880001A481A481A481A471A471A471A471A47AD
:10B890001A471A471A471A471A471A471A471A47A0
:10B8A0001A471A471A471A471A471A471A471A4790
:10B8B0001A471A471A481A481A481A481A281A28BA
:10B8C0001A271A271A271A271A481A481A481A48EC
:10B8D0001A481A481A271A071A271A471A471A47DE
:10B8E0001A471A471A471A471A471A481A471A474F
:10B8F0001A471A271A471A471A471A471A271A487F
:10B900001A281A071A071A281A481A481A481A2809
:10B910001A271A271A471A471A471A271A471A477F
:10B920001A471A481A0719E719E719E719E71A27F2
:10B930001A481A481A481A281A281A271A0719E7FB
:10B940006CD46CD46CF46CF474F474F474D474D457
:10B9500074D474D474F474F474D474F474F474F407
:10B9600074F474F474D474F47CF47CF47CF47CF497
:10B970007CF47CF47CF47CF57CF57CF57CF57CF542
:10B980007CF57CF57CF57CF57CF47CF47CF47CF433
:10B990007CF47CF47CF47CF47CF47CF47CF474F42F
:10B9A00074D474D474D47CD47CF47CF47CF47CF4AF
:10B9B0007CF47CF57CF57CF47CF47CF47CF47CF405
:10B9C0007CF47CF47CF47CF47CF47CF47CF474F4FF
:10B9D00074F474F474F474D474D474D474D474F4A7
:10B9E0007CF47CF47CF47CF47CF47CF47CF47CF4D7
:10B9F0007CF47CF47CF47CF47CF47CF47CF47CF4C7
:10BA00007CF47CF47CF47CF47CF47CF47CF47CF4B6
:10BA10007CF47CF47CF47CF47CF47CF47CF47CF4A6
:10BA20007CF47CF474F474F47CF47CF47CF47CF4A6
:10BA30007CF47CF47CF47CF47CF474F474F474F49E
:10BA400074F474F474F474F474F474F474F57D158B
:10BA500074F56CF56CF56CF56CF56CF56CF46CF4D8
:10BA60006CF46CF46CF46CF464D464D464D464D476
:10BA700064D464D464D46CD46CD46CD46CD46CD4DE
:10BA80006CD46CD46CD46CD46CD46CD46CD46CD4B6
:10BA90006CF46CD46CD46CD46CD56CD56CD46CD484
:10BAA0006CD46CD46CF46CF46CF474F474F474F4BE
:10BAB0007514751475147514751474F474F5226A7C
:10BAC0002A8B53F07CF57D157CF574D48D359D96CD
:10BAD0007C9200E411A709E809E809E901E90209F3
:10BAE0000A4A0A8B0ACC0AEC030C030C030C030C65
:10BAF000030C030C030C030C0B0C0AEB12AA1268C8
:10BB00001A481A481A481A481A471A471A471A4729
:10BB10001A471A471A471A471A471A471A471A471D
:10BB20001A471A471A471A471A471A471A471A470D
:10BB30001A471A471A471A481A481A481A481A2818
:10BB40001A271A271A271A281A281A281A481A48A8
:10BB50001A481A271A071A071A271A471A271A48BB
:10BB60001A471A471A471A471A471A471A471A47CD
:10BB70001A471A471A471A471A471A471A481A28DB
:10BB80001A2819E719E71A281A281A481A481A48C9
:10BB90001A481A271A471A471A471A471A471A47BC
:10BBA0001A481A281A2719E719E719E719E71A078F
:10BBB0001A271A281A481A481A281A281A2719E779
:10BBC0006CD46CD46CD46CD46CF474F46CF474D405
:10BBD00074D474F474F474F474F474F474D474F465
:10BBE00074D474F474D474D474F47CF47CF47CF45D
:10BBF0007CF47CF47CF47CF57CF57CF57CF57CF5C0
:10BC00007CF57CF57CF57CF57CF47CF47CF47CF4B0
:10BC10007CF47CF47CF47CF47CF47CF47CF474F4AC
:10BC200074D474D474D47CD47CF47CF47CF47CF42C
:10BC30007CF47CF57CF57CF47CF47CF47CF47CF482
:10BC40007CF47CF47CF47CF47CF47CF474F474F484
:10BC500074F474F474F474D474D474D47CF47CF4F4
:10BC60007CF47CF47CF47CF47CF47CF47CF47CF454
:10BC70007CF47CF47CF57CF47CF47CF47CF47CF443
:10BC80007CF47CF47CF47CF47CF47CF47CF47CF434
:10BC90007CF47CF47CF47CF47CF47CF47CF47CF424
:10BCA0007CF47CF47CF47D147CF47CF47CF47CF4F3
:10BCB0007CF47CF474D474D47CF47CF47D1474F43B
:10BCC00074F474F474F474F474F474F574F474F532
:10BCD00074F474F56CF56CF56CF56CF56CF46CF44F
:10BCE0006CF46CF46CF46CF464D464D464D464D4F4
:10BCF00064D464D464D46CD46CD46CD46CD46CD45C
:10BD00006CD46CD46CD46CD46CD46CD46CD46CD433
:10BD10006CD46CD46CD56CD46CD46CD46CD46CD422
:10BD20006CD46CD46CF46CF46CF474F474F474F43B
:10BD300074F474F474F474F474F474F45C110167BE
:10BD40000146014611C84BB07CF57CF57CD47CB330
:10BD50007493010509A709E809E809E901E902095D
:10BD6000026A0ACC0AEC030C030C030C030C030C50
:10BD7000030C030C030C02EC0B0C0B0B12EB126903
:10BD800012481A481A481A481A471A471A471A47AF
:10BD90001A471A471A471A471A471A471A471A479B
:10BDA0001A471A471A471A471A471A471A471A478B
:10BDB0001A471A471A471A471A481A481A481A4877
:10BDC0001A281A271A271A281A281A281A481A2845
:10BDD0001A271A271A2719E61A071A271A471A477D
:10BDE0001A481A471A471A481A481A471A471A4748
:10BDF0001A471A471A471A481A481A471A481A2758
:10BE00001A271A0719E61A071A281A481A481A4848
:10BE10001A481A271A271A471A471A471A471A4759
:10BE20001A271A281A281A0719E619E719E611E736
:10BE30001A071A281A481A481A481A271A271A27B6
:10BE40006CD46CD46CD46CD46CF46CF46CF46CF472
:10BE50006CF46CF474F46CF474F474F474F474D4DA
:10BE600074D474F474F474F474D47CF47CF47CF4BA
:10BE70007CF47CF47CF47CF57CF57CF57CF57CF53D
:10BE80007CF57CF57CF57CF57CF47CF47CF47CF42E
:10BE90007CF47CF47CF47CF47CF47CF474F474F432
:10BEA00074D474D474D474F47CF47CF47CF47CF492
:10BEB0007CF47CF47CF47CF47CF57CF47CF47CF401
:10BEC0007CF47CF47CF47CF47CF47CF47CF474F4FA
:10BED00074F474F474F474D474D474D47CF47CF472
:10BEE0007CF47CF47CF47CF47CF47CF47CF47CF4D2
:10BEF0007CF47CF47CF47CF47CF47CF47CF47CF4C2
:10BF00007CF47CF47CF47CF47CF47CF47CF47CF4B1
:10BF10007CF47CF47CF47CF47CF47CF47CF47CF4A1
:10BF20007CF47CF47CF47CF47CF47CF47CF47CF491
:10BF30007CF474F474F47CF47CF47D147D1474F457
:10BF400074F474F474F474F474F56CF474F46CD4E0
:10BF500074F46CF46CF46CF56CF46CF46CF46CF4D8
:10BF60006CF46CF46CF46CF46CD464D464D464D469
:10BF700064D464D464D464D464D464D46CD46CD4F1
:10BF80006CD46CD46CD46CD46CD46CD46CD46CD4B1
:10BF90006CD46CD464D46CD46CD46CD46CD46CD4A9
:10BFA0006CD46CD46CD46CF46CF474F474F474F4D9
:10BFB00074F574F474F474F474F45C1111A701470B
:10BFC000014701670167014719E964327CF474D4C1
:10BFD0006431016609A709E809E809E901E90209EC
:10BFE000026B0AEC0B0C030C030C030C030C030C8C
:10BFF000030C030C030C030C030C02EB0AEB128979
:10C0000012481A481A471A471A471A471A471A472E
:10C010001A471A471A471A471A471A471A471A4718
:10C020001A471A471A471A471A471A471A471A4708
:10C030001A471A471A471A481A481A481A481A48F3
:10C040001A481A271A271A281A281A481A281A28A2
:10C050001A071A071A071A0719E71A271A471A4759
:10C060001A471A471A271A481A481A481A471A47E5
:10C070001A271A271A481A481A481A481A471A2714
:10C080001A271A2719E61A071A281A471A471A48A8
:10C090001A481A271A271A471A471A471A481A47D6
:10C0A0001A281A271A281A071A071A071A0719E747
:10C0B00011E71A271A281A481A481A481A271A275D
:10C0C0006CD46CD46CD46CD46CD46CD46CF474F428
:10C0D0006CF46CD46CD46CD46CD46CD474D474F410
:10C0E00074D474F474F474F474F47CF47CF47CF418
:10C0F0007CF47CF47CF47CF47CF47CF47CF47CF4C0
:10C100007CF47CF47CF47CF47CF47CF47CF47CF4AF
:10C110007CF47CF47CF47CF47CF474F474F474F4B7
:10C1200074F474F474F474F474D474F474F474F4EF
:10C130007CF47CF47CF47CF47CF47CF47CF47CF47F
:10C140007CF47CF47CF47CF47CF47CF474F474F47F
:10C1500074F474F474D474D47CD47CF474F474F4EF
:10C160007CF47CF57CF47CF47CF47CF47CF47CF44E
:10C170007CF47CF47CF47CF47CF47CF47CF47CF43F
:10C180007CF47CF47CF47CF47CF47CF47CF47CF42F
:10C190007CF47CF57CF57CF57CF47CF47CF47CF41C
:10C1A0007CF47CF47CF47CF47CF47CF47CF47CF40F
:10C1B00074F474F47D147CF47CF47D1474F474F4DD
:10C1C00074F474F475147514751575156D146CF498
:10C1D0006CF46CF46CF46CF46CF46CF46CF46CF45F
:10C1E0006CF46CF46CF46CF46CF46CD46CD464D4B7
:10C1F00064D464D464D464D464D464D46CD46CD46F
:10C200006CD46CD46CD46CD46CD46CD46CD46CD42E
:10C210006CD46CD464D46CD46CD46CD46CD46CD426
:10C220006CD46CD46CD46CF46CF474F474F474F456
:10C2300074F474F474F474F474D45C11012601463B
:10C240000147014701670147014601464B8F74F4DE
:10C250006C9309A709C809E801E801C801C801E908
:10C260000ACB0AEC030C030C030C030C030C030CA9
:10C27000030C030C030C030C030C02EB0ACB12AAF5
:10C2800012481A481A271A471A471A471A471A47CC
:10C290001A471A471A471A471A471A471A471A4796
:10C2A0001A471A471A471A471A471A471A471A4786
:10C2B0001A471A471A471A471A471A471A471A4776
:10C2C0001A471A271A271A271A281A481A481A2802
:10C2D0001A0719E71A07222719E71A071A281A480E
:10C2E0001A481A481A271A281A481A481A481A487F
:10C2F0001A471A481A281A281A281A481A471A27B1
:10C300001A271A2719E719E71A271A271A471A4866
:10C310001A481A471A471A271A481A481A281A2870
:10C320001A281A271A271A271A271A271A271A0724
:10C330001A071A071A271A471A471A471A471A4894
:10C340006CD46CD46CD46CD46CD46CD46CD46CD4ED
:10C350006CD46CD46CF46CD46CD46CD46CD474D4B5
:10C3600074F474F474F474F474F474F47CF47CF47D
:10C370007CF47CF57CF57CF47CF47CF47CF47CF43B
:10C380007CF47CF47CF47CF47CF47CF47CF47CF42D
:10C390007CF47CF47CF47CF47CF474F474F474F435
:10C3A00074F474F474F474D474D474D474F474F4AD
:10C3B00074F474F47CF47CF47CF47CF47CF47CF40D
:10C3C0007CF47CF47CF47CF47CF47CF474F474D41D
:10C3D00074F474F474F474D474D474D474D474D4BD
:10C3E0007CF47CF47CF47CF47CF47CF47CF47CF4CD
:10C3F0007CF47CF47CF47CF47CF47CF47CF47CF4BD
:10C400007CF47CF47CF47CF47CF47CF47CF47CF4AC
:10C410007CF47CF57CF57CF47CF47CF47CF47CF49A
:10C420007CF47CF47CF47CF47CF47CF47CF474F494
:10C4300074F47CF47CF47D147CF474F474F474F47B
:10C4400074F474F4751475147514751474F46CF430
:10C450006CF46CF46CF46CF46CF46CF46CF46CF4DC
:10C460006CF46CF46CF46CF46CF46CF46CD464D414
:10C4700064D464D464D464D464D464D46CD46CD4EC
:10C480006CD46CD46CD46CD46CD46CD46CD46CD4AC
:10C490006CD46CD46CD46CD46CD46CD46CD46CD49C
:10C4A0006CD46CD46CD46CD46CD474F474F474F414
:10C4B00074F474F474F474D474B374930126012680
:10C4C000018709A8018701670146014601464BB073
:10C4D00074F4436E09C709C801C801E9022A028B36
:10C4E0000AEC02EC030C030C030C030C030C030C0E
:10C4F000030C030C030C030B030C02EC0AEB12AA53
:10C5000012691A481A471A471A471A471A471A4708
:10C510001A471A471A471A471A471A471A471A4713
:10C520001A471A471A471A471A471A471A471A4703
:10C530001A471A471A471A471A471A471A471A47F3
:10C540001A271A271A271A271A481A481A481A485F
:10C550001A071A0719E722281A071A071A281A4869
:10C560001A481A481A281A271A481A481A481A48FC
:10C570001A481A281A281A281A281A481A481A482B
:10C580001A281A271A071A0719E71A271A481A48E1
:10C590001A481A481A481A271A481A281A271A270E
:10C5A0001A271A071A071A071A281A281A281A28DF
:10C5B0001A271A271A271A481A471A471A481A48D0
:10C5C0006CD46CD46CD46CD46CD46CD46CD46CD46B
:10C5D0006CD46CD46CD46CD46CF46CD46CD46CD43B
:10C5E00074F474F474F474F474F474F47CF47CF4FB
:10C5F0007CF47CF57CF57CF47CF47CF47CF47CF4B9
:10C600007CF47CF47CF47CF47CF47CF47CF47CF4AA
:10C610007CF47CF47CF47CF474F474F474F474F4BA
:10C6200074F474F474F474D474D474D474F474D44A
:10C6300074D474F474F474F474F47CF47CF47CF4C2
:10C640007CF47CF474F474F474F474F474D474D4DA
:10C6500074D474F474F474F474D474D474D474D43A
:10C6600074F47CF474F474F474F47CF47CF47CF46A
:10C670007CF47CF47CF47CF47CF47CF47CF47CF43A
:10C680007CF47CF47CF47CF47CF47CF47CF47CF42A
:10C690007CF47CF57CF57CF47CF47CF47CF47CF418
:10C6A0007CF47CF47CF47CF47CF47CF47CF47CF40A
:10C6B0007CF47CF47CF47D1474F474D474F474F419
:10C6C00074F475147514751474F474F474F46CF4CF
:10C6D0006CD46CF46CF46CF46CF46CF46CF46CF47A
:10C6E0006CF56CF56CF46CF46CF46CF46CD464D490
:10C6F00064D464D464D464D464D464D464D46CD472
:10C700006CD46CD46CD46CD464D46CD464D464D441
:10C7100064D464D46CD46CD46CD46CD46CD46CD429
:10C720006CD46CD46CD46CD46CD474F474D474D4D1
:10C7300074D474D474D47CF45C1111A80967018793
:10C7400009A809C809C809C809A80167098711E922
:10C7500074D4855653F009E801E90A2A0A8B0AECD9
:10C760000AEC030C030C030C030C030C030C030C6A
:10C77000030C030C030C030C030C030C0AEB128ACE
:10C7800012481A481A471A471A471A471A471A47A7
:10C790001A471A471A471A471A471A471A471A4791
:10C7A0001A471A471A471A471A471A471A471A4781
:10C7B0001A471A471A471A481A471A471A271A27B0
:10C7C0001A271A271A281A271A281A481A481A281C
:10C7D0001A271A0719E71A0722281A071A281A48C7
:10C7E0001A481A481A481A271A271A271A272248B5
:10C7F0001A481A271A071A271A281A281A481A48EC
:10C800001A481A281A271A071A071A271A281A481C
:10C810001A481A481A481A271A281A271A0711E715
:10C8200019E71A071A071A071A271A271A281A289F
:10C830001A281A271A271A481A471A471A481A484C
:10C840006CD46CB46CB46CD46CD46CD46CD46CD428
:10C850006CD46CD46CD46CD46CD46CD36CD36CF4BA
:10C860006CF46CD474D474F474F47CF47CF47CF4C0
:10C870007CF47CF47CF47CF47CF47CF47CF47CF438
:10C880007CF47CF47CF47CF47CF47CF47CF47CF428
:10C890007CF47CF47CF47CF474F474F474F474F438
:10C8A00074F474F474F474D474D474D474F474F4A8
:10C8B00074F474F474F474F474F474F474F474F438
:10C8C00074F474F474F474F474F474F474D474D468
:10C8D00074F474D474D474D474D474D474D474D4F8
:10C8E00074F474F474F474F474F474F47CF47CF4F8
:10C8F0007CF47CF47CF47CF47CF47CF47CF47CF4B8
:10C900007CF47CF47CF47CF47CF47CF47CF47CF4A7
:10C910007CF57CF57CF57CF47CF47CF47CF47CF494
:10C920007CF57CF47CF47CF47CF47CF47CF47CF486
:10C930007CF47CF47D1474F46CD46CD46CF474F4D6
:10C9400075147514751474F475147514751474F4E1
:10C950006CD46CD46CF46CF46CF56CF46CF46CF416
:10C960006CF56CF56CD46CF46CF46CF46CD46CD425
:10C970006CD464D464D464D464D464D464D46CD4E7
:10C980006CD56CD46CD46CD46CD46CD464D464D4B6
:10C9900064D464D464D464D46CD46CF46CD46CD497
:10C9A0006CD46CB46CD46CD46CD474F44B8F432DB5
:10C9B0005BD06C9364312A8B32AB11C809E809E86B
:10C9C00009E809E809E809E809C8016709A809C8E8
:10C9D000228B1A6A3B8F02090A6B0AAC0ACC0AEC5A
:10C9E0000B0C030C030C030C030C030C030C030CC7
:10C9F000030C030C030C030C030C030C0AEB12AA2C
:10CA000012481A481A471A471A471A471A471A4724
:10CA10001A471A471A471A471A471A471A471A470E
:10CA20001A471A471A471A471A471A471A471A47FE
:10CA30001A471A471A471A471A471A471A471A47EE
:10CA40001A471A481A481A271A281A481A481A4818
:10CA50001A281A2819E71A281A281A281A481A48C8
:10CA60001A481A481A281A271A0719E71A071A071C
:10CA70001A271A071A071A071A071A271A481A280C
:10CA80001A481A481A271A271A281A481A481A48F8
:10CA90001A481A471A471A481A271A271A0719E76D
:10CAA00019E71A0719E71A071A271A281A281A481D
:10CAB0001A271A481A481A471A471A471A471A488B
:10CAC0006CB46CB46CB46CB46CD46CD46CD46CD4E6
:10CAD0006CD46CD46CD46CD46CD46CD36CD36CD458
:10CAE0006CD46CD474D474F474D474F47CF47CF486
:10CAF0007CF47CF47CF47CF47CF47CF47CF47CF4B6
:10CB00007CF47CF47CF47CF47CF47CF47CF47CF4A5
:10CB10007CF47CF47CF474F474F474F474F474F4BD
:10CB200074D474D474D474D474D474D474F474F485
:10CB300074F474F474D474F474F474F474F474F4D5
:10CB400074F474F474F474D474F474F474F474D4E5
:10CB500074D474D474D474D474D474D474D474D495
:10CB600074F474F474F474F474F474F47CF47CF475
:10CB70007CF47CF47CF47CF47CF47CF47CF47CF435
:10CB80007CF47CF47CF47CF47CF47CF47CF47CF524
:10CB90007CF57CF57CF57CF47CF47CF47CF47CF412
:10CBA0007CF47CF47CF47CF57CF47CF47CF47CF404
:10CBB0007D147CF474F474F46CD46CD46CF474F45C
:10CBC00074F4751474F474F4751474F4751474F4C2
:10CBD0006CD364D36CD46CD46CF56CF46CF46CF5DD
:10CBE0006CF56CF56CF56CD46CF46CF46CF46CD482
:10CBF0006CD46CD464D464D464D464D464D46CD45D
:10CC00006CD56CD46CD46CD46CD46CD46CD46CD423
:10CC100064D464D464B464B44BD0122909C80187C5
:10CC20001A0953F16CB46CD46CB33AEC118701045B
:10CC30000105010509660125098709C809E809E810
:10CC400009E809E809E809C80187018709A809C8AE
:10CC500009C801C80A4A0A4B0AAC0ACC0ACC02EC41
:10CC600002EC030C030C030C030C030C030C030C6D
:10CC7000030C030C030C030C030C030C0AEB12AAA9
:10CC800012481A481A481A471A471A471A471A47A1
:10CC90001A471A471A271A471A471A471A471A47AC
:10CCA0001A471A471A471A471A471A471A471A477C
:10CCB0001A471A471A471A471A471A471A471A476C
:10CCC0001A471A481A481A481A281A271A481A4797
:10CCD0001A271A271A071A071A281A281A481A4848
:10CCE0001A481A481A281A0719E719E719E71A07FC
:10CCF0001A071A071A071A0719E71A071A271A280C
:10CD00001A481A471A271A281A281A481A471A4777
:10CD10001A471A471A471A471A281A271A071A07CA
:10CD200019E719E71A071A071A271A271A281A489B
:10CD30001A471A471A471A481A481A471A471A47E9
:10CD40006CB46CB46CB46CD46CB46CB46CD46CD483
:10CD50006CD46CD46CD46CB46CB46CD46CD36CB335
:10CD60006CD46CD474D474F474D474D474F47CF42B
:10CD70007CF47CF47CF47CF47CF47CF47CF47CF433
:10CD80007CF47CF47CF47CF47CF47CF47CF474F42B
:10CD900074F474F474F474F474F474F474F474F453
:10CDA00074D474D474D474D474F474F474F474D4E3
:10CDB00074F474F474D474D474F474F474F474F473
:10CDC00074F474F474F474D474D474D474D474D4C3
:10CDD00074D474D474D474D474D474D474D474F4F3
:10CDE00074F474F474F474F474F474F474F474F403
:10CDF00074F47CF474F474F474F47CF47CF47CF4D3
:10CE00007CF47CF47CF47CF47CF47CF47CF47CF4A2
:10CE10007CF57CF57CF57CF57CF57CF57CF57CF48B
:10CE20007CF47CF47CF47CF47CF47CF47CF47CF482
:10CE30007CF474F474F474F46CF46CF46CF474F4C2
:10CE400074F474F4751475147D147D147D1474F4E5
:10CE50006CF46CD46CD46CF56CF56CF56CF56CF50D
:10CE60006CF56CF56CF56CF46CF46CF46CF46CF5BE
:10CE70006CD46CF46CD464D464D464D464D46CD4B2
:10CE80006CD46CF56CF56CF46CD46CD46CD46CD440
:10CE900064D46CD464B3436E1A2909C709E809C87D
:10CEA0000187224A6CB46CB4645201250105010566
:10CEB00001050105012509A709C709C809E809E80D
:10CEC00009C809E809C809C801A709C809C809C8E3
:10CED00001C801E8128B0AAC0AAC0ACC0AEC02ECDD
:10CEE00002EC030C030C030C030C030C030C030CEB
:10CEF000030C030C030C030C030C030C0AEB12AA27
:10CF000012481A481A481A481A471A471A471A471D
:10CF10001A471A471A471A271A471A471A471A4729
:10CF20001A471A471A471A471A471A471A471A47F9
:10CF30001A471A471A471A471A471A471A471A47E9
:10CF40001A481A481A481A481A281A281A271A4832
:10CF50001A481A281A271A071A281A281A481A4883
:10CF60001A281A281A281A2719E619E719E71A079A
:10CF70001A071A071A071A0719E71A071A281A2888
:10CF80001A481A471A471A481A481A481A471A4795
:10CF90001A471A471A471A471A481A281A271A0707
:10CFA0001A0719E71A071A271A281A271A271A48D8
:10CFB0001A471A471A481A481A481A481A471A4765
:10CFC0006CB46CB46CB46CB46CB46CB464B464B471
:10CFD00064B46CB46CB46CB46CB46CD46CD46CB419
:10CFE0006CD46CD46CF474F474D474F474F474F479
:10CFF0007CF47CF47CF47CF47CF47CF47CF47CF4B1
:10D000007CF47CF47CF47CF47CF47CF474F474F4B0
:10D0100074F474F474F474F474F474F474F474F4D0
:10D0200074D474D474D474F474F474F474F46CD448
:10D030006CD474F474F474F474F474F474F474F4D8
:10D0400074F474F474F474D474F474F474D474D400
:10D0500074F474F474D474D474D474D474F474F410
:10D0600074F474F474F474D474F474F474F474F4A0
:10D0700074F474F474F474F474F474F47CF47CF460
:10D080007CF47CF47CF47CF47CF47CF47CF57CF41F
:10D090007CF57CF57CF57CF57CF584F584F57CF4F9
:10D0A0007CF47CF47CF47CF57CF47CF47CF47CF4FF
:10D0B00074F474F474F474F474F46CF474F474F438
:10D0C00074F474F474F4751475147D157D1574F48A
:10D0D00074F46CF46CF46CF56CF56CF56CF56CF543
:10D0E0006CF56CF56CF56CF56CF56CF56CF56CF538
:10D0F0006CF56CF56CF464D464D464D464D46CD4EE
:10D100006CD46CF56CF56CF56CF56CD46CD46CD49B
:10D1100064B46CB4438F0125018609C709C809C8E6
:10D1200009C732AC6C735BF02A6B010500E50105A1
:10D13000010501050105098709C709E809E809E8AA
:10D1400009E809E809E809C8018709C809C809E820
:10D1500001E901E9022A0AAC0ACD0AED0AEC0B0C3E
:10D1600002EC030C030C030C030C030C030C030C68
:10D17000030C030C030C030C030C0B0C12EC12AA93
:10D1800012491A481A481A481A471A471A471A479A
:10D190001A471A471A471A471A271A271A271A2707
:10D1A0001A471A471A471A471A471A471A471A4777
:10D1B0001A471A471A471A471A471A471A471A4767
:10D1C0001A481A481A481A481A281A281A481A488F
:10D1D0001A481A281A071A071A071A281A281A4862
:10D1E0001A481A281A271A271A0719E71A071A07B6
:10D1F0001A271A271A281A281A071A271A281A4823
:10D200001A481A471A471A481A481A481A471A4712
:10D210001A471A471A471A471A281A481A281A2763
:10D220001A071A271A071A271A281A271A281A4813
:10D230001A481A471A281A481A481A481A471A4701
:10D2400064B464B464B464B364B364B464D464D4E0
:10D2500064B464B464B46CB46CB46CB46CB46CB4E6
:10D260006CD46CD46CD46CF474D474D474F474D45E
:10D2700074F474F474F474F47CF47D147CF47CF42D
:10D280007CF47CF47CF47CF47CF47CF474F474F42E
:10D2900074F474F474F474F474F474F474F474F44E
:10D2A00074F474F474F474F46CF46CD46CD46CF49E
:10D2B0006CF46CF46CF46CF46CD46CD46CD46CF4CE
:10D2C00074F474F474D474F474D474D474D474D4BE
:10D2D0006CD46CD474D46CD474D474D474F474F4E6
:10D2E00074F474F46CD46CF46CF46CD474F474F45E
:10D2F00074F474F474F474F474F474F474F47CF4E6
:10D300007CF47CF47CF47CF47CF47CF47CF57CF59B
:10D310007D157CF57CF57CF57CF57D1585157CF51A
:10D320007CF47CF47CF47CF47CF47CF47CF574F484
:10D3300074F474F46CF474F474F474F474F474F4B5
:10D3400074F474F474F47514751475147D1574F410
:10D3500074F474F46CF46CF46CF56CF56CF56CF5B9
:10D360006CF56CF56CF56CF56CF56CF56CF56CF5B5
:10D370006CF56CF56CD464D464D464D464D46CD48B
:10D380006CD56CF56CF56CF56CF464D46CD464D429
:10D390006CB46C930987012509A709C709C809C797
:10D3A0000186010511A8010500E500E500E501057C
:10D3B0000105010501050125014509C709E801E845
:10D3C00001E809E809E801A709C809E809E801E94D
:10D3D0000209024A024B0A8C0ACD0AEC0AEC0B0C39
:10D3E000030C030C030C030C030C030C030C030CC5
:10D3F000030C030C030C030C030C0B0C0AEB12AA1A
:10D4000012481A481A481A471A471A471A471A4719
:10D410001A471A471A471A471A481A071A271A2783
:10D420001A481A471A471A471A471A471A471A47F3
:10D430001A471A471A471A471A471A471A471A47E4
:10D440001A471A481A481A481A271A271A481A4710
:10D450001A471A471A271A071A071A281A281A48A1
:10D460001A481A271A271A271A271A071A071A27D3
:10D470001A271A281A281A481A481A481A481A48FD
:10D480001A481A481A471A481A481A471A471A4790
:10D490001A471A471A471A271A271A481A481A28E1
:10D4A0001A281A271A271A071A271A271A471A4852
:10D4B0001A481A481A471A481A481A471A471A4760
:10D4C00064B464B464B364B464B464B464D464D45D
:10D4D00064D464B464B464B464B46CB46CB46CB454
:10D4E0006CD46CD46CD46CD46CD474D474D474D424
:10D4F00074D474F474F474F474F474F474F474F40C
:10D5000074F474F47CF474F474F474F474F474F4D3
:10D5100074F474F474D474D474D474D474D474F46B
:10D5200074F474F474D46CD46CD46CF46CF46CF443
:10D530006CF46CF46CF46CF46CF46CF46CF46CF4EB
:10D540006CF46CF46CD474D474D474D474D46CD47B
:10D550006CD46CD46CF46CD46CF46CF46CF46CF42B
:10D560006CF46CF46CF46CF46CF46CF474F474F4AB
:10D5700074F474F474F474F474F474F474F47CF463
:10D580007CF47CF47CF47CF47CF47CF47CF47CF51A
:10D590007CF57CF57CF57CF57CF57D1585157CF5B9
:10D5A0007CF47CF47CF47CF47CF47CF474F474D42B
:10D5B00074F46CF46CF474F474F474F474F474F43B
:10D5C00074F474F475147514751475147D1574F46D
:10D5D00074F4751474F46CF46CF46CF46CF46CF511
:10D5E0006CF56CF56CF56CF56CF56CF56CD46CF455
:10D5F0006CF46CF46CD464D464D464D464D46CD50A
:10D600006CD56CD56CF56CF56CD464D464D464D4EE
:10D610006CB43B2E0125012509A709C709C809E8F3
:10D620000166012501050105010500E500E501058B
:10D630000105010501050966014509E801E80A0936
:10D6400009E809E809C801A709E809E80A0902097F
:10D650000A6B0A8C12CD12CC0ACC0AEC0AEC0B0C29
:10D66000030C030C030C030C030C030C030C030C42
:10D67000030C030C030C030C030C0AEC12EB1ACA88
:10D6800012491A481A481A481A481A481A481A28B1
:10D690001A281A481A481A481A271A271A271A271E
:10D6A0001A281A481A481A471A471A471A471A478F
:10D6B0001A471A471A471A471A471A471A471A4762
:10D6C0001A471A481A481A471A271A271A471A4790
:10D6D0001A471A271A271A271A071A071A481A2840
:10D6E0001A481A481A481A2822481A0719E71A2706
:10D6F00022481A281A481A481A281A481A481A4753
:10D700001A471A471A471A471A471A471A471A4711
:10D710001A471A471A481A271A271A271A481A287E
:10D720001A281A271A271A281A271A271A471A27CF
:10D730001A481A481A471A271A271A471A471A471F
:10D7400064B464B464B464B464B464B464B464B419
:10D7500064B464B464B464B464B46CB46CB46CB4F1
:10D760006CD46CD46CD46CD46CD474D474D474D4A1
:10D7700074F474F474F474F474F474F474F474F469
:10D7800074F474F474F474D474D474F474F474F499
:10D7900074D474D474D474D474D474D474D474D449
:10D7A00074F474D46CD46CD46CD46CD46CD46CF429
:10D7B0006CF46CF46CF46CF46CF46CF46CF46CD489
:10D7C0006CD46CD46CD46CD46CD46CD46CD46CD459
:10D7D0006CD46CD46CD46CF46CF46CF46CF46CD4C9
:10D7E0006CD46CD46CF46CF46CF46CD474F46CF491
:10D7F00074F474F474F474F474F474F474F47CF4E1
:10D800007CF47CF47CF47CF47CF47CF47CF47CF597
:10D810007CF57CF57CF57CF57CF57CF57D157CF55F
:10D820007CF47CF47CF47CF47D1474F474F474F46F
:10D8300074F46CF474F474F474F474F474F474F4B0
:10D8400074F474F475147514751475147D1574F4EA
:10D8500075147514751474F46CF46CF46CF46CF544
:10D860006CF56CF56CF56CF56CF56CD46CD46CD413
:10D870006CD46CD46CD464D464D464D464D46CD5C7
:10D880006CD46CD46CD46CF56CD464D464D464B4AF
:10D8900064B4224A0125014609C709C709C709C757
:10D8A00009C709A709A70146012501460105010588
:10D8B000010501050125016701A80A2A128B128BB7
:10D8C0000A2909E809E809E809E809E901E90A6B10
:10D8D0000A8C0A8C0A8C0ACC0AEC0AEC0AEC0AECD8
:10D8E0000B0C030C030C030C030C030C030C030CB8
:10D8F000030C030C030C030C0B0C0AEB12CB128968
:10D9000012481A481A481A481A481A481A481A480F
:10D910001A481A481A481A281A481A271A271A079A
:10D920001A281A281A481A481A471A471A471A472B
:10D930001A471A471A471A471A471A471A471A47DF
:10D940001A481A481A481A481A271A271A471A470B
:10D950001A471A471A271A271A0711E71A281A28E6
:10D960001A481A481A281A281A2722281A071A07A2
:10D970001A281A281A481A481A481A481A481A48D7
:10D980001A471A471A471A471A271A271A271A270F
:10D990001A471A471A481A481A281A281A281A28F9
:10D9A0001A281A281A281A281A271A271A271A484A
:10D9B0001A481A471A471A271A271A471A471A479E
:10D9C00064B464B464B464B464B464B464B464B497
:10D9D00064B464B464B464B464B464B46CB46CD457
:10D9E0006CD464B46CD46CD46CD474D474D474D447
:10D9F00074F474F474F474F474F474F474F474F4E7
:10DA000074F474F474F474F474F474F474D474D416
:10DA100074D474D474D474D474D474D474D474F4A6
:10DA200074D474D46CD46CD46CD46CD46CD46CF4C6
:10DA30006CF46CF46CF46CF46CF46CF46CF46CD406
:10DA40006CD46CD46CD46CD46CD46CD46CD46CD4D6
:10DA50006CD46CD46CD46CF46CD46CD46CF46CD486
:10DA60006CD46CD46CF46CF46CF46CF474F474F4E6
:10DA700074F46CD474F474F474F474F474F47CF486
:10DA80007CF47CF47CF47CF47CF47CF47CF47CF515
:10DA90007CF47CF57CF57CF57CF57CF47CF57CF500
:10DAA0007CF47CF47D147D147D1474F474F474F4AB
:10DAB00074F474F474F474F474F474F474F474F426
:10DAC00074F474F474F47514751475147D1574F489
:10DAD00074F4751474F474F46CF46CF46CF46CF504
:10DAE0006CF56CF56CF56CF56CF56CD46CD46CD491
:10DAF00064D46CD46CD464D464D464D464D464D456
:10DB00006CD56CD56CD56CD56CD464D464D464D429
:10DB10006CB4647309A809C709C709C709C709C74D
:10DB200009C709C709C709C709A709A7098701467E
:10DB300001250105012509E9122A0A2A126B128B17
:10DB40000A4A09E909E801C80A090A09020A0A6C2D
:10DB50000A8C026C026C0ACC0AEC0AEC0AEC0AECA5
:10DB60000B0C02EC030C030C030C030C030C030C56
:10DB7000030C030C030C030C0AEC0AEB12CB126926
:10DB80001A481A481A481A481A481A481A481A4885
:10DB90001A481A481A481A281A281A271A071A0758
:10DBA0001A271A481A481A481A471A471A471A478A
:10DBB0001A471A471A471A471A471A471A471A475D
:10DBC0001A481A481A481A481A471A271A471A4769
:10DBD0001A471A481A271A281A071A081A281A2838
:10DBE0001A481A481A481A281A281A281A071A0707
:10DBF0001A281A281A481A481A481A481A481A4855
:10DC00001A471A271A471A471A271A271A271A27AC
:10DC10001A471A471A481A481A281A281A281A2876
:10DC20001A481A481A481A281A281A271A071A4787
:10DC30001A471A471A471A471A471A471A471A47DC
:10DC400064B364B364B464B464B464B464B464B416
:10DC500064B464B464B364B364B464B464B46CD4DE
:10DC60006CD46CD46CD46CD46CD36CD46CD474F48D
:10DC700074F474F474F474F474F474F474F474F464
:10DC800074F474F474F474F474F474F474F474F454
:10DC900074D474D474D474D474D474D474D474D444
:10DCA0006CD46CD46CD46CD46CD46CF46CF46CF414
:10DCB0006CF46CD46CD46CF46CF46CF46CF46CD4C4
:10DCC0006CD46CD46CD46CD46CD46CD46CD46CD454
:10DCD0006CD46CD46CD46CD46CD46CD46CD46CF424
:10DCE0006CD46CD46CF46CF46CF46CF46CF46CD494
:10DCF0006CF46CF46CF46CF474F474F474D474F424
:10DD000074F474F47CF47CF47CF47CF47CF47CF4A3
:10DD10007CF47CF57CF57CF57CF57CF47CF47CF47F
:10DD20007CF47CF47CF474F474F474F46CD474F4C3
:10DD300074F474F474F474F474F474F474F474F4A3
:10DD400074F474F474F474F475147514751475140F
:10DD500075147514751474F46CF46CF46CF46CF53F
:10DD60006CF56CF56CF56CF56CF56CD46CD464D416
:10DD700064D464D464D464D464D464D464D464D4E3
:10DD800064D464D46CD46CD464D464D464D464D4C3
:10DD900064B464B4120909C809C809C709C709C726
:10DDA00009C709C709C709C709C709C809A709A732
:10DDB00009870166016709E9124A0A2A0A4A126BB1
:10DDC000126B09E901C801C80A090A090A2A0A4BA3
:10DDD000024B0A6B0AAC0ACC0AEC0AEC0AEC02EC25
:10DDE00002EC02EC030C030C030C030C030C030CFD
:10DDF000030C030C030C030C0AEC0AEC12CB1269A3
:10DE00001A481A481A481A481A481A481A481A4802
:10DE10001A481A481A481A481A281A0719E71A07F6
:10DE20001A271A271A481A471A471A471A471A4729
:10DE30001A471A471A471A471A471A471A471A47DA
:10DE40001A481A281A481A481A471A471A471A2706
:10DE50001A481A281A281A281A281A281A271A2794
:10DE60001A271A471A481A481A481A281A281A0745
:10DE70001A271A271A271A481A481A481A481A47F6
:10DE80001A471A471A471A471A471A471A471A27AA
:10DE90001A471A471A271A481A281A271A271A2718
:10DEA0001A481A481A481A481A271A271A271A27E6
:10DEB0001A471A471A471A471A471A471A471A475A
:10DEC00064B364B364B464B464B464B464B464B494
:10DED00064B464B364B364B364B364B464B464D466
:10DEE0006CD46CD46CD46CD46CD46CD46CF46CF4F2
:10DEF00074F46CD474F474F474F474F474F46CF412
:10DF00006CF46CF46CF46CF46CF474F46CF46CF409
:10DF10006CF46CF46CF46CD46CD46CD36CD46CD4A2
:10DF20006CD46CD46CD46CD46CD46CF46CF46CF491
:10DF30006CD46CD46CD46CD46CD46CD46CD46CD4E1
:10DF40006CD46CD46CD46CD46CD46CD46CD46CD4D1
:10DF50006CD46CD46CD46CD46CD46CD46CD46CF4A1
:10DF60006CF46CD46CF46CF46CF46CF46CF46CF4D1
:10DF70006CF46CF46CD46CF46CF46CD474D474F4F1
:10DF80007CF47CF47CF47CF47CF47CF47CF57CF410
:10DF90007CF47CF57CF57CF57CF57CF47CF47CF4FD
:10DFA0007CF474F474F474F474F46CD46CD474F479
:10DFB00074F474F474F474F474F474F474F474F421
:10DFC00074F474F474F474F475147514751475148D
:10DFD00075147514751474F46CF46CF46CF46CF5BD
:10DFE0006CF56CF56CF56CF46CF46CD46CD464D496
:10DFF00064D464D464D464D464D464D464D464D461
:10E0000064D464D464D564D564D464B464D464D46E
:10E0100064D464D422AC09C809C809C809E809E86D
:10E0200009C709C709C709C709C809C809C709A78E
:10E030000187018701A70A090A2A0A4A0A4A0A4AE5
:10E04000124A0A0901A80A090A090A2A0A4A128C6C
:10E050000A6B026B0AAC0AEC0AEC0AEC02EC02EC6A
:10E0600002EC02EC030C030C030C030C030C030C7A
:10E07000030C030C030C02EC0AEC0AEC12CB126941
:10E080001A481A481A481A471A471A471A471A4785
:10E090001A471A471A481A481A281A0711E71A077E
:10E0A0001A281A481A481A471A471A471A471A4785
:10E0B0001A471A471A471A471A471A481A271A4876
:10E0C0001A481A281A271A271A271A271A471A47E6
:10E0D0001A481A281A281A281A281A281A271A2712
:10E0E0001A271A471A471A471A481A481A071A27A6
:10E0F0001A071A271A481A481A481A471A471A4775
:10E100001A471A471A471A471A471A471A471A2727
:10E110001A271A271A481A481A481A271A071A27B4
:10E120001A281A481A481A481A271A271A271A2783
:10E130001A271A471A471A471A471A471A471A47F7
:10E1400064B364B464B464B464B464B464B464B410
:10E1500064B464B364B364B364B364B464B464D4E3
:10E1600064B46CD46CD464B464B46CD46CD46CD427
:10E170006CD46CD46CD46CD46CD46CD46CD46CD49F
:10E180006CD46CD46CD46CD46CD46CD46CD46CD48F
:10E190006CD46CD46CD46CD46CD46CD36CD36CD481
:10E1A0006CD46CD46CD46CD46CD46CD46CD46CD46F
:10E1B0006CD46CD46CD46CD46CD46CD46CD46CD45F
:10E1C0006CD46CD46CD46CD46CD46CD46CD46CD44F
:10E1D0006CD46CD46CD46CD46CD46CD46CD46CF41F
:10E1E0006CF46CD46CF46CF46CF46CF46CD46CD48F
:10E1F0006CD46CF46CD46CD46CD46CD474D474F4CF
:10E200007CF47CF47CF47CF47CF47CF47CF47CF48E
:10E210007CF47CF47CF57CF57CF57D157D157CF437
:10E2200074F474F474F474F474F474F46CF474F4B6
:10E2300074F474F474F474F474F474F474F474F49E
:10E2400074F474F474F474F475147514751474F42B
:10E2500074F4751474F474F46CF46CF46CF46CF57C
:10E260006CF56CF56CF56CD46CD46CD464D464D45B
:10E2700064D464D464D464D464D464D464D464D4DE
:10E2800064D464D464D564D564D564D464D464B4EB
:10E2900064D464D44BF109A809C809C809C709C8DE
:10E2A00009C809C809C809C809C809C809C709A708
:10E2B0000186018701A801E9126B128B020901E9AD
:10E2C00009E901A809C90A2A0A2A0A4A0A8B0A8CFA
:10E2D000024B028B0ACC02EC02EC030C030C030C85
:10E2E00002EC02EC02EC030C030C030C030C030C19
:10E2F000030C030C030C030C0AEC0AEC12CB1A8976
:10E300001A481A481A481A481A471A471A471A4701
:10E310001A471A471A481A481A481A2719E719E7D4
:10E320001A281A281A481A481A471A471A471A4721
:10E330001A471A471A471A471A481A271A071A2853
:10E340001A481A481A281A071A271A271A471A4762
:10E350001A481A281A281A271A271A271A271A2792
:10E360001A271A481A471A471A271A281A271A0763
:10E370001A071A281A481A481A481A481A471A47F0
:10E380001A471A471A471A471A471A471A481A27A4
:10E390001A071A271A281A281A481A271A0711E6DC
:10E3A0001A271A281A281A481A481A271A271A2721
:10E3B0001A271A271A471A471A471A471A471A4795
:10E3C00064B364B464B464B464B464B464B464B48E
:10E3D00064B464B364B364B364B364B464B464B481
:10E3E00064B46CD46CD46CD46CD46CD46CD46CD455
:10E3F0006CD46CB36CD36CD36CD36CD46CD46CD342
:10E400006CD36CD36CD36CD36CD46CD46CD46CD410
:10E410006CD46CD46CD46CD46CD46CD36CD36CD4FE
:10E420006CD46CD46CD46CD46CD46CD46CD46CD4EC
:10E430006CD46CD46CF46CD46CD46CD46CD46CD4BC
:10E440006CD46CD46CD46CD46CD46CD46CD46CD4CC
:10E450006CD46CD46CD46CF46CF46CD46CD46CF45C
:10E460006CF46CD46CF46CF46CF46CF46CD46CD40C
:10E470006CD46CD46CD46CD46CD46CD474D474D48C
:10E4800074F47CF47CF47CF47CF47CF47CF47CF414
:10E490007CF47CF47CF57CF57CF47CF47CF47CF4FA
:10E4A00074F474F474F474D474F474F46CF474F454
:10E4B00074F474F474F474F474F474F474F474F41C
:10E4C00074F474F474F474F474F474F474F474F40C
:10E4D00074F4751474F474F46CF46CF46CF46CF5FA
:10E4E0006CF56CF56CD46CD46CD46CD46CD464D4F2
:10E4F00064D464D464D464D464D464D464D464D45C
:10E5000064D464D464D564D564D564D464D464D448
:10E5100064B464D46CD42AED09C809C809C709C811
:10E5200009C809C709C709A7018601A709C7018743
:10E5300001660187018701A81A8C126B01C801A826
:10E5400012090188120A0A2A0A4A0A6B0A8B0A8CE3
:10E55000026B0AAB0AEC02EC030C030C030C030C79
:10E5600002EC02EC02EC030C030C030C030C030C96
:10E57000030C030C030C030C0AEC0AEC12CB1A89F3
:10E580001A481A481A481A481A471A471A471A477F
:10E590001A471A471A481A281A481A2819E719E771
:10E5A0001A071A281A481A481A471A471A471A47C0
:10E5B0001A471A471A471A471A481A271A071A07F2
:10E5C0001A281A281A281A071A271A271A471A4720
:10E5D0001A481A281A281A271A271A271A271A2710
:10E5E0001A281A481A471A471A481A281A271A07BF
:10E5F0001A071A281A481A481A481A481A471A476E
:10E600001A471A471A471A481A471A471A481A281F
:10E610001A27224822481A281A2822481A0719E7D6
:10E620001A071A271A281A281A481A481A471A477E
:10E630001A271A271A471A471A471A471A471A4811
:10E64000494F20696D70756C7365000070E60108B4
:10E6500000000020100000006429000880E6010886
:10E660001000002068070000742900080000000066
:10E6700010000000010000000024F4000000000071
:04000005080001D915
:00000001FF
