:020000040800F2
:10000000D8060020ED0100084925000881170008E6
:100010004525000851070008C5270008000000001A
:10002000000000000000000000000000A9270008F8
:1000300055070008000000004D250008AD27000806
:10004000070200080702000807020008070200086C
:10005000070200080702000807020008070200085C
:10006000070200080702000807020008070200084C
:10007000070200080702000807020008070200083C
:10008000070200080702000807020008070200082C
:10009000070200080702000807020008070200081C
:1000A000070200080702000807020008070200080C
:1000B00007020008070200080702000807020008FC
:1000C00007020008070200080702000807020008EC
:1000D00007020008070200080702000807020008DC
:1000E00007020008070200080702000807020008CC
:1000F00007020008070200080702000807020008BC
:1001000007020008070200080702000807020008AB
:10011000070200080702000807020008070200089B
:10012000070200080702000807020008070200088B
:10013000070200080702000807020008070200087B
:10014000070200080702000807020008070200086B
:10015000070200080702000807020008070200085B
:10016000070200080702000807020008070200084B
:10017000070200080702000807020008070200083B
:10018000070200080702000807020008070200082B
:10019000070200080000000007020008070200082C
:1001A000070200080702000807020008070200080B
:1001B00007020008070200080702000807020008FB
:1001C00007020008070200080702000807020008EB
:1001D0000702000807020008DFF80CD000F018FA48
:1001E00000480047C9270008D80600200648804775
:1001F00006480047FEE7FEE7FEE7FEE7FEE7FEE70C
:10020000FEE7FEE7FEE7FEE7B1270008D901000898
:1002100030B50B46014600202022012409E021FAD6
:1002200002F59D4205D303FA02F5491B04FA02F5D3
:100230002844151EA2F10102F1DC30BD2DE9F05F6A
:100240000546002092469B46884606468146402445
:100250001BE0284641464746224600F0FAF953463D
:100260005A46C01A914110D311461846224600F052
:10027000E1F92D1A67EB01084F46224601200021C3
:1002800000F0D8F917EB00094E41201EA4F101043B
:10029000DFDC484631462A464346BDE8F09F2DE95B
:1002A000FE4F804681EA0300C00F0C46009021F00B
:1002B000004123F00045B8EB0200A94105D24046B9
:1002C000214690461C460B46024623F00040104350
:1002D00047D0270DC7F30A00C3F30A510290401A12
:1002E000019040286BDAC3F3130040F4801B0098A0
:1002F000924620B10023D2EB030A63EB0B0B01986B
:100300005946C0F14002504600F094F906460D46A9
:1003100050465946019A00F0ACF910EB08006141D3
:10032000002487EA115284EAE7731A4340D0009A06
:1003300062B3019A012A4FEA075215DC001B61EBF8
:1003400002014FF0004202EA0752CDE90042001CD0
:1003500041F5801132462B4600F0ACF903B0BDE800
:10036000F08F40462146F9E7001B61EB0201001CBB
:1003700041F5801300185B412018A2F5001747EBE8
:10038000030140EAD570B6196D4111E06D084FEADE
:10039000360645EAC0754FEA0752001B61EB0201C1
:1003A000001C41F5801149084FEA30000019514105
:1003B00032462B4603B0BDE8F04F00F06CB9009810
:1003C000012240000023D0EB020263EBE0730098AF
:1003D00021464FEAE074B8EB000061EB0401E9E765
:1003E00083F000435BE781F0004158E72DE9FE4FC1
:1003F00081EA030404F0004421F0004100944FF02E
:10040000000B23F0004350EA01045ED052EA0304DB
:100410005BD0C3F30A54C1F30A552C44A4F2F3345D
:100420000194A0FB0254C1F3130141F48011C3F302
:10043000130343F4801301FB024400FB034E840AC0
:10044000970A44EA815447EA8357A4FB0768029558
:100450008D0A05FB07854FEA932C04FB0C542705F6
:10046000029D4FEA065847EA1637B5EB08056EEBD2
:10047000070C870E920E47EA811742EA8312A7FB08
:100480000201B6EB0B0164EB00042B0D43EA0C33C5
:100490005E1844EB1C50DA465146E7FB0201C5F3F7
:1004A00013044FEA0B3343EA14534FEA0432019C1E
:1004B00043EA0603A4F10C040294009CCDE900B4C5
:1004C00000F0F8F803B0BDE8F08F00200146F9E72E
:1004D0002DE9F04D81EA030404F0004B21F00045C2
:1004E00014464FF0000A23F0004150EA050220D0E4
:1004F00054EA01021DD0C5F30A570246C5F313039F
:10050000C1F31300C1F30A5640F4801543F480137D
:10051000A7EB0608101BD64608F2FD3873EB050062
:1005200002D308F1010801E092185B41B8F1000F15
:1005300003DA00200146BDE8F08D00204FF4801161
:10054000064684460EE0171B73EB050705D3121B06
:1005500063EB050306434CEA010C49084FEA3000FF
:1005600092185B4150EA0107EDD152EA030012D024
:1005700082EA040083EA0501084305D0101BAB4161
:1005800006D20122002306E000224FF0004302E0E1
:100590006FF0010253101AEB06004CEB085110EB00
:1005A0000A0041EB0B01BDE8F04D00F074B8C1F357
:1005B0000A52C1F3130140F2FF3341F480119A4211
:1005C00002DA00200146704740F233439A42A2F219
:1005D000334202DC524200F03CB800F02BB800007D
:1005E00030B5041E71F1000404DB4FF000444042BA
:1005F00064EB0101141E73F1000405DB1C464FF08F
:100600000043524263EB0403994208BF904230BD5D
:10061000064C074D06E0E06840F0010394E807004F
:1006200098471034AC42F6D3FFF7DAFDE434010802
:1006300004350108202A04DB203A00FA02F10020E8
:1006400070479140C2F1200320FA03F31943904010
:100650007047202A04DB203A21FA02F0002170477B
:1006600021FA02F3D040C2F120029140084319461A
:100670007047202A06DBCB17203A41FA02F043EA02
:10068000E07306E041FA02F3D040C2F1200291404B
:1006900008431946704710B5141E73F1000408DAB8
:1006A000401C41F1000192185B411A4301D120F036
:1006B000010010BD2DE9F04D92469B4611B1B1FAF3
:1006C00081F202E0B0FA80F220329046FFF7B2FFEA
:1006D00004460F4640EA0A0041EA0B0153465A46D7
:1006E000084313D0114653EA010019D0C8F1400263
:1006F0005046FFF7AEFF05460E4650465946424665
:10070000FFF798FF084305D0012004E02046394652
:10071000BDE8F08D0020054346EAE0762C433743E0
:100720000A986305E40AA0EB08000022FD0A44EAE7
:1007300047540A3002D500200146E9E701051019A7
:100740006941DDE9084500196941BDE8F04DA2E7BE
:10075000FEE7000070470000EFF3108072B600BFA4
:10076000FEE70000B0B5044600F004F9054640F28B
:100770000000C2F200004068611C18BF044400BFC2
:1007800000F0F8F8401BA042FAD3B0BD2DE9F04FBD
:1007900084B08E4641F20042C4F60002DEF800400A
:1007A00006219042019008BF0521002C009100F025
:1007B000D7800198002500F138424FEAB223009813
:1007C000012700264FF00008052B38BF184600907F
:1007D000CDF808E00EE000BFDEF8004008F10108A7
:1007E00034FA07F106F1020607F1010705F10405E5
:1007F00000F0B680A7F1010A012000FA0AF314EA1A
:100800000309E9D0DEF804C00CF0030BABF10104DE
:10081000012C17D80198744681680322E468B2401D
:100820009143B4402143816041684FEA480E9943A7
:10083000CCF3001303FA0AF30446D0431943616072
:100840000CE000BF0321B140019CC843BBF1030F82
:10085000B64603D1B6464FF0030B23E0E168029A97
:1008600001409368BBF1020F03FA0EF341EA030162
:10087000E16017D16FF0030101EA5A01214405F04C
:100880001C040F23D1F820C003FA04FB13692CEADF
:100890000B0CA34043EA0C03019C0B62D2F804C08A
:1008A0000CF0030B21680BFA0EF20140114321609A
:1008B000DDF808E01CF4403F8ED041F26000C4F245
:1008C0000200016840F2004C41F001010160016842
:1008D000C4F2010C01F00101039103992AF0030114
:1008E0004FF6084A6144CFF6FF7A05F00C030F205B
:1008F00051F80A2000FA03F40098A24300FA03F327
:100900001A4341F80A20DCF80810DEF8042041EA16
:10091000090340F20C40D40258BF21EA0903CCF885
:100920000830C4F201000168940241EA090358BF8B
:1009300021EA09030360DCF80410940341EA090387
:1009400058BF21EA0903CCF80430DCF80010D203C8
:1009500041EA090358BF21EA0903CCF800303BE71C
:1009600004B0BDE8F08F00001823002A08BF282338
:10097000C150704740F2D420C2F2000000687047B6
:1009800040F2000040F2D421C2F20000C2F20001A5
:1009900040680A68104408607047000080B5032072
:1009A00000F078F80F2000F009F800281CBF0120A3
:1009B00080BD00F029F8002080BD000070B540F235
:1009C0000006C2F200067168E1B1044640F2080078
:1009D000C2F200004FF47A720068B2FBF1F1B0FB92
:1009E000F1F000F0B7FE0F2C4FF0010508D838B930
:1009F0004FF0FF3021460022002500F01FF8346040
:100A0000284670BD012070BD82B041F25800C4F28A
:100A10000200816841F001018160816801F00101FB
:100A200001910199016841F080510160006800F076
:100A300080500090009802B000F0D0B810B54EF68B
:100A40000C5CCEF2000CDCF80030C3F3022E8EF00A
:100A50000704042C28BF0424BEF103034FF0FF3E1B
:100A60000EFA04F438BF0023A14399400EFA03F3B1
:100A70009A43114300F00F02043A624409010C3218
:100A800000F16043B0F1FF3FC8BF03F5644211704D
:100A900010BD00004EF60C51CEF200010A684FF670
:100AA000FF031A4060F30A2242F0806040F0FD70BC
:100AB00008607047B0F5007F42D0002840F0808089
:100AC00047F21400C4F2000050F8141CC26E01F486
:100AD000C06122F48072B1F5806FC2662ED150F8E9
:100AE000141C012262F34A2140F8141C40F2080150
:100AF000C2F200010968322251434DF68362C4F20A
:100B00001B32A1FB0212910C0268520511D54A1C3E
:100B10000FD0026852050CD559B10268520508D5AC
:100B2000012906D00268520503D50229A1F104016A
:100B3000EAD10068400544BF032070470020704799
:100B400047F21400C4F2000050F8141CC26E01F405
:100B5000C06142F48072B1F5806FC266EED150F888
:100B6000141C012262F34A2140F8141C40F20801CF
:100B7000C2F200010968322251434DF68362C4F289
:100B80001B32A1FB0212910C0268520511D54A1CBE
:100B90000FD0026852050CD559B10268520508D52C
:100BA000012906D00268520503D50229A1F10401EA
:100BB000EAD10068400544BF03207047BEE700BF8C
:100BC00047F21400C4F2000050F8141C022262F331
:100BD0004A2140F8141C00207047000047F208002A
:100BE000C4F20000016841F48041016070470000D8
:100BF0002DE9F04700286DD042F2000AC4F2020A43
:100C00000446DAF800000D4600F00F0088420CD2CE
:100C1000DAF8000020F00F002843CAF80000DAF8E4
:100C2000000000F00F00A84254D1216841F20808EA
:100C3000C807C4F2020803D1880740F1D880BDE09C
:100C4000606802283AD0032840D158F8082C920155
:100C500040D5D8F80420D8F8043042F2004702F01A
:100C60000302C3F30313C0F2F4070133032A04BFE2
:100C700041F20027C0F27A07D8F80420B7FBF3F35B
:100C8000D8F80470C2F306225A43C7F3416302271F
:100C900007EB4303B2FBF3F24BF20043C0F2C44351
:100CA0009A4261D9D8F8002012F0F00F51D089078C
:100CB0005AD5A168002957D14BE000BF58F8081C4D
:100CC00089035CBF0120BDE8F08707E058F8081CE5
:100CD000490503D40120BDE8F08700BFD8F8001013
:100CE00001F00C0104293FD0D8F8001001F00C01EC
:100CF000082939D0D8F8001001F00C010C2933D1A3
:100D0000D8F80410D8F8042042F2004301F003019F
:100D1000C2F30312C0F2F4030132032904BF41F20B
:100D20000023C0F27A03D8F80410B3FBF2F2D8F82B
:100D30000430C1F306215143C3F34162022303EBA4
:100D40004202B1FBF2F14BF20042C0F2C4429142C6
:100D50000AD9D8F80010082262F307114FF00109F0
:100D6000C8F8001002E000BF4FF00009D8F80010EA
:100D700021F003010843C8F80000FFF7FBFD064619
:100D800041F28837D8F80000616800F00C00B0EB41
:100D9000810F07D0FFF7EEFD801BB842F2D9032088
:100DA000BDE8F0872168880708D4B9F1000F1ED08C
:100DB000D8F8000020F0F00017E000BF480705D584
:100DC000D8F8000040F4E060C8F80000080706D535
:100DD000D8F80000072262F30D20C8F80000D8F808
:100DE0000000A26820F0F0001043C8F80000DAF814
:100DF000000000F00F00A8421BD9DAF8000020F034
:100E00000F002843CAF80000FFF7B4FD064641F280
:100E1000883700BFDAF8000000F00F00A84207D0C2
:100E2000FFF7A8FD801BB842F4D90320BDE8F08786
:100E30002168480707D5D8F80000E26820F4E06090
:100E40001043C8F80000080708D5D8F80000216949
:100E500020F4605040EAC100C8F80000D8F8000053
:100E600042F20041C0F2F40100F00C0004280846F0
:100E70002DD0D8F8000000F00C00082841F2002026
:100E8000C0F27A0023D0D8F8002002F00C020C2A1D
:100E90001CD1D8F80420D8F8043002F00302C3F3C0
:100EA00003130133032A08BF0146D8F80400B1FB3D
:100EB000F3F1D8F80420C0F306204843C2F341619F
:100EC000022202EB4101B0FBF1F000E00020D8F873
:100ED000001043F2B812C1F30311C0F60002515CD6
:100EE00040F2080201F01F0120FA01F140F2000077
:100EF000C2F200000068C2F200021160BDE8F047D3
:100F0000FFF75CBD2DE9F04182B0002800F00681BA
:100F10000446007841F20006C007C4F2020655D12B
:100F20002078800774D42078000700F1978020781B
:100F3000400700F1B7802078800600F10781E06962
:100F4000002840D0B16801F00C010C2940F0568116
:100F5000012800F0E380F068216A00F003028A4271
:100F600040F0DC80626A6FF00F0300F0F00103EBE9
:100F70000212914240F0D280A16A00F4FE42B2EB2C
:100F8000012F40F0CB80E16A00F07842B2EBC16FF4
:100F900040F0C480226B0023CFF6E07303EB0252D3
:100FA00000F4C0016FF31402914240F0B780616B0E
:100FB0004FF07E4202EB016100F0C06001F07E4123
:100FC000884240F0AB800020F1E100BFB06800F043
:100FD0000C01F06808295BD0032281F00C0122EAA1
:100FE00000000844B0FA80F0400951D16068B0F5C3
:100FF000803F07D0B0F5A02F40F0D680306840F495
:1010000080203060306840F480303060D7E000BF2E
:10101000B068F16800F00C00042869D001F0030109
:1010200080F00C0081F002010844B0FA80F0400921
:101030005ED1E1683068002900F0CE8040F4807015
:101040003060FFF797FC05463068400500F1EC8002
:10105000FFF790FC401B0228F6D920E16169D6F821
:101060009400002900F08C8040F00100C6F8940044
:10107000FFF780FC054600BFD6F8940080073FF5D7
:1010800056AFFFF777FC401B0228F5D907E100BFF8
:10109000306880037FF544AF606800287FF440AF7C
:1010A0003CE000BFB06D10F0805808D1B06D40F04A
:1010B0008050B065B06D00F080500190019847F20B
:1010C0000007C4F200073868C0052BD4386840F424
:1010D00080703860FFF74EFC054600BF3868C005D9
:1010E00020D4FFF747FC401B0228F7D9D7E000BF08
:1010F0003068400501D5E06880B17068216920F052
:10110000FE4040EA0160706040F20000C2F2000060
:101110000068FFF753FC00283FF405AF012002B040
:10112000BDE8F081A068012808D0052840F09A8029
:10113000D6F8900040F00400C6F89000D6F8900071
:1011400040F00100C6F890009AE000BFA169D6F80F
:101150009800002970D040F00100C6F89800FFF711
:1011600009FC0546D6F8980080073FF5E8AEFFF782
:1011700001FC401B02284FF00300F3D917E100BF28
:1011800020F00100C6F89400FFF7F4FB054600BF0D
:10119000D6F8940080077FF5CAAEFFF7EBFB401B43
:1011A0000228F5D97BE000BF3168002821F48031A6
:1011B0003160316821F48021316000F08F80FFF7C9
:1011C000D9FB0546306880033FF5AAAEFFF7D2FB96
:1011D000401B6428F6D962E020F480703060FFF78D
:1011E000C9FB0546306840057FF59DAEFFF7C2FBA1
:1011F000401B02284FF00300F4D9D8E031680228E0
:1012000021F0807131604FD1FFF7B4FB054600BF7C
:101210003068800140F18E80FFF7ACFB401B022854
:101220004FF00300F4D9C2E07068216920F0FE405D
:1012300040EA0160706076E620F00100C6F8980090
:10124000FFF798FB054600BFD6F8980080077FF5AA
:1012500076AEFFF78FFB401B02284FF00300F3D957
:10126000A5E000BFD6F89010002821F00101C6F8D3
:101270009010D6F8901021F00401C6F890103DD0DF
:10128000FFF778FB054641F2883700BFD6F890009B
:10129000800745D4FFF76EFB401BB842F6D9032008
:1012A00002B0BDE8F08100BFF0684FF6FF7120F09A
:1012B0000300F060F068CFF6EE610840F060FFF7E1
:1012C00059FB0446306880017FF57DAEFFF752FB85
:1012D000001B02284FF00300F4D968E0FFF74AFB37
:1012E000054600BF306880037FF51AAEFFF742FB6A
:1012F000401B64284FF00300F4D958E0FFF73AFB95
:10130000054641F2883700BFD6F89000800707D520
:10131000FFF730FB401BB8424FF00300F4D946E022
:10132000B8F1000F7FF407AEB06D20F08050B065CB
:1013300001E600BFF06848F20C01C0F29F1104F111
:10134000200700EA010C8ECF6FF00F00D4E90C5497
:1013500000EB02100022CFF6E07241EA0C0102EB32
:10136000055208436FF314024FF07E4540EA032014
:1013700005EB0465104305F07E4540EAC76028434D
:10138000F060306840F080703060F06840F080704D
:10139000F060FFF7EFFA0446306880013FF513AEC6
:1013A000FFF7E8FA001B02284FF00300F4D902B05F
:1013B000BDE8F081002804BF01207047B0B50446A5
:1013C000406A28B10020206104F1140006E000BF4B
:1013D0006068B0F5827F03D004F11C000021016039
:1013E0000025A56294F85D0020B9204684F85C5081
:1013F00000F052F8022084F85D002068D4F80CE078
:101400000268BEF5E06F22F0400202604EF4006216
:1014100098BF0125B2F5706F1CBF0023A3624FEA8D
:10142000053CD4E90135D4E9042103F4827305F4C1
:1014300004452B4402F002021A44A36901F00101A1
:10144000E569114403F40072114405F03802256A7D
:10145000114405F08002A56A114405F400521143BD
:1014600001600421626A0EF4706501EA1341636B46
:1014700045EA0C0502F01002294303F0080311436A
:1014800019434160C16921F40061C161002001215B
:10149000206684F85D10B0BD80B586B0006843F664
:1014A0000001C4F20001884202D006B080BD00BF36
:1014B00041F24C00C4F20200C16841F48041C160B5
:1014C000C16801F4804101910199016841F0020174
:1014D0000160006801A900F00200019001984FF43A
:1014E00020400190022002900020CDE90300052059
:1014F000059040F20040C4F60000FFF747F906B03F
:1015000080BD00002DE9F04381B0044690F85C00F6
:10151000012803D1022001B0BDE8F0834FF001099A
:101520001D4616460F4684F85C90FFF723FA94F8A0
:101530005D10012974D18046002F4FF0010018BFC3
:10154000002E00F0DA800320002184F85D0021667F
:10155000A763A687E6872164A4F84410A4F8461080
:10156000A068E164B0F5004F2068216507D10168EB
:1015700021F040010160016841F48041016001688F
:10158000490603D4016841F0400101606168731E9F
:10159000E268B1FA81F1B3FA83F349095B09B2F564
:1015A000E06F41EA03013DD931B137F8021BC16058
:1015B000A763E18F0139E187E18F002973D0691CAE
:1015C0001BD000BF8168890706D4FFF7D3F9A0EBD1
:1015D0000800A84208D3B9E0A16B31F8022BC26021
:1015E000A163E08F0138E087E08F00285BD020689E
:1015F00081688907E9D5EFE720688168890703D406
:10160000FFF7B8F908E000BFA16B31F8022BC26008
:10161000A163E08F0138E087E08F0028ECD142E041
:1016200002206AE089B1E18F02294FF6FE7103D3EF
:1016300037F8022BC26004E03A7801310273A06BE4
:10164000471CA763E08F0844E087E08F58B3681C0D
:1016500061D04FF6FE70461C08E000BFFFF78AF924
:10166000A0EB0800A84273D2E08FE0B12068816847
:101670008907F3D5E18F022908D3A16B31F8022B3A
:10168000C260A1634FF6FE7007E000BFA16B09784E
:101690000173A06B0130A0633046E18F0844E087FE
:1016A000E08F0028E2D120464FF4C0512A4643463D
:1016B00000F04EFF68B920462946424601F00CF87A
:1016C00038B920464FF4C0612A46434600F040FF37
:1016D00028B1206E40F02000206620202066A068FF
:1016E00038B9002000902068C1680091806800909F
:1016F0000098206E002818BF0120002184F85D901A
:1017000084F85C1001B0BDE8F08300BFFFF732F948
:10171000E08F0028C7D0206881688907F6D5E18F5F
:10172000012909D9A16B31F8022BC260A163E08FB6
:101730000238E087ECE700BFA16B09780173A06B6A
:101740000130A063E08F0138E087E1E70320D4E7B0
:101750000320D2E7411E0020B0EB116F1CBF012017
:1017600070474EF21002CEF2000251604EF6235145
:10177000CEF20001F0230B700721906011607047DA
:10178000FEE700002DE9F04385B040F20044074633
:101790002A20C4F60004164689468DF80700204624
:1017A0004FF4804100229846FFF7DEF840F29005A2
:1017B000C2F200050DF10701284601220A23FFF7B6
:1017C000A1FE07F1280000BA000CADF80800204681
:1017D0004FF480410122FFF7C7F802A928460222F0
:1017E0000A23FFF78FFE06F1280000BA000CADF8BF
:1017F0000A0020464FF480410122FFF7B5F80DF1B1
:101800000A01284602220A23FFF77CFE2B208DF8CE
:101810000D0020464FF480410022FFF7A5F80DF19E
:101820000D01284601220A23FFF76CFE09F135005D
:1018300000BA000CADF80E0020464FF480410122A2
:10184000FFF792F80DF10E01284602220A23FFF756
:1018500059FE08F1350000BA000CADF81000204622
:101860004FF480410122FFF77FF804A928460222A5
:101870000A23FFF747FE2C208DF8130020464FF473
:1018800080410022FFF770F80DF113012846012274
:101890000A23FFF737FE05B0BDE8F08370B50446B4
:1018A00000200021EF2286230025FFF76BFF40F286
:1018B000F40160BAC2F200014A1948536035B5F527
:1018C000F07F50809080D080108150819081D081B5
:1018D000108250829082D082108350839083D08374
:1018E000108450849084D084108550859085D08554
:1018F000108650869086D086108750879087D08734
:10190000A2F84000A2F84200A2F84400A2F8460063
:10191000A2F84800A2F84A00A2F84C00A2F84E0033
:10192000A2F85000A2F85200A2F85400A2F8560003
:10193000A2F85800A2F85A00A2F85C00A2F85E00D3
:10194000BAD140F20040C4F600004FF480410122B9
:10195000FFF70AF840F2900440F2F4058726C2F23D
:101960000004C2F2000500BF204629464FF4F07281
:101970004FF48073FFF7C6FD013EF5D170BD000046
:101980002DE9F04F81B04FF09040202100224FF020
:1019900020080026FEF7E8FF6420FEF7E3FE4FF084
:1019A0009040202101224FF0010AFEF7DDFF642064
:1019B000FEF7D8FE4FF0904080210022FEF7D4FFC2
:1019C0004FF0904040210022FEF7CEFF6420FEF74A
:1019D000C9FE40F200441120C4F600048DF8030053
:1019E00020464FF4804100224FF01109FEF7BCFF62
:1019F00040F29005C2F200050DF1030128460122D4
:101A00000A23FFF77FFD7820FEF7ACFE36208DF825
:101A1000030020464FF480410022FEF7A5FF0DF1A0
:101A20000301284601220A23FFF76CFD70208DF880
:101A3000030020464FF480410122FEF795FF0DF18F
:101A40000301284601220A23FFF75CFD3A208DF8A6
:101A5000030020464FF480410022FEF785FF0DF180
:101A60000301284601220A23FFF74CFD05208DF8CB
:101A7000030020464FF480410122FEF775FF0DF16F
:101A80000301284601220A23FFF73CFDB2208DF80E
:101A9000030020464FF480410022FEF765FF0DF160
:101AA0000301284601220A23FFF72CFD0C208DF8A4
:101AB000030020464FF4804101220C27FEF754FF1B
:101AC0000DF10301284601220A23FFF71BFD2046E2
:101AD0004FF4804101228DF80370FEF745FF0DF1B0
:101AE0000301284601220A23FFF70CFD20464FF48C
:101AF000804101228DF80360FEF736FF0DF10301EE
:101B0000284601220A23FFF7FDFC332620464FF426
:101B1000804101228DF80360FEF726FF0DF10301DD
:101B2000284601220A23FFF7EDFC20464FF48041AE
:101B300001228DF80360FEF717FF0DF1030128461F
:101B400001220A23FFF7DEFCB7208DF803002046B0
:101B50004FF480410022FEF707FF0DF103012846F4
:101B600001220A23FFF7CEFC35208DF80300204622
:101B70004FF480410122FEF7F7FE0DF103012846E4
:101B800001220A23FFF7BEFCBB208DF8030020468C
:101B90004FF480410022FEF7E7FE0DF103012846D5
:101BA00001220A23FFF7AEFC19208DF8030020461E
:101BB0004FF480410122FEF7D7FE0DF103012846C4
:101BC00001220A23FFF79EFCC0208DF80300204667
:101BD0004FF480410022FEF7C7FE0DF103012846B5
:101BE00001220A23FFF78EFC2C208DF803002046EB
:101BF0004FF480410122FEF7B7FE0DF103012846A4
:101C000001220A23FFF77EFCC2208DF80300204644
:101C10004FF480410022FEF7A7FE0DF10301284694
:101C200001220A23FFF76EFC20464FF48041012277
:101C30008DF803A0FEF798FE0DF10301284601225E
:101C40000A23FFF75FFCC3208DF8030020464FF402
:101C500080410022FEF788FE0DF103012846012293
:101C60000A23FFF74FFC12208DF8030020464FF4A3
:101C700080410122FEF778FE0DF103012846012282
:101C80000A23FFF73FFCC4208DF8030020464FF4E1
:101C900080410022FEF768FE0DF103012846012273
:101CA0000A23FFF72FFC20464FF4804101228DF8D4
:101CB0000380FEF759FE0DF10301284601220A2395
:101CC000FFF720FCC6208DF8030020464FF480412A
:101CD0000022FEF749FE0DF10301284601220A23E6
:101CE000FFF710FC0F208DF8030020464FF48041D1
:101CF0000122FEF739FE0DF10301284601220A23D5
:101D0000FFF700FCD02720464FF4804100228DF8D9
:101D10000370FEF729FE0DF10301284601220A2374
:101D2000FFF7F0FBA4208DF8030020464FF480411C
:101D30000122FEF719FE0DF10301284601220A23B4
:101D4000FFF7E0FBA1208DF8030020464FF480410F
:101D50000122FEF709FE0DF10301284601220A23A4
:101D6000FFF7D0FBE0208DF8030020464FF48041C0
:101D70000022FEF7F9FD0DF10301284601220A2396
:101D8000FFF7C0FB20464FF4804101228DF803701D
:101D9000FEF7EAFD0DF10301284601220A23FFF7B1
:101DA000B1FB04208DF8030020464FF4804101224E
:101DB000FEF7DAFD0DF10301284601220A23FFF7A1
:101DC000A1FB0D2620464FF4804101228DF80360CF
:101DD000FEF7CAFD0DF10301284601220A23FFF791
:101DE00091FB20464FF4804101228DF80390FEF7CD
:101DF000BBFD0DF10301284601220A23FFF782FBF8
:101E00004FF0130820464FF4804101228DF80380E3
:101E1000FEF7AAFD0DF10301284601220A23FFF770
:101E200071FB2B208DF8030020464FF480410122E6
:101E3000FEF79AFD0DF10301284601220A23FFF760
:101E400061FB4FF03F0920464FF4804101228DF89D
:101E50000390FEF789FD0DF10301284601220A23B4
:101E6000FFF750FB54208DF8030020464FF48041CB
:101E70000122FEF779FD0DF10301284601220A2314
:101E8000FFF740FB4C208DF8030020464FF48041C3
:101E90000122FEF769FD0DF10301284601220A2304
:101EA000FFF730FB18208DF8030020464FF48041E7
:101EB0000122FEF759FD0DF10301284601220A23F4
:101EC000FFF720FB20464FF4804101228DF803608C
:101ED000FEF74AFD0DF10301284601220A23FFF710
:101EE00011FB0B208DF8030020464FF480410122A6
:101EF000FEF73AFD0DF10301284601220A23FFF700
:101F000001FB4FF01F0B20464FF4804101228DF85A
:101F100003B0FEF729FD0DF10301284601220A2333
:101F2000FFF7F0FA4FF0230A20464FF480410122D8
:101F30008DF803A0FEF718FD0DF1030128460122DC
:101F40000A23FFF7DFFAE1208DF8030020464FF463
:101F500080410022FEF708FD0DF103012846012211
:101F60000A23FFF7CFFA20464FF4804101228DF873
:101F70000370FEF7F9FC0DF10301284601220A2344
:101F8000FFF7C0FA04208DF8030020464FF480418B
:101F90000122FEF7E9FC0DF10301284601220A2384
:101FA000FFF7B0FA0C208DF8030020464FF4804173
:101FB0000122FEF7D9FC0DF10301284601220A2374
:101FC000FFF7A0FA11208DF8030020464FF480415E
:101FD0000122FEF7C9FC0DF10301284601220A2364
:101FE000FFF790FA20464FF4804101228DF80380DC
:101FF000FEF7BAFC0DF10301284601220A23FFF780
:1020000081FA2C208DF8030020464FF480410122F4
:10201000FEF7AAFC0DF10301284601220A23FFF76F
:1020200071FA20464FF4804101228DF80390FEF7AB
:102030009BFC0DF10301284601220A23FFF762FAF7
:1020400044208DF8030020464FF480410122FEF722
:102050008BFC0DF10301284601220A23FFF752FAF7
:1020600051208DF8030020464FF480410122FEF7F5
:102070007BFC0DF10301284601220A23FFF742FAF7
:102080002F208DF8030020464FF480410122FEF7F7
:102090006BFC0DF10301284601220A23FFF732FAF7
:1020A00020464FF4804101228DF803B0FEF75CFC1E
:1020B0000DF10301284601220A23FFF723FA2046E7
:1020C0004FF4804101228DF803B0FEF74DFC0DF175
:1020D0000301284601220A23FFF714FA20208DF875
:1020E000030020464FF480410122FEF73DFC0DF134
:1020F0000301284601220A23FFF704FA20464FF481
:10210000804101228DF803A0FEF72EFC0DF10301A2
:10211000284601220A23FFF7F5F921208DF8030054
:1021200020464FF480410022FEF71EFC0DF1030112
:10213000284601220A23FFF7E5F929208DF803003C
:1021400020464FF480410022FEF70EFC0DF1030102
:10215000284601220A23FFF7D5F901B0BDE8F08F28
:102160002DE9F04F87B0E02800F2C2800F467729B2
:1021700000F2BE800646073007F10F01984640F294
:102180000044A2F1200582B28BB230463946C4F633
:102190000004FFF7F7FAA8B2000140F290050190A1
:1021A00006F1280A07F1350098FA98FB0021C2F2DF
:1021B0000005009005E000BF02990131102900F0F0
:1021C0009780019843F2C8120844C0F60002175CD9
:1021D00000984FF00009084400BA4FEA10480291F5
:1021E00007E000BF1FFA89F07F0809F101090728FD
:1021F000E2D2F807F6D02A208DF80F0020464FF4DF
:1022000080410022FEF7B0FB28460DF10F010122AC
:102210000A23FFF777F90AEB090000BA060C2046FB
:102220004FF480410122ADF81060FEF79DFB284677
:1022300004A902220A23FFF765F920464FF48041E2
:102240000122ADF81260FEF78FFB28460DF1120156
:1022500002220A23FFF756F92B208DF8150020469D
:102260004FF480410022FEF77FFB28460DF1150157
:1022700001220A23FFF746F920464FF4804101224C
:10228000ADF81680FEF770FB28460DF1160102220C
:102290000A23FFF737F920464FF480410122ADF8B9
:1022A0001880FEF761FB284606A902220A23FFF7E1
:1022B00029F92C208DF81B0020464FF48041002284
:1022C000FEF752FB28460DF11B0101220A23FFF7FE
:1022D00019F920464FF480410122ADF80CB0FEF709
:1022E00043FB284603A902220A23FFF70BF979E7EB
:1022F00007B0BDE8F08F000070B51D4616460244D9
:102300000B44013A013B049C92B29BB2FFF73AFAAC
:1023100006FB05F0450040F20040C4F600004FF413
:1023200080410122FEF720FB40F29000AAB2C2F2E7
:10233000000021464FF47A73BDE87040FFF7E2B821
:102340002DE9F04F81B092461278002A64D040F215
:10235000F40640F2004840F2900799468B46054645
:10236000C2F200064FF0F814C4F60008C2F20007EB
:102370000CE000BFA8B21FFA8BF1D2B24B46FFF7B8
:10238000EFFE1AF8012F0835002A45D0A8B2E02840
:1023900088BF0BF1100B1FFA8BF088BF002578283F
:1023A000E8D300200021EF2286230025FFF7EAF979
:1023B000701974516035B5F5F07F44608460C46075
:1023C000046144618461C461046244628462C462E1
:1023D000046344638463C463046444648464C464C1
:1023E000046544658465C465E2D140464FF480418C
:1023F0000122FEF7B9FA8725384631464FF4F072CC
:102400004FF48073FFF77EF8013DF5D19AF8002074
:102410004FF0000B0025ADE701B0BDE8F08F0000E4
:10242000F0B581B040F21007C2F2000714460D4625
:10243000064606AA38461946009200F03DFA304694
:1024400029463A462346FFF77BFF01B0F0BD000066
:102450002DE9F04186B0002641F24C000596C4F209
:1024600002000168002241F0200101600168E025BE
:1024700001F0200100910099016841F00101016023
:10248000016801F0010100910099016841F0020129
:1024900001600068E02100F00200009000984FF019
:1024A0009040FEF761FA40F20044C4F60004204672
:1024B0004FF4804100224FF48048FEF755FA019511
:1024C00001AD01274FF090402946CDE902760496F0
:1024D000FEF75CF920462946CDE90187CDE9036680
:1024E000FEF754F906B0BDE8F081000070B540F287
:1024F000900043F60001C2F20000C4F200014FF464
:1025000082724FF400434FF4E06C4FF0020E01244E
:1025100080E80E5000F114014FF40075102670C1D0
:1025200000210722C0E90811C0E90A12C0E90C1114
:10253000FEF740FF002808BF70BDBDE87040FEF701
:102540000BB90000FEE70000FEE700007047000046
:102550002DE9F04782B000261F4690460D46814681
:102560008DF80360FEF706FA381A00EB0807FEF74D
:1025700001FA40F20801C2F2000109682322514326
:10258000090DD9F8004079430191A168294271D021
:10259000824618F1010037D0B5F5C06F1CD100BFDD
:1025A000207B8DF803009DF80300FEF7E3F9A0EB14
:1025B0000A00B84262D2019801990028A1F10101F4
:1025C0000191D9F80010896808BF074611F4C06F5F
:1025D000E6D100264EE000BFFEF7CCF9A0EB0A00E2
:1025E000B8424BD2019801990028A1F10101019153
:1025F000D9F80010896808BF07462942ECD10026A7
:10260000304602B0BDE8F0870026B5F5C06F25D191
:10261000207B8DF803009DF80300A06810F4C06FC4
:10262000EDD0207B8DF803009DF80300A06810F426
:10263000C06FE4D0207B8DF803009DF80300A068F4
:1026400010F4C06FDBD0207B8DF803009DF80300F1
:10265000A06810F4C06FDBD10CE000BFA068284276
:10266000CDD0A0682842CAD0A0682842C7D0A068B0
:102670002842F3D1304602B0BDE8F087D9E9000125
:102680004268B1F5827F22F0E00242600BD1D9F8B6
:102690000810B1F5004F02D0B1F5806F03D1016889
:1026A00021F040010160D9F82810B1F5005F07D191
:1026B000016821F400510160016841F4005101609A
:1026C000012089F85D00002089F85C00032630466F
:1026D00002B0BDE8F0870000F0B581B015460E46A7
:1026E0000446FEF747F9281A8719FEF743F940F226
:1026F0000801C2F200010968C1F3CB3179430091AE
:1027000021688A68120622D50546701C15D000BFC4
:10271000FEF730F9401BB8421CD2009800990028FF
:10272000A1F1010100912168896808BF07460806E8
:10273000EED40CE08868000609D58868000606D546
:102740008868000644BF88685FEA0060F2D4002011
:1027500001B0F0BDD4E900014268B1F5827F22F0FA
:10276000E00242600AD1A168B1F5004F02D0B1F594
:10277000806F03D1016821F040010160A16AB1F5C9
:10278000005F07D1016821F400510160016841F444
:1027900000510160012084F85D00002084F85C0095
:1027A000032001B0F0BD000070470000FEF7E8B85C
:1027B0004EF68850CEF20000016841F470010160CD
:1027C00070470000FEE7000094B0FEF7E7F8002431
:1027D00000200C94CDE90A44CDE90844FEF76AF9DB
:1027E000012006904FF480300790022003255521E8
:1027F0000D90CDE90E50CDE91010CDE9120006A8DC
:10280000FEF780FB20B1EFF3108072B6FEE700BF49
:102810000F20CDE9010501A80421CDE90344059469
:10282000FEF7E6F920B1EFF3108072B6FEE700BFC5
:10283000FFF70EFEFFF75AFEFFF7A2F80020FFF7A2
:102840002DF843F2D844C0F60104002000214FF4D3
:1028500078422346FFF7E4FD00201E211F22234675
:10286000FFF7DEFD00203C214FF4FC622346FFF71A
:10287000D7FD0CA32D206E2147F67C52FFF7D0FD2B
:102880004FF47A70FDF76EFF43F2B875C0F600059D
:1028900000200021F02287230095FFF72DFD00BFC7
:1028A000FEE700BF323032342D30312D3031203050
:1028B000303A30303A30310037B514460846064BCE
:1028C0006A46214600F0DCF804466946002000F024
:1028D0006EFC20463EBD0000AF31000802E008C893
:1028E000121F08C1002AFAD170477047002001E08A
:1028F00001C1121F002AFBD1704700002DE9FF5FC4
:1029000082B00021DDE90430020DDDF840B0034360
:1029100018D044F61050A2F2FF3242431514119819
:1029200001281FD0A5EB0B00401C5FEA000A4FF006
:1029300000064E4FDFF83891B046504615D5CAF123
:10294000000413E0119801244AA3012801D16FEA81
:102950000B010298119AC0E90031C0E9024206B0A9
:10296000BDE8F09FCBF10000DFE704460021404ABC
:10297000491842EB0450CDE9001012E0E00707D0FF
:1029800032463B4640464946FDF730FD8046894683
:1029900032463B4610461946FDF728FD06460F46CF
:1029A0006410002CEAD1DDE90401DDE90023BAF16D
:1029B000000F06DAFDF71AFD42464B46FDF716FDFD
:1029C00005E0FDF785FD42464B46FDF781FD0446D7
:1029D0000E460022284BFDF703FE03D84FF0FF30D0
:1029E000014607E00022254B20463146FDF757FC03
:1029F000FDF7DDFD102409E0002C0ADB0A2200238C
:102A0000FDF71CFC039B30321A55641E50EA01028C
:102A1000F2D1641C039AC4F111031444119A012ADF
:102A200003D0012208430DD10AE0084304D000205E
:102A30004FF0110B119072E7A3EB0B056D1E0DE02B
:102A40005B4504DD4FF0000205F1010504E003DA07
:102A50004FF00002A5F10105002AECD0029811996F
:102A6000C0E90231C0E9004579E7000000001440E8
:102A70000000F03F300000000000F0430000E03FA5
:102A80002DE9FF4F95B09B468946064600250FE28B
:102A9000252877D100242746F84A0121059400E033
:102AA000044316F8013F203B01FA03F01042F7D12E
:102AB00030782A2811D06FF02F033078A0F130023F
:102AC000092A16D8059A44F0020402EB820203EBAD
:102AD00042021044761C0590EFE759F8042B05924A
:102AE000002A03DA504244F40054059044F00204F2
:102AF000761C30782E2816D116F8010F44F0040405
:102B00002A280DD06FF02F023078A0F13003092B66
:102B100009D807EB870302EB4303C718761CF3E7DA
:102B200059F8047B761C30786C280FD006DC4C28D2
:102B300017D068280DD06A2814D104E0742810D06A
:102B40007A280FD10DE044F400140AE044F4801414
:102B500001E044F440147278824202D104F58014FA
:102B6000761C761C307866280BD013DC582877D07A
:102B700009DC002875D04528F6D04628F4D047282F
:102B80001AD19DE118E0632835D0642879D06528F2
:102B900012D195E1702873D008DC6728F1D069283C
:102BA0006FD06E280DD06F2806D1B5E073282CD0D9
:102BB000752875D0782874D05A46179990476D1C9F
:102BC00075E1C4F30250022809D003280DD0D9F8CA
:102BD000001004280DD00D6009F1040967E1D9F84F
:102BE0000010EA17C1E90052F6E7D9F800100D808D
:102BF000F2E70D70F0E719F8041B8DF800100020C3
:102C00008DF80100EA46012003E059F804AB4FF0CB
:102C1000FF3061074FF0000102D40DE008F101011F
:102C20008846B9420FDA8045F8DB1AF80810002907
:102C3000F4D108E008F1010188468142FADB1AF874
:102C400008100029F6D105985B46A0EB080721463D
:102C50003846179A00F094FA284400EB080507E07C
:102C60004DE029E10DE01AF8010B5A4617999047FB
:102C7000B8F10108F7D25B4621463846179A13E1AE
:102C800042E00A220092C4F302524FF0000A022AE4
:102C900008D059F804CB032A4FEAEC710AD00DE0B2
:102CA00029E02AE009F1070121F00702F2E802C158
:102CB000914609E00FFA8CFC4FEAEC71042A03D12B
:102CC0004FFA8CFC4FEAEC71002907DA0A46002122
:102CD000DCF1000C61EB02012D2202E0220504D59B
:102CE0002B228DF80420012203E0E20701D02022EC
:102CF000F7E7904659E00A2102E010220DE010218A
:102D00004FF0000A00910BE010224FF0000A44F04F
:102D100004040827009203E008224FF0000A009202
:102D2000C4F30252022A05D059F804CB0021032A29
:102D300008D009E009F1070121F00702F2E802C119
:102D4000914605E01FFA8CFC042A01D10CF0FF0C1F
:102D50004FF00008220728D5702806D0009B83F08A
:102D6000100353EA0A0305D00EE040228DF8042038
:102D7000012208E05CEA010206D030228DF804202E
:102D80008DF8050002229046009B83F0080353EA69
:102D90000A030AD15CEA010201D1620705D530229B
:102DA0008DF804204FF001087F1E582804D034A06D
:102DB00003900EA802900DE036A0F9E75346604656
:102DC000009AFDF73BFA84460398825C0298401E05
:102DD000029002705CEA0100F0D1029806A9081A7C
:102DE00000F1200A600702D524F4803400E00127B6
:102DF000574502DDA7EB0A0000E0002000EB0A01C6
:102E0000009005984144401A0590E00306D45B46C3
:102E10002146179A059800F0B3F90544002706E00B
:102E200001A85A46C05D179990476D1C7F1C474505
:102E3000F6DBE0030CD55B462146179A059800F0B7
:102E40009FF9054404E030205A46179990476D1CBD
:102E50000099481E00900029F5DC08E002980299CC
:102E60005A460078491C0291179990476D1CBAF197
:102E70000001AAF1010AF1DC65E100000928010066
:102E800030313233343536373839616263646566E0
:102E900000000000303132333435363738394142A2
:102EA000434445460000000000F058F90544761CF4
:102EB000307800287FF4ECAD19B02846BDE8F08FDB
:102EC000620700D4062709F1070222F0070CFCE88C
:102ED0000223E14603F000485FEA080C02D00FF23B
:102EE000702C0DE05FEA045C02D50FF2682C07E05D
:102EF0005FEAC47C02D00FF2602C01E0AFF2700CEC
:102F00004FF0FF3823F00043CDF850C065280CD0B7
:102F100006DC452809D046281DD047283DD13DE094
:102F2000662818D067287ED138E00021112F01DBF8
:102F3000112000E0781CCDE9000106A90EA8FFF7DA
:102F4000DDFCDDE90F010E9A03910021009207F1EB
:102F5000010A04914DE04FF000400097CDE90110C7
:102F600006A90EA8FFF7CAFCDDE90F0203920E9B2B
:102F700011990022DDF80CA00093049211B9791C7C
:102F800000EB010AB7EB0A0004D4C0F1FF3007F1EF
:102F9000010A0490AAEB0700019044E0012F00DA37
:102FA00001270021112F01DD112000E03846CDE975
:102FB000000106A90EA8FFF7A1FCDDE90F010E9A9A
:102FC0000391002104910092BA4621070CD4039981
:102FD000514500DA8A46BAF1010F05DD009AAAF1DF
:102FE0000101515C302908D0B84202DA10F1040F17
:102FF00006DA0121CDE9011015E0AAF10101E9E7A6
:10300000002805DC049901440491AAEB000102E0C8
:10301000411C514500DD8A460499401A401C01902C
:103020004FF000400290200704D40198504501DB86
:10303000CDF8048000208DF84F0002980DF14F0765
:10304000B0F1004F25D02B200E9002984FF00208CF
:1030500000280CDA404202902D200E9007E00A2151
:103060000298FDF7D5F83031029007F8011DB8F14C
:103070000001A8F10108F2DC02980028EFD1791EC6
:103080000E980870307800F0200040F0450007F8F6
:10309000020D12A8C01B00F107081498007800B1B7
:1030A000012000EB0A01019801EBE0710598414411
:1030B000401A401E0590E00306D45B462146179A4D
:1030C000059800F05DF805441498007818B15A4648
:1030D000179990476D1CE00324D55B462146179A4B
:1030E000059800F04DF805441CE00498002807DB23
:1030F000DDE90301884203DD0098405C179901E097
:10310000179930205A469047049805F10105401C54
:1031100004900198401E019004D12E205A46179920
:1031200090476D1CBAF10001AAF1010ADDDC05E04F
:1031300017F8010B5A46179990476D1CB8F100011A
:10314000A8F10108F4DC5B462146179A0598ABE626
:103150002D0000002B000000200000002DE9F041B0
:10316000044600251E461746880404D405E0394667
:103170002020B0476D1C641EF9D52846BDE8F081BB
:103180002DE9F041044600251E469046C80301D5AE
:10319000302700E02027880404D505E04146384662
:1031A000B0476D1C641EF9D52846BDE8F0810A6859
:1031B000531C0B60107070470000000000000000FE
:1031C00001020304060708090000000000000000D7
:1031D00000000000000000000000000808080808C7
:1031E000080800001818000000486C2412000000B5
:1031F00000000000000000000000002424247F12D2
:1032000012127F12121200000000081C2A2A0A0C57
:103210001828282A2A1C0808000000222515151540
:103220002A585454542200000000000C1212120AB2
:1032300076252911916E00000006060403000000A7
:1032400000000000000000000040201010080808E6
:103250000808081010204000000204080810101090
:1032600010101008080402000000000008086B1C81
:103270001C6B080800000000000000000808080897
:103280007F0808080800000000000000000000009F
:10329000000000000606040300000000000000001B
:1032A000FE00000000000000000000000000000020
:1032B00000000000060600000000804040202010B2
:1032C00010080804040202000000001824424242D0
:1032D0004242424224180000000000080E0808087C
:1032E00008080808083E00000000003C4242422056
:1032F00020100804427E00000000003C42422018DA
:1033000020404042221C00000000002030282424DD
:1033100022227E20207800000000007E0202021A95
:1033200026404042221C0000000000382402021AFD
:1033300026424242241800000000007E2222101083
:1033400008080808080800000000003C4242422427
:1033500018244242423C000000000018244242422D
:1033600064584040241C00000000000000001818B1
:103370000000000018180000000000000000000815
:1033800000000000000808040000004020100804AD
:1033900002040810204000000000000000007F0030
:1033A00000007F0000000000000000020408102060
:1033B00040201008040200000000003C4242464049
:1033C00020101000181800000000001C225A55554B
:1033D00055552D42221C0000000000080818141446
:1033E000243C224242E700000000001F2222221E4D
:1033F00022424242221F00000000007C42420101A2
:1034000001010142221C00000000001F2242424232
:1034100042424242221F00000000003F4212121EA0
:1034200012120242423F00000000003F4212121EF0
:1034300012120202020700000000003C22220101D9
:1034400001712122221C0000000000E7424242429A
:103450007E42424242E700000000003E08080808A1
:1034600008080808083E00000000007C101010103A
:10347000101010101010110F0000007722120A0E09
:103480000A12122222770000000000070202020244
:1034900002020202427F0000000000773636363614
:1034A0002A2A2A2A2A6B0000000000E346464A4ADC
:1034B00052525262624700000000001C224141410A
:1034C00041414141221C00000000003F4242424273
:1034D0003E020202020700000000001C224141419E
:1034E00041414D53321C60000000003F4242423EC9
:1034F0001212222242C700000000007C4242020455
:1035000018204042423E00000000007F49080808A1
:1035100008080808081C0000000000E74242424278
:1035200042424242423C0000000000E74242222464
:1035300024141418080800000000006B4949494988
:103540005555362222220000000000E742242418AC
:103550001818242442E700000000007722221414E7
:1035600008080808081C00000000007E2120101038
:1035700008040442423F00000078080808080808D0
:103580000808080808087800000002020404080877
:103590000810102020204040001E101010101010A5
:1035A0001010101010101E00003844000000000021
:1035B000000000000000000000000000000000000B
:1035C00000000000000000FF0006080000000000EE
:1035D0000000000000000000000000000000003CAF
:1035E0004278444242FC0000000000030202021A3A
:1035F00026424242261A0000000000000000003867
:10360000440202024438000000000060404040785C
:103610004442424264D80000000000000000003C28
:10362000427E0202423C0000000000F08808087E52
:1036300008080808083E0000000000000000007CA8
:1036400022221C023C42423C000000030202023AD9
:103650004642424242E700000000000C0C00000E0F
:1036600008080808083E000000000030300000385C
:10367000202020202020221E0000000302020272CF
:10368000120A1612227700000000000E080808082F
:1036900008080808083E0000000000000000007F45
:1036A0009292929292B70000000000000000003B4E
:1036B0004642424242E70000000000000000003C99
:1036C00042424242423C0000000000000000001B59
:1036D00026424242221E020700000000000000783D
:1036E00044424242447840E000000000000000777D
:1036F0004C040404041F0000000000000000007CD3
:1037000042023C40423E0000000000000008083E2B
:1037100008080808083000000000000000000063EE
:103720004242424262DC000000000000000000E76C
:10373000422424140808000000000000000000EBF0
:103740004949555522220000000000000000007683
:1037500024181818246E000000000000000000E784
:103760004224241418080807000000000000007E0E
:1037700022100808447E000000C0202020202010D5
:10378000202020202020C000101010101010101039
:10379000101010101010101000060808080808106B
:1037A00008080808080806000C32C20000000000E3
:1037B0000000000000000000D166D966D987D9A7B3
:1037C000D9A7D9A7D9A7D9A7E1C7D9A7D9A7E1A7C9
:1037D000E1C7E186D966D946D946D945E1A7D98658
:1037E000D986E1A7E1A7D9A7D986E1A7E187E18733
:1037F000D987D986D946E187E187D987D9A7D9A7BB
:10380000E186E1A7E1A7E1A7E1A7E1C7E1C7E1C739
:10381000E9E8E1C7E1E8E1C7E1C8E9E8EA08EA0860
:10382000E9E7E1C7E1C7E1C7E1A7E187E186E18612
:10383000E187E187E1A7E1A7E9C7E1A7E1A7E1A760
:10384000E1A7E1A7E187E1A7E1C7EA29E9E8E9E81B
:10385000EA08EA08E9E8E9E8E9E8E1A7E1A6E1A77A
:10386000D986D987D986D946D946E166E186E16607
:10387000E1A7E186E186E186E186E187E187E1660D
:10388000E146E145E145E165E145E145E966E125DE
:10389000E125E145E166D946D925D8E5D925D946BE
:1038A000E187D966D1C8DB2DF639EF3DE75EBEBDB5
:1038B0009E5D861D7DDC75BC75BC75DC6D7B6D7B8E
:1038C00075BC759C759B759B6D7B759C759B965E99
:1038D000A69E8DBA85BB85BB85BB85BB85BB7D9B05
:1038E0007DBB7DBB85BB85BB8DBB8DBA8DBA859BF2
:1038F000757A6D5A653A5D1A655B54FA4CDA4499EB
:103900003C5854FA5D1A54D954FA4CB954D954D984
:103910004CB954FA4C994478449844583C3744780C
:10392000447844784478449844583C173C38447868
:1039300044B9447944993C7944993C783C583C5882
:103940003C793C79449944994499447944993C5848
:103950002BF734384499447944784478447844992E
:10396000445844783C584478447844784C99447896
:1039700044373C373C173C373C1733F63BF733D6DC
:10398000339544172B342B541AD21AB21AD322F37C
:103990001AB21AD21AB11250D987D987D9A7D987A2
:1039A000D9A7D9A7D9A7D9A7D987E1A7D9A7D98650
:1039B000D986D966D966D946D145D966E1C7E1C766
:1039C000D9A7E1C7D9A7D986D9A6D987D987E18749
:1039D000D987E187E187E1A7E1A7E187D9A7D9A640
:1039E000E1A7E1A7E1A7E1A7E1A7E1C7E1A7E1A777
:1039F000E1A7E1C7E1C7E1C7E1C8EA08EA08EA08C8
:103A0000E1A7E1A7E187E1A7E1A7E187E187E9A7CE
:103A1000E187E187E1A7E1A7E1A7E1A7E1A6E1A7A7
:103A2000E1A7E1A7E187E1A7E9E8EA29EA08EA08CE
:103A3000EA08E9E8E9C7E9C7E9C7E1A7E1A7E1C7FB
:103A4000E1A7D986D986E186E166D946D945D94527
:103A5000E186E186E186E186E9A7E187E187E18603
:103A6000E986E166E145E165E146E146E145E125BA
:103A7000E125E145E166E146D926D905D925E146AA
:103A8000E166D987D209DB6FFE9AEF3DE73EC6FEBD
:103A90008DFB8E5E7DDC7DDC75DC7DFD75BC759CF3
:103AA00075BC759B759B759B6D7B6D7B75BC8E1D09
:103AB000A6BE85BA859B85BB85BB85BB85BB7DBB0B
:103AC0007DBB7DBB7D9B85BB8DDB8DBA85BA85BB00
:103AD000755A6D5A653A5D3A5D3B54D94CBA449972
:103AE0004CDA5D3B5D1A5CFA54FA54FA54FA54DA33
:103AF0004CB94CB94C9944784C994CB94499449878
:103B00004498449844784C9944783C3734173C584E
:103B10003C58449944993C583C583C583C783C5853
:103B20003C593C58447944994C9A44793C583C5807
:103B30002BF734173C583C584478447844984478E0
:103B400044583C58447844784479447844794458FB
:103B5000443744583C573C373C3733F73C1733D64F
:103B600033952B742B342B341AD21AD322F31AD256
:103B70001AB21AD21A911A71D9A7D987D987D9C777
:103B8000E1A7E1C7E1A7E1A7E1A7E1A7E1A7E187F5
:103B9000E186D966D966D966E1A7E1A7E1C7E1C7A1
:103BA000E1C7E1A7D986E1A7E187D966D986E1A770
:103BB000D987E187E1A7E1A7E187E1A7E187E1876D
:103BC000E187E1A7E1A7E187E1A7E1C7E1C7E1C894
:103BD000E1C7E1C7E1C7E9E8E9E8E9E8E1E8E1C808
:103BE000E1A7E1C7E1A7E1C7E1C7E1A7E1A7E1A735
:103BF000E1C7E1A7E1A7E1A7E1A7E1A7E187E187A5
:103C0000E9A7E9C7E9A7E9A7E1C8E9E8E9E8E1C860
:103C1000EA08E9E8E9E8E9E8E9E8E9C8E9C8E1C764
:103C2000E1A7E1A7D986D966E187E167E146D945F1
:103C3000D945E166E166E186E187E187E9A7E187A9
:103C4000E987E186E166E166E146E146E145E14575
:103C5000D925D925E166E166D946D925D905E146B8
:103C6000E166D9A8DA6BF4B3FE9BEF3DE73ED71FC0
:103C70008DDB8E5E7DBC75BC75BC7DDD6D9B6D9BEB
:103C8000759C759B757B759B6D7B6D7B759B8E3D68
:103C9000A69E85BA859B7D9B85BB859A85BB85BB8A
:103CA0007DBB7DBB7DBB85BB85BB8DBB85BA85BB25
:103CB0006D5A6D5B651A5D3A5D3B5D1A54FA4CB9FD
:103CC0004CB95D1A5D1A54FA5D1A5D1A54D94CB993
:103CD0004C994CB94CB94C984C994C994C984C987F
:103CE00044784478449844784CD944793C383C58DA
:103CF00044993C5844994478447844793C583C5819
:103D000044793C79447944794499449944993438C4
:103D100033F733F73C37447844784478447944584F
:103D200044583C583C384458447944794C99447838
:103D30004437445844383C3744383C1733F733F75A
:103D400033B6339523332B541AB21AD21AB21AD27D
:103D500012911AB222D21A71E1A7D987D9C7E1E824
:103D6000EA08E1A7E1A7D986E1C7E1A7E1A7D986DB
:103D7000D946D986D987E1C8E1C7E1C7E9E8E1A713
:103D8000E1A7E1A7D986D986D987D9A7E1A7D9879D
:103D9000D9A7D9A7E1A7E1A7D987E1A7E9C8E1A7F2
:103DA000E1A7E1A7E1A7E186E1C7E1A7E1A7E1A7D4
:103DB000E1A7E1A7E1A7E1C8E1C7E1C8E9E8E9E8CF
:103DC000E9E8E1C7E1C7E9E8E1C7E9C8E1A7E1C778
:103DD000E1A7E1A7E9A7E9A7E1A7E1A7E9C8E1A76A
:103DE000E9C7E1A7E187E9C8E1A7E1C7E1C8E9E8D8
:103DF000E9E8E9E8E9E8E9E8E9E8E9E8E9C8E9C87B
:103E0000E1A7E1A7E1A7D986D986E187E186E16646
:103E1000D966D945D945E166E186E187E1A7E1A701
:103E2000E186E987E186E166E146E146E966E1454A
:103E3000E125D925D966E166E166D946D905D925B6
:103E4000E167D9C8DAACF4F4F6BBEF3DE73ED73F03
:103E500095DB9E9F759C7DDD7DDD7DFD6D9B75BC3D
:103E6000759C759C759B757B759B6D7B6D7B8E5E64
:103E70009E7D85BA859A7D9A7D9B85BB85BA85BBDB
:103E80007DBB7DBB7D9B7DBB85DB85BB85BA7D9B7B
:103E90006D3A653A653A5D3A5D3B5CFA54FA54DA3C
:103EA0004CB95D3B5D1A655B54D9551A5D1A551ABC
:103EB00054D94C9954B94C994C784CB94CB9447874
:103EC00044784CB94CB94C994478447833F73C3831
:103ED0003C38447944584479447944794499449924
:103EE00044B94499449944994CDA44993C583C5813
:103EF0003C383C584CB94478447844784458445849
:103F00003C373C37445844584478447844984458A3
:103F10003C373C373C173C173BF733F733F633B6A7
:103F20002B7533B52B542B341AD21AF31AF31AD239
:103F300012911AB21A911250E1A7E1A7E1C7D9A7CD
:103F4000E1C7D987D986E1C7E1C7D987D987E1A772
:103F5000E1A7E1A7E1C7E1A7E1A7E1A7E1A7D98729
:103F6000D9A7D9A7D9A7D987D9A7D987D9A7D9A791
:103F7000E1C8E1C7D9A7E1A7E1A7E1A7E1A7E1A7C8
:103F8000E1A7E1C7E1C7D9A6E1A7E1A7E1C7E1A79A
:103F9000E9C7E1A7E1C7E1C8E1A7E1C8E9C7E9E8E6
:103FA000E9E8E9E8E1E7E1E7EA08E9C7E1C7E9C8E4
:103FB000E1A7E9C7E1C7E1C7E1C7E9C8E1A7E9C8E7
:103FC000E9C7E1C7E1A7E1A7E1A7E1A7E1C7E1A749
:103FD000E1A7E9C7E9E8E1C8E1E8E9C8E9C8E9A774
:103FE000E9C7E187E1A7E187E187D986E166E16773
:103FF000E166E166E146E146E186E187E187E18746
:10400000E186E186E186E186E166E146E166D90581
:10401000D905D105D946E187E187D946E125E145B2
:10402000E166D9C8DAECFD77FEDCEF3DE71DD73E4F
:10403000A65C9E7E759B75BC7DFD7DDD6D7B6D9B5D
:10404000759B759B757B757B759C6D7B6D5A8E3DE5
:10405000A67D8D9A859A85BB85BB7DBB7DBB85DBA7
:104060007DBB7DBB7DBB7D9B85BB85BA85BB7DBB99
:104070006D3A6D5A651A653A655B5D3B5D1B54FA96
:104080005D1B655B653B5D1A54FA54FA54FA54FAA9
:1040900054D94CB954B954B954D954D954D9449871
:1040A00044984CB94CB944984478447834173C1738
:1040B00033F73C3744593C58445844593C583C58D1
:1040C0003C583C583C793C793C7944993C583C38C4
:1040D000341734173C3844784C9944794478445820
:1040E0003C583C37445844584478447844784478A1
:1040F0003C373C173C1733F73C173BF733D633D6E6
:10410000339533B623132B341AD222F31AD212B2B8
:104110001AD21AB21AB21A91D9A7D9A7D9A7D98691
:10412000D966D987E1C7E1C7D9A7E1C7E1C7E1C827
:10413000E1C7E1C7E1A7E1C7E186D986D987D98779
:10414000D9A7D9C7D9C7D9A7D987D987D9A7D9C84E
:10415000E1C7E1C8E1E8E1C8E1A7E1E8E1E7E1C7DB
:10416000E1A7E1C7E1C7E1A7E1C7E9E8E1C7E1A746
:10417000E1C7E9E8E1C8E9E8E1C8E1E8E9E8E9E838
:10418000E9E8E9E8E9E8E9E7E9E8E1C7E1C7E9C81A
:10419000E1C7E9C8E9C7E9E8E9C8E1C8E1C8E9C891
:1041A000E9E8E1C7E9C8E1A7E1A7E9C7E9C8E9E8A3
:1041B000E1A7E1A7E1A7E1C8E9E8E9C8E1A7E1A72C
:1041C000E1A7E1A7E187E1A7E187E187E166D96699
:1041D000E186E187E187E166E186E186E187E167E3
:1041E000E187E186E166E186E187E186E166E166F5
:1041F000E166D926D946E1A7E1A7E186E146E14596
:10420000E166D9C8CA8BFDD8FEDCEF3DE73ED71E7C
:10421000AE9D963D6D7B7DDD861D7DDD6D7B6D9B51
:10422000759B759B759B759B6D7B6D7B6D5A8E1C0D
:10423000AEDF859A85BA85BB7DBB7DBB7D9A85BB8C
:104240007DBB7DBB7D9B7DBB85BB85BB85BB7D9BD6
:104250006D5A655A653A5D3A5D3B5D3B5D1B54FAAC
:104260005CFA653B653B5D1A5D1A5D1A54FA54DAD7
:1042700054D954D954B954B954B954D954D94478A7
:104280004C994C9954D94CB944993C5834173C3802
:104290003C583C583C584479447944593C383C7922
:1042A00044793C783C79447944993C7944793C5848
:1042B0003C383C583C3844994478447844583C58FD
:1042C0003C583C374498447844784478449844981F
:1042D0003C573C373C173BF73C1733D633D633D6E5
:1042E00033B52B542B332B341AF31AD31AB21AB218
:1042F0001A911A911A911A70E1C8D9A7E1C8D9A7E1
:10430000D9A7E1A7E1C8E1A7E1C8E1C8E1C8E1A7F1
:10431000E1C7E1C7E1C7E1C7E1C7D9A7D9A7E1C7AD
:10432000D9A7E1C8D9A7D9A7D987D9A7E1E8E1E8F2
:10433000E1A7E1A7E1E8E1C7E1C7E1C8E1E8E1C839
:10434000E1A7E1A7E1C7E1C7E1C7E9C7E1C7E1C765
:10435000E1C7EA08E1C7E9E8E1C8E1E8E9E8E1C75F
:10436000E9E8E1C7E9E8E9E8E9E8E9E8E1C7E9C837
:10437000E9C8E9E8E9E8E9E8E1C8E1C8E9E8E1C74E
:10438000E1C8E1C8E9E8E1C7E1A7E9C8E1A7E1A719
:10439000E1A7E1A7E1A7E1A7E1C7E1C8E1A8E9A892
:1043A000E1A7E1A7E1A7E187E1A7E187E166D96697
:1043B000E187E187E186E166E166E167E167E18740
:1043C000E187E186E186E187E1A7E9A7E9A7E18640
:1043D000E166D946D946E9C8E9E8E1A7E186E166A0
:1043E000E986E1E8CA4AFD35FEDCE73DDF3ECEFE68
:1043F000B6DF7D9B6D7B75BC85FD7DDD759B759BFB
:104400006D7B757B759B757B6D7B6D7B757B8DFC8B
:10441000AEDF859A859A7DBB7D9B7D9A7D9A85BB13
:104420007D9B7D9B7D9B7DBB85DB85DB85BB7D9BF4
:104430006D7B6D5B5D1A5D1A5D1A5D1A5D1B5D1A01
:10444000653B5D3B5D3B5D1A5D1A5CFA54FA54FABC
:1044500054D954FA4CB94CB954DA54FA54DA4C9948
:104460004C994CB94C994CB94C9944783C583C58AF
:10447000447944793C383C5844584CBA44793C58C7
:10448000449944794479449944B9449944793C170E
:1044900033F734173C5844584458447844784458C7
:1044A0003C583C373C5844784478447844984457C6
:1044B0003C373C173C173C173C373C1733D633D6B8
:1044C00033B5339523332B341AD21AF31AD21AB2D6
:1044D0001AB21A9212711250D9C8D9A7D987D9C75E
:1044E000E1C8D9A7E1C8E1C7E1C8E1C8E1E8E1C88E
:1044F000E1C7D9A7E1C7E1A7D9C7E1C8D9A7E1E8D2
:10450000E1C8D9C8D9C8D9C7E1E8D9A7E1C8E1E865
:10451000E1C7E1C8E1C8E1E8E1A7E1C8E1C8E1C756
:10452000E1C7E1C7E1C7D986E187E1A7E1A7E1C714
:10453000E1C7E1C7E1A7E1C7E1C8E1C8E1C8E9E82F
:10454000E9E8E9C8E9E8E9E8EA08E1C8E1C8E1C85A
:10455000E1E8E9E8E9E8E9E8E9E8E9E8E1C8E9E803
:10456000E9E8E9C8E9E8E9C8E9C8E9C8E9C7E9C785
:10457000E9C7E9C7E187E1A7E1C7E1A7E1A7E9A7A3
:10458000E1A7E1A7E1A7E1A7E1A7E1A7E187E1872B
:10459000E167E187E187E166E187E166E167E1875D
:1045A000E186E186E187E187E9A7E9C7E1A7F208AB
:1045B000E166D946D945E187E9E8E9E8E187E98795
:1045C000E166E1C8D24AFCF5FEFCE73DE75ECEFEBF
:1045D000B6FF755A759B75BC7DFD7DBC6D7B759B6B
:1045E0006D7B759B759B759B6D7B6D7B759B8DFC4A
:1045F0009E5D859A859A7D9B7D9B7D9B859A85BBDB
:1046000085BB7DBB7D9B7D9A85DB85DB85BB7D9BEB
:104610006D5A655B5D3A5D3B5D3B5D3B5D1A5D1AC6
:104620005D3A5D3B5D1A5D1A5D1A5D1A54FA54D904
:104630004CB94CB94CB94C984C784CB94CB94478FD
:10464000447844784C984C98449844793C383417D2
:1046500034173C383C583C583C383C3844583C585B
:104660003C793C79447944994499449944793C583B
:104670003C383C37449944794478447844583C5811
:1046800044583C383C37447844574458447844585C
:104690003C3734163BF633F633D633F62BB52BB511
:1046A00033B52B7422F32B341AB21AD31AB21291E7
:1046B0001AB21AB11AB21A91D186D9A7D9C8E2088A
:1046C000D9C7E1C7E1E8D9A7E1C8E1C8E1C8E1C8B5
:1046D000D9A7E1C8E1C7E1C7E1C8E9E8E1C8D9C79E
:1046E000E1C8D9C7D9C8E1E8E1C7E1C8E1C8E1E854
:1046F000E1C8E1C7E1A7E1C7E1A7E1A7E1A7E1A719
:10470000E1A7E1C7E1C7E187E1A7E1A7E1C7E1C709
:10471000E1A7E1A7E1C7E1C7E9C8E9C8E9C8E9C875
:10472000E9E8E1E8E9E8E9E8E9E8E1E7E1E8E9E81A
:10473000E9E8EA08E9E8E1C8E9E8E9E8E9E8E9E8F8
:10474000E9E8E9E8E9C7E9C8E9C7E9C7E9C7E9E786
:10475000E9C7E9C8E9C7E1A7E9E8E1C7E1A7E1A737
:10476000E1A7E1A7E1A7E1A7E1A7E1A7E1A7E18729
:10477000E187E166E187E187E187E167E166E1875B
:10478000E186E186E187E9A7E186E9C7E9A7E9C70C
:10479000F1C8E166D925D945E1C8EA09E9C8E9A81F
:1047A000E987E1A8DA4AFD35FEDCE73DE75ECEFEAB
:1047B000AEBF753A759C75BC7DFD7DDD759B759BA7
:1047C000759B759B759B759C759C6D5B7D9B8DFC2E
:1047D0009E5D859A859A85BB85BB85BB85BB85BB60
:1047E0007DBB7DBB7DBB7DBB85BB85DB85DB759BD9
:1047F000655B653B653B653B5D3B5D1A5D1A5D3BFB
:10480000655B655B653B5D1A5D1A551A54FA54FA8F
:104810004CB954DA4C994CB94C994CB94CB94478D0
:104820004C984C984C984C994C984CB93C583C3806
:104830003417447944594459445944593C384479CB
:104840003C7944793C79447944793C583C583C382B
:104850003C5834173C384458447844783C584478A1
:104860003C373C5844783C57445844784478447822
:104870003C573C173C173C173C173BF633D633B636
:1048800033952B9523132313129212711AB212919E
:104890001A911AB21A911271D9A7D9A7D9C8E209E7
:1048A000D9C7D9C7D9C7D9C7E1C8E1C8D9A7D9A736
:1048B000D9A7D9C7D9C7E1C8E1C8E1C8E1C8D9C8F3
:1048C000D9C7E1E8E1E8E1E8E1C7E1C7E1A7E1C86C
:1048D000E9E8E1C8E1A7E1C8D987E1A7E1A7E1A735
:1048E000E9E8E1C7E9C7E186E1A7E1A7E9C7E9C7C8
:1048F000E9E8E1C7E1C7E1C7E1E7E1C7E9E8E1E8E5
:10490000E1E8E9E8E1E8E9E8E9E8E1C8E9E8E1E85F
:10491000E9E8E9E8EA08E1C8E9C8E9E8E9E8E9E836
:10492000E9E8E9E8E9C7E9E8EA08E1C7E1C7E9E752
:10493000E9E8E1A7E9C7E1A7E1A7E1C7E1C8E9C85C
:10494000E9C8E1A7E9A7E1A7E1A7E1A7E1A7E1A7F6
:10495000E187E187E166E167E187E187E187E18758
:10496000E187E186E187E187E187E9A7E9C7E18699
:10497000E987E146D925D946E1C7F24AEA09F22A90
:10498000E167E1A7DA4ACB0DFEBBE73DDF3ECEFE95
:10499000AE9E753A7DDC75BC7DDC7DDC759B759BC0
:1049A0006D7B759B759B759C759C6D7B757B85DCA4
:1049B000A69E8D9A859A7D9A7D9A7D9A7D9A85BAD2
:1049C0007DBB7D9A7D9B7DBB85DB85DB7D9B6D5AA9
:1049D000655B653B5D3B5D3B5D3B5D1A5D3B5D3B08
:1049E000655B653B653A653B5D1A551A54FA54FAA6
:1049F00054D94C994CB94CB94CB954D94CB94CB95F
:104A00004478447844784C994C98449944993417A4
:104A10003C583C383C584479447944793C383C799A
:104A20004499447944794499449944793C583C38B0
:104A30003417341734173C584458447844583C5879
:104A40003C373C373C573C574458445844784478AA
:104A50003C173BF633F633D633F633D633D633B57D
:104A600033B52B742313231312B21AB21AB2129154
:104A70001291127012500A30E1E8E1E8E1E8E1E851
:104A8000E208E209E1C8E208E1C8E1C8E1E8E1E9D9
:104A9000E1E8E208E1E8E1E8E1E8E1E8E1E8E1E8AD
:104AA000D9E8E1E8E1E8E1A7E1A7D987E1A7E1C812
:104AB000E1C8E1C8E1A7E1C7E1C8E1C8E9C8E1A7E9
:104AC000E9C7E1C7E1C7E1C7E1C8E9E8E9E8E1E82A
:104AD000E9E8E1E8E1E8E9E8EA08E1C8E1E8E9E86D
:104AE000E9E8EA08EA08E9E8EA08E1C8E9E8EA08E2
:104AF000E9E8E1E8E9E8E9E8E1E7E1E8E9E8E9E847
:104B0000E9E8E9E8E9C8E1A7E9E8E1C7E9C7E9C8F0
:104B1000E1A7E9C8E1A7E1A7E1A7E1C7E9C8E1A7E3
:104B2000E1A7E9C8E1A8E9C8E1A7E1A7E187E1A712
:104B3000E9A7E187E187E166E167E187E187E1864F
:104B4000E166E187E187E9A7E9A7E9A7E9C7E9A75E
:104B5000E187E146D925E166E1A7F24AF24AE9E8B0
:104B6000D925E1A7E229EBD0FEDCEF3DDF3EC6DD33
:104B7000A69E6D3A7DBD757B75BC7DDC759B759B76
:104B80006D7B759B759B759B759C6D5A757B7D9B2D
:104B90009E5D859A85BA7D9A85BB7D9B7D9A85BBF6
:104BA00085BB7D9B7DBB7D9B85BB7D9B755A6D5A6F
:104BB000653B655B653B655B5D1A5D1A5D1A5D3B38
:104BC000655B5D1A655B653B5D1A551A54FA54D9ED
:104BD0004CD94CB94C994CB94CB94CB94CB94C99CD
:104BE0004C9844784478447844994499449944587A
:104BF00034173C173C383C583C583C583C58447996
:104C00003C793C783C593C7944794479449934382E
:104C10002BF734173C3844994478445844783C582E
:104C20003C373C58447844573C57445844584458BF
:104C30003C373C173C1733F63BF633D52BB52B9559
:104C400033B52B952313231312B21AD21AB21AB208
:104C50001AB2127112711250E1E8E209E1E8E1E8DA
:104C6000E208E208E1E8E1E8E1E8E1E9D9E8D9E8C9
:104C7000E1E8E1E8E1E8E208E1E8D9C8E1E8D9E8FB
:104C8000E208EA49E1E8D9A7E1C8E1A7E1A7E9E834
:104C9000E1A7E1C7E1C7D9A7E1E8E1C8E1A7E1A73A
:104CA000E1C8E1E8EA08E9E8E9E8E1E8E9E8EA0872
:104CB000E1E8E9E8EA08E9E8EA08E9E8E9E8EA0811
:104CC000EA08EA29E1E8E9E8EA09E9E8E9E8EA08BE
:104CD000EA08E9E8E1E8E9E8E1E8E1C7E9E8E9C884
:104CE000E1E8E9E8EA08E9E8E9C8E9C8E9C8E9C8A3
:104CF000E9C7E9C7E9C8E9A7E1A7E9C8E9C8E9C878
:104D0000E1C7E1A7E1A7E1A7E1A7E1A7E9A7E1875B
:104D1000E1A7E187E187E187E166E186E187E1A735
:104D2000E186E186E187E187E187E9C7E9A7E1A7B5
:104D3000E187D925D905D925E187E9E9FA8BD9A7F2
:104D4000D925E1A8E22ADB6FFEDBEF3DDF5EC6DDA1
:104D50009E5D6D3A7DDD759C75BC75BC759B759BC4
:104D60006D7B6D7B759C759C759C6D5B6D5A7D9B99
:104D7000A67D8DBA859A859A7D9B7DBB7D9B85BBE3
:104D800085BB7D9B7DBB85DB85DB85DB7D9B757B6B
:104D90006D5B655B655B655C653B5D1B655B653B92
:104DA0005D3B5D3B653B655B5D1A5CFA54FA551AE9
:104DB0004CD94CB94CB94CB954D94C994C9954B9BB
:104DC00054B94C99447844784498449844993C5850
:104DD0003C5844583C583C583C58447944793C58D9
:104DE0003C783C5844794479447944793C58343887
:104DF000341734383C373C384478447844583C388D
:104E00003C373C373C573C3744583C3744983C3758
:104E10003C3733F63C1733F633F633F633B52B9580
:104E20002B952B7422F31AD212B212B21291129154
:104E30001271127112501A71D9E8D9E8E209E1E849
:104E4000D9C8E1E8D9C7D9C8E209E209E1E8E1E84F
:104E5000E1E8D9C8E208D9C8E1E8D9C8D9C8E1E889
:104E6000E209E1E8E1E8E1C8E1C8E1E8E9E8E1C830
:104E7000D9A7E1C8E1C8E1C8E1C8E1E8E9E8E1C7CC
:104E8000E1E8E1E8E1E8E9E8EA08EA08E1E8EA0857
:104E9000EA08E208EA28EA08EA29EA08E208E1E87A
:104EA000EA08EA08EA08E208E208EA08EA08EA0882
:104EB000E1E8E9E8E1E8E9E8E1C8E9E8E9E8E9C8C2
:104EC000E9E8E9C8EA08E1C7E9E8E1C7E9C8E9C8EB
:104ED000E9A7E1A7E9A7E9C7E9C8E9C8E9C7E1A7E0
:104EE000E9C8E9E8E9C8E1A7E1A7E1A7E1A7E9A7DF
:104EF000E9A7E187E187E187E166E166E9A7E1A744
:104F0000E186E186E187E187E1A7E9A7E9C7E9A7AB
:104F1000E187D925D925D905D925E1A7FACBEA0911
:104F2000E187E9C8E26BE3F0FE7AEF3DDF3EC6FEC3
:104F3000961C757B759C6D9C75BC75BC759B759B33
:104F40006D5B655B6D7B759C759C6D5B6D3A85DCFF
:104F5000961C8D9A859A7D9A7D9A7DBB7D9B7D9BC3
:104F6000859A85BB7D9B7D7A85BB85BB8DDB85DC8A
:104F70006D5B655B655B653B655B5D3B655B5D3B99
:104F80005D3B655B5D3B5D3A5D3B551A5D1A5CFAC6
:104F900054F954DA4CB94CD954D94C994CB954D928
:104FA0004CB944994CB9449944984C984C984478DD
:104FB0003C383C383C383C583C583C783C383C58B1
:104FC0003C783C783C783C58449944783C583417B9
:104FD00033F73C383C3844793C5844783C583C38AA
:104FE0003C373C373C373C573C573C574458445778
:104FF0003C3733F633F63C173BF633B633D62B95B6
:1050000033B52B9522F323131AD212921AD21AB265
:105010001AB2129112910A50E1E8D9E8D9C8D9E838
:10502000D9C7D9E8E1E8E1E8D9E8E209E1E8D9C877
:10503000E1E8E1E8D9E8D9E8E1E8E209E1E8E1E816
:10504000E208E1C8E1E8E1E8E1C7E1E8E1E8E1C858
:10505000E1E8E1E8E1C8E1C8E1E8E1C8E208E1C867
:10506000E1C8E1E8EA08E208EA08EA08E1E7E2085C
:10507000EA08EA28EA28EA29EA29EA29EA28EA28BD
:10508000EA29EA28E208E208EA08EA29EA08EA093D
:10509000EA08E9E8E1E8E9E8E9E8E1C8E9E8E9E897
:1050A000E1C8E9E8EA08E9E8E1E8E9E8E1C7E9C8D0
:1050B000E1A7E1C7E1C7E9C7E9E8E9C8E9C8E1C78D
:1050C000E9E8EA08E9C8E187E1A7E9A7E1A7E1A7DC
:1050D000E9A7E187E1A7E187E1A7E187E186E1A709
:1050E000E186E186E187E1A7E1A7E1A7E9A7E1A7DA
:1050F000E987E145D905D904D905E1A7FACBF2AB97
:10510000E9E8D9C8DA8BEC72FEBBE73DDF3EBEBDF5
:10511000961C757B759C75BC6D9C759C759C6D7B98
:10512000655B655B6D7B759C759C6D5B757B7DBB05
:105130009E3D8DBA85BA859A7D9A7D9B7D9B85BB68
:1051400085BB85BB7D9B7D9B8DDB8DDB85BB8DFC16
:105150006D7B653B655B5D3B5D3B5D3B655B655BBF
:105160005D3B5D3B655B655B5D3A5D1A5CFA5D1AB4
:1051700054D954D94CB94CB94C9844984CB94C9921
:105180004CB9449844784478449844984C9944588D
:105190003C3744793C583C583C583C583C383C5887
:1051A0003C793C783C5844994CB94479447934383A
:1051B000341734173C17447844783C583C583C38F2
:1051C0003C383C383C583C373C37443744584478AA
:1051D0003C37341633F633F63BF733D633D62B95BC
:1051E0002B952B741AF21AD212B21271127112711B
:1051F0001AB212911AB21291E1E9E1E9E1E8E1E8AB
:10520000E208D9E8D9C8E1E8E1E9E1E8E208E1E843
:10521000E1E8E1E8D9E8E1E8E1E8E1E8E1C8E1E86E
:10522000E1E8D9C7E1C7E1C8E1C8E1C8E1E8E1E8E0
:10523000E1E8E1E8E9E8E9E8E1E8E1E8E1C8E1C856
:10524000E1E8E1E8EA08EA28EA28EA28E208EA28A8
:10525000EA29EA29EA29EA49EA29EA08EA29EA29B7
:10526000EA29EA29EA09EA29EA49EA49EA29EA09A6
:10527000EA29EA08EA08E1E8EA08E9E8EA08E9E8E8
:10528000E1C8E9E8EA08EA29E1E7E9E8E9E8E9C884
:10529000E9E8E1C7E1C7E9C8E1A7E9E8E1C8E9E869
:1052A000EA09EA09EA09E1A8E187E1A7E9C8E1A773
:1052B000E9A8E1A7E1A7E1A7E1A7E1A7E187E187E5
:1052C000E987E987E187E9A7E1A7E9A7E1A7E9A7D6
:1052D000E1A7E166D905D905D905D946F2ABFB4E60
:1052E000F28BD1E9DACCFD77F69BE73DDF3EB69C49
:1052F0009E3D755A7DBC75BC6D9C6D9C759C6D7B8F
:10530000655B655B759C759B759C6D5B759B8DFC8A
:10531000961C859A859A85BB7D9B7DBB7D9B7DBBBD
:105320007D9A7DBB7DBB85BB8DFB85DB85DB7DBB36
:105330006D5B653B653B653B655B6D5B6D7C655B94
:105340005D3B655B655B5D3B5D1A54D954FA4CB8B7
:105350004CB94CB94C984C9944984498449844980A
:105360004CB9447944784478445844784478447833
:105370003C373C5834383C583C583C383C383C5915
:105380003C794479445944794499449944994479FD
:105390004499447944784478447844583C58445873
:1053A0003C583C5844583C383C173C3744584478A7
:1053B0003C373C173C1733F733F633D633D62B95AF
:1053C0002B952B9523331AD212B212B2129112914D
:1053D0001AD212B212911271D9C8E209E209E20995
:1053E000E209E209E209E1E9E1E8E1E8E1E8D9A757
:1053F000D9C8D9E8D9E8E209E1E8E1C8E1C8E1E8BB
:10540000EA09E1C8E1E8E1E8E1C8E1E8E1E8E1E86A
:10541000E1E8E1E8E1E8E1E8E1E8E1E8E1E8E1C765
:10542000E1C8E9E8EA08EA28EA29EA29EA28E208DC
:10543000EA29EA29EA08EA29E208EA08EA08EA0881
:10544000EA29EA29EA29EA29EA29EA6AEA29EA2983
:10545000EA09EA09E208EA08E1E8E9E8E9E8E9E84E
:10546000EA09E208EA49EA28EA08EA08E9E8E9E894
:10547000E9C8E9E8EA08E9E8E1C7EA08EA09EA0868
:10548000EA29EA29E9E8E9E8E9C8E187E1A7E1A72B
:10549000E9A7E1A7E1A7E1A7E1A7E187E1A7E16625
:1054A000E187E187E9A7E187E187E9A7E187E9A744
:1054B000E9A7E166D905D905D905D925EA6AFB4EE0
:1054C000FB2EE2CCDB6EF576FEDCE73DDF5EB69CC4
:1054D000AEBE757B75BC6D7B655B759C75BC6D7B6D
:1054E0005D1A5D1A6D7B759C759C6D5B653A755A8E
:1054F000963D859A859A85BA7D9B7DBB7D9B7D9BDC
:105500007DBB7DBB7DBB7D9B8DDB85BB85DC6D194C
:10551000653A655B5D3A5D3B655B6D7C655B657CB3
:105520005D3B653B655B5D3B5D1A655B5D3A54FACF
:105530004CD954D94CB94CB94C98447844994498B6
:105540004C99447844784458447844584478447892
:105550003C583C783C583C383C583C383C583C59CA
:105560003C583C5844994499447944593C38341740
:10557000341734173C374478447944783C583C37E6
:105580003C373C373C373C373C3844373C373C377A
:105590003C1733F73BF733F63BF733D633B52BB530
:1055A0002B952B952B341AD21AD21AD2129112B2F1
:1055B0001AF312B21AB21271E209E209E209E2091F
:1055C000D9E8E209E229E209E1E8E1E8D9E8D9E825
:1055D000D9C8E209E209E208E1E8E1E8E1E8E1E846
:1055E000E209E1C8E1E8E1E8E1E8EA08E1E8E1C868
:1055F000E1E8E1E8E1E8E1C7E1E8E1E8E1A7E1A706
:10560000E1C7E1C7E1E8EA29EA29EA29EA29EA2922
:10561000EA29EA29EA29EA29EA29E208E208EA0865
:10562000EA29E208E9E8E1E8E208EA29EA29F24A97
:10563000EA08EA29EA09EA09EA08EA08EA09E9E8D7
:10564000EA08E1E8F26AE208EA08E9E8E9E8EA08D3
:10565000E9E8E9E8E9E8EA08F209EA09EA09EA0911
:10566000EA08EA29EA09E9E8E9E8E9E8E1A7E1C79F
:10567000E187E9A7E1A7E1A7E1A7E1A7E9A7E1A7FA
:10568000E186E187E187E187E9A7E1A7E187E18793
:10569000E9A7E187D925D905D8E5D946D9A7FAEDF3
:1056A000FB2EDAACE3F0FDD8F6FCE73DDF5EBE9CF6
:1056B000A69E7D9B7DBC6D7B6D5B6D7B6D5B655B35
:1056C0005D3B655B6D7B759C75BC757B6D3B6D3A19
:1056D000963D85BA859A859A85BB7D9B7D9B7D9AF3
:1056E0007D9A7D9B7D9B85BB85DB85BB7DBB64F9FE
:1056F000653A653B5D3B657B75BC6D7B655B5D1AA3
:105700005D3B5D3B5D3B5D3B5D3B5D1B5D1B5D1A3A
:1057100054FA54FA4CB94CB94C994CB94C994C992F
:1057200044784498447844784C994478447944784F
:105730003C373C583C583C583C5834383C384499E9
:105740003C593C583C794479447944793C593C591A
:1057500044793C373C3744583C583C383C583C171B
:105760003C173C373C383C173C173C3744573C37D8
:105770003C1733F63C1733F633F633D62BB62B955E
:105780002B742B7423131AB21AD212921291129103
:105790001AD312D212711AB2D9E8E229DA09E2292F
:1057A000DA09E22AE229E208E208E1E8D9E8E209B6
:1057B000E209E229E209E1E8E1C8E1E8E1E8E1E83B
:1057C000E208E1E8E1E8E1E8E1E8E208EA08E1C747
:1057D000E1E8EA08E1E8E1E8E1E8E1C7E1A7E1A7FB
:1057E000E1A7E1C7E1C8E1E8EA08EA29E228EA49D5
:1057F000EA29E229EA29E229EA29EA29EA29EA0842
:10580000E208E1E8E1E8E1C8E1E8E208E1E8EA0904
:10581000EA29E1E8EA29EA09EA08EA08E9E8EA08FF
:10582000E1E8EA29F26AEA29EA08E9E8EA08E9E8A7
:10583000E9E8E9E8E9E8EA08EA09EA09EA09EA2917
:10584000EA29EA29EA09EA09EA08E9E8E9E8E1A730
:10585000E1A7E187E1A7E1A7E1A7E1A7E1A7E1A728
:10586000E187E187E187E187E1A7E187E1A7E1A798
:10587000E1A7E9A7D925D905D905D926D946E1E96E
:10588000F2CCDACDE452F5F8F71CE73DE75EC6BD91
:10589000A67D7D9B759B759B759C653A653A655B9E
:1058A0005D1A54FA6D7B759C759C757B6D5B5CB95C
:1058B0008DDC859A859A859A7DBA7D9A7D9B7D9BA4
:1058C0007D9A85BB85BB85BB8DDB85DB85DB65195B
:1058D000653A653B5D3A657B6D7B655B6D7B655BC2
:1058E0005D3B653B5D3B5D1A5D1B5D3B5D1A54FA9C
:1058F00054FA54D94CB94C994C984C984CB94C9991
:105900004CB944994478447844784C9944993C582B
:1059100044583C583C583C583C583C583C583C79BE
:105920003C793C593C5844994C9944793C793438F9
:105930003C383C383C3744583C583C583C373C3762
:105940003C373C5844583C373C373C374458445823
:105950003C3733F733D633D633F633D633D62B959D
:105960002BB52B952334129112B2129112B21292CE
:105970001AD212B212910A50E209E22ADA09E22995
:10598000E24AEA4AE229D9C8D9E8E209D9E8DA09BB
:10599000E229E229E209E1E8E1C8E1C8E209E1C857
:1059A000E209E1E8E1E8E1E8E1E8EA08E208E20822
:1059B000EA29E208E1E8E1E8E208E1C7E1C8E1C775
:1059C000E1A7E1C7E1A7E1E8E1E8EA29EA49EA2934
:1059D000EA49EA4AEA29EA29E249E229EA49E208E7
:1059E000EA29E208E208E1E8E9E8E1C8E1E8E1E8FB
:1059F000E1E8EA09E1C8E1E8EA09E9E8EA08E9E8F2
:105A0000E208EA29EA49E208E9E8E9E8E9E8E9E838
:105A1000E9E8EA08EA08E9E8E9E8E1E8EA09EA0980
:105A2000EA08EA08EA08EA09EA08E9E8E9C8E1C890
:105A3000E1A7E187E9A7E1A7E1A7E1A7E1A7E1A73E
:105A4000E187E1A7E187E187E187E186E1A7E1A7B7
:105A5000E187E9A7E146D905E105D925E146D967FE
:105A6000F2ACE30EEC93EDF8F71CEF3DE73ECEDD34
:105A7000B6BE7539861D759B6D7B6D5B6D7B6D7BD1
:105A80005D1A54DA655B759C757B759C653B4C377C
:105A900085BC85BB859A859A859A7D9A7DBB7D9BC1
:105AA000859A859A85DB85BB85BB85BB85DB6D5A71
:105AB0005CF9653B5D3B653B655B6D5B6D7C655B88
:105AC0005D3B5D3B5D3B5D3B5D1B5D1A5D1A5D1A99
:105AD0005CFA54FA4CB94C994CB94C994CB94CB944
:105AE0004478447844584458447844784458443876
:105AF0003C383C583C383C383C583C583C583C5866
:105B00003C593C7944794479449944993C593C380E
:105B10003C383C38445844583C583C373C373C3778
:105B200034173C373C373C163C373C3744584458D4
:105B30003C173C1733F733D633F72BB533D62B95B9
:105B40002B9533D62B341AB212B212911AB21AB262
:105B50001AB2129112710A50E229E229E229E22ACC
:105B6000E24AE229EA49D9E8D9E8E209E229E20968
:105B7000E209E209E209E1C8D9A7E1E8E1C8D9C828
:105B8000E1C8E1E8E1E8E1E8E1C8E1E8E208EA28A3
:105B9000EA28E208EA29E1E8E1C7E1E8E1A7E1C78C
:105BA000E1A7E1A7E1A7E1E8E208E229EA6AE24920
:105BB000E249EA6AE229E209EA49E229E229E2093C
:105BC000E209E1E8E1E8E1E8E9E8E1E8E1E8E1E863
:105BD000E1E8E1C8E1E8E1E8E1E8E9E8E9E8E2086C
:105BE000E208F26AEA08EA08EA08E1E8E1C8E1C87E
:105BF000E9E8E9E8EA09EA08E9E8E9E8E9E8E9E8DA
:105C0000EA09EA09EA09E9E8EA08EA08E9E8E9E864
:105C1000E9E8E187E187E1A7E1A7E9C8E1A7E9A70A
:105C2000E1A7E187E187E187E187E1A7E1C7D986BD
:105C3000D966E1A7E146D925D925D905D926D9873D
:105C4000F2CCE36FECD4FE7AF71CEF3DE73DD71EB4
:105C5000BEFF75188E1D7DFD75BC6D5B6D5B6D7B2C
:105C60005D1B54D9655B6D7B759C759C655B4C5762
:105C70006D1A8DDC859B859A85BB7D9A7D9B7D9B6E
:105C80007D9B7D9B859A85BB8DDB85DB85DB7DBB25
:105C900064F9651A5D1A5D1A6D7C6D7B6D7C655BC0
:105CA0005D3B5D1A5D1B5D3B5D3B5D1B653B5D3B8D
:105CB00054FA54FA54B94CB94CB94C9944984C998B
:105CC00044984C994C9944794479449944584438BF
:105CD00044593C593C5844793C793C583C583C79AF
:105CE0003C793C594479449944993C783C583C5817
:105CF0003C7944994C9944783C583C373C373417AC
:105D000034373C373C373C373C373C373C373C3703
:105D10003C1733D633F633D633D62B952B952374D5
:105D20002B952BB523131AB21292129212711AB23A
:105D30001AB212B112911271DA29DA09DA09E22AD9
:105D4000E229E208E229D9E8D9E8D9E8DA08E1E865
:105D5000E209E208E1E8E209E1E8E208EA09E1E84B
:105D6000E209E1E8E208E1E8E1E8EA08E208EA2815
:105D7000EA28EA28EA49EA29E1E8E1C7E9E8E1A7EF
:105D8000E1C7E1E8E209E209E229E229EA6AE24A36
:105D9000E26AE24AEA6AE229EA29EA29EA29EA0900
:105DA000E208EA09E208EA08E1E8E9E8E1E8E1C82E
:105DB000EA09E1E8E1C7E1E8E1E8E1E8E1E8E1E892
:105DC000EA08F249E9E8E1E8EA08E9E8E9E8E9E8A7
:105DD000E9E8E1E8EA08EA08EA08E9E8E1E8E9E8E8
:105DE000EA08E9E8E1E8E9E8EA08EA08E9E8E9E8D0
:105DF000E9E8E1E8E187E1A7E187E1A7E1A7E1A719
:105E0000E1A7E1A7E1A7E187E187E187E187E187F2
:105E1000E186E1A7D946D926E125D925D925E1A8EA
:105E2000F32DEBF0ED15FEBBF71CE73DE73DDF3E44
:105E3000BEFF7D3985DC863E75BC655B6D5B6D7B29
:105E40005CFA4CB9653B6D7B759B759C6D7C54D938
:105E500054978E1D85BB859A85BB7D9A7D9B7D9AC7
:105E60007D9B7D9B85BB85BB85BB85BA85BB7DBB8B
:105E700064F95D1A5D1A5D1A653B653B5D3A5D1A12
:105E80005D3B5D1A5D1A5D3B5D3B5D3B5D3B54FADE
:105E900054FA5CFA54DA4CB94CBA447944784C99C7
:105EA00044994C994C994C994498447844583C38BE
:105EB0003C383C383C583C58447844783C583C5832
:105EC0003C7844994479449944993C79343834383D
:105ED0003C584478447844583C583C373C373C382C
:105EE000341734373C373C3734163C174458443762
:105EF0003C3733F7341633D633D633B52BB52B9521
:105F00002B7433D5231312B21AB212B2127112715A
:105F10001AB212B112911250E24AE24AE229E2297F
:105F2000E209D9E8E208D9E8DA09E229E229E22916
:105F3000EA29E1E8E1E8E1E8E1E8E1E8E1E8E1E8CF
:105F4000E1E8E1E8E1E8E209E1E8EA08E208E1E89D
:105F5000E208EA28EA28EA28EA08E1C7E1E8E1A736
:105F6000E1C8E1E8E208E209E209E24AEA6AE26A33
:105F7000EA8AEA8AEA49E229E229EA29EA29E208E0
:105F8000E1E8E1E8EA09E9E8E9E8E1C7E1E8E1C8D0
:105F9000E1E8E1E8E9E8E1C7E1C8E1C8E1E8E1C832
:105FA000EA29EA29E1E8E9E8E9E8EA08E9E8E9E8CC
:105FB000E9E8E9E8EA08E9E8EA08E1E8E9E8E9E81F
:105FC000E1E8E9E8E9E8E9E8E9E8E9E8E9E8E9E851
:105FD000EA08E9E8E9C8E9C8E9C7E1A7E9C8E1A72B
:105FE000E1A7E1A7E1A7E187E187E1A7E1A7E187D1
:105FF000E1A7E1A7E186E146D925E126D926D9879F
:10600000EAECF411ED15FE9BF71CE73DE73DDF3DA3
:10601000BEDE7D597D9B861D7DDD6D7B6D5B6D7C60
:106020005D1B54B954FA6D7C759C6D7B655B5CFAA5
:1060300054778DFD8DFC85BA859A859A7D9B7D9AD6
:106040007DBB7D9B7D9B85BB85BB85BA85BB85DB89
:106050006D5A5CFA5D3B5D1A5D1A5D3B5D1A5D3AF7
:106060005D1A5D3B5D1A5D1A5D1B5D3B655C5D1BEA
:1060700054DA54D94CD94CB94CB94C9944994499F7
:106080004458445844783C584458447844583C3820
:106090003C383C583C583C793C58447844793C79ED
:1060A0003C793C584479449944993C783C583C3874
:1060B0003C584478447844583C383C583C373C5829
:1060C0003C373C373C373C3734173C373C373C3760
:1060D0003C1733F633F633D633D62BB52B952B74CA
:1060E0002B9433B5231312B21292129212711291A1
:1060F0001AB20A700A301250E24AE28BE22AE24AED
:10610000E209D9E8E209E209E209E229E229EA49D9
:10611000EA29E1E8E209E1E8E1E8E1E8E1E8E209A9
:10612000E1E8E1E8E1C8E1E8EA09E1E8E1E8E208FC
:10613000E1E8E1E8E208E1E8E1E7E1C7E1C7E1A77A
:10614000E1C8EA09E209E229E24AE24AEA6AEA6ABD
:10615000EA6AE26AEA6AEA49EA49EA29EA29E209D4
:10616000E209EA09E1E8E1E8E1E8E1C8E1E8E1A8FB
:10617000E1C8E1C8E9C8E1A7E1C8E1E8E1C8E1C8D0
:10618000E1E8EA09E9E8E9E8E1E8E9E8E9E8E9E875
:10619000EA09E1E8E1E8E9E8E1E8EA09EA09E9E829
:1061A000E9E8E9E8E1C8E9C8E9E8E9E8E9E8E9E8AF
:1061B000E9E8E9E8E9C8E9C8E1A7E187E9A7E9A7CB
:1061C000E1A7E1A7E1A7E1A7E187E187E187E1870F
:1061D000E187E187E186D946E125E146D926E1A7B5
:1061E000E24AF3D0ED15F659F71DEF3DEF5DDF3EC6
:1061F000CF1F8559755A863E7DDC759C6D7B759CDD
:10620000655B4CB954FA655B759C6D7B6D5B6D5B32
:106210004C3785FD8DFC859A859A7D9A7D9B7D9B6B
:106220007D9B7D9B7D9B85BB85BB85BA8DDB85BBBF
:106230007D9B6519651A5D1A5D1A5D1A5D1A5D3BD5
:106240005D1B5D1B5D1B551A551A5D3B5D1A54FAAB
:10625000551A54FA54D94CB94CB94C9944984CB984
:1062600044783C373C373C583C583C583C583C37C9
:106270003C583C583C583C78447944793C793C59EA
:1062800044994479447944994499449944B9447966
:106290003C783C7844994C99445844784458445844
:1062A0003C373C373C37341734163C173C373C37C7
:1062B0003C1733D633D633D633B52BB52B95235471
:1062C0002B9433B51AF3129212911271129112712A
:1062D0001AB21AB11A911250E24AE26BE229E2298B
:1062E000DA09E229E229DA09E229E229E209E209E6
:1062F000E208E1E8D9C8D9C8E1E8E1E8E209E1E863
:10630000E209E1E8E1E8E1E8EA09E1E8E1E8EA29AF
:10631000E1E8EA08EA08E1E7E1C7E1C7D9A7E1E86F
:10632000E209E229E229EA6AEA8AEA6AEA6AE26AB0
:10633000E26AE24AE24AEA6AF28AE229EA29EA29B8
:10634000EA29EA09EA29E208EA09E9E8E9E8E1A72D
:10635000E9C8E9C8E1A8E9C8E9C8E1E8E1C8E1C8D5
:10636000EA08EA08E1C8E1E8E9E8E9E8E1C8E9E8BB
:10637000E9E8E1C8E9E8E9C8E1E8E9E8EA08EA08A3
:10638000E9E8E9E8E9E8E9C8E9E8E9E8E9E8E9E8A5
:10639000E9E8E1C8E9E8E9E8EA08E1A7E1A7E9A74F
:1063A000E9A7E9A7E1A7E1A7E187E187E187E1871D
:1063B000E187E187E187E166D926D925D946E1A8B9
:1063C000DA09EB8FFD56FE9BF71DE71DEF3DE73E1B
:1063D000CF1E95DB755A85FD7DDC7DFD759B6D7B44
:1063E0006D7C4CB954D95CFA6D9C759C6D5B653ABB
:1063F0004C3685DC961C8DDB85BB7D9A7D9A7D9B1A
:106400007D9B7D9A7D9B85DB85DB85BA85BA85BBC7
:106410007DBB6D7B5D1A5D1A5D1A5D1A653B5D3B48
:106420005D3B5D1A5D1A5D1B5D1B5D3B5CFA54FABA
:1064300054FA54DA54DA4CB94CB9447844984CB90B
:1064400044783C583C373C5844783C383C37341707
:106450003C583C583438447944994CBA447944996E
:1064600044793C58447944793C7844794479447976
:106470003C783C783C783C383C383C383C383C38BC
:10648000341734173C373C173C373C573C373C16E5
:1064900033F633F633F633B62BB533B52B752354B9
:1064A00023742B9512B1127112710A5012710A5095
:1064B0001291129112501250E24AE24ADA09DA09B4
:1064C000E229DA09DA09E229E229E229E208E1E827
:1064D000E1E8D9C8E1E8E1E8E208E209E209E229F5
:1064E000E229EA49E229E208E208E1E8E1E8E1E834
:1064F000E1E8E208E1E8E1E8D9C7E1E8E209EA6AAF
:10650000E24AE26AEA6AEA6AEA6AEA8AEA6AEA6AFB
:10651000EA8AEA6AEA6AEA6AF2ABE26AEA4AEA4ABA
:10652000EA4AE209EA29EA29E1E8E1E8E1E8E9C81A
:10653000E1A7E9C8E1A7E1C7E1A8E9C8E1C8E1C767
:10654000E9E8E1C8EA09E1C8E1C8E9E8E9E8E9E819
:10655000E9E8E9C8E9C7E9E8E9C7E1C7EA08EA08FC
:10656000EA08EA08E9E8E9E8E9E8E9E8E9E8E9E861
:10657000E9E8E1E8E9E8E9E8E9E8E1C8E1A7E9C82C
:10658000E9A7E1A7E1A7E1A7E1A7E1C7E1C8E1A782
:10659000E1A7E1C7E186E166D925D925D946D967C2
:1065A000E209E30DF4F4FE59F6FCE6FCEF3DE73DAD
:1065B000D73E9E1B753A7DFD7DDC861E759C6D5B0E
:1065C000653B54D954FA54FA6D7C6D9C6D7B651A09
:1065D000549885DC8DFC8DDB85BB859A7D9A7D9AF0
:1065E0007D9A7D9A85DB85BA85BB85BA85BA85BAE1
:1065F0007D9B759B5D1A5D1A653B5D1A5D3B5D1A5F
:106600005D1A5D1B551A5D3B5D1A5D1B5D3B5D1A96
:106610005D1A54D954D94CB94CB94498449844980B
:1066200044783C583C373C383C583C583C3734174D
:106630003C583C3834174479447944793C5844797F
:106640003C793C5844794479449944794478447875
:106650003C783C793C783C783C583C583C583C5819
:106660003C373C173416341734173C573C373C172B
:1066700033F633F633D633B52BB52B952374235429
:1066800023542B951AD2127112910A500A500A50B3
:1066900012710A5012711250DA29DA29D9E8E22966
:1066A000DA09E22AE209E209E229E229E209E1E85B
:1066B000E1E8E1C8E1C8E208E1E8E209EA29EA29FB
:1066C000EA49EA6AEA49EA49E208EA29EA09E1E824
:1066D000E209E1E8E1E8D9A7D9C8E229E229EA8B91
:1066E000EA8BEA8BEA8AEA8AEA6AEA6AEA8BEA8B46
:1066F000EA8AEA8BEA6AEA8BEA8BEA6AEA6AEA8A57
:10670000EA8BEA6AE229EA4AEA4AE1E8E1E8E1C812
:10671000E1A7E1A8E1C7E9C8E1A7E1C8E1C7E1C78E
:10672000E9C8E9C8E1C8E1C8E9C8E1C7E1C8EA08C1
:10673000E9C8E9C7E9E7E9E7E9C7E9E8E9E8E1C75E
:10674000EA08EA08EA08E9E8E9E8E9E8E9C8E9E87E
:10675000E1C8E1E8E9C8E9E8EA08E1E8E9E8E1A731
:10676000E1A7E1A7E1A7E9E8E9E8E9E8E9C8E1C8C4
:10677000E1C8E1A8E1A7D946D946D926E146D966BC
:10678000E209D24AE411F5D8F6BBEF1CEF3DE73D34
:10679000D73E9DFB753A759C7DDD861E75BC653BBD
:1067A0005D1A54FA54FA54B9655B6D7B6D7B5D1AC2
:1067B0004C5785DD85DB8DDB8DDB85BB7D9A7D9B35
:1067C00085BB7DBA7DBA85DB85BB85BA85BA85BABE
:1067D00085BB7DBB651A5CFA5D1A5D1A5D1A5D3B6F
:1067E0005D3B5D3B5D1A5D1A5D1A5D1A5D1A5D1AAF
:1067F000551A54D94CD94CD94CB94CB944984CB9C8
:1068000044993C583C383C383C383C583C58341748
:10681000341734383C38445944793C383C583C3877
:106820003C383C383C583C793C583C784478447877
:1068300034373C583C783C583C583C583437343713
:10684000341734173417341734163C373C373C1799
:1068500033F633F633D633B52BB52BB52374235427
:1068600023742BB51AF312B212910A710A501271E5
:106870001291127112711AB2E24ADA29DA29DA296E
:10688000E229E22AE209E229E229E229E1E9E20930
:10689000E1E8E209E1E8E209E208E208EA29E208BF
:1068A000EA29E209E229EA29EA29EA29E1E8E1C834
:1068B000E1C8E1E8E1C8E1C8E24AEA8BE28BEA8B91
:1068C000EA8BEA8BE28AE28AEA8BE26AEA8BEA8A5C
:1068D000EA8BEA6AE26AEAABEAABEA6AEA8BEA8B3B
:1068E000EA6AEAABE24AF28BF28BE229EA29EA2968
:1068F000E209EA2AEA09E1C8E1C7E1C8E1C7E1A77C
:10690000E9C8E9C8E1C8E1C8E9C8E1A8E1A7E9E840
:10691000E9E8E9E8E1C7E9E8E9C7E9C8E9E8E9E859
:10692000EA08EA08EA08EA09EA08E9E8E9E8E1C861
:10693000E9E8E9E8E9E8E9E8E9E8E9E8E9E8E1A817
:10694000E1A7E9C8E1A8EA09EA08EA08EA09E1E8F2
:10695000E1C8E1C8E9E8D966D946D926E146D94671
:10696000E9E8DA29DB4EF515F639F73DEF3DE75E4C
:10697000DF5F9DDB6D19653B75BC75DD7DFE655B7D
:106980005D1B54DA5D1B54B9651A6D9C6D5B5D1A15
:1069900044377DBC85BB85BB85BB85DB85BB7DBAAC
:1069A0007D9A7D9A7D9A85BB85BB85BA8DDB8DDB13
:1069B00085BB85BB6D3A5D1A5D1A5D1A5D1A5D3B3C
:1069C0005D3B5D3B5D3B5D3B5D3B5D1B5D3B5D1B47
:1069D0005D3B54FA4CB94CB94C984C994CB94C9914
:1069E000449944783C383C383C583C383417341788
:1069F0003C3834373C383C583C583C583C583C595F
:106A00003C793C7944793C793C793C783C784478D1
:106A100044793C583C3834173C383C373C383C3798
:106A20003417341733F633F63C173C373416341624
:106A300033F633D62BD52BB52BB52B7423331B3321
:106A400023542BB512B2129112910A7112710A508D
:106A50001271129112501250DA29DA29DA09E22958
:106A6000E24AE229E208E229E1E8E209E1E9E1E8B3
:106A7000E1E8E1E8E209E209E1C8E208E209E20945
:106A8000E209EA29EA29E208EA29E208D9C7E1C8C5
:106A9000E1C8E1E8E1C8E1E8EA8BEA8BEACCE28B05
:106AA000EAABEA8BEAABEA8BEA8BEA8BEA8BEA8BFE
:106AB000EA8BEA8BEA8BF2CBEA8AE24AEA6AEA8B51
:106AC000E26AEA8BE24AEA8BEA6AEA8AEA4AE22A5C
:106AD000EA4AF26BE1E8EA09EA09E1E8E1C8E1C75C
:106AE000E1A7E1C8E1A8E1A8E9C8E9C8E1C8E1C8AF
:106AF000E1C8E1C8E1E7E9E8E9E8E9C8E9E8E9E887
:106B0000E9E8E9E8E1C8E9E8EA08EA09E9E8E1C80A
:106B1000E9E8E9E8E9E8E9E8E9E8E9E8E9E8E9E9EC
:106B2000E1C7E9C8E1C8E9C8E9E8E9E8E9E8E1E876
:106B3000E1E8E1A7E9E8E1A7D946D926D926D9466F
:106B4000D967E24ACA4AFCB4DD35FF1DEF3DE73E96
:106B5000D75F95BA7D7B5D1A6D7C7DFD75BC75BD7B
:106B60005CFA54DA5D1B54DA5CD96D7C6D7B651A76
:106B700043F66D1A85DC85BB85BA85BA85DB85BB96
:106B80007DBA7D9A7D9A85BB8DDB85BA85DB859A3A
:106B9000859A85BB757B5CF95D1A5CFA5D1A5D1A96
:106BA0005D1B653B5D1B5D3B5D1B5D1B5D1B5D1ADE
:106BB0005D1A54F94CB94CB94CB94C994C984C9855
:106BC000447844783C383C373C583C583437343768
:106BD00034383417341734173C583C383C383C5858
:106BE0003C583C583C793C583C583C793C783C7883
:106BF0003C583C583C383C383C583C373C383C3797
:106C000033F734173C1733F63C173C3734163C1730
:106C10003C1733F62BB62BB52BB52B9523332333EB
:106C200023542BB51AF30A710A710A500A501271D3
:106C30000A500A3012711271DA09E229DA29E24A9D
:106C4000E229E208E208E1E8E1E8E1C8E1E9E1E996
:106C5000E1C8D9C8E1E8E209E209E208E209E1E8AD
:106C6000E208EA09E209EA29E209E1E8E1C8D9A76C
:106C7000E1E8E1E8E209E209E24AEA8BEAABEAABE1
:106C8000EA8BEA8BEAABE2ABEAABEA8BEAABEA8BE4
:106C9000EA8BEACCE26AEAABEA6AEAABEAABEA8BF5
:106CA000EAABEA8BEA8BEAABEAABEACCEA8BEA8B9B
:106CB000EA8BEA8BEA4AEA29EA4AEA09E1E8E1C80A
:106CC000E1C8E1C8E1A7E1C8E1A8E1C8E9C8E9E88D
:106CD000E1C7E1C8E1A7E9E8EA08EA08E9C8E9C8C4
:106CE000E9E8E9E8EA08EA08EA08EA08EA08EA0856
:106CF000EA09E9E8E9E8E9E8E1E8E1E8E9E8E9E8FA
:106D0000E9C8E9C8E1A8E9C8EA08EA08E9E8E9E861
:106D1000E1C8E1A7E1A7D946D925D946D946E16618
:106D2000D966D9C8C9E9F3F1D452FEDCF73DE73D95
:106D3000DF5F9DFB7D7B5D1A653B657B6D7B7E1E0A
:106D40005D1B54DA5D3B4C9954D96D7C6D7C653B81
:106D50004C586D1A8DDC85BB859A85BA85DB85DB41
:106D600085BA85BB859A7D9A85BA859A85BB85BA91
:106D700085BA85BB7DBB65195D1A5D1A5CFA5D1A23
:106D80005D3B655B653B5D1B5D1B5D1B5D3A5D3A75
:106D90006D9C5CFA54B954FA54D94CB94CB94C991D
:106DA000447944783C583C373C383C383C383C3893
:106DB0003C383417341734383C383C583C383C782D
:106DC0003C783C783C793C793C793C993C783C78FF
:106DD00034383C583C3834373C373C373C37343710
:106DE000341733F6341733F73C173C373C1733F777
:106DF00033F733F62BB62BB52B952374235323335C
:106E0000235323542334129112910A501271129178
:106E1000127112710A500A50DA29DA29DA29E24984
:106E2000E229E229E229E209E1C8E1C8E1E9E1E970
:106E3000E1C8E1E8E209E209E209E229EA29E20817
:106E4000E208EA29E208EA29E1E8E208E1C8D9C84B
:106E5000EA49EA4AEA4AE229EA8BEAABEAABEACC37
:106E6000EAABEAABEAACE2ABEACCEAABEAABEA8B80
:106E7000E28BEAABEA8BEAABEA8BE28BEAABEA8B1A
:106E8000EAABEAABEAABEACCE2ABEACCEAABEAAC1F
:106E9000EACCF2ABEA8BE229EA6BE209EA49F26A50
:106EA000E9E8E1E8E1C8E9E8E1E8E1C7E1A7E1A74D
:106EB000E1E8E9E8E1C8E1C7E9E8E9E8E1C7E9E8CC
:106EC000E1E8EA09E9E8EA08E9E8E9E8EA08E1E8E6
:106ED000EA29EA08E9E8E9E8E9E8E1E8E1C8E1C81F
:106EE000E9E8E1A8E1A8E9C8E1E8E9E8E9E8E9C8F2
:106EF000E1C8E1C8D966D946D946D926D946D94686
:106F0000E166D9A7D9E9EB4FDBF1FDD8FF1CE73DDE
:106F1000DF3EA63B755A5CFA5D1A75DD75FD75BDE1
:106F20005D3B54DA653B5CFA54B9655B6D7C6D5B27
:106F30005CD9759C8DDC85DB85BA85BA859A85DB45
:106F400085BB7DBA859B859B85BB85BA85BB85BA8C
:106F500085BA85BB85BB755A5CF95D1A5D1A5D3BC8
:106F60005D1A653B655B653B5D3B5D3B655B655BFA
:106F7000655B5D1A4CB954FA54D94CB94C994CB96B
:106F80004499447844783C583C573C573C583437F3
:106F90003C3834173C383C383C38343834373C388B
:106FA000343834383C583C783C783C783C5834375A
:106FB00034383C7834373C583C583C373417341715
:106FC00033F633F633F633F63C373C373C1733F6BB
:106FD00033F733F633D62BB52B9523742354235430
:106FE000235323541AD2127112710A500A5012718B
:106FF0000A50127112711271DA08E229E229E229AB
:10700000E229E209E208E1E8E208E209E1E9E1E96E
:10701000E209E1E8E1E8EA29E1E8E209E229E1E858
:10702000E1E8E208E209E1E8E1E9D9C8D9C8E20902
:10703000EA4AE26AE26AEA6AEAABEAABEAABEACBBC
:10704000EAACEACCEACCEAECEACCEACCEACCEACC90
:10705000EAACEAACE2ABEAECEAACEAACEACCEACC09
:10706000EAABEACCEACCE28BEAABEAACE28BEAAC84
:10707000F2ECE26BEA6BEA6BEA8BE24AEA4AEA4A32
:10708000E209E1C8F22AE1E8EA09E9E8E1A7E1A7B3
:10709000E9C8E1C8E1C8E9C8E9C8E1A7E1C8E1C8B1
:1070A000E1E8EA08E9E8E1C8E1C8EA09E9E8EA084C
:1070B000EA29EA09EA09E1E8E1E8E1E8E9E8E1E8E2
:1070C000E1E8E1C8E1A8E1A7E9E8EA09E9E8E1E8DF
:1070D000E1C8E1A8D966D946D926E146E146D946B4
:1070E000E167D987D9E9E28CEBB0D432FF5DE73DA7
:1070F000E75EB65C7D7A5CFA5CFA653B75BD6D7CDB
:107100006D7C5D1B54B95D1B5CFA653B6D5B651A5C
:107110004C576D5B8DFC85BB85BB7D9A7D9A85BB8D
:1071200085BB85DB85BB85BB85BB85BA8DDB85BA19
:10713000859A859A859A85BB65195CFA5D3A5D1AD0
:107140005D1A5D3B5D5B5D3B5D3A5D3B5D3A5D3A83
:107150005D1A5D3B54FA54FA4CB94CB94CB94478B9
:10716000447844783C583C583C373C573C583C3871
:10717000343834173C3834383C383C5834383C5870
:107180003C583C793C783C7944993C783C7844794B
:1071900044793C383C383C373C373C373C37341733
:1071A00033F6341733F633F634163C3733F63417E8
:1071B00033F733F633D62B952B952375235423546D
:1071C0002354235412B212710A510A300A51127117
:1071D00012300A300A501270DA29DA29E229E2293B
:1071E000E249E1E8E208D9C8E1E8EA09E1E8E1C8F2
:1071F000E1E9E209E209E1E8E1E8E209E208E2297D
:10720000EA09E209D9C8E1E8E1E8E209E209EA4A63
:10721000EA8BDA29EAABEAABEAABE28AEACCEAEC3F
:10722000EACCEAECEACCEAECEAECEAECEACCEACC2E
:10723000EAACEAECEAECEB0DEAEDEAECEAECEAECBB
:10724000EAEDEACCEACCF2EDEACCEAECEAEDEAECE3
:10725000EAECF2ECF2ECF2ECEACCEA8BEA6BEA6BE9
:10726000EA4AEA29EA09E1E8E208E1C7E1A7E9C850
:10727000E1C8E1A8E1A7E1A7E1A7E1C7E1A7E1C86B
:10728000E1E8E9E8E9E8E9E8E9E8E9E8EA08EA083C
:10729000EA08EA08EA29E208E9E8E9E8E1E8E9E8D1
:1072A000E9E8E9E8E9E8E1C8E1E8E1E8E9E8E1C8B6
:1072B000E1C8E9C8D966D926E146E146D946D946AA
:1072C000D967E187D9C8E24AFBB0BACDFF1DEF3DCF
:1072D000E73EBE9D7D7A651A5CFA6D5C7DDD759C2E
:1072E0006D9C5D3B54DA54DA653B653B6D5B6D5BD1
:1072F0005CFA759C963D8DDB85BB7D9A7DBB85BB1D
:1073000085BB85BB85BB859A85BA85BA85BA85BAA2
:1073100085BA85BA85BA859A6D3A5D1A5D1A653A5D
:107320005D1A5D3B5D3B5D3A5D3B5D1A5D1A5D1B21
:107330005CFA5D3B5D1A54F94CD94CB94CB944998F
:10734000447844783C383C373C373C583C37341719
:10735000341734173C583C383437343734383C58B9
:107360003C5834383C7944993C783C783C584478D3
:107370003C583C3834173C58343734173C373417B2
:1073800033F633D633D634173C373C3733F633F63F
:1073900033F733F62BD62BB52B9523742354235474
:1073A00023342B5412910A710A510A300A50127177
:1073B00012500A500A501270E249E249DA08E249D2
:1073C000E229E229E1E8E1E8E1E8E209E1E9E1E9CD
:1073D000E1E9E1E8E209E229E1E8EA29E208EA096B
:1073E000EA29E1E8E208E1E8E208E209EA6AEA8B70
:1073F000EA8BEA8BEAABEACCEAABEACCEACCEAEC81
:10740000EACCEACCEACCEAECEACCEACCEACCEAEC8C
:10741000EAECEAECEB0DEB0DEB0DEB0DEB0CEB0CF2
:10742000EB0DEB0DEB0DEAEDEAECEAECEAECF30D1B
:10743000EAECF2EDF2EDF2EDF30DEACCEAACF2ACEF
:10744000EA6BF28BEA4AEA4AEA49E1E8E1C8E1C8B4
:10745000E1C8E1A7E187E187E1A7E9C7E9E8E1C879
:10746000E9E8E9E8E1C8E9C8E1C8E9E8E9E8E9E804
:10747000EA08EA08EA29EA29EA08EA29EA09E9E938
:10748000E9E8EA09EA09E1C8E1C8E9C8E9C8E1C8E8
:10749000E1C8E1A8E166D926D926E146D926E14628
:1074A000E167E187E1A8D9E9F32ECAEDF5D8FF3D00
:1074B000EF1DC6DD7D5A651A5CFA5D1A863E6D9C2D
:1074C0006D7C657C54FA54FA653B653A6D7B6D5B67
:1074D0005D1A653A965E8DDB85BB7D9B85BB85BB62
:1074E00085BB7D9B85BB859A85BA85BA85BB859A08
:1074F0008DBA8DBA859985BA6D5A64F9653A653B3E
:107500005D1A5D3B653B5D1A5D3B5D3B5D1B5D1B35
:10751000655B655B54FA54FA4CB94CB94CB9449864
:10752000447844783C583C583C583C58343733F7FE
:10753000341733F73C383417341734173438345889
:107540003C583438343834383C783C373C584478EC
:1075500044583C174478445834173417343733F7B9
:10756000341733F633F633F633F62BF633F633F6B9
:1075700033F62BD62BD62BB52BB52374235423549B
:10758000235423330A71127112710A500A300A30DF
:107590000A500A300A501270DA29E229E229E22957
:1075A000E209E1E8E1E8E1E8E208E209D9C8E1E955
:1075B000E209E209E209E209E208E229EA49E2090C
:1075C000E209E1E8E209E1E8EA29E209EA6AEA8B8C
:1075D000EA8BE28BEACCEACCE2ABEACBEACCEACCAF
:1075E000E2ABEAACEACCEACCE2CCEB0DEB0DEAEC98
:1075F000EAECEAECEB0DEB0DEB0DEB0DEB0DEB0D0F
:10760000EB0DEB0DEB0DEAECEAECEACCEB0DEAEC62
:10761000F30DF30DEAECEAEDEAECF30DEACCEAAB9C
:10762000EAABEAACEA8BEA6AEA6AEA49EA29E209E1
:10763000EA09EA08E1C7E1C7E187E1A7E1C8E1E8B3
:10764000E1E8E1C8E9C8E9E8E9E8E9E8EA08EA08C0
:10765000EA08EA08EA28EA28EA08EA29EA09EA0937
:10766000EA08EA08EA09E1E8E1C8E9C8E9C8E1C8C6
:10767000E9C8E187D946D926D905D926D926D946D8
:10768000E166D967E1A8D9A8EA8CCA8BC3D0FF1DEF
:10769000EEFCD71E859A651A5CFA5CFA863E6D7B15
:1076A000657C6DBD5D1B54FA5CFA653A6D7B655B6C
:1076B00054D95CFA8E1D8DDB85BB85BB859B859B74
:1076C00085BB7D9B85BB85BB85BA85BA85BA85BAE6
:1076D00085BA859A8DBA8DDB7D7A6519651A653B09
:1076E0005D1A5D1A653B5D1A5D1A5D1A5D3B5D1A98
:1076F0005D3B5D1A5CFA54D954DA4CB94CB94498E4
:1077000044784C9944783C583C583C383C383417C1
:107710003C3734173C383C383C583C5834173458C4
:107720003C583C383C593C793C784479447844583E
:1077300044584458447944783C3734173C3733F73D
:1077400033D633F633D62BD62BD62BD62BF633F6B1
:107750002BD62BD62BD623952B95237523742374E8
:107760002354233412910A710A300A300A510A3024
:107770000A300A2F0A2F0A30E229E229E209E22917
:10778000E209E1E8E1E8E209E1E8E1E8E209E20929
:10779000E229E209E1E9E209E1E8E208E209E209B5
:1077A000E1E8D9C8E209E209D9E8EA6AE26BEAACA1
:1077B000EAACEAABEAACEACCEACCEACCEACCEAAC9A
:1077C000EAABE2ABE2CCE2EDF38FFBB0EB0DF32DD5
:1077D000EB0CEB0DEAECEAECEAECEAECEACCEACCF6
:1077E000EAECEAECEACDEAECEAECEACCEAECEAEC28
:1077F000EAECEAECEAEDEAEDEAECEAEDF30DF2EDA3
:10780000EACCEAABEA6BE24AEA6AEA2AEA2AEA093D
:10781000EA29EA29F24AEA29E1E8EA08E1C7E9E8BF
:10782000EA09E9E8E9E8E9E8E9E8EA08EA08EA084B
:10783000E9E8EA09EA08EA09EA29EA09EA09EA2993
:10784000EA09EA09EA09E9E8E1C8E9E8E9E8E9E872
:10785000E9C8E166D926D926D105D946D946E166D7
:10786000E167E187E188D9A8F2CDCA6BB2CDE577AF
:10787000EEBBDF5F8D9B6D1A5CDA5CFA861E759C31
:107880006D7C659C5D1B5D1B655B6D5B6D7B655BEE
:1078900054DA54D985FC85DB85BB85BB859B859BEC
:1078A000859B7D9A859B859A859A859A85BB85BAA5
:1078B00085DB85BA85BA859A85BB6D3A653A653BA5
:1078C0005CFA5D1B5D1B5D1A551A551A5D1A655BE6
:1078D000657C5D1A5D1A54FA54DA4CB94CB9447897
:1078E0004478447844583C583C373C373C5833F74C
:1078F00033F733F73C383C583C383C3834383C5844
:1079000044993C584479447944994478447844787B
:107910003C3834173C373C583C373C17341733F667
:1079200033D633D633D633D633D633D633F633F6CF
:107930002BF62BD62BB62BB62BB5237523752354DC
:10794000235423540A7112710A500A5112710A50B9
:107950000A300A300A500A50E209E229E229E229F3
:10796000E1E8E1E8EA29E208E208E209EA29E209B5
:10797000E209E209E1E8E1E8E1E8E209D9E8D9E869
:10798000D9C8E1E8E209E209E209E26AEAABE28B7E
:10799000E28BE28BE2ABEAACEACCEACCEACCEACC12
:1079A000EAACEACCEB0DFBB0EB4EEB2DEB0DEB0DA7
:1079B000EAECEAECE2ECE2ECE2ECEAECEACCEACC6F
:1079C000E2CCE2CCEACCEACCEACCE2ABEAACE2AB89
:1079D000EACCEAECEAECEAEDEB0DEB0DEB0DEAEDAF
:1079E000EAECEACCEA8BEA6AEA4AEA4AEA2AE209DB
:1079F000E209EA29EA49EA4AEA09EA09E1E8EA2960
:107A0000E1C8E9E8E9E8EA08EA08EA08E9E8E9E8B3
:107A1000EA08EA08EA09EA09EA09EA29EA09EA09B0
:107A2000EA09E1E8E1E8E9E8E9E8E1E8E9E8E1E8CC
:107A3000E9C8E187D946D926D926D925E167E18762
:107A4000D946E187E187D9A8E24BD26BEC73F5D92F
:107A5000F6FDDF3E9DFC6D195CDA5CFA7DDD75BCE0
:107A60006D7C6D9D653B653B653B6D3B6D5B653B33
:107A70004CB954B97DBC85DC85BB7D9B859A859BC3
:107A8000859B7D9A7D9A859A85BA859A85DB85BA8C
:107A900085BA859A859A859A7D9A755A653A653B25
:107AA0005CFA5D1B5D3B5D1A5D3B551A5D1A655BBB
:107AB000655B5D3A5D1A54FA54D94C9944784C99F7
:107AC0004478445844583C583C373C3734173417B2
:107AD000341733F73417341734173417343734372F
:107AE0003C583C583C383C5844793C783C78447885
:107AF00044583C383C583C583C373C37341733F6F4
:107B000033D62BB633D633D633D633F62BD633D63D
:107B10002BD62BB62BB62BB62B9623952B95235411
:107B20001B131AF30A500A510A300A510A300A503C
:107B30000A300A500A300A50E209E1E8E209E20993
:107B4000E1E8E208EA29E229E1E8E1E8E209E209FC
:107B5000E209E1E8E209E1E8E1E8E209D9C8D9E8A7
:107B6000E1E8E209E209E209EA6BEA8BEA8BEAACB6
:107B7000EAACE28BEACCEACCEAECE2ACE2ABEAECCF
:107B8000EB0DF34EEB0DEB0DE2ECE2ECE2CCE2CCD4
:107B9000E2CCEAECEAEDEAEDEB2DEAEDEB0DEB0DD4
:107BA000EB0DEAEDE2ACE2ACEACCE2ABEAACE28BA4
:107BB000EACCE2ACEAEDEAECEB0DF32DEB2DEB0DAC
:107BC000EAECEAECEACCEAABEA6AEA6AE22AEA29F7
:107BD000E1E8E209EA29EA4AEA29EA29E1C8E1C832
:107BE000E9E8E9E8E1C8E9E8E9E8E9E8EA08EA08F3
:107BF000EA08E9E8EA09E1E8EA08EA09EA29EA091B
:107C0000E209EA08E1E8E1E8E1E8E1C8E1E8E9C819
:107C1000E9E8E167D926D926D926E146D946E187A0
:107C2000E166D946D967E1A8E1E9CA4BDC12F63A28
:107C3000F71CE73EAE7D75195CD95CD97DDD7DDD35
:107C4000657C6DBD657C5D1B651A653B653B5D1A9A
:107C500054FA4C996D5B85DC85BB85BB85BB85BBC8
:107C6000859B7D9A7D9A859A859A859A85BA85BAEB
:107C7000859A85BA859A859A7D9A755A6D5A5D1A44
:107C80005D1A5D1A5D1B5D1A551A551A5D3B655BE1
:107C9000655B5D1A5CFA54FA54D94CB94C994C980E
:107CA0004458447844783C373C373C383C173C389F
:107CB000341733F733F7341734373437343734382D
:107CC0003417341734373C3834373C583C584478F0
:107CD0003C583C373C373C1734173417341733F6CD
:107CE00033F62BD533D633D633D633D62BD633D63D
:107CF0002BD62BD62BB623952BB52B952B95235412
:107D000023331AD20A500A500A300A300A300A3095
:107D10000A300A300A0F0A30E209E209E208D9E81B
:107D2000E209EA29E229E208E229E1E8E209E1E9D7
:107D3000E209E229E209E1E8E209E209E1E9E2090E
:107D4000E209D9E8E22AE24AEA8BE26BEAACEAAC61
:107D5000E2ACEACCEACCEAEDEACCE2CCEAECEB2D00
:107D6000EB0DEB0DEB0DEAECEAECEACCEAECEAEC1D
:107D7000EACCEB0DE2EDEB2DEB2DEB0DF34EF34EDC
:107D8000EB2EEB0DEAEDEB0DEAEDEB0DEB0DEACC96
:107D9000EACCE2CCE2CCE2ECEB0DEB2DEB0CEB0D04
:107DA000EB0CEB0DEACCF2CCEAABEA6AEA6AE22928
:107DB000EA29E209E209EA29EA29EA49E1C8E9E807
:107DC000E9E8E9E8E9E8E9E8E9E8E9E8E9E8EA080A
:107DD000EA08EA08EA08EA29E1E8EA08EA29EA09F9
:107DE000EA09E9E9EA08E1C8E1C8E1C8E1E8E9C867
:107DF000E9C8E167D926D926D926D926D946E18707
:107E0000E166E166D967D9A8D188D24BE452E597FB
:107E1000F71DE75EBEDE74D864F95CB97DDD7DDCFC
:107E20006D9C6D9C655C5D1B5D1A651A653B5CFA1B
:107E30004CB954DA54B985DD7D9B859B859B859A29
:107E40007D9A7D9A7D7A859A859A859A85BA85BA32
:107E5000859A85BA85BA859A7539755A653A5CD915
:107E60005CFA5D1A5D1A5D1A551A551A5D3B657B01
:107E7000655B5D1A5D1A5CFA54B94C984CB944784C
:107E80004478447844583C383C173C373C3833F706
:107E90003417341734173C3834383C5834383437B6
:107EA0003C583C583C583C583C583C383C58447929
:107EB00044783C583C583C373C373C37341733F611
:107EC00033F62BB52BD52BD533D633F633F633F625
:107ED0002BD62BB52B952BB52BB52B952B9523544A
:107EE00023131AF20A700A300A300A500A300A3094
:107EF0000A300A510A0F0A10E209E1E8E209E20930
:107F0000E229EA49EA29E209E208E1E8E209E2298C
:107F1000E1E8E209E1E9E1E9E209E22AE209E22A2B
:107F2000D9E9EA6AE24AEA8BEA8BEAACEAABEACC44
:107F3000E2ABEACCEACDEAEDEAEDEB0DEB0DEB0DB1
:107F4000EB0DEAECEAECEAECEAECEACCEAECEAEC7F
:107F5000EAECEB0DEB2EEB4EEB4EEB2DEB2EEB2E7E
:107F6000EB2EEB0DE30DEB2EEB0DEB0DEB2EEB0DF6
:107F7000EAEDEB0DEB0DEB0DE2CCEB0DEAEDEAECEF
:107F8000EB0DEAECEAEDEACCEAACEAABEA8BE24ACA
:107F9000EA4AEA4AEA29EA29EA09EA09E1E8EA09B1
:107FA000EA29EA29EA08E1E8E1C8EA09EA08F22947
:107FB000EA09EA08EA09EA29EA09E9E8EA09EA092C
:107FC000EA09EA09EA09E9E8E1C8E1C8E9E8E9C833
:107FD000E9C8E167E126D905D926D926D946E1675E
:107FE000E167D946D967D9A8D188DAACD390E5162C
:107FF000F6DCE73EC6DE6CD864D95CB9759C75BC0E
:108000006D9C6DBD655C5CFA651B5CFA651B5CDA9A
:108010004C7954BA4C7885FD85BB859B85BB859A88
:108020007D9A7D9A7D7A7D9A859A859A859A85BA78
:10803000859A85BA85BA859A753965195D1A54D9B4
:1080400054FA551A5D1A5D1A54FA5D1A5D3B5D3B90
:10805000653B5D1A5D1A54FA4CB94CB94C984C9872
:108060004478447844583C573C383C583C382BD7EB
:108070003417341733F733F73417341734373438A9
:108080003C583C583C583C5844793C583C383C3867
:1080900044583C583C373C173417341733F72BD629
:1080A00033D633D633D62BB52BD52BD533D62BD6CB
:1080B0002BD62BB62BB52B95239523952B95235497
:1080C00023131AD20A500A500A500A30020F0A30FB
:1080D0000A500A500A100A10EA29E1E8E209E20906
:1080E000E209E229E229D9C8E1E8E208E208D9E890
:1080F000E1E8E1E8D9E8D9E9D9C8E209E209E22AE8
:10810000E22AEA8BEA8BEA8BEAACE2ABEAABE2ABBF
:10811000EACCEACCEAEDE2CCEAEDEB0DEAEDEAECF2
:10812000EACCEAACEAECEACCEACCE2ABE2ABE2AB1A
:10813000EB0DF32DEB4EEB4EEB2EEB4EE32EEB4E19
:10814000EB2EEB2DEB4EEB4FEB4EEB2EEB2EEB0D28
:10815000EB0DEB0DEB2EEB2EEB2DEB0DEAEDEAEC40
:10816000EAEDEB0DF30DEAECEACCEAACF2ACEA6A2C
:10817000EA4AEA4AEA4AE209E209EA09EA09EA2994
:10818000EA29EA09EA08E1E8E1E8E9E8E9E8EA08D1
:10819000EA08EA08EA08EA29EA29EA09EA09EA090A
:1081A000EA09EA09EA09E9E8E9C8E1C8E1C8E9C871
:1081B000E9C8E167E146D905D926E146D946E16734
:1081C000E187D967D967D987D9A8E26CDB6FD45327
:1081D000F6BBE73EBEBE649764B95CB96D5B7DDDFE
:1081E0006D7C6D9C655B5D1B5CFA5D1A5CFA54DA14
:1081F0004C994CBA4458759C7D9B85BB85BB859A30
:108200007D9A859A7D9A859A859A859A85BA85BA46
:10821000859A85BA859A85BA6D3A4C375CFA54D9F5
:108220005CFA5CFA54FA54FA54FA54FA5D3B653B32
:10823000655B5D1A54FA54DA4CB94CB94CB94C9898
:108240004478449844983C583C583C3833F733F7CA
:10825000341733F733F734173437343834383417A6
:108260003438341734373C383C383C583C373C3889
:108270003C383C373C3733F6341733F62BD633D6FD
:1082800033D633D633D62BB52BD52BD633F62BB5E9
:108290002BB52BB623952BB5239523752B9523331F
:1082A0001B1312910A300A300A300A30020F0A30CA
:1082B0000A300A300A0F0A50E229D9E8E208E22916
:1082C000E229D9E8E209E229E1E8E1E8D9E8E209AE
:1082D000E209D9E8E209D9E9E209E229E209E22A58
:1082E000E24AE24AE26BEAACE28BEACCEAACEACCE4
:1082F000EACCEAECE2CCEAEDEB0DEB0DEAECE2AB1A
:10830000EAACE2ABE28BEACCE2ABEACCE2ABE28BEA
:10831000E28BE2ABE2ECEB0DEB2EEB2EEB4EF36FD0
:10832000EB2EEB4EEB2EEB4EEB2EF34EEB2EEB2E1D
:10833000F32EEB2EEB2EEB0DEB2DF34EEB0DEAECCB
:10834000E2CCEAEDEB0DEB0DEACCEAABEAABEA6B83
:10835000EA6AEA4AEA6AEA4AE209EA29EA09EA082A
:10836000E1E8EA09EA29EA29E1E8E1C8E1C7E9E840
:10837000E1E8EA29EA08EA29EA09EA29EA29EA0910
:10838000EA09E1E8EA08E9E8E9E8E1E8E1C8E9C87A
:10839000E9E8E187D926E126D946D946E167E166D1
:1083A000E187E167D967E188D9A9D9EAE32FE473C6
:1083B000F69AE73EA61C649764D95CD9757B861E45
:1083C000759C75BD655B5CFA5CFA5CFA5D1A54DA03
:1083D0004C9954BA443775BC7D9B859A859B859A88
:1083E000859A859A859A859A859A85BA859A859A75
:1083F000859A859A859A85BB65193C165D1A5CFA43
:108400005D1A5D1A5D1A5D1B5D1A54FA5D1A655B93
:108410005D3A5D1A5CFA54FA4CD94CD94CB94C9877
:1084200044584478447944583C383C1733F72BF788
:108430003438341734173417341734173437343882
:1084400034383C583C583C583C583C3744583C58CD
:1084500044583C373C173417341733F633D62BD6F1
:1084600033F62BD62BD62BD62BD52BD633F62BD6B5
:108470002BD62BB62BB52BD62BB5239523741B33BC
:108480001AF212B10A710A300A300A3002300A3088
:10849000020F020F020F0A0FE209E208E229E208C6
:1084A000E208E229D9E8E209E229E209E229E2291F
:1084B000E209E209E229DA09D9E9E209E22AE24A13
:1084C000E26BEAACEAACEACCEACCE2ABEAACEAECCE
:1084D000EAEDEAEDEAECEAECEAEDEAECEACCEACC29
:1084E000EACCEAACE2ABEAECE2CCEAECEAECE2ABF6
:1084F000E2ABEACCEAEDEB0DEAEDEB0EE30DEB2E91
:10850000EB0DEB2DEB2EEB4EF34EEB2EEB2EEB2D7E
:10851000EB2EEB2EF34FEB2EEB2EEB2DEB0DF32D85
:10852000E2CCEAECEB0DEAEDEAECEACCEAACEACC20
:10853000EA6BEA8BEA8BEA4AEA4AEA29E1E8EA08C6
:10854000EA09EA29EA29EA49EA09EA09E1C7E1E888
:10855000EA08EA08EA29EA29EA29EA09EA29EA0905
:10856000EA09EA09EA08E9E8E9E8E1C7E9E8E9E847
:10857000E1E8E1A7D926E146D926D946E167D946FF
:10858000E187E187E188D988D988D1C9CA8CD4121A
:10859000FEDCE73EB67D6CD85C985CDA6D5B861DD0
:1085A00075BC6D9C5D1A5CFA5CFA5D1A5CFA54B994
:1085B0004C994C994C98759C7DBB85BA859B859A46
:1085C000859B859A859A7D7A859A859A859A85BABA
:1085D000859A85BA85BA859A6519445754D95D1A22
:1085E0005D1A5D1A5CFA54FA54FA54FA5D1A5D3B4E
:1085F0005D3B54FA5CFA54F94CB94CB94C98449828
:10860000445844583C583C373C373C382BD62BD642
:1086100033F7341734383417343834383C38343777
:108620003C583C383C373C583C583C373C374498E5
:108630003C373C373417341633F633D62BD633D683
:1086400033D62BD62BD52BB52BD52BF633F633F6CD
:108650002BD62BB62BB52BB523952BB623741B131A
:108660001AF212B20A710A510A300A1002100A30C4
:108670000A300A30020F0A2FE229E209E229E20851
:10868000E208E1E8E209E209E1E9E1E9E229DA09DF
:10869000E209E209DA09E22AD9E9E22AE24AE26BCE
:1086A000E28BEA8BEAACEAACEAACE2ACE2ACEAED33
:1086B000EAECEAECEB0DEAEDEAEDE2ACEACCEACC6E
:1086C000EACCEACCE2CCEAEDE2CDEB0DE2EDE2CC95
:1086D000EACCE2CCEAECEB0DEB0DEB0DEB2DEB0D68
:1086E000EB0DEB2EEB2EEB2EEB2EEB2EEB2EEB0D04
:1086F000F32EEB0DEB0EEB0EEB2EEB2EEB0DF32D25
:10870000EB0DEAEDEAEDEAECEACCEACCEAECEACCF5
:10871000EAABEA6BEA8BEA6BEA4AEA4AEA09EA0858
:10872000E1E8EA09EA09EA29EA09EA09E1E8E9E807
:10873000E1C8E9E8EA08EA29EA29EA29EA09EA09AE
:10874000EA08EA09EA09E9E8E1E8E1C7E9E8E9E86D
:10875000E9E8E9C8D946D926D946E146D946D946F5
:10876000D967D987E188E188E188D1A9C24BFD7733
:10877000F6DCDF1DB67D751954985CFA653A861DE6
:108780007DFD6D5B651A653B5D1A5CFA5CFA54B958
:108790004C794C9954B9759C7D9B7D7A7D7A859AEC
:1087A000859A7D9B7D7A7D7A859A859A85BA85BAE8
:1087B00085BA859A859A7D5A6D3A5CD95CFA5D1ABC
:1087C0005D1A5CFA54FA54FA54FA54D954FA5D1A00
:1087D0005D1A5D1A54FA54B954B94C994C994479BC
:1087E0003C58447844783C583C3733F723952BD693
:1087F00033F72BF733F73417341734373C583C38FA
:108800003C373C3834173C383C383C583C5844786A
:1088100044783C373C1733F733D62BF62BD52BB5A2
:108820002BD62BD62BB52BB52BB533F6341733D629
:108830002BD62BB62BB52B952374237423541AF304
:108840001AD20A700A500A500A300A10020F0A0F90
:108850000A100A0F0A0F0A0FE229E229E208E229A8
:10886000E208E208E209E1E9E209E1E9E229E22AB3
:10887000D9E8DA09E229E229E22AEA8BE24AEAACFB
:10888000EA8BEAABEAABE28BE2ACEACCEAEDEAECEB
:10889000EB0DEAEDEB0DEAEDEAEDEAACEAEDEACC40
:1088A000E2CCE2CCE2CCEB0DEB0DEB2DEB0DEB0DC6
:1088B000EB0DEAEDEB0DEB2DF32EEB0EEB0DEB0DCF
:1088C000EB0DEB2DEB2EEB2EEB2EEB2EF32EEB0D1B
:1088D000EB2EEB2EEB0EEB0DEB2DEB0DF32EEB2E2B
:1088E000F32DEB0DEB0DEB0DE2CCEAECEAEDEAEC4F
:1088F000EACCEAABEA8BEA6BEA6BEA6BEA29EA2993
:10890000EA09EA09E1E8E1E8EA29EA29EA09E1E80D
:10891000E1C7E1E8E1E8EA29EA29EA08EA09EA091F
:10892000EA08EA09E9E8E9E8E9E8E1C7E1E8E9E8AD
:10893000E9E8E9E9D946E146E166D946D946D9668A
:10894000D947E188D988D988D988C9A9B28CFE7B52
:10895000F6FCDF1DB69D751954575CDA6D3A861D1D
:1089600085FD653A651A5D1A653A5CD954DA54DAC0
:108970004C994C995498759C7DBB7D9A859B859BA1
:10898000859B7D9B7D9B7D9A85BA85BB85BA85BA83
:1089900085BA859A85BB755A755A64FA54B95D1AB9
:1089A0005D1A54FA54FA54FA54FA54FA54FA5D1A05
:1089B0005D1A5D1A54FA54D94CB94C9844784478ED
:1089C0004499447944783C583C3733F72BB62BD63E
:1089D0003417341733F7341734373C3834373417F7
:1089E000341734173C173C373C3834373C373C5746
:1089F000445844373BF733F62BD62BD62BB52BD622
:108A00002BD62BD62BB52BB52BB52BD534162BD57A
:108A100033F62BD62BB52B9523742B74233412D21B
:108A200012D212710A500A500A300A0F0A0F0A0FA6
:108A30000A0F0A0F0A0F0A0FE229E209E209D9E830
:108A4000D9E8E208D9E8D9E9E209E209DA09E22A33
:108A5000D9E9E229E229E24AEA8BE28BE28BEAAC2D
:108A6000E28BE2ABEACCEACDEACCEACDEAECE2CCAE
:108A7000EB0DEB0DE2CCEB0DEAECE2CCEAEDE2EC37
:108A8000E2EDEB2EE30DE30DEB2EEB2EEB0DEB2EDB
:108A9000EB2EEB0DEB2EEB0DEB2EEB2EEB2EF34E28
:108AA000EB0DEB2DEB2DEB2EF32EEB2EF32EEB0D32
:108AB000EB2DEB2EEB2EEB2EEB2EEB2DEB2DEB2DF2
:108AC000EB2EEB0DEB0DEAEDEB0DEAECE2EDEAED52
:108AD000EAECF2ECF2CCEA8BF28BEA4AEA29EA4AB7
:108AE000EA29EA09EA09EA09EA09EA29EA09E1E8D8
:108AF000D9A7E1E8E1E8EA09EA08EA29EA29EA2946
:108B0000EA08EA08E9E8E9E8E1E8E1C8EA08EA0988
:108B1000EA09E9E8D925E146E146E146E166D946B8
:108B2000D947D987D988E1EAD9C9BA0ADC93FEBB0B
:108B3000EEFCDF1DB67D6CD854375CB96D3A861DEE
:108B4000759C64F9651A5CFA5D1A5CFA54B954DADA
:108B50004C994C9954B9759B7D9B859A859A859AB9
:108B6000859A7D9A7D9B7D9B859A85BB85BA85DBA1
:108B70008DBB85BB85BB755A6D5A5CFA54FA5D1A7C
:108B80005D1A551A551A54FA54FA54D94C995CFA8C
:108B90005CFA54FA54DA54DA4CB94C784458449894
:108BA0004C99449944783C383C3733F72BB633F72B
:108BB0003C5833F7341734173C383C383C583C5851
:108BC0003C583C583C583C583C373C583C3744583F
:108BD00044583C3733F633F62BD62BB52BB633F649
:108BE00033D62BD52BD62BB52BB52BD633F633F668
:108BF0002BB52BB52BB52B952B742B74233412D29C
:108C0000129112710A300A3012500A300A2F0A0FDC
:108C10000A0F0A0F0A0F1250E208E209D9E8D9E850
:108C2000E1E8E209E209E209E209E209E229E22ACD
:108C3000DA09E229E229E26AE26AE2ABE2ABE28B1C
:108C4000EACCE2ACEACCEACCE2CCEAEDEAEDE2CC6A
:108C5000EB0DEAECE2CCE2CCE2CCE2CCE2EDE30DCF
:108C6000E30DE32DEB4EEB2EEB2DEB2EEB2EEB2E4F
:108C7000EB2EEB0DEB0DEB0DEB2EF32EEB0DF36F5F
:108C8000EAEDEB2DEB2DEB2DEB2EEB2DEB0DEB0DA4
:108C9000EB2EEB2DF32EEB2DEB0DEB2DEB2DEB2E29
:108CA000EB2EEB2EF32DEB0DEB0DEAEDE2CDE2CC4E
:108CB000EAEDEAECF2CCEA8BEA6AE229E229EA2957
:108CC000EA29EA29EA29EA29EA29EA29EA29EA290C
:108CD000E1E8E1C8E1E8E1E8EA08EA29EA29EA2965
:108CE000EA08EA08EA08EA08E1E8E9E8EA09EA093C
:108CF000EA09E1A7D926D926D946D946D946D9467F
:108D0000D946D988D9A8E24BD22BDB90F5F8EEFCF6
:108D1000EF1CDF1DBE9D7D19543754996D3A8E5E50
:108D20006D5B651A651A5D1A5D1A5CFA4CB954DA06
:108D30004C994C7954B87DBC85BB859A859A859AA7
:108D4000859A85BB7D9B7D9A7DBA859A85BB85BAC0
:108D5000859A7D9A6D396D3A653A5D1A5CFA5D1AAD
:108D6000551A551A551A54FA54FA54D954FA54DA71
:108D70005CFA54FA54D94CB944784478447844782D
:108D8000447844783C583C17341734172BD62BD6EC
:108D9000341733F73417341734173C583C583C37E2
:108DA0003C373C373C5744583C583C583C573C5760
:108DB0003C573C372BD633F62BB52BB52BB52BD6E2
:108DC00033D62BB52BD52BB52BB52BD633D633D6E7
:108DD0002BD62BD52BD62BB52B742B951B1312B260
:108DE000127112910A300A100A30020F020F0A3073
:108DF000020F0A0F09EF0A0FE208E208E1C8E1E8F2
:108E0000E1E8D9E8E209E22AD9E9D9E9E22AE24A25
:108E1000DA09EA6BEA8BE26BEAACE28BEACCE2AB12
:108E2000EAEDEACCEACCEAEDEAEDEB0EE2ACEACC14
:108E3000EACCEACCEACCE2CCE2ECE2CCE30DEB4EBD
:108E4000E2EDEB2EEB4EEB4EEB4EEB4EEB4EF34EDC
:108E5000EB0DEB0DEB0DEB2EEB2EEB2EEB0EEB0DEE
:108E6000EB0DEB0DEB0DEB2EEB2EEB0DEB0DEB0D00
:108E7000F32DF32DEB2DEB2DF32DEB0DEB0DEB0D7A
:108E8000EB2EEB0EEB2DEB2DEAEDEAECEB0DE2EC2D
:108E9000EAEDEACCEACCEA8BEA6AE22AEA4AEA4A52
:108EA000EA29EA29EA29EA29EA29EA29EA29EA094A
:108EB000EA09E9E8E1C8E9E8E1E8EA29EA09EA2992
:108EC000EA29EA29EA09EA09EA09E1A7EA09E9E956
:108ED000E9E9D967D946E146E146E146D946D946AE
:108EE000D947D988D9A9DA4BBA2BF516FE9BEF1CC6
:108EF000E6FCDEFDBEBD74F85C99549964FA85FE0B
:108F00006D5B651A64FA5CFA651A54D954B94C99C8
:108F10004C794C9954B97DBC85BB859A859A859BC3
:108F20007D9B7D9B7D9B7D9B85BB859A85BA85BB03
:108F30007D9A755A6D3A651A651A5D1A5CFA5D3B41
:108F400054FA54FA54FA54DA54D954B94C9954DABC
:108F500054D954D94C994C7844584458447844983E
:108F6000447844583C373417341733D62BB62BD6B5
:108F700033F733D62BD6341734383C3834173C17F4
:108F80003C373C383C173C37341734173C3744588F
:108F90003C573C172BB52BB52B9523952BB533D6CA
:108FA00033D62BB52BB52BB52B952BD633D62BD54E
:108FB0002BB523952BB52B95237423331AF312B2BB
:108FC0000A510A300A300A30020F01EF020F0A0F6D
:108FD000020F0A0F01EF09EFE1E8E1E8E1E8E2083A
:108FE000E209E209DA09E22AE22AE229E24ADA0996
:108FF000E22AE26AEAABE28BEACCE2CCE2ABE2CC78
:10900000EAEDEAECEAEDEAEDEAEDE2CCE2ACEACD3B
:10901000EAEDEAEDE2CCEB0DE2EDE30DEB2EEB4EEB
:10902000EB2EEB4EEB6EEB6EEB6FF38FEB2EEB2E2E
:10903000EB2DEB2DEB0DEB2EEB2EEB2EEB0DEB2EAC
:10904000EB0DEB2EEB2EEB2EEB2EEB0DF32DF32D8C
:10905000F32EEB2EEB2DF32EEB0DEB0DEB0EF32E93
:10906000EB2EEB2DF34EEB2DEB0DEB0DEB0DEB0D96
:10907000EB0DEAECEAACEAABEA4AEA4AEA4AEA4A27
:10908000EA4AEA49EA29EA49EA29EA29EA49EA09E7
:10909000E1E8E1E8E1E8E1E8E9E8E1E8EA29EA29EC
:1090A000EA29EA08EA29E208EA09E1C8E1E8E9E987
:1090B000E9E8D966E146E126E167D946D946D967AC
:1090C000D947D988D188DA6BB24BFDF9F6DCE71CB9
:1090D000E6FCDF1DBEBD7D1964B94C585CF9757B9B
:1090E0006D3A653A651A5CFA651A54D954B94C99C7
:1090F0004C794C9964F97DBB7D9B85BB7D9B7D9BA9
:109100007D9A7D9B7D9B7D9A85BA85BA85BA7D9A2D
:10911000757A755A651A651A653A5D1A5D1A5D1A8F
:109120005CFA5D1A551A54FA54FA4CD9447854B979
:109130005CFA54B9445744584457445844784478E6
:10914000445844583C38341733F733D72BB633F7E9
:10915000341733F733F734173C383C793C583C58D4
:109160003C373C373C373C5834173C383C37445844
:109170003C5733F62BB62BB523952BB52BB533D5F2
:1091800033D62BB52BB52BB52BB52BD633F633D623
:109190002BB52BD633D62BB5237423341AF312D226
:1091A00012710A510A300A300A2F020F0A0F0A30D0
:1091B000020F0A3001EF0A0FE1E8E1E8E208E209F4
:1091C000E1E8D9E9DA09D9E9E24AE22AE22AE22A1F
:1091D000E24AEA8BE26BE2ABE2CCE2CCEAEDEAEC0B
:1091E000EAEDEAEDEB0DEACDEAEDE2CCE2CCE2CC41
:1091F000EAEDE2EDE2EDE30DE30DEB2EE30DEB2EF8
:10920000EB2EEB6EEB6EEB6FF36FEB4EEB2DEB0D8E
:10921000EB0DEB0DEB2EEB2EEB4EEB4EEB2DEB0DAA
:10922000EB2EEB2EEB2EEB2EEB2EEB2EEB0DEB0DB8
:10923000EB2DEB2DEB2EEB0DEB0DEB2EF32EF32E9A
:10924000EB2DEB0DEB2DEB2EF34EEB0DEB0DEB2D94
:10925000EB2DF32EEACCEAABEA6AE24AEA4AEA49A3
:10926000EA6AEA4AEA4AEA4AEA29EA29EA29E208EB
:10927000EA09E1E8E1C8E1C8E1E8EA09EA29EA29FE
:10928000EA29EA09EA09EA09E1E8E1E8E1E8E9E8C6
:10929000E9C8D946E146E126E146E126D946D92684
:1092A000D947D968D168DACDBB0EFE7BF6FCE6FC67
:1092B000DEFCDEFDCF1F7CF85C984C585CD96D5B02
:1092C0006D3A651A651A5CFA5D1A54DA54B94CB9EC
:1092D0004C994C995CB87D9B85BB859B859B7D7A21
:1092E0007D9B7D9B7D9B7D9B7D9A85BA85BB7D9A71
:1092F000755A755A6D5A653A653A5D1A54FA551A97
:109300005D1A5D1A5D1A54F954FA4CD944784C9997
:1093100054FA4C993C37445744574457447844785E
:1093200044573C373C3733F733D72BD62BB633F77C
:10933000341733F733F733F734173C583C583C585D
:10934000445844583C373C373C583C783C583C5790
:109350003C5733F62BB52BB52BB52B952BB52BD610
:109360002BB62BB52BB52BB52BB52BB52BD62BD6BA
:109370002BB523952BD52B9523741B3412D212D2E7
:109380000A710A500A30020F0A0F0A0F0A0F0A1058
:10939000020F020F01EF0A0FE1E8E1E8E208E2083C
:1093A000D9E8E209D9E9DA09E26ADA09E24AE24AE5
:1093B000E26BEAACEAACEACCEAECEAEDEAEDEAED23
:1093C000EAEDEB0DEAEDE2CDE2CCE2ACEAEDEB0D3D
:1093D000E2EDEB0DDAEDE32EEB4EEB2EEB4EEB6E0A
:1093E000EB4EEB6EEB6FEB6FEB4EEB2EEB2EEB2EB3
:1093F000EB0EF32EEB2EEB4EEB4EEB4EE34EE32E4D
:10940000E32EE34EEBB0E36FE36FEB6FEB2EEB2E4F
:10941000EB2EEB4EEB2EEB0DEB0DEB2EF32EF32E96
:10942000EB2DEB2DEB0DEB0EEAEDF34EEB2EEB2DD2
:10943000EB0DEB2EEB0DEAABEAABEA6AEA6AEA4A1D
:10944000EA4AEA4AEA4AEA6BEA4AEA29EA29E208E7
:10945000EA09EA08E1C8E1A7E1E8E208EA29F249F5
:10946000EA49EA29EA29EA29E208E1E8E9E8E9E83B
:10947000E9C8D946D946D926E126D946D946D94799
:10948000D967D168D1A9D28CD452FEBCEEDCDEFC07
:10949000DEFCDF1DCF1E7CF85C785478757B757B15
:1094A0006D5A653A651A5CFA5D1A54DA4CB94C99F2
:1094B0004CBA4C99653A7D9B85BB859B7D9B7D9B7A
:1094C0007DBB7D9B7D9B7D9A859A85BA7D9A7D9B90
:1094D0007D7A757A6D3A653A653A54F954FA5D1BAE
:1094E0005D1A5D1A5D1A54FA4CB9447844784CB947
:1094F00054FA44583C373C37445744574457447710
:109500003C573C373C37341733F72BB623952BD6D3
:10951000341733F733D733F733F733F734173C586F
:109520003C373C373C3734373C3734373C573C3793
:109530003C5833F62BB52BB5239523952BB52BD55E
:1095400023952BB523952B952BB52BB534163417B6
:109550002BB523752B952BB523741B3312D212B266
:109560000A710A500A300A0F01EF01EF01EF01EF13
:109570000A0F0A0F0A0F0A0FD9E8E229E229E208C6
:10958000D9E8E209D9C8E209E24AE24AE24AE28BB2
:10959000E28BEAACEACCEACCE2CCEAECEAEDEAED2A
:1095A000EAEDEAEDEB0DE2CCE2CCEAEDEAEDEB2EF2
:1095B000E2EDE30DE32EEB6EEB4EEB4EEB4EEB4E9E
:1095C000EB4EF38FEB4EEB4EEB4EEB2EEB2EEB0D0B
:1095D000EB0EEB0DEB4EEB4EE34EE36FE3F0EC11D5
:1095E000F493FCD4FD36FD15E3F0E3D0EB4EF34EDF
:1095F000EB4EEB4EEB2EEB0DEB2EF32EF32EEB0E94
:10960000F32EEB0DEB0EEAEDEB0DEB0DF32EF32D40
:10961000EB0DEB0DEB0DEAEDEAACEA8BEA4AEA2A38
:10962000EA6AEA4AEA4AEA6BEA6AEA4AEA29EA297B
:10963000EA09EA09E1C8E1C8E1C7E1E8E208F26A3B
:10964000F26AEA49EA29EA09E208EA09E9E8E9E806
:10965000E9C8E167D946D946D946D926D947D94676
:10966000D947D967D1A9D2ADDCD5F6BCEEFCE6FC72
:10967000E6FCDEFDD71F957A5C9864FA757B6D3A3F
:109680006D5B6D3A651A5CFA5D1A54DA4CB94C9907
:109690004CBA4C7954787D9B7D9B7D9B7D9B7D9BBB
:1096A0007D9B7D9B7D9A7D9B859B85BA7D9B7D9BCC
:1096B0007DBB757A6D3A653A653A5CFA5CFA5D1A7B
:1096C0005D1A5D1A54FA4CB944793C384CB94CB91E
:1096D00054DA44373C374458443744584458445883
:1096E0003C373C373C3733F72BB6239523B62BD684
:1096F00033F733F733F733F733F733F72BD63C58D9
:109700003C573C37341734173C373C583C57445887
:1097100033F62B952BB52BB523952BB52BB52BB548
:109720002BB523B52395239523952BB5341733F605
:109730002B9523952BB52BB5237423341AF312D212
:109740000A710A300A100A100A0F09EF09EF0A0F0E
:1097500009EF09EF01EF09EFE229E229E229D9E84F
:10976000E209E209D9E9E209E209E24AE26BE26BC5
:10977000E28BEACCEACDEACCEAEDE2ACEB0DE2ED2D
:10978000E2CDEB0EEAECEAECE2ACE2ECEB0DE30D41
:10979000E30DE32EEB6EE34EE32EF38FEB4EEB6E19
:1097A000EB4EF38FEB6FEB4EEB4EEB2EF34EEB2EBF
:1097B000EB2EEB4EEB6FEBB0EC11F493FD15F4F5E3
:1097C000F4F5F515F556F535FD36F493E36EEB6ECD
:1097D000EB4EEB2EEB2EEB0DEB0DEB2EF32EEB2EDB
:1097E000EB0DEB0EEAEDEAEDEAEDEB0EEB0DEB0D1A
:1097F000F34EEB0DEAEDF32EEACCEAACE24AEA2AAC
:10980000EA4AEA4AEA6BEA8BEA6AEA4AE229EA2A7F
:10981000E1E8E9E8E1C7E1E8D9A7E1E8E208F269AF
:10982000EA69EA29EA29EA29E208EA09EA09E1E813
:10983000E9E8E1A7D946D926D946D946D946D94734
:10984000D947D967D9C9CA4BF598F6DCE6FCE6FCDE
:10985000E6FCDEFDD71E8D385C56755B757B6D1A98
:109860006D3A653A651A5CFA5D1A54DA4CB94CBA2D
:109870004C9954995CD97D9B7D9B7D9B7D9B7D9B69
:109880007D9B7D9B7D9B7D9A859A859A859A7D7A25
:10989000755A6D3A6D3A653A653B5CFA5CFA5D1B48
:1098A0005D1A5D1A54DA4CB93C3844794CB954FA13
:1098B0004CB93C173C5744584437445844784457B3
:1098C0003C373C173C372BD62BB523B62BD62BF683
:1098D00033F733F733F733F733F733F62BF633F643
:1098E0003C3744783C5844783C583C583C58447881
:1098F00033D623952BD62BB523952BB52BB52B958E
:109900002B9523B5239523952BB52BD633F62BD644
:109910002375237423952BB523741B331AF312D2AA
:1099200012710A300A3009EF0A0F01EF01EF01EF5F
:1099300001EF01EF01CE0A0FE249E249E229DA091B
:10994000DA09E22AE229E24AE24AE24AE28BE28CBE
:10995000EAACEAEDEAECEAECE2CCEAEDEB0DE2EDA2
:10996000EB2EEB0DEAEDE2CCE2CCEB0DE30DE30DDB
:10997000E32DEB4EEB4EEB4EEB4EEB4EF38FEB4EFF
:10998000EB6EEB6EF36FEB4EEB2EEB0DEB0DEB4E48
:10999000EB4EE36FDB90F493FD15F4F5F515F5153B
:1099A000F515F515F515F515F536FD15F431E34EFC
:1099B000EB6EEB0DF32DEB0DEB2EEB2EEB0DEB0D1C
:1099C000EB0DEB0EEAEDEB0EEB0DEB0DEB0DEAEC18
:1099D000EB0DEB0DEAEDEB2EEAEDF2CCEA8BE22992
:1099E000EA49EA49EA6AEA6AEA6AEA4AEA4AEA4A79
:1099F000EA09E9E8E9E8EA08E1E8EA49EA29F28A55
:109A0000EA69EA49EA69EA08EA29EA09EA09EA08A0
:109A1000EA09E9E8D946E166E167D926D926D946B7
:109A2000D947D968E20BCA4BF597F6DCE6FCE6FCB1
:109A3000E6FCDEFDD71E8D585C76755B755A6D5A57
:109A40006D3A6D5A653B5CFA5CFA54DA4CB94CB924
:109A50004C9954B9653A7DBC7D9B7D9B7D9B7D9BDC
:109A60007D9B7D9B7D9A7D9A859A859A85BB7D7A23
:109A7000753A6D3A6D3A653A5D1A5CFA5D1A5CFAB0
:109A80005D1A5CFA54DA44983C5844794C994CB9C4
:109A90004C993C17445844574437445744784457EA
:109AA0003C373C37341734172BD62BB62BB62BD676
:109AB00033F633F733F733F733F62BD62BD62BD6D3
:109AC0002BF63C583C37341734173C373C573C573F
:109AD00033F62BB52BB52395239523952BB52395DD
:109AE0002B952B9523B523B523B52BB52BD62BB5AD
:109AF0001B33237423952B9523541B3312F312D25B
:109B00000A710A300A3001EF0A0F0A0F01EF01EF64
:109B100001EF01CF01CE0A0FE229E249DA29D9E8A3
:109B2000DA09DA29E24AE28AE26AE24AE28BE2AC44
:109B3000EAEDEAEDEAEDE2CCEAEDE2EDEB0DEB0E5B
:109B4000EB0DEB0DE2CDEB0DE2EDE30DE30DEB4E96
:109B5000E32EEB4EEB6EEB6FEB6EEB6EEB8FEB6E83
:109B6000EB8EEB4EEB6EEB4EEB2DEB2EEB2EEB6F0D
:109B7000E34EE3B0FCF4F516F515ED15ED15F536ED
:109B8000F516F515F515F515F535F4F5FD14EC108C
:109B9000E34EEB4EEAEDEB0DEB2EF34EEB2EEB0E20
:109BA000EB2EEAEDEB0DEAEDEB0DEB2DEB0DEB0DF6
:109BB000EAECEB0DEB2EF34EEAEDEAEDEAABEA6AE6
:109BC000EA4AEA4AEA6AEA6BEA4AEA4AEA2AEA4AD4
:109BD000E1E8E9C8E9E8E9E8E1C8E1E8EA09EA49D1
:109BE000EA69EA69EA49EA29EA09EA09EA09E208C6
:109BF000E208E9E8E187D946D946D946D926D946C7
:109C0000D947D968E1EACA2BDC73FEBCEEFCE71C3D
:109C1000E6FCDF1DD71E9DB96C976D3A6D3A757BDA
:109C20006D5A6D5B653A5D1A5CFA54DA54B94CB9F9
:109C30004C9954B95CD97D9B7D9B7D9B7D9B7D9B85
:109C40007D9B7D9A7D9A7D9A859A859A85BB85BBF9
:109C50007D9B759B6D5A653A651A5CFA5D1A54FADC
:109C60005D1A54DA4CD944784479447844584CB954
:109C70003C373C583C574457443744574458443782
:109C80003C373C373C1733F62BD62B962BD62BD6AE
:109C900033F6341733F733F72BD633F62BD62BD6D0
:109CA0002BD633F634173C373C3734173C373C3728
:109CB00033F62BD62BB62395239523B52BB52395B9
:109CC00023942B952395239423952BB52BB523759E
:109CD0001B5423752395239423541B131B1312D257
:109CE0000A710A300A2F01EF01EF01EF0A0F0A0F84
:109CF0000A0F01CE01CE01CEE249E26AE24ADA0958
:109D0000DA09DA29E24AE26AE24AE2ABE28BEACC19
:109D1000EB0DEAEDEAEDE2CCEAEDEAEDEB0DEAED72
:109D2000EB0DE2CDE2CDEB0DE30DE30DEB2EEB4EB3
:109D3000EB6EEB4EEB6EEB6FEB8FEB6FEB6FEB6F56
:109D4000EB6EF3AFEB2EEB2EEB2EEB4EE34EE38FF1
:109D5000E3F1FCF4FD15F536F515ECF5ED15ED1513
:109D6000F515F515F515F516F515F515F515FD159A
:109D7000E3D0E34EEB0DEAEDEB0EEB2EF34EEB2EC4
:109D8000EB0DEB0DEB0DEB0DEB0DF32EEB0DEB0DEA
:109D9000EB0DEB0DEB0DEB0EF34EEAEDEACCEA6AC0
:109DA000E249EA4AEA4AEA4AEA4AEA4AEA2AEA295D
:109DB000E1C7E9C8E1A7E9E8E1C8E1E8D9A7EA29EC
:109DC000EA69EA49EA49E228EA29E209EA09EA09EC
:109DD000E1E8E9E8E1C8D946D946D926D946D947C4
:109DE000D947D988EA4BC1C9BB0EFE9BEEDCE6FC25
:109DF000E6FCDEFCD6FDB63B7D196D1A6D3A6D5A58
:109E00006D3A6D3B653B5CFA5CFA54DA4CD94CB95F
:109E100054BA4C995498755B7D9B7D9B7D9B7D9B33
:109E20007D9B7D9B7D9B7D9A859A859A85BB85BB15
:109E3000755A6D3A6D5A653A5D1A5D1A5D1A54FA93
:109E400054FA54D94CB944984478447844784C999D
:109E500034173C37445744373C37445744373C3732
:109E60003C17341633F634172BD62B952BD62BD61E
:109E700033F633D633D633D62BD62BD62BD62BD69A
:109E80002BD633F733F734173C583C5844584458D2
:109E900034172BD62BD62375239423952B952B95EE
:109EA00023752374239523952BD52BD52BB523749C
:109EB0001B5423952394237423541B131AF31AF36E
:109EC0000A710A300A0F09EF01EF01EF09EF01EF04
:109ED00009EF01CF01CE01CEDA29DA29DA09DA0950
:109EE000DA29E26BEA8BE26AE24AE28BE2CCEAED43
:109EF000E2EDEB0EE2EDE2CDEAEDEB0DEB0DEAED7E
:109F0000EACCE2CCE2CCEB2DEB2EEB4EEB4EEB4E63
:109F1000EB6EEB6FEB6FEB6EEB6FEB8FE32EEB6F9C
:109F2000EB8FF3AFEB2EEB2EEB4FEB8FE3B0FCB4EC
:109F3000FD15F515F515F536F515F515ED15F5368F
:109F4000F515F516F536F4F5F515ED15F535F515A8
:109F5000FCD4E3B0EB4FEB0DEB0EEB2EF34EEB2E00
:109F6000EB0DEAEDEAEDEB0DEB0DF32DEB0DEB2D2B
:109F7000EB0DEAEDEAEDEAEDEB0DF32DEAECEAACE0
:109F8000EA6AE229EA4AEA4AEA4AEA4AEA2AEA099B
:109F9000E1A7E166E1A8E9E8E9E8EA29D9A7EA2921
:109FA000EA49EA49F26AEA29EA29EA09E209EA09F8
:109FB000E208E1E8E9E8D966D946D926D946D94781
:109FC000D947D988E20AD24BBAADFE1AF6DCE6FCD4
:109FD000E71CE71DDF1DC69C74D86D1A6D3A6D5ADB
:109FE0006D5A6D5A653A5CFA5CFA54D94CD954DA18
:109FF00054FA4C996D3A759B7D9B7D9B7D9B7D9B17
:10A000007D9B7D9B7D9B85BB8DBB8DBB85BA859ADA
:10A010007D7A6D5A6D5A653A5D1A5CFA54FA54FAB3
:10A0200054DA54DA4CB94CB944794CB94478447890
:10A0300033F74458445844584457445844584437D4
:10A040003C373C16341633F62BD62B952BB633D62D
:10A0500033F633F633F633F633F62BD62BD62BD630
:10A0600033F7341733F73C3734373C583C373C57D9
:10A0700033F62BB52BB52B9523942B952B952B9540
:10A080002375237523952BB52BD533D52BB5237489
:10A090001B3323942B95237423541B1312F31AF3AD
:10A0A0000A710A300A0F09EF09EF09EF01EF01CF3A
:10A0B00001EF01EF01CE01CEE24ADA29D9E8DA094F
:10A0C000E24AE24AE26AE24AE26BEACCE2CCE2EC41
:10A0D000EAEDEAEDEAEDEAEDE2EDEB0DEB0DEAEC8F
:10A0E000E2CCEAEDE2CCE2EDEB4EEB4EEB4EEB4E8A
:10A0F000EB4EEB6EEB6EF38FEB6EEB4EEB4EEB6FCE
:10A10000EB8FEB8FE34EEB6FEBB0E3F1FCD5F51586
:10A11000F516F536ED15ED15F515F516F515F536BB
:10A12000F536F515F536F515F516ED15F515F515A4
:10A13000F515F4B4E38FEB4EE2EDEB0DF32EEAED03
:10A14000F32DEAEDEB0DEB0DEB0DEB0DEB0DEB2E27
:10A15000EB0DEB2DEB0DEB0DEB0DEACCEAEDF32D5A
:10A16000EA8BE24AEA4AEA6AEA2AEA4AF24AE1C899
:10A17000E1A7E1A7E1C8E9E9EA29EA29E209EA2930
:10A18000EA08E208EA49EA49EA09E209EA09E209D1
:10A19000EA29E1E8EA09E187D946E146D926D92644
:10A1A000D947D968E1C9D1EAD2EEF536F6BCE71C49
:10A1B000E6FCE71DDEFDCEDD8D7A753A753A755BFE
:10A1C0006D5A6D3A651A5CFA54FA54FA4CD954DA5D
:10A1D00054B954DA651A757B7D9B7D9B7D9B7D9B75
:10A1E0007D9B7D9A7D9A7D9A859A859A85BA859A76
:10A1F00085BB757A6D5A653A5CF954D954DA54FACC
:10A2000054D94CB94C9944794478447844794458A9
:10A210003C174458447844574458445744374437CB
:10A220003C173C173BF633F62BB52B952BB62BB6CC
:10A2300033F73417341733F633F62BD633D633D7F8
:10A240002BD633F633F7341734173C3734173C1713
:10A2500033F62BB52BB52375237423752394237400
:10A2600023742374237423942B942B942B951B1306
:10A270001B5423542374237423331B1312D212F25E
:10A280000A71023001EF01EF01CE01CE01CE01CE05
:10A2900001CE01CE01CE09EFDA29DA29D9E8DA09AF
:10A2A000DA29E24AE26AE26AE28BE2CCE2ECEB0D06
:10A2B000E2EDEAEDEAEDEAECEB0DEB0DEAEDE2CCD6
:10A2C000E2CCE2ECE2CCE2EDEB4EEB4EEB4EEB6F90
:10A2D000E34EEB6EEB6FEB6EEB6EEB4EEB6EEB8FDC
:10A2E000EB8FE36EF3D0EBD0E411FCF5F515F5162A
:10A2F000F536F536F536F515ECF5F536F516F53691
:10A30000F536F515F536F515F515F536F535ED1582
:10A31000F515F515F493E38FEB6FE30DEB0DEB0DF6
:10A32000EB0DEB0DEB0DEB0DEB0DEB0DEAEDEB0D8E
:10A33000EB0EEB2DEB0DEB0DEB0DEAECE2EDEB0D87
:10A34000F30DEA8BE24AEA4AEA4AEA2AF24AE1874C
:10A35000E187E187E1A7EA29EA4AF26AE208E2082E
:10A36000E1E8EA29EA49E208EA29EA09E209E20918
:10A37000E208E1E8E9E8E1A7D926D926D926D946B5
:10A38000D926E188E1C9D1A9CA2BDC12F6BBE6FCCB
:10A39000E6FCE71DDEFDCEFE7CF8755B6D3A757B55
:10A3A000755B653A651A5CFA54D954DA4CB954DADB
:10A3B00054DA54D95CD9757B7D9B7D9B7D9B7D9BBD
:10A3C0007DBB7D9B7D9A85BB85BA859A8D9A859A42
:10A3D000859A7D9A6D5A653A5CF954D954D954D905
:10A3E0004CD94CB94C994458447844783C3833F7AC
:10A3F0003C374478445844574457445844573C17D2
:10A400003C173BF63BF633F62B9523952B952BD635
:10A4100033D633F62BD633F633F72BD62BB62BD6D3
:10A4200033F72BD62BD633F734173C3733F63417A4
:10A4300033F62B952B95235423742374237523749F
:10A440002374237423742B952B942B942B951B33FB
:10A45000237423742394237423531B3312F212D2D4
:10A460000A500A300A0F01EF01CE01CE01EF01EFD1
:10A470000A0F09EE01CE09CEE24AD1E8E26AE24AC9
:10A48000E24AE26BEA8BE26AE2ACE2CCEAEDE2CCD1
:10A49000EAEDE2CCEAEDEAEDEAEDEAEDEAEDEAEC2E
:10A4A000E2CCE2CDE2EDF34EE32EEB6EE34EEB6F4A
:10A4B000EB4EEB4EF38FE34EEB6FEB6FEB6FF3D0A6
:10A4C000E38FE3AFE3F1EC52FD36F536F536F536C2
:10A4D000F536F536ED16F536ED15F536F536F53675
:10A4E000F556F536F536F536F536F536F536F536F4
:10A4F000F536F536F536F4D4E3B0E32EE30DEAEDA8
:10A50000EB0DEAEDEB0DF32DEB0DEAEDEAEDEAEDE7
:10A51000EB0DEB0DEB0DEB0DEB2DE2EDE2CDEB0DCD
:10A52000F32EF2EDE24AEA4AEA2AEA4AF22AE1A7DF
:10A53000E187E186E1C7E1C8EA29EA6AE209EA09B6
:10A54000EA09EA08EA49E208EA09EA09EA09E20945
:10A55000E209E1E9EA09E1A7D926D926D946D9478E
:10A56000D927D968E188D168CA0BCB2FFEBCE6FC9D
:10A57000E6FCE71DDEDCCEDD7CF8755B6D3A755BD5
:10A58000757B6D3A653A5D1A54FA54D94CB954DA70
:10A590005CFA5CFA651A759B7D9B7D9B7D9B7D9B20
:10A5A0007D9B7D9A859A859A85BA859A859A859AA2
:10A5B000859A859B6D5A653A5CF954FA54DA54D9F8
:10A5C00054DA4CB94CB944784C99445844993417EE
:10A5D0004458447844783C574437445844373C17EF
:10A5E0003C3733F633F633F62B9523952B962BB663
:10A5F00033D633F72BD633F72BF72BF62BD62BD6B8
:10A600002BD6341733F633F734173C3733F7341778
:10A610003C172BB52B952354235423752375237492
:10A62000235423742B952B942B952B9523741B5417
:10A63000237423742354235423331B131AF312D289
:10A640000A300A1001EF01EF01CE01CF09EF01EF4F
:10A650000A0F09EE01AD01ADDA49DA09E26AE26BEF
:10A66000EA8BE28BE28BE28BE2ACEAEDEB0DEAEDFA
:10A67000EB0DEAEDEAEDE2EDEB2EEB2EEAEDE2CCAE
:10A68000E2CCE2CDE2EDF36FEB4EE34EEB4EEB6F3F
:10A69000EB4EEB4EEB4EEB6FEB6EEB6FEB8FE38F16
:10A6A000E3AFF473F4F4FD56F576F556ED36F53672
:10A6B000ED36F536F536F536F536F556F536F5560A
:10A6C000F536F556F536F556F536F556F536F536D2
:10A6D000F556ED36F536F536FCF5EBF0E30DEB2EE1
:10A6E000EB0DEB0DEB0DEB0DEB0DEB0DEAEDEAEDEC
:10A6F000EAEDEB0DF32EEB0DEB0DEB0DEAEDE2EDDC
:10A70000F34EF32EE26AEA4AEA2AEA4AF22AE1A87A
:10A71000E1A7E187E9C8E1E8EA29EA6AEA4AEA2921
:10A72000EA09EA08EA08EA08EA09E1E8E1E8E1E812
:10A73000EA09E9E9E9E9E187D926D926D946E18795
:10A74000D926E168D988C968C9CAD34FFE9BE6FCFF
:10A75000E6FCE6FCDEFCCEDD85397D5B6D3A6D5AAC
:10A76000759B6D3A6D5A5D1A54D954B94CB954DA87
:10A7700054D95CF9653A757B7DBB7D9B7D9A7D9A4A
:10A780007D9A7D9A859A85BA8DBA859A8DBA859A71
:10A79000857A859B7D9B653A5CF95D1A5CFA54B9B4
:10A7A0004CB954DA4CB94C9944784CB944783C379C
:10A7B00044584478449844584457445844373C17C4
:10A7C00033F6341733D633D62BB6237523952BB6F1
:10A7D0002BB62BD633F72BD62BD62BD62BF62BF628
:10A7E0002BF633F633F634173C58341733F633F779
:10A7F00034162B952B9523542354237523752375D9
:10A80000235423742B9523942B942BB523741B541E
:10A81000235423542354233323331B1312D212B152
:10A820000A30020F01EF01EE01CE01CE01CF01CEC1
:10A8300001CE01CE018D018DD208DA29DA29E26A32
:10A84000E26BE28BEAACE28BE2ECE2EDEB0DE2CC08
:10A85000EAEDEAEDEAEDE2EDEB0DEB2EE2EDE2EDF5
:10A86000E2CCE2CCE30DEB4EEB2EEB2EEB4EEB2EDF
:10A87000EB6FEB6FEB6FEB4EEB6EEB6FEBB0E3B0B0
:10A88000EC72FD36F536F577F556ED36ED15F53605
:10A89000F556F536F536F556F536F536F556F556E0
:10A8A000F556F536F556F536F556F556F536F536D0
:10A8B000F536F556F536F536F536FCF5E3B0E30D2D
:10A8C000E2CCEAEDEAEDF32EEB0DEB0DEB0DEAED4C
:10A8D000EAEDEAEDF30DEAEDEB0EEAEDEB0EE2ED5B
:10A8E000EB0DF36EF30DE24AE22AEA29EA4AE1A708
:10A8F000E9C8E187E1A8EA09EA29EA4AEA29E2097E
:10A90000EA29E1E8EA08EA08EA08EA09EA09E1E8E6
:10A91000EA09EA09E9E8D967D926D926D946E167DB
:10A92000D926D947D988C947CA0ADBF2F6BBE71C42
:10A93000E71CE73DE6FCD6FD95BB7D5A755B755B74
:10A94000759B6D5A6D3A653A54D954D94CB954D95E
:10A9500054D95D1A6D5A757B7D9B7D9B7D9A7D9A3E
:10A960007D9B859A85BB85BA859A8DBA8DBA8D9A5D
:10A97000857A85BB85BB755A5D1A5CFA54FA54D941
:10A980004CB94CD94C9944784C9854D94478445893
:10A990003C373C58447844574478447844573C17F3
:10A9A00033F633D633D633F62BB5237523952BB632
:10A9B00033D633F733F62BD62BD62BD62BD62BF616
:10A9C0002BD62BD6341733F633F634172BF633F752
:10A9D00033F623952395237423542374237523542A
:10A9E0002354237423742B7423742B9523541B54E6
:10A9F0002374235423541B331B331B131AF212B139
:10AA00000A500A0F0A0F0A0F01EE01CE01EF01CE24
:10AA100001CE01CE01AD018DDA09DA29DA29E24A47
:10AA2000E24AE28BE28BE2CCEB0DEB0DEAEDE2AC1D
:10AA3000EAEDE2EDEB0DEB0DEB2EE30DE2EDE2CDF9
:10AA4000E2CCE2EDEB2EEB4EEB4EEB2EE30DEB4EBC
:10AA5000EB6FEB8FEB6FEB6FEB6FE38FE390EC1132
:10AA6000FD36F556F576F576ED36ED35ED36F556DF
:10AA7000F556F556F556ED56ED56ED77ED97ED9703
:10AA8000ED77ED76ED56ED36F556F556F536F536AD
:10AA9000F535F536ED36F556F556F515FCD4E3AF3C
:10AAA000DAEDE2ECEB0DEB0EEB0DF32DEB0DEAEC3A
:10AAB000EAEDEAEDF30DEAEDF32EEB0DEB2EEB0DE7
:10AAC000EB0DFB8FF32DEA8BE24AEA4AEA4AE9E80A
:10AAD000E1A7E166E1C8E1E8E9E9EA29EA09EA294A
:10AAE000EA29E209E208EA09EA08E208EA09E1E8F3
:10AAF000EA09EA09E9C8E166D926D926D946E16713
:10AB0000D946D946E1A8C968D28CE432F6DCE73DE3
:10AB1000E73DE71DE71CD6FD9DFB85BB757B6D5AA8
:10AB2000759B6D5A653A651A5CFA54DA54D954D952
:10AB300054FA653A653A757B7D9B7D9B7D9A7D9B3A
:10AB4000859A7D9A859A859A859A859A8D9A8D9906
:10AB5000859A85BA85BB757A651A5D1A5CFA54D9EF
:10AB60004C9854D94C994C9954B94CB94CB9447837
:10AB70003C173C58445844784478447844583C1630
:10AB800033F633F633D633F62B95237523952BD630
:10AB90002BB633D72BD62BD62BD62BD62BD62BD6C4
:10ABA0002BB62BD62BD633F733F62BF6341733F7D9
:10ABB0002BD62BB52BB52394235423742375235400
:10ABC000235423742B74237423942B95237423749C
:10ABD000235423541B331B131B131AF31AF3129120
:10ABE0000A500A0F01EF01EF09EF01EE01EF01EF4B
:10ABF00001EE01CE01AE01ADDA09E22AE24AE26AD3
:10AC0000E24AE28BE2ABE2CCEB0DE2ECE2CCE2EC2E
:10AC1000EB0DE2EDEB0DEB4EEB2DEB2DE2EDE2CC8F
:10AC2000E2EDEB0DEB0DE2EDEB2EE30DEB4EEB8FDA
:10AC3000EB6FEB6FEB4EEB4EE38FF411DBB0F4D424
:10AC4000F536F576F556ED56ED36F536F536F5363C
:10AC5000F556ED36ED77ED77E5B7EE39F6BBF6DC78
:10AC6000EE5AEE19EDB7E556ED56F576F556ED369A
:10AC7000F536F536F536F536ED16F516F4F5F4B489
:10AC8000E3AFDAEDEB0DEB0DEB0DEB0DF32EF32E49
:10AC9000EAEDEACDEACDEAEDEB0EEB0DEB2EEB0D96
:10ACA000EB0DEB2EF34FEACCE24AEA4AEA4AE1E83E
:10ACB000E1A8E9C8E1A7E9C8E9C8E187E1C8EA294C
:10ACC000EA29EA29EA29EA09E1C8E9E8E1E8E9E844
:10ACD000EA09EA09E1A7E167D926D926D926D926C2
:10ACE000D947D947D967C967D26CE473F6DCE71C4A
:10ACF000E71CE71DE71CD71E9DDB859B7D9B6D5ADE
:10AD0000759B755A6D3A651A5CFA54DA4CB954DA87
:10AD10005CFA6D5B6D3A755A7D9B7D9B7D9A859A39
:10AD2000859A859A859A857A859A8D9A859A859944
:10AD30008579859A859A755A651A651A5CFA54D987
:10AD400054D94CB94CB94CB94CB94C984C784C9836
:10AD50003C5744583C3844584C7844583C373C178E
:10AD6000341633F633D633D62B952375239633D644
:10AD70002B9633D62BD62BD62BD62BD62BD633D6FB
:10AD80002BD633F633F633F733F733F62BD62BD6F1
:10AD900033F72BD52BB523742374237423752354D5
:10ADA0002354239423742B7423742B74235423541B
:10ADB0001B331B331B331B131B1312F21AD20A71E2
:10ADC0000A2F0A0F01EF01CE01CE09EF09EF09EFBB
:10ADD00001CE09EF01AE01AEDA09DA29E24ADA2A38
:10ADE000E28BE26BE2ABE2ACEAEDEB0DEB0DE2EDF8
:10ADF000E2EDEB0EF34EE30DF38FE2ECE2EDE2CC8D
:10AE0000E2EDEB2EE2ECEB0DEAEDEB2DEB6FEB6FF1
:10AE1000EB8FEB6FEB6FEB6FEBB0E3D1E432FD3612
:10AE2000F556F577ED56ED56F556ED36F556F53601
:10AE3000F556ED56ED97EDF9FEDCF73DEF1DEF3DD4
:10AE4000F71DF71DFEDCF65AED76F576F556F5564C
:10AE5000F536F556F536F556F536ED16ED36F515AB
:10AE6000FD15E34EE30DEB0DEB0DEB0DEB2DEB0DB7
:10AE7000F32EEAEDEACDEB0DEB0DEB2DEB2DEB2EEA
:10AE8000EB2EEB0DF34EEACDEA6BEA4AEA4AEA0909
:10AE9000E187E9C8E187E9C8E1A8D966D987E9E986
:10AEA000EA29E209EA29EA09E1C8EA09EA09E20825
:10AEB000EA09EA09E1A7E146D926D926D926D946E1
:10AEC000E167E188D967D168C22BECD5F6DCE71DD4
:10AED000E73DE71DE71DDF1E9E1C85BC7D9C6D5A6E
:10AEE000757B757B6D5A653A5D1A54B954B954DA5D
:10AEF0005CFA653A6D7B757B7D9B7D9B859B85BBF5
:10AF0000859A85BB859A85BA85BB859A8DBA8D9AB7
:10AF1000859A857A859A7D9B6D3A651A5CF95CFA0B
:10AF200054FA54DA4C994C9854B94CB94478447852
:10AF3000447844784458445844784C783C573C17FB
:10AF40003C1633F633D633D62B95237523952BD663
:10AF500033D633F733F72BD62BD62BD62BD62BD68F
:10AF60002BD633F72BD6341733F72BD633F633F6ED
:10AF700033D62BD633D623942374237423542354EB
:10AF80002354237423742B74237423541B132354CA
:10AF900023541B331B331AF212D212D21AD20A7064
:10AFA000020F01EE01CE01CE01CE01CE01CE01CEC7
:10AFB00001CE01CE01AE01AEDA09DA09E229E26A78
:10AFC000E28BEACCE2ABE2CCEAEDEB0DE30CE2CCB7
:10AFD000E30DE30DEB2EEB4EEB4EEB2EE2CCDAACB9
:10AFE000E2CDE2EDEB0DEB0DEB2DEB2EEB4EEB4E50
:10AFF000EB6FEB4EEB4EEB6FEB90E3B0ECB4FD7709
:10B00000F577F576F576F576ED56ED36F556F55697
:10B01000F556ED76E5D8FEFCF73DF75EEF3DEF3DEA
:10B02000EF5DF73DF73DFEFCE576F577F556F55615
:10B03000F556F536F536F556ED36ED35ED15F515D3
:10B04000FD15EBD0EB2DEAEDEB0DEAEDEB0EF32E5B
:10B05000EB2EF32EEAEDEB0DEB0EEB2EEB2EEB4E83
:10B06000EB2DF32DEB2DF30DEA6BEA4AEA29E1C84B
:10B07000E1A7E187E187E187E9C8D967D987EA09CC
:10B08000EA29E209EA29E209EA08E1E8EA09EA0923
:10B09000EA29EA09E1A7D966D946E167D926D9267E
:10B0A000E167D947E168D188B9E9FD57FEBCE71CE3
:10B0B000EF3DE6FCE71CDF1EA61C859B7D9B65190A
:10B0C000757B757B6D5A6D3A653A54D954DA54FAEA
:10B0D0005D1A5D1A65197D9B7D9B7D9B7D9B7D9B8C
:10B0E0007D9B7D9A859A859A85BA859A8D998D9949
:10B0F000859A857A859A7D9B6D3A651A5CFA5CD94A
:10B1000054D954D954B954D94CB954B94C984C99D0
:10B11000447844783C583C583C3744783C373C179A
:10B120003C1633F633D633D62B95237523952B96C1
:10B130002BB533D62BD633F633F62BD633F72BB6C7
:10B140002BB62BB62BD62BD633F633D62BD62BD607
:10B1500033F62BF62BB523952B95237423542354C8
:10B1600023332374237423742B95235423342334DF
:10B1700023541B331B3312F212D212D11AF2129142
:10B180000A0F01CE01CE01CE01CE01CE01CE01CEFD
:10B1900001AE01CE01CE01CED9E9DA09E22ADA2ADE
:10B1A000E26AE28BE2ABE2ACEAECE2EDE2EDE2EC89
:10B1B000EB0DE30DEB2EEB4EEB2EE2EDE2CCE2AC31
:10B1C000E2CCEB0DEB0DEB0DEB2EEB4EEB4EE34E2D
:10B1D000EB4EEB4EEB6FE34FEBB0EC12FD36F57739
:10B1E000F557ED57ED56ED56ED56F577F556F55604
:10B1F000F556ED97EE5AEEFCEF3DEF3DEF5DEF5D5E
:10B20000EF5DEF5DEF7EF71DEE18ED76F577F577E4
:10B21000F556F536F536F536ED15ED36ED15F51531
:10B22000FCB4DB4EE2EDEAEDEAEDEB0EF34EEB0D96
:10B23000EB2EF34EEB0DEB0DEB2EEB2EEB2DEB2D62
:10B24000EB2DEB0DEB2DF32DEA6AEA29EA4AF22900
:10B25000E9C8E9C8E187E9C8E9A8D966E187E1C892
:10B26000EA29EA29EA29E209EA08E1E8EA29EA49B9
:10B27000EA29EA09E1C8D967D926D946E167D9465A
:10B28000D947D947D947D168C1C9FCF5FEDCEF1CC5
:10B29000EF1CEF1DE71DDF3EAE5D7D7B7DBC653A9B
:10B2A0006D5A759B757B6D5A6D5B5CFA54FA5D1A2D
:10B2B0005D1A653A6D5B7D7B7D9B7D9B85BB7D9B30
:10B2C0007D9B7D9A85BB859A85BA859A8DBA8D9A24
:10B2D0008D998579859A7D9A6519651A5D1A5CFA4A
:10B2E00054D954D94C984C9854D954D94C983C586A
:10B2F0003C583C5834382BF72BB6445844573C162E
:10B300003C1633F6341633F62BB5239523752BB63E
:10B3100033D633D633D633F62BD62BB62BB52BB646
:10B320002BD62BD62BD633F633D634172BD62BF67B
:10B330002BD62BD62BB62395239523741B3423545D
:10B3400023542374237423542B95235423541B34E4
:10B350001B331B331B331AF212D112B11AD21291C2
:10B360000A3001EF01EE01CE01CE01CE01CE01CEB9
:10B3700001CE01CE01AE01CED9E8E229E229DA49B7
:10B38000E28AE28BE2ABE2CCEAECEAEDE2ECE2ED5F
:10B39000EB2DEB4EEB2EEB4EE30DE2EDE2CCEAECC7
:10B3A000E2EDEB2EEB2DEB2DEB0DEB2EEB6EEB6EC2
:10B3B000EB4EE32EE34FE390EC11F4B4F556F57742
:10B3C000F557F577ED36F556ED36F577F556ED563A
:10B3D000ED77E597F6FCEF1DEF3DEF3DEF3DEF5DBF
:10B3E000EF5DEF5DEF5DF73DF6BBDD76ED77F5B731
:10B3F000ED36F556F556F536F536F556ED15F515E7
:10B40000F432E30DE2CCEB0DEAEDF32EEB2EEB2D57
:10B41000EB2EF34FEB0DEB0DEB2EF36EEB2DEB2D37
:10B42000EB2DEB0DEB0DF32DEA8BEA4AEA4AEA0924
:10B43000E1A8E1A8E1A7E9A8E9C8D946E9C8E9E88F
:10B44000EA09EA09E209E209E1E8EA09EA09EA297E
:10B45000EA09E1E9E9E9E9C9D946D926E146D92667
:10B46000D946E188E167D968C988E390FEBCEF1C42
:10B47000E71DE71DE71DDF1EAE7D859B7DBC6D3A98
:10B48000653A759B757B757B6D7B5D1A54D95D1A2A
:10B490005CFA651A6D5A7D7B7D9B85BB85BB7D9B68
:10B4A0007D9B859B859A859A85BB8DBA8DBA8D9A31
:10B4B0008579859A8D9A859A6D19651A5D1A5CFA57
:10B4C00054D954D954D954D94CB94CB944783C586E
:10B4D0003C383417341733F723753C373C573C3727
:10B4E0003C1644573C3733D62BB6239523752BB5E2
:10B4F0002BB62BD62BD62BD633D62BD62BD62BD65C
:10B500002BB62BD62BF633F633F62BD62BD62BD6E3
:10B510002BD62BB52BB52374237423741B332354E0
:10B52000235323742374237423541B3423541B3454
:10B530001B131B341B1312D212B112B11AB11271A8
:10B540000A0F01CF01CE01CE01CE01CE01CE01CE38
:10B5500001CE01AE01AE01CEDA09E229E24AE24AA9
:10B56000E26AE28BEACCE2ABE2CCE2ECEB0DE2CCBD
:10B57000EB0DEB2EE30DEB2DE2ECE2ABE2ABE2AC3C
:10B58000E2EDEB4EEB2DEB2DE30DF36FEB8FF3B014
:10B59000EB8FEB8FEB8FEBD1EC52F4F5F556F577A3
:10B5A000F556ED56F556F556F556ED56F577ED563A
:10B5B000ED76EDD8FF3DEF5DEF3DEF5DEF5EEF3DEA
:10B5C000EF3DEF5DEF3DF73DFEFCE5D7ED97F5B7BD
:10B5D000F556ED36F536F536ED15F536ED15FD1566
:10B5E000EB8FE2ECE2CCEACCEAEDEB0DF34EEB4E66
:10B5F000EB4EF36FEB0DEB2EEB0DF34EEB2EEB2E34
:10B60000EB0DEAECEB0DF30DEAACEA6AEA49E1C8AE
:10B61000E1A8E187E187E187E187E187E9C8E9E916
:10B62000EA09EA09E209E209E208EA29EA49EA291B
:10B63000E209EA09E1E9E9E9D967D926D926D94633
:10B64000D926E167E188D968D188C20AFE3AF6FCBA
:10B65000EEFCE71CE71DD6FDAE5D7D7A85BC6D3A3C
:10B66000651A757B757B757B6D5B6D5B54D954FA80
:10B6700054D95CFA6D5A7D9B85BB7D9A7D7A7D7A23
:10B680007D9A859A85BB859A859A859A8D9A8D9A99
:10B69000857985798579859A6D5A651A5CF95CD9C1
:10B6A0005CD954D954B94CB944583C173417343880
:10B6B0002BF723962BD723B623B634173C583C5789
:10B6C00044783C3733F633D62BB6237523752BB528
:10B6D0002BB62BD62BD62BB52BD62BD62BD62BB6C3
:10B6E0002BB52BD62BD62BD633F733F72BD62BD621
:10B6F0002BD62BB623952B952374237423542354D4
:10B70000235423742354237423741B3423541B3372
:10B710001B341B331B1312F212B1129112B112918E
:10B720000A0F01CE01EF01CE01AE01CE01AE01CE76
:10B7300001CE01AE01AE01AEE24AE24AE26AE24A5D
:10B74000E26AE26AEACCE2CCE2ACE2ECEB2DEB2D71
:10B75000EB0DEB0DEB4EEB4EE2ECE2ABE2CCEAEDA7
:10B76000E2EDEB2EEB2EEB2EE34EEB8FF3D0F3D08E
:10B77000F411EBB0EBD0EC11EC93F515F576F57711
:10B78000ED76F576F556F556F577F556F577ED56EF
:10B79000ED76F639F71DEF3DEF3DEF5EEF7EEF5DA5
:10B7A000EF3DEF5EEF5DF73DFEFCE5D8E597F597E1
:10B7B000F577ED36ED35F536F536F515F515F4B3C7
:10B7C000E32DEAEDE2ACEAEDEB0DEB2EF36EEB4E82
:10B7D000EB4EF36FEB2EEB0EEAEDEB2EEB2EEB0DBB
:10B7E000EB2EE2ECEB0DEB0DEAACF2ACEA2AE1C891
:10B7F000E1A7E1C7E1A7E187E166E1A7E9C8E1E8E0
:10B80000EA29E209E209E208E208E209EA4AEA4929
:10B81000EA29E1E8E1E8E9E8D967D926D946D94635
:10B82000D926D946E188D967D968C1C9D432FEBCC6
:10B83000EEFCE71DE71DD6FE9E1C85BB85DC6D3A40
:10B840006D5A75BC7D9B757B6D7B653B5CFA653B7A
:10B850005D1A6D5A6D5A7D9B7D9B85BB7D9A7D9B44
:10B860007D9B859A859A859A859A8DBB8DBA8DBA6E
:10B870008D9985998579859A6D39653A65195CF94F
:10B880005CD95CD954B944783C3823952BD723B67E
:10B8900023961B762BD723B623B633F63C37447852
:10B8A00044783C372BD62BD52BB6239523752BB557
:10B8B00033D62BD62BD52BB52BD62BB52BD633F693
:10B8C0002BB62BD62BD62BD62BD62BD62BD62BF670
:10B8D0002BF62BD62BB52374237423952354235492
:10B8E0002B74237423542B7423541B331B331B33AB
:10B8F0001B331B331B131AF212D2129112911291A5
:10B900000A0F01CE01CE01CE01CE01CE01AE01EF74
:10B9100001CE01CE01CE01AEE26AE24AE229DA2985
:10B92000E24AE26AE28BE2ABE2CCEB0DEB0DE30D17
:10B93000EB0DEB0DE30DE32DE2ECDAABE2EDEB0DFD
:10B94000EB2DEB4EEB2DEB2DE32EEBAFEBAFEBD076
:10B95000F3F1EBD0EBD0EC12EC93F536F556F5970E
:10B96000F597ED76F556F556F577F576ED56F577CC
:10B97000E576F65AF71DEF3DEF3DEF7EEF5EEF5DAA
:10B98000EF5EEF5DEF3DF71DF6BBE5B7E596ED76B3
:10B99000F577F556ED15F516F516F535F515F4931D
:10B9A000E32DEACCE2ACF2EDEB0DF32EF34EEB6EB1
:10B9B000EB2EF36FEB0DEB0EF32EEB2EEB2EEB2EAF
:10B9C000EB0DE2EDEB0DEAEDEAACEAACF26BE1E88F
:10B9D000E1C8E1A7E1A7E1A7E187E187E1A8E1E804
:10B9E000EA09E209E1E8E209E208E208EA29EA29CB
:10B9F000E208E1E8E1E8E9E8E1A7D946D926D92655
:10BA0000D926D946E167E168E188C9A9B2ACFEBC94
:10BA1000F6FCE71DE73ECEDD95DB85BB85DC755A80
:10BA2000651A759B7D9B757B6D3A653B5CFA5D1A6B
:10BA3000653A653A6D7A759A7D9B7D9B7D9B7D9B72
:10BA40007D9B859A859A85BA859A85BA859A8599C6
:10BA5000859985998D99859A6D196D3A65195CF965
:10BA60005CD95CD954D954DA445823961B751B759C
:10BA700023B61B76239623B623B634173C58447856
:10BA80003C373C1733F62BD62BD6239523752395BD
:10BA90002BB52BD62BD62BD62BD62BB52BD62BB501
:10BAA0002BB52BD62BD62BD633F72BD634173417F2
:10BAB00034172BF62B9523742354235423542354E7
:10BAC00023742374235423542333233323331B330A
:10BAD0001B331B131B1312F212D20A9112911291F3
:10BAE0000A0F01CE01CE01CE01CE01CE01EF01CE73
:10BAF00001CE01CE01AE01AEDA4ADA2AEA6ADA09EB
:10BB0000DA29DA4AE28BE2ABE2CCE2CCEAEDEB0DE9
:10BB1000EB0DEB2EE30DEB2EE30DE2EDE2CCEB0DA6
:10BB2000EB4EEB2DEB2EEB2DEB6FEB8FEBB0F3F140
:10BB3000F3F1EBF1EBF1EC32F4F5F556F597ED7628
:10BB4000F597F576F556F556F577F576ED56F577E2
:10BB5000ED77EE39F71DEF3DE73DEF5EEF5EEF5E0F
:10BB6000EF5EEF5DEF3DF71DF67AE5B7ED76ED564A
:10BB7000F556F536F515F536F516F515FCF4E3B082
:10BB8000EB0DE2ACE2ACEAEDEB0DEB0DF34EF34E58
:10BB9000EB0EF34FEB0DEB0DEB2EEB0EEB2EEB2E36
:10BBA000EB0DEAEDEB0DF30DEAACEA8BEA4AE1C8E6
:10BBB000E1A7E9C8E1A7E1A7E187E1A7EA09E1C8B0
:10BBC000E209E209E1E9E209E209EA29EA4AEA4A84
:10BBD000E1E8E1E9E1E8E1E8E1A8E187D947D92630
:10BBE000D926D946E147E147E168D1A9AA2BFE5BF6
:10BBF000EEDCE71DDF1DC67C95DB859B85DC6D5A81
:10BC0000757B757B759B6D5B651A5CFA54B954D96D
:10BC1000651A651A757B7D9B7D9A7D9A7D9B7D9AC1
:10BC20007D9B7D9A8DBB8DBB85BB85BA859A8579B9
:10BC30008579857985797D796D186D3A653A5CF9F4
:10BC40005CD95CD954D944783C1733D723762396F2
:10BC500023B723962BD723B623953C584478449892
:10BC600044583C3733F633F62BD52BB52375237464
:10BC70002BB52BB52BD62BB52BB52BB62BD62BD660
:10BC80002BD62BB62BD62BD633F62BB623B62BD6EC
:10BC900033F62BD62BB52B95235423541B33235427
:10BCA0002333235423542B7423531B332333233341
:10BCB00023331B131B131AF312B2129112B112B1D8
:10BCC0000A3001CE01CE01AE01AE01CE01CE01CED1
:10BCD00001CE01CE01AE01AEDA6AE28BE24AE22A7F
:10BCE000E24AEAABEAACEAECEAECEB0DE2CCE2EDDC
:10BCF000EB0DE30DE32DE34EE30DE32EEB2EEB2EE8
:10BD0000EB6EEB4EEB2DE30DEB8FEB6FEB8FF3D088
:10BD1000EBD1EC12EBF1EC32F516F556ED76F5B70A
:10BD2000F577F577F576F556ED56F576ED56F59708
:10BD3000ED77E5D8FF3DEF3DEF3DEF5EEF5EEF5E67
:10BD4000EF5EEF5DF73DFEFCE5B7EDB7ED56F5565E
:10BD5000F556F536ED15F515F536F515FCD4DB4E33
:10BD6000EAEDEAACEAACEAEDEB0DEB0DF34EEB2EAF
:10BD7000EB0DF32EF32EEAEDEB2EEB2EEB4EEB2E2E
:10BD8000EB0DEB0DEAEDF32EEAACEA6BEA4AE1E8E3
:10BD9000E1C8E1A7E1A7E1A7E187E1A8E1E8E1E8DF
:10BDA000EA09E209E209E209E209EA29EA29EA2ABA
:10BDB000E209E1E9E1E8E9E9E1C8E1A8E9A8D92671
:10BDC000D926D926D926E147E147D1A8B24BFE5A58
:10BDD000F6DCE73DE73EBE7C95FB859B85BC755A4E
:10BDE000759B755B757B6D3A5D1A5D1A54D95CFA6B
:10BDF000651A651A757B7D9B7D9A7D9A7D9B7D9AE0
:10BE00007D9A7D9A859A8DBB859A859A859A859A21
:10BE1000857985798579859A755A6D7A6D5A65190E
:10BE20005CF95CFA54D94CB944583C582BD723964A
:10BE300023B723962BD62BF72BF73C37445844587F
:10BE40003C37341733F633D62BD62BB523952375D1
:10BE50002BD62BD633D62BD62BD62BD633D62BB6EA
:10BE600023B52BD62BB62BB52BB62BB62BD62BD674
:10BE700033F62BB62BB52394235423542333235466
:10BE80002333237423542B7423331B331B331B336F
:10BE90001B331B131AF21B1312B10A710A911AB247
:10BEA0000A5001CE01AE01CE01AE01CE01CE01CECF
:10BEB00001CE01CE01CE01AEDA8BE28BDA4ADA2A6C
:10BEC000E28BE28BE2ABE2CCE2CCE2ECE2CCE2ED64
:10BED000EB2DEB4EE32DE32EE32EEB6FE34EEB4E1B
:10BEE000EB4EEB6EEB4EEB4EEB6FF3D0EB8FEB8F3D
:10BEF000EBB0EBF1EC12DBD1F4F5F556F577F5B7D5
:10BF0000ED76F597ED76ED56ED76ED76ED56F57727
:10BF1000ED56E597EEBBEF3DEF3DEF5DEF7EEF3D7C
:10BF2000F75DF73DFF3DEE19ED97ED77ED56F576B0
:10BF3000F536F536F516ED15F536F515F472E34ED2
:10BF4000EACCE28BEAACEACCEB0DEB2DF34EEB0D39
:10BF5000EB0DEB2DEB2EEB0DEB2EEB2EEB4EEB4E1C
:10BF6000E30DEB0DEAEDEB0DEACCEA8BF28BE1E8A9
:10BF7000E1E8E9E8E9C8E187E187E1A7EA09EA0938
:10BF8000EA29E1E9E209E229E209EA29EA29EA29BA
:10BF9000E1C8E1E8E1E8E1C8E1C8E1A8E187D92624
:10BFA000D926D926D927D927E9A9C988CB0EFE7B5E
:10BFB000F6FCE71DDF3EB65C9E3C7D9B7D9B7D9B3A
:10BFC000759B6D5A6D5B653A651A6D7C5CFA5D1AFE
:10BFD0005CFA651A759B7D9B7D9B7D9A7D9B7D9A06
:10BFE0007D7A7D7A859A859A85BA85BA859A859A69
:10BFF000857985798579859A7D9B755A6D7B6519DB
:10C000005CF95CF954D954D944583C382BB62375A3
:10C010002BD7239623B634172BD6341744584457BE
:10C020003C17341633D633D633D52BB5237423744B
:10C030002BB52BB52BD52BD52BB52BD62BD62BD65D
:10C0400023B523B523B523952BB62BB62BD62BD6EC
:10C050002BF62BF62BD62BB5235423542354233401
:10C0600023542353235423741B331B331B132333B5
:10C07000233323331B121AF212D10A700A70127181
:10C080000A1001CF01CE01AE01AE01CE01AE01CE4C
:10C0900001CE01AE01AE01AEE2CCE2CCE28BE28B8E
:10C0A000EAECEAECEB0DEAECEB0DEB0DEB2EEB0D15
:10C0B000EB2EEB4EEB4EE34EE34EEB8FEB6EEB6E67
:10C0C000E34EEB8FE32EEB4EEB6EF3AFF38FEB6FA4
:10C0D000EB90F411F432F473FD36F557ED56F59705
:10C0E000F597ED97ED97ED76F577ED56ED56ED5723
:10C0F000F576ED97EE7AF73DEF1DEF5DF75EF73DD4
:10C10000FF5DF6BBE5F8E556ED76ED36F577F556CD
:10C11000ED36F536F516F536F556F515F452EB6FA6
:10C12000E2ABE28BEACCEAECEB2EEB4EF34EEB0DFE
:10C13000EAEDF32EEB0DEB2DEB2DEB0DEB4EEB2E95
:10C14000EB0DEB2EEB0DF30DEAACEA8BEA6AE1E8BE
:10C15000E1C8E1C7E187E187E187D966E9E9EA0952
:10C16000E209E1E9E1E8E229E209E209EA29EA294A
:10C17000E1E8E1E8E1E8E1C8E1C8E1C8D947D10573
:10C18000D926D926D927D947D967C988B26BFE3AAB
:10C19000F6DCDEFCD71DB65B95FB7D9B7D9B7D9B16
:10C1A000759B6D5B6D5B651A5D1A5D1A54D95D1ADE
:10C1B000653A6D5A7D9B7D9B7D9A7DBA85BB7D9A44
:10C1C0007D9B7D7A859A859A859A85BA85BA857987
:10C1D000857985798579859A85BB757A6D5A6519D2
:10C1E0005CF95CF954D954B9445844783C382396E6
:10C1F0002BD723962BF734172BF73C37445844574B
:10C200003C373C1733F633D62BD52BB52374235448
:10C210002BB52BB62BB52BB52BB52BD62BB523B504
:10C220002BB523952BB62BD62BD62BB52BD52BD5B3
:10C230002BB52BD62BD523952354235423342354A9
:10C2400023542353237423741B331B331B331B339B
:10C25000233323331B1212F212B10A700A501270E8
:10C260000A3001CE01AE01CE01AE01CE01AE01CE4B
:10C2700001CE01AE01AE01ADDA6ADA4AE28BE2AB81
:10C28000F32DEAECEAECEAECE2CCE2EDF34EEB2E35
:10C29000E30DEB0DE32DE32EE32EEB4EEB2EE32D22
:10C2A000EB4EEB4EE32EE32EEB8FEB6EEB6EEB4E95
:10C2B000EB6FEBD0EBF1F473F4D5F536F576ED7664
:10C2C000F577ED76F5B7ED77ED76F576F556ED5633
:10C2D000F556ED97E5F8EE9AF71CF71DFF5DF6DCD5
:10C2E000EDF8ED97ED97ED56ED36F577ED56F577E0
:10C2F000ED35F535ED15F536F556F4F5F473E32E19
:10C30000E2ABE28BEACCEB0DEB2EEB4EEB2EEAED43
:10C31000EAECEB0DEB2EF32EEB2EEB2EEB0DEB2ED2
:10C32000EB0DEB0DEB0DF30DEAACEA8BEA4AE1C83D
:10C33000E9E8E1A7E1C7E187E187E187EA09EA09DE
:10C34000EA29E208E1E8E209E208EA09EA09EA0979
:10C35000E209E209E1E8E9E8E1E8E1C8D966D105E6
:10C36000D926D926D926D947D947C988B20AFDB8CE
:10C37000F6DCE71DD71DAE3B8DBB7D7B7D9B759BA2
:10C38000757B6D5B653B5D1A5D1A5CFA54D95D1A6D
:10C39000653A757A7D9B859B859A85BB7D9B7D9B48
:10C3A0007D9B7D7A859B859A85BB859A859A8579C3
:10C3B000857985798579859A7D9B757A6D5A653AF7
:10C3C0005CF954D954D94CB94458447833F72BB656
:10C3D0002BD62BD72BF72BF72BD63C3844583C3792
:10C3E0003C37341733F733D633D62BD52395237404
:10C3F0002B9533D62BB52BB52BD62BD62BD62BB6D0
:10C400002BB62BB52BB523B52BB62BD62BB52BB511
:10C410002BD623952BB62B952B7423532333233301
:10C4200023532333237423541B331B131B131B333A
:10C430001B131B131B1312F212B10A710A70129113
:10C440000A3001CE01AE01CE01CE01CE01CE01AE49
:10C4500001CE01AE018D01AEE24ADA4AE26ADA6A41
:10C46000E2ABE2ABE2ACE2ABE2CCEB2EEB2EEB2E9E
:10C47000EB0DE30DE30DE32DE32EE32EEB4EE2EDAA
:10C48000EB2EEB4EEB2EE30EEB4EEB4EEB4EEB4E6C
:10C49000EB4EEB8FEB90EC11EC53ECB4F536F577FB
:10C4A000F556F577ED77ED97F576F576ED56F55689
:10C4B000F576ED77E597EE39E639EE7AEE39E5D89F
:10C4C000F5F8ED56ED36ED15F556ED56F577ED36FA
:10C4D000ED36F535ED15F536F536F4F5F432DAECE2
:10C4E000E2ABEACCEAEDF32DF34EEB2EEB2EEB0EA6
:10C4F000EAEDEB0DF32EEB2EEB0DEB0DEB0DEB2E32
:10C50000EB0DEB0DEB0DF30DEAABF2ABEA4AE1E814
:10C51000E1C8E1C8E1C7E187E187E1A8E9E9E2090B
:10C52000EA29E1C8E1E8E1E8E209EA09EA29EA29B9
:10C53000E1E9E1E9E1E8E9E8E1C8E187E187D92655
:10C54000D926D926D926D926D947D9C9B9EAFD7716
:10C55000F6BCDF1DD71EB69D8DBB859B7D9B757B75
:10C560006D5A6D5A653B5CFA5CFA5D1A653B651A5B
:10C570006D5A7D9B7D9B85BA859A85BB7D9B7D9BF6
:10C580007D9A7D7A7D7A7D9A7D7A859A859A859A3B
:10C590008579859A859A7D7A757A6D5A653A651A94
:10C5A0005CF954D954D94CB944784C9944992BD658
:10C5B0002BD623B62BD62BF72BF63C384478445792
:10C5C0003C57341633F633D633D62BB52B9523751B
:10C5D0002BB533D62BD52BB52BB52BB52395239562
:10C5E0002BB52BB52395239523952B952374239554
:10C5F00023942B952BB523542354233323332333F4
:10C6000023532333235323531B331B131B331B137A
:10C610001B131B331B1312D212B20A700A70129131
:10C620000A0F01AE01AE01CE01CE01AE01CE01CEA8
:10C6300001CE01AE01AD01ADE269DA49E26ADA2963
:10C64000E28BE28BEACCE2ACEB0DEB4EE2EDE30DDC
:10C65000E2EDEB0DE30DEB2EEB4EEB6FE30DEB0D8F
:10C66000E30DEB2EEB4EEB0DEB2EEB4EEB2EEB2E0C
:10C67000EB2EEB4EEB8FEBB0EBF1EC32F4F5FD561D
:10C68000F536ED56ED76F577ED56F556ED76F57710
:10C69000F577F577ED77F5D8EDD8F5F9EDD8ED9795
:10C6A000ED76ED36ED36ED35F556F577F556ED369A
:10C6B000F556F536ED36F556F516FD15DB2DE2CCC3
:10C6C000E2ABEACCEAEDF32EF32EEB2EEB0DEB2EE4
:10C6D000EB0DEB2EF34EEB2EEAEDEAEDEB0DEB2E30
:10C6E000EB2EEB0EEB2DF32EEACCF2ABEA29EA2986
:10C6F000EA09E9C8E1A7D986E1A7E1A7EA09E1E8E3
:10C70000E1E8E1E8E1C8E1E8E1E8EA09EA09EA0983
:10C71000E209E1C8E1E9E9E8E1C8D966E167D9469B
:10C72000D905D926D926D926D947D1A8B9EAF4F509
:10C73000F6DCDF1DD6FDAE5C8D9A7D9B7D7B757B27
:10C740006D7B6D5A653B5CFA5CFA5CFA5D1A653A82
:10C75000757B7D9B7D9A859A85BA859A859B85BBDD
:10C760007D9B7D7A7D7A7D7A859A859A85BA857951
:10C7700085798579859A7D7A6D5A653A5D1A653A2B
:10C780005CFA54D954D94C994478447844992BD6BE
:10C7900023B623B62BD734172BF6341744584457F7
:10C7A0003C373C1633F633D62BD52BB52BB523941B
:10C7B0002B952BD52BB52BB52BD62BB52BB52B9578
:10C7C0002B952BB52B952BB52B9523952B95239539
:10C7D00023952B952BB52B95237423531B331B3398
:10C7E0002354233323541B331B331B131B331B13BF
:10C7F0001B131AF31AF312D20A9102300A30127183
:10C800000A0F01CE01AE01AE01AE01AE01CE01AE06
:10C8100001AE01AD018D01ADE269E249DA4AE26A99
:10C82000E26BE28BE28BE2ABE2EDEB4EE2ECEB0D86
:10C83000E2CDEB2EEB0DEB4EEB4EE34EE32DEB4E4C
:10C84000E30DEB2EEB2DEB0DEB4EEB2EEB2EEB2E4B
:10C85000EB2EE34EEB6FEB8FEBB0EC11E432F4D444
:10C86000F536F556F577ED76F576ED56ED56F57627
:10C87000F576ED56F577ED76ED77ED77ED97ED56AC
:10C88000ED56F556F556F577F556ED36ED15F536C8
:10C89000ED36F556F556F536F535FCD4DACCE28BA7
:10C8A000EAABEAECEB0DF34EEB0DEB0DEB2DEB0DE4
:10C8B000EB0DEAEDEB2EF34EEAEDEB0DEB0DEB4E4F
:10C8C000EB2EEB2EEB0DEB0DEACCEA6AE1E8E1E8AA
:10C8D000E9E8E1C7E9C8E1A7E1A7E1C8E1E8E1C803
:10C8E000E1C8E1A8E1C8E1E8EA29E1E8E209EA29CA
:10C8F000E1E8E1E9E209EA09E1A8E166E167D926B0
:10C90000D926D926D926D926D947D9C9C20AF4F5B4
:10C91000F6DCE73DD6FEA61B859B7D9B757B757B74
:10C920006D7B653A653A5CFA5D1A5CFA653A653A80
:10C93000757B7D9B7DBB7D9A85BB85BA7D9B7D9AF2
:10C940007D9A7D7A7D9B7D9A7D9A859A857A857977
:10C950008579859A859A755A6519655B5D1A5CFAC1
:10C9600054D954D954D94C984498445833F72BD7B8
:10C970002BD723B62BF734182BD63C3844583C170A
:10C980003C173C1633F62BD533D62BD52BB5237459
:10C990002B952BD52BB523B52BB52BB52BB52B95BF
:10C9A0002B952B952BB5239523952395239523958F
:10C9B00023B52BB52B9523742B9423742353233346
:10C9C0002333233323531B331B1312F21B13131272
:10C9D0001AF31AF312D212B20A7102300A500A5034
:10C9E000020F01EF01CE01CE01AE01AE01CE01CEAC
:10C9F00001AE01AD018D01ADE249DA49E26AE26AB8
:10CA0000DA6AE2ABDA4AE28BEAEDE2CCEAEDE2CCBA
:10CA1000EAEDEAEDEB2EE32DE34EEB6EEB2EE32D8C
:10CA2000E30DF36EEB4EEB2DEB4EEB4EEB4EE30DC9
:10CA3000EB2EEB2EEB4EE34EEB8FEBAFEBB0EC328D
:10CA4000E453F536F577ED56ED77F577ED56ED567F
:10CA5000ED56F576ED76ED56ED56ED56F576ED564E
:10CA6000F577ED56F597F556F556ED15F536F5369D
:10CA7000F536F556F536F536F515F472E2CCE28B5F
:10CA8000EACCEAECF32EF32DEB0DEAEDEB0EEB0D19
:10CA9000EAEDEB0EEB2EF34EEB0EEB0DEB2EEB2D4A
:10CAA000EB0EEB2EEB2EF32DEA8BEA4AE1E8E1E800
:10CAB000E9E8E1C8E9C8E1C7EA09EA09E1E9E1E82A
:10CAC000E1E8E1C8E1E8E1E8E209E209E209E209B6
:10CAD000E209E1E9E9E8EA09E1A7D946E146D92610
:10CAE000D926D926D926D947D927D9EABA2BFD770D
:10CAF000F6DCDF1DC6BD95DA857A7D9B757B757B7F
:10CB00006D7B653A651B5CDA5CFA5CFA651A6D5AF6
:10CB10006D5A757A7DBB7D9A859A859B859B7D9A9A
:10CB20007D7A7D7A7D7A7D7A7D7A859A859A8579F6
:10CB3000857A859A7D7A755A6519653A5D1A54D950
:10CB400054D954D954B94C9844783C3833F63417F6
:10CB50002BD72BD72BD7343734173C5844583C3776
:10CB60003C373C16341633F633D52BB52BB52B9505
:10CB70002B952BB62BB52BB52BB52BB62BB52BB5D3
:10CB800023952B9523952BB523B523942395239596
:10CB9000239523952B942B952B95235423332333C3
:10CBA0001B3323331B331B331B131B331B131B136D
:10CBB0001B131AF212D212B10A910A5002300A5013
:10CBC0000A0F01EF01CE01AE01AE01CE01AE01CEE2
:10CBD00001AE01AD018D018DE249E24AE24AE28BEC
:10CBE000E26BE28BDA2AE26BE2ABE28BE2CCE2CCE4
:10CBF000EB0DE2ECEB2DEB2EE30DEB4EE32EEB2EEB
:10CC0000E32DEB6FEB4EEB6EEB4EEB4EEB4EEB2E64
:10CC1000EB2EEB2EEB2EE34EE34EE34EE36EE3B052
:10CC2000DBF1FD36F577ED77ED77F577F557F557CD
:10CC3000F576ED56F577ED56F577F577ED56ED5639
:10CC4000F576F556F556ED36ED16F536F536F5363C
:10CC5000F536F536F515FD15FCF5EBD0DAACEACC7A
:10CC6000EAECEAEDF30DF32DEAEDEB0DF32EEB0D0F
:10CC7000EB0EEB0DEB2EEB2EEB0DEB0DEB2DEB2E70
:10CC8000EB2EEB2EEB2EEAECEA8BEA4AE1E8EA091E
:10CC9000E9E8E1A7E9C8D9A7EA09EA49EA09E1E828
:10CCA000E1E8E1C8E1E8E1E8E209E209E209E209D4
:10CCB000EA09E1E8E1E8E9E8E1C7D946D946D92639
:10CCC000D946D926D926D926D947D1C9BA4BFDF993
:10CCD000F6DCDF1DB67D8D7A859B7D7B757B6D5A7D
:10CCE0006D5A651A651A5CD95CFA5CFA651A6D5A58
:10CCF000757A7D9B7DBB7D9B85BB859B7D9A7D9A4F
:10CD00007D9A7D9A7D7A7D7A7D7A857A857A7D593C
:10CD1000857A7D9A755A6D5A6D5B6D7B5D1A5CFAEA
:10CD200054D954D94CB94478447844783C583C5848
:10CD300034172BD62BF6341734173C5744583C176E
:10CD40003C163C1733F633F633D52BB52BB52B9564
:10CD500023752BB52BB52BB52BB5239523952374B4
:10CD60002395239523952B9523942394237423743F
:10CD70002374237423942B952B952B741B1323332B
:10CD80001B331B331B331B331B131B1312F31B13DC
:10CD90001B131B1312D212B10A910A5002300A0F50
:10CDA0000A0F09EF01AE01AE018D01AE01CE01CE39
:10CDB00001AE01AE018D01ADE249E26AE26AE26BC9
:10CDC000DA4AE26ADA4AE26BE26BE28BEACCEB0D1A
:10CDD000EB0DE2EDE30DF36FE32DE32DE32DE34ED9
:10CDE000EB4EEB4EEB6FEB8FF3B0EB4EEB4EEB2ECF
:10CDF000EB0DEB2DEB2EE32DE34EE34EEB6EEBB0A4
:10CE0000E411FD16F577ED76F577F576F577F5769D
:10CE1000F577F556F577F577F576F577F577ED56FD
:10CE2000F556ED36ED36ED36ED36F536F536F536AA
:10CE3000ED15F515FCF5FCB3EBAFDACCEB0DEAEC38
:10CE4000EAEDF30EF30EEB0DEB0DEB2EEB0DEB2EEF
:10CE5000EB0DEB2EEB4EEB2EEB2EEB0DEB2DEB2E2D
:10CE6000EB2EEB2EF32EEAECEA6AEA49EA29EA090C
:10CE7000E1C7E1C7E1C8E1C8EA09EA29EA29E1E82E
:10CE8000E1E8E1E8EA09EA09E209EA09EA2AEA0945
:10CE9000E1E9E1E8E1E8E9E8E9C8D946E166D9462F
:10CEA000D946D926D926D946D947D1C9C28CFE1927
:10CEB000F6DCDF1DAE5C8D7A859B7D7B757B755BBB
:10CEC0006D3A651A651A5CFA5CFA5D1A653A6D7B13
:10CED000757B7D9B7DBB7D9B7D9B7D9B7D9B7D9A9B
:10CEE0007D9B7D9B7D7A7D7A7D7A7D7A7D797D596A
:10CEF0007D7A7D7A6D3A651A6D5B655B5CFA5CD90B
:10CF000054D954D954D94C994C984C9944783C38BC
:10CF10003417343833F734373C37445844583C37A7
:10CF20003C173C16341633F633D533B52B952B9579
:10CF300023942BB52B95239523B523B52B952395BA
:10CF40002B952BB52B9523942BB5239423952374E4
:10CF5000237423942B942B742B7423531B121B3395
:10CF60001B131B131AF21B131B131AF312F21B13BE
:10CF70001AF21AF212D212B10A710A500A30020FD2
:10CF800009EF09EE01AE01AD01AE01AD01AE01AE9A
:10CF900001CE01AD018D018DE229E26AE24AE26A29
:10CFA000DA2AE26ADA2ADA4ADA4AE28BE2CCE2AC3C
:10CFB000E2ECEB0DEB2DEB4EEB2EE30DE32DEB6FE7
:10CFC000EB4EE34EF3AFEB6FF3AFE34EEB2EE30D1F
:10CFD000EB2DEB2DEB2DE30DEB2EEB4EE34EE38F24
:10CFE000EBF1EC73FD36F556F556F556F577F5771A
:10CFF000F556ED56ED57F577F576ED56F556ED56B7
:10D00000ED36ED35ED36ED36ED36ED36F536F535FA
:10D01000F515FD15EC31E34EE30DE2CCEAEDEAED5A
:10D02000EB0EF32EEB0DEB0DEB0DEB0EEB2EEB0DF4
:10D03000EB2EEB0DEB2EEB2DEB2EEB0DF34EEB2E43
:10D04000EB2EF34EEAEDEAABE249D9E8E208E1E87B
:10D05000EA08E1A7E1A7E1C7EA09E1E8EA29E1E88E
:10D06000E209E1C8E1E8EA09E209EA09EA09E209B4
:10D07000E1E9E1E8E1E8E1E8E1A7D946D946E1469E
:10D08000D926D926D926D926D947D1C9BAACFE5B2B
:10D09000EEDCD71E9DDB859B859B7D7B757B6D5A6A
:10D0A0006D3A651A651A5CFA5CFA5D1A653A6D3A72
:10D0B000757A7D9B7D9B7D9B7D9B7D9B7D9A7D9ADB
:10D0C0007D7A7D7A7D7A7D7A7D7A7D597D59755913
:10D0D0007D9A6D396D5A651A5CF96D7B5D1A5CD964
:10D0E00054D954FA4CB944984478445844783C583C
:10D0F00034173C58341734373C573C5844573C3766
:10D100003C163C16341633F633D52BB52BB52B9580
:10D1100023952BB52BB52BB52BD62BB52BB523953E
:10D120002B9523742374239423942394237423959D
:10D13000239423942B942B95237423531B131B3379
:10D140001B121B121B131AF312D212D212D212F29A
:10D150001AF21AF212D212B10A7102500A500A30AF
:10D1600001CE09EE01AE018D01AD01AE01CE01ADE2
:10D1700001AD018D01AD01ADDA08EA6AE26AE26A49
:10D18000E24ADA2AE24AE28BEAABE28BEACCEB0D26
:10D19000E2CCEB0DEB0DEB0DEB4EE30DE32EEB6F65
:10D1A000EB6FEB4EF38FEB6EEB8FEB4EEB4EEB4EEC
:10D1B000EB2EEB2EEB2EE30DEB2EEB4EEB4EEB6E50
:10D1C000EB90EBB0EC32F494F4B4FD15FD57F5564A
:10D1D000F577F556F576F556ED57ED36ED36ED3635
:10D1E000F556F536ED36ED36ED36ED36F536F51508
:10D1F000FCD4EBF1E32DEB2DEB0DEAEDEAEDEB0DBD
:10D20000EB2EEB2EEB0DF32EEB0DEB0DF32EEAEDEB
:10D21000EB2EEB2EEB0EEB2EEB2EEB4EEB2DF36EFF
:10D22000EB4EF32DEACCEA8BEA6AEA29E208E1C880
:10D23000E1C8E1E8E1C8E1C7EA09E1E8E9E9E1E8D4
:10D24000E1E9E1E8E1E8E209E209EA29E209E209C3
:10D25000E1E9E1E8E9E8E1E8E1A8D946D926D926FB
:10D26000D926D926D946D926E188D1C9C2EDFE5B97
:10D27000EEDCCEDD95BA859B859B7D7A755A755B14
:10D280006D3A651A653B5D1A5CFA5D1A6D5B755AFD
:10D290007D7A7D9B7D9B7D7A7D9B7D7A7D9A7D9A33
:10D2A0007D7A7D9A7D7A7D7A7D7A7D597D5A755A0F
:10D2B000755A6D396D5A655B655B653A5D1A54D96F
:10D2C00054F954D94CB94C984C9944793C583C5831
:10D2D00034173C5834173C383C583C583C373C37A2
:10D2E0003C163BF63BF633F62BD533D52BB52B95B9
:10D2F0002B952B952B95239523B52BB5239523752E
:10D3000023942B952B942B952354237423742374EB
:10D31000237423742B9423742B7423531B121B33F9
:10D320001AF21B131AF212F212F312D212D212F2E2
:10D3300012F21AF21AD212B10A9102500A500A508D
:10D3400001CE09EF01AE018D01AD01AD01AE01AE1F
:10D35000018D018D016D018DE229E249E269E26AE8
:10D36000E24AE24ADA4ADA4ADA4AE26BE2ABE2AB92
:10D37000E2CCE2CDE2EDE2EDEB2EE30DE32DE32E88
:10D38000E34EEB8FEB6FEB8FF38FE34EEB4EEB4EF9
:10D39000EB2EEB2EEB2EE2EDEB0DEB2EE32DEB4E19
:10D3A000EB6FEB6FE38FE38FEBF1E411EC73F4F5CC
:10D3B000FD36FD36F536F536F557F556ED16ECF536
:10D3C000ED15ECF5F556F556FD56F515FCF5F47230
:10D3D000DB6FE34EEB0DEB0DEB0DEAECEAEDEB0D45
:10D3E000EB0EEB0EEB2EEB0EEB0DEAEDEB0DEB0D7A
:10D3F000EB2EEB2EEB2EEB2EEB2EEB4EEB6EEB4EE5
:10D40000EB2DEB0DE2ABE26AEA4AE209E1E8E1C8A2
:10D41000E9E8E1C8E9C8E9E8E9E8E1C8E9E9E1C81B
:10D42000E1E8E1E8E209EA09EA29EA29E1E9EA09A9
:10D43000E209E9E8E9E9E1C8E9E8D946D946D926A7
:10D44000D926D946D926D926E1A8C9C9C34EFE7B1B
:10D45000E6DDB63B8D9A85BB7D9B7D7B757B757BC1
:10D46000653A651A651A5CFA5D1B54D9653A755AB6
:10D470007DBB7D9B7D9B7D7A7D9A7D7A7D9A7D9A11
:10D480007D7A7D7A7D7A7D7A7D7A7D7A755A755A34
:10D490006D5A6D5A6D7B651A653B5CFA54FA54D926
:10D4A0005CFA54F954D94478449844783C583C3850
:10D4B00034373C5834373C583C583C173C573C3781
:10D4C0003C1733F633F633D62BB52BB52B942B9470
:10D4D00023942B952B9523942B952BB5239523756E
:10D4E00023942395237423742B9523752374237419
:10D4F000237423942B942374237423531AF21B3321
:10D500001B121AF21AD212F212F212D212D212F222
:10D510001AF21AF21AD212B10A91022F0A2F0A50E5
:10D5200001EF01CE01AE01AE01AD01AD01AD01AD26
:10D5300001AD018D016D018DE208E229E26AE26A26
:10D54000DA29E229DA29DA2ADA4AE26BE28BE2AB5B
:10D55000E2ABEAEDEAEDEAEDE2EDE2EDE32DDB0D23
:10D56000E34EEB6FEB6EE34EEB6FEB6EEB4EEB4E81
:10D57000E30DEB2EEB2EE2EDEB2EEB0DEB4EE32D60
:10D58000EB4EEB2EEB4EE34EE34EE36FE38FDB6FA0
:10D59000EBD0EC32F493FCF5FD36FD36F515F5369F
:10D5A000ED36F556FD56FD15FCF4FC93EC11E34EFB
:10D5B000E30DE2EDE2EDEB0DEB0DEAECEB0DEB2D07
:10D5C000EB2EEB2EF34EEB0DEAEDE2CCF32DEB0D53
:10D5D000EB2EEB2EEB2EEB4EEB2EEB6EEB4EEB0D24
:10D5E000F32DEACCEAACE22AE229EA29EA09E1A72A
:10D5F000E1E8E1A8E1A7E1C8EA09E1E8E1E8E1C87A
:10D60000E1C8E1C8E1E8EA09E1E8EA09E209E2097A
:10D61000E1C8E9E8E1C8E1C8E1A8D967D926D94657
:10D62000E187D926D946D926D967D20AD3F1F69C03
:10D63000DEDD9DBA8D9A859B85BB757A757B6D5AAB
:10D64000653A653A651A5CFA5CFA5CFA651A757BAC
:10D650007D9B7D9B7D9B7D9B7D7A7D7A7D9A7D7A6E
:10D660007D7A7D7A7D7A7D7A7D597D59755A755A94
:10D670006519653A653A653A651A54FA54FA54FAE6
:10D6800054F954D94CD944984C9944793C583C5855
:10D690003C583C583C373C583C583C583C583C372C
:10D6A0003C1733F633F633F62BD52BD52BB5239514
:10D6B0002B952B95239523742395239523952395BB
:10D6C0002394239423942BB52394239523742374B8
:10D6D00023942B94239423742374235312F212F271
:10D6E0001AF21AF212D212D212D212D112D112D2CC
:10D6F00012F212F212D112B112700A300A2F0A502D
:10D700000A0F01CE01AE01AE01AD01AD01AE01AE19
:10D71000018D018D018C018DE229E229E26AE26925
:10D72000DA29DA29D209DA4ADA2AE28BE28BEACC60
:10D73000E2CCE2CCEAEDE2CDEAEDE2EDEB4EEB4EEF
:10D74000EB6FEB6FEB8FEB4EEB4EEB6EEB6EEB4E4E
:10D75000EB4EEB2DEB2EEB2EEB2DEB4EEB4EEB2DA4
:10D76000EB2DE30DE32DE32DEB4EEB4EEB4EE32ED5
:10D77000E32EE36FE36FDB6FDB8FEC52F493F4B3D4
:10D78000F4F5FD15EC72E411DB6FDB2DDAEDE2ED63
:10D79000EAECF30DF32EEB0DEB0DEB0DEB0DEB0DBA
:10D7A000EB2EEB2EEB0EEB0DE2CCEAEDF32DEB2D99
:10D7B000EB2DEB0DEB2EEB2EE30DEB4EEB2EEB0DED
:10D7C000F32DEAACEAABE24AEA6AEA29EA29E1C8BF
:10D7D000E9C8E1C8E1A7E1C7E1E8E1E8E1E8E1A8DB
:10D7E000E1C8E1C8E1E8E1E8E1E8EA09E209E1E8E5
:10D7F000E1C8E1E8E1E8E1C8E1C8D946D926D9267F
:10D80000D946D926D926E187D967CA0ADC93EEBC66
:10D81000CE9D8D9A8DBB7D9B7D9B757A757B6D5A58
:10D820006D3A653A653B5CFA5CFA5CFA653A757B81
:10D830007D9B7D9A7D9B7D9B7D9A7D7A7D9A7D9A4D
:10D840007D7A7D7A7D7A7D797D7A7D59757A755A72
:10D8500054B8653A653A653A5D1A54D954D954FAC0
:10D8600054D954D94CB94C984C9844983C583C588D
:10D870003C583C583C58447844783C583C573C37DA
:10D880003C1733F633F62BB52BD52BD52B9523959B
:10D890002B952B952B95239423942B9523952394AB
:10D8A0002394237423742374239423742374237480
:10D8B0002354237423942B942374235312D11AF2E8
:10D8C0001AF21AF212D212D212D212B112B112D12B
:10D8D00012F21AF21AD212B10A70022F020F0A2F94
:10D8E0000A0F01CE01AE01AD018D01AD01CE01AD3A
:10D8F000018D018C018C01ADE249E229E24AE26A24
:10D90000DA29E24ADA29E24ADA4AE26BE26BE2AC6D
:10D91000F30DEAECEB0DEACDE2CDE2CCEB2EEB2EF3
:10D92000EB4EE34EEB6FEB6FEB4EF36FEB2EEB4EEC
:10D93000EB2EEB4EEB2EEB4EEB2EEB0DEB2EEB2E00
:10D94000EB2EEB2EE30DEB2DEB2DE30DEB2DEB2D65
:10D95000EB2EE32EE32EE32EDB2DDB0DE34EE34E29
:10D96000DB4EE34EE34EE32DE30DE2CCEB0DEB0D8E
:10D97000EAEDEAEDEAEDEAEDEB0DEB0DEB0DEB0D6B
:10D98000F34EEB2EEAEDEAEDE2CCEAEDF32EEB0DF1
:10D99000EB2EEB0DEB2EEB2DEB4EEB2EEB2EEB0EE1
:10D9A000F30DEACCE24AEA4AEA29EA09EA09E1C8BF
:10D9B000E1A8E1A7E1C7E9C8E1A7E1C8E1C8E1C87A
:10D9C000E1E8E9E8E9E8E9E8EA09EA09E1E8E1C8C3
:10D9D000E1E8E1E8E1C8D946D946D946D926D926B1
:10D9E000D926D967D947E9C9D967CA2AE4F4EEDD4F
:10D9F000B61B8D7A85BB7D9B7D9B757A757B6D7B18
:10DA00006D3B651A5D1A5CFA5CFA5CD96D1A759B00
:10DA10007D7A7D9A7D9B7D9B7D7A7D7A7D7A7D9BCB
:10DA20007D7A7D7A7D7A7D7A7D797559755A6D3AE0
:10DA30005CD8653A6D5B655B5D1A54FA54DA54DA6A
:10DA400054FA54D94CB94C984C98447844583C58A2
:10DA500044784478447844783C373C373C373C370A
:10DA60003C3733F633F62BB52BD52BB52BB52B9591
:10DA7000237523742B95237423B523952395239421
:10DA800023942374237423542374237423542374FE
:10DA9000237423742B9423742B9423531AF21B1393
:10DAA0001AF21AF212D212D212D212D212D112D207
:10DAB0001AF212D212D212B112710A2F020F0A2FC9
:10DAC0000A2F01CE01AD09CE018D01AD01AD018D51
:10DAD000018D018D018C018CE229E229E229E24AC3
:10DAE000E24AE26AE249E229DA2ADA29DA4AE26B10
:10DAF000E28BE2ACEAEDE2ACE2ACE2CCE2CDE2ED0C
:10DB0000E30EE30DEB6EEB4EE32EE30DEB2EEB2E6F
:10DB1000EB2DE32DEB4EE32DEB2EEB2DEB0DEB0D73
:10DB2000EB2EEB2EE30DE30DEB4EEB2EEB2EE30D88
:10DB3000EB2DEB2EEB4EEB2DEB2DEB2DE30DEB0D4B
:10DB4000EB0DEB0DEB0DEAEDEAEDE2CCEAEDE2CC0C
:10DB5000EB0DEAEDEACCEAEDEAEDEB0EEB0DEB2E88
:10DB6000EB2EEB2EEAEDE2CCEAEDEB0EF32EEB2EF4
:10DB7000EB2EEB2DEB2EF36EEB2DEB2DEB2DEB2E99
:10DB8000EB0DEACCE209EA2AEA49EA29E1E8E1C830
:10DB9000E1A7E1A8E1C8E1C8E1A7E1C8E1C8E1E87F
:10DBA000E1E8E1E8E9E8E9E8EA09EA09E1E8E1E8C9
:10DBB000EA09E1E8E1A7D966D926D926D905D946E7
:10DBC000D946D947D947E9E9D188D28CE556E6FD4F
:10DBD000A5BA8D9B85BB7D7B7D9B755A757B6D5AE8
:10DBE0006D5B651A651A651A64FA651A755A7D9B2C
:10DBF0007D9B7D9A7D9A7D9A7D7A7D7A7D7A7D9ACC
:10DC00007D7A7D7A7D7A7D7A7D7A757A755A6D5ABC
:10DC10005CD96D7C653B653B5CFA5CFA54DA54DA9E
:10DC200054FA54D954D94C984C984C9944583C388F
:10DC30004C9944784C98447844583C3744373C17C6
:10DC400033F633F633D633D62BB52BB52395239540
:10DC5000239523742B952374239523952394239440
:10DC60002B942B94237423542374237423742374CC
:10DC70002374237423742374235423541AF21AF242
:10DC80001AF212F212D212B212D212B212D212D26C
:10DC90001AF212F21AF212B10A700A2F022F0A2F88
:10DCA0000A0F01CE01AD01AD018C01AD018D018DD9
:10DCB000018C018D018C018CE249E229E24AE24AA1
:10DCC000E26AE249E229E249DA09DA29E24AE26B48
:10DCD000E26BE2ACEAECE2ABEACCE2ACDA8BEAED86
:10DCE000E2CCE30DE32EEB4EEB8FE32DE32DEB0DBA
:10DCF000E30DEB2DEB2EEB4EEB4EEB4EE30DE30D78
:10DD0000EB2EE30DE32EEB4EF36FEB2EEB2EEB2E13
:10DD1000EB2EEB4EEB4EEB2EE2EDEB0DEAEDE2CD12
:10DD2000EAEDE2EDEB0DEAEDEACDEAEDEAEDEAED42
:10DD3000EB0DEB0DEAEDEB0EEB0DEB2EEB2EEB2EE0
:10DD4000F34EEAECEAEDE2CCEAEDEB2EEB2EF34EED
:10DD5000EB2EEB4EEB2EEB4EEB2DF34EEB2DEB2D96
:10DD6000EAEDF2CCE24AEA6AEA4AE208E1E8E1E8EE
:10DD7000E9E8E1C8E1C8E1E8E1A7E1A7E9E8E1C82D
:10DD8000EA09E9E9E9E9EA09EA09E1E8E1E8E2089A
:10DD9000E208E1C8E1C8D967D946D905D926E166C4
:10DDA000D946D967D988E1C9D9E9DB2EEDF8E6FD76
:10DDB000A5DA95BB8DBB7D9B7D9B755A757B6D5A96
:10DDC000653A651A651A651A651A651A757A7D9B32
:10DDD0007D9B7D9A7D9A7D9A7D9A7D9A7D7A7D7ACA
:10DDE0007D5A7D7A7D7A7D7A7D7A755A755A64F985
:10DDF000653A653A5D1A5D3B5CFA54FA54DA54FAB6
:10DE000054FA5CD954B94C984CB944784478445885
:10DE1000447844784CB94478445844373C373C17EC
:10DE200033F633D633D633D62BD52BB5237423759F
:10DE30002B9523752B9523942395239523952BB50B
:10DE40002B9423942B9423742374235323742353EC
:10DE500023742373237423742B9423741B121B13B6
:10DE60001B121AF212D212B112B112B112B112B1C6
:10DE700012D21AF212D112B10A700A2F022F0A30EE
:10DE8000125001EE01AE01AD018D018D018D018CAD
:10DE9000018D018C016C018CDA09E249E229E22949
:10DEA000E249E26AE249E249DA09DA29DA29E24A90
:10DEB000E24AE28BEACCE2ABE2CCEACDE2ACE2CCE5
:10DEC000EAEDEB0DE2EDEB4EF3B0EB8FE32DEB2D36
:10DED000EB2EEB2EEB2EE34EEB4EEB4EEB2EE30D4B
:10DEE000EB2EE32DEB2EEB6FEB4EE32DEB4EEB4EDB
:10DEF000EB4EEB2EEB2EEB2EEB0DEB0DE2EDEB0DE7
:10DF0000EB0DEB0DEB2EEB0DEAEDEB0DEB0DEB0D51
:10DF1000EB2EEB0DEAEDF34EEB0DEB0DF34EEB0DAF
:10DF2000EAECE2CCE2EDF34EEB2EEB4EEB2EEB2ED9
:10DF3000EB6FEB2EEB4EEB2EEB4EF36EEB2DEAEC94
:10DF4000F2ECEA6AEA4AEA6AEA49E1E8E1E8E1E889
:10DF5000EA09E1E8E9E8EA08E1A7E1A7E1C7E1E8C1
:10DF6000E1E8E1E8E1E8EA09E1C8E1E8EA29EA29CB
:10DF7000EA29EA08E9E8E1A7D926D926D946E167DE
:10DF8000D967D967E1E9EA2AF2CCD2ECEDF8DEFDF7
:10DF9000AE5C95DB8DBB7D7B7D7B757B757B6D5A28
:10DFA000653A651A651A5D1A5D1A6519759B7DBB20
:10DFB0007D9B7D9B7D9A7D9A7D9A7D7A7D7A7D9AE7
:10DFC0007D7A7D7A7D7A7D7A755975596D5A5CD9DD
:10DFD0005D1A5D1A653B5D1A54D954FA54DA54D966
:10DFE00054D95CF954B94C984C9944783C584458ED
:10DFF0004C994C784C9844784458443744373C37D3
:10E00000341633F62BB52BB52BD52BB5239523958D
:10E01000237423752B95239423952395239523749B
:10E020002B9423942B9423742374237423542374E8
:10E030002373237323742394237423541B331B33BC
:10E040001B1312F212F212B212D20AB10A9112B1D9
:10E050001AF212F212F212B112700A2F020F0A2FE4
:10E060000A2F01CE01AE018D018D016C018C018D55
:10E07000018D018C016C016CDA29DA29E229E2298F
:10E08000EA4AE229E249EA6AE229DA29E24AE26A4C
:10E09000E26BE28BE28BDA6BE2ACEAEDEAACEACC63
:10E0A000E28BE2ACE2EDE30EEB6FE34EE34EE30D09
:10E0B000E32DE30DE32DEB2EEB4EEB4EEB2DE30DBD
:10E0C000EB4EEB4EE32DEB4EEB4EE32EEB6EEB4EB9
:10E0D000EB6EEB2EEB2DEB0DEB0DEB0DE2ECEB2DE8
:10E0E000EB0DEB2DEB2EEB0DEB0DEAEDEB0DEAED71
:10E0F000EB0DEB4EEB0DEB2EEB2DF34EEB2EE2ED9D
:10E10000EB0EEB0DF34FEB2EEB0DEB2EEB4EEB2E60
:10E11000EB4EEB4EEB2EEB4EEB4EEB2EEB0DEACC3B
:10E12000F2ECE209EA29E1E8E1E8EA09E1E8E9E8F4
:10E13000E1C8EA09E1C8E1E8E1C8E1E8E1C8E1E8ED
:10E14000E1E8E9E8E1E8EA29E1C8E1C8E9E8E9E865
:10E15000E1E8E1E8E9E8E187D925D926D926E147D0
:10E16000D947D946F22AD9A8D9C9CAACF639DEFDB1
:10E17000A61B8DBB85BB859B7D7B755B757B6D5BB6
:10E180006D3A651A64FA651A5CF9653A7D9A7D9B69
:10E190007D9B7D9B7D9A7D9A7D7A7D7A7D7A7D7A45
:10E1A0007D7A7D7A7D7A7D7A75596D396D3A5CD943
:10E1B0005CFA5CFA5D1A54D954D954D954DA54D95A
:10E1C0005CD95CF954B94C784CB9447844584478DB
:10E1D00044984C994CB944784458443744583C3797
:10E1E000341633F633D62BB52BB52BB523741B540D
:10E1F0001B5423542B742374237423742B9523945E
:10E200002394239423742353235423542354237497
:10E2100023542353237423942B94235423332333E1
:10E220001B1312F212D212B112B112B112B112B109
:10E2300012F212F212D212B10A700A2F020F0A3031
:10E240000A2F01CE01AD01AD018D018D018D01AD12
:10E25000016C018C016C018CE249DA09DA09E229CE
:10E26000DA09E24AE229E249E229DA29E26BDA290B
:10E27000E26BE2ABE28BE28BE2ABE2ACE2ACE28CD3
:10E28000DA4BE28CE2CCE2EDEB4EE34EE34EE32DD3
:10E29000E30DE32DE32DEB4EEB2EEB4EEB2DEB2EB2
:10E2A000EB2EEB4EE30DE32DEB4EE32EE32DEB4E89
:10E2B000EB6EEB6EEB4EEB4EE2EDEB2DEB2DEB2E22
:10E2C000F34EEB2EEB2EEB2EEB0DEB0DEAEDEB0D03
:10E2D000EB4EEB4EEB0DEB0EEB4EEB2EEB2EE2EDA1
:10E2E000EB0DEB2EEB2EEB2EEB0DF36EF36FEB4EF7
:10E2F000EB4EE32EEB2EEB4EEB2EF34EEACCEACCBC
:10E30000EA6BE209EA09E9E9EA09E208E1E8E1E899
:10E31000E1E8E1C8E1C8E1C8E1A7E1C8E1C8E1E896
:10E32000E1E8EA08EA08EA09E1E8E1C8E9E8E1C861
:10E33000E1C8E1A7E1C8E187D926D946D946D9265F
:10E34000D906D967E188D167D1A8CAACFE5ADF1DCA
:10E35000A61B8DBB859B859B7D7B755B755B6D3A35
:10E36000653A651A651B64FA6D5A6D5A7D9B7D9BF3
:10E370007D9B7D9B7D9A7D9A7D7A7D9A7D9A7D9B02
:10E380007D7A7D9A7D9A7D7A7D9A757A757B5CF926
:10E390005D1A54D9653B54D954D954D954DA54D957
:10E3A00054D95CF954B94C984CB9449844784478A1
:10E3B00044784CB94C9944784458445844383C17F4
:10E3C00033F733F633D623952BB52BB523751B5472
:10E3D0001B3423742B952B74237423952B952B942A
:10E3E0002B9523742374235323942374235423548D
:10E3F00023532354235323742B9423531B331B3352
:10E40000233312D212D112B112B112B112B112D100
:10E410001AF21AF21AF212B112700A2F020F0A0F30
:10E420000A2F01CE01AD018D018D018D01AD018D50
:10E43000018D018C018C016CD9E8DA08DA09DA095E
:10E44000DA09E249E26AE26ADA29E24AE26ADA29A8
:10E45000E28BE26BE26BDA4AE28BE28BE28CEAACB3
:10E46000EAACE2ACEAEDE2CCEB0DE30DE30DEB2E12
:10E47000E30DE30DE32DE32DEB2EEB2EE32DE32D4A
:10E48000EB4EEB4EEB4EEB4EE32EE32EE32DEB2E5D
:10E49000EB4EEB4EE32EEB4EE2EDEB2EEB0DEB4EA7
:10E4A000EB2EEB0DEB2EEB2EEB0DEB0DEB0DEB2E28
:10E4B000EB2EEB0DEB0DEB2EEB2EF34EEB0DEB0DF0
:10E4C000EB0DEB0EEB2EEB0DEB2EEB4EEB4EEB4E86
:10E4D000EB4EEB2EEB4EEB2EEB2EF30DEAABE229DF
:10E4E000D987E9E8EA09EA09EA09EA09E1E8E2087C
:10E4F000EA09E9E8E1E8E1A8E1C8EA09E209E1E8B6
:10E50000E1E8E9E8EA09E1E8E1E8E1E8E9E8E9E881
:10E51000E1E8E1C8E1A7E187D926D946D926D9267D
:10E52000D926E167E167D947D188D2EDFE9BDEFDB0
:10E53000A5FB8DBB85BB7D9B757A755A755B6D5B45
:10E54000653A5CF9651A5CFA651A755A85BB7D9A5D
:10E550007DBB7D9B7D9B7D9A7D7A7D9B7D7A7D9B1E
:10E560007D9A7D7A7D7A755A755A755A757B653AAA
:10E570005D1A655B5CFA54D954D954D954D954D92D
:10E5800054B85CF954D94C984C9844784478447801
:10E590004498449944994478445844583C173BF76C
:10E5A00033F633D633D62B952BB52BB62395235480
:10E5B0001B5423742B742B7423742B942B952B9541
:10E5C0002B942B9423542353235423542354235404
:10E5D0002354233323542374237423531B132333CF
:10E5E000233312D212D212B112D112B112B112D1FE
:10E5F0001AF21AF212F212B10A70022F020F0A2F47
:10E600000A2F01CE01AD01AD018D018D01AD01AD2E
:10E6100001AD018D016C016CD1C7D9E8E229DA099D
:10E62000E229DA29E249E249E229DA29DA29E24A49
:10E63000E24ADA4ADA6BDA6BE28BE28BE28BE2AC2B
:10E64000E2CCE2ACE2CCEAECE2CCE2CCE2EDEB2DC7
:10E65000EB4EE32DE32DE30DE30DE30DE32DE2EDB2
:10E66000EB2EE30DEB4EEB2EE32EEB4EE30DEB4EDC
:10E67000EB2DEB2EE30DE30DE2EDEB0DE30DEB2EB9
:10E68000EB0DEB0DE30DEB4EEB0DEB0EEB0DEB0D90
:10E69000EB2EEB0DEB2DEB2EEB0DEB0DEB2EEB0D37
:10E6A000EB0DEAEDE2EDE2EDEB4EEB4EEB4EEB4E19
:10E6B000E30EEB4EEB2EEB2DEB0DEACCEA8BE1E813
:10E6C000E187E187E1A7EA09EA09E1E8E1C8EA08A8
:10E6D000E1E8E1E8E1C8E1C8E1C8E1E8E208E20810
:10E6E000E1E8E9E8E1E8E9E8E1E8E1E8E1E8E1E8D2
:10E6F000E1C8E1A7E1A7D967D946D905D105D9264F
:10E70000D926E167E167D967D9C9D30EFEBCDF1E00
:10E710009DDB8DDC859B7D9B7D7A757B755B6D3A82
:10E72000653A651A651A651A6D5A755A7D9B7D9A08
:10E730007D9B7D9B7D9A7D9B7D9A7D9A7D7A7D9B3D
:10E740007D7A7D7A7D7A755A757A757A757B6D5A80
:10E75000651A653A54D95CFA54D954D954F954B964
:10E760005CF95D1954D94CB84C98447844783C57BE
:10E7700044784478447844783C3744583BF733F73E
:10E7800033F633F633D62B952BB52BB523742354A0
:10E790001B34237423942B742B742B942B942BB540
:10E7A0002BB52B95237423532374237423542353A1
:10E7B0002333233323532354237423531B3323330F
:10E7C0001B1312B112B112B11AF212B112B112D25C
:10E7D00012D21AF21AF212B112700A2F01EF0A0FB6
:10E7E0000A0F01AD01AD018D018D018D018D018DEE
:10E7F000018C016C016C018CD1E8DA09E229DA099B
:10E80000D9E8E209E249E229DA09E249E229E24AE1
:10E81000E24AE24AE26BE2ACEB0DEAECE2ACEACCB3
:10E82000E2ACE2ACE2ACE2ABEACCE2ACDAACE2ED18
:10E83000EB2EEB4EEB0EE30DE30DE32DE30DE30DBD
:10E84000E30DEB2EE30EEB2EEB2EE32EE32EEB4E41
:10E85000EB2EEB4EEB2EE30EEB2EEB0EEB2EEB4EF8
:10E86000EB2EEB0DEB0DEB2EEAEDEB0DEB0DEB2EA6
:10E87000EB4EEB2EEB2EE30DEB2EEB4EEB2EEB0DDA
:10E88000EB0DEB0DE30DF34EEB4EEB2EEB2EE30D0C
:10E89000EB4EEB2EEB4EEB2DEACCF2ACEA29E1A7E6
:10E8A000E1A7E187E187E1A7E9E8E1C8E9E8E9E86C
:10E8B000E1C8E1C8E1A7E1A7E1A7E1C8E1E8EA0909
:10E8C000EA09E1E8E9E8E1C8E9E8E1E8E1C8E1E806
:10E8D000E1C8E1A8E1A7E187D926D926D906D9065A
:10E8E000D946D946D967D9A8DA2BCAEDFEBCD6DD00
:10E8F0008D7A85BC8DDC859B7D7A757B755B6D3AE9
:10E90000653A651A651A651A6D3A7D7B7D7B7D7A5D
:10E910007D9A7D9B7D9A7D9A7D9A7D9A7D9A7D9B3D
:10E920007D9A7D9A7D7A7D7A7D7A755A757A7DBBDE
:10E93000653A5D1A54D95D1A5CFA54D95CF95CD910
:10E940005CF95CF954D94C984C99449844783C58FB
:10E950004458447844783C583C173C17341733F7F4
:10E9600033F633F633F62BD52BD62BB523952375FB
:10E970001B5423542B7523742B942B942B952B957C
:10E980002BB52B9423742354235323542354235300
:10E990002333233323332354237423531B3323740C
:10E9A000233312B212B112D212F212B112B112B159
:10E9B0001AD21AF21AF212B112700A2F020F0A0FAB
:10E9C00009EE01AD01AD018D018D016C016D016C90
:10E9D000016C016C018C016CDA09DA09D9E9D9E919
:10E9E000D9E8E229E229E249E249E24AE229E26A77
:10E9F000E24ADA09DA6BE28BE2ACE2CCE2ACE2CCDE
:10EA0000E2ACE2ACE2ACE28BE2ACE2ACDA8BEB0D76
:10EA1000EB4EEB2EEB0DE30DEB2EEB2EE2EDEB2EA2
:10EA2000E2EDE30DEB2EE30DEB2EE30DE32EE32EF3
:10EA3000E30DEB0EEB2EEB0EE2EDE30DE30DEB2E13
:10EA4000EB0DEB2EEB2DE2EDEB0DEB0DEB2EEB2DAD
:10EA5000EB0EEB2EE30DEB2EEB2DEB4EEB2EEB2E18
:10EA6000EB0DEB0DEB4EF36EEB2EEB4EEB2EEB2D99
:10EA7000EB2EEB4EEB2EF30DEAACEA6BEA29E1A7A5
:10EA8000E9C8E187E1A7E1A7E1C7E1C8E1A7E1A7FC
:10EA9000E1A7E1A8E1C8E187E1A7E1A7E9E8EA2960
:10EAA000EA29EA08E9E8E1C8E9E8E1E8E1E8E1E8BB
:10EAB000E1C8E1C8E1A7E187D926D926E146D926F0
:10EAC000D926D926D947EA2AE28CC2EDF6BCCEFD7A
:10EAD0008D7A8DDC859B7D7B7D7B757B755B6D5A2F
:10EAE000653A651A651A651A6D197D7B7D7A7D9B7D
:10EAF0007DBB7D9B7D9B7D9B7D9A7D9A7D9A7D9B39
:10EB00007D9A7D9A7D7A7D7A7D7A755A7D9B7DDCB2
:10EB1000759B653A54D954D954FA5CF95CF9651A75
:10EB20005CF95CF954D94C984C98449844784478F2
:10EB30004478445844783C5844583C37341733F6AA
:10EB400033F6341633F62BB52BD52BB5239523741A
:10EB50001B3423552B952B952B742B742B952B95B0
:10EB60002BB523741B33235323532354237423546F
:10EB70002353233323532B542B742B9423531B33B2
:10EB80001B1312D212B112B112D212B112B112B1C0
:10EB90001AD21AD21B1212B112700A30020F0A0FC7
:10EBA00009EE01AD018D01AD016C016C016C016CD0
:10EBB000016C016C016C016CD9E9D1E8DA09DA0960
:10EBC000D9E9E229D9E8DA09E249E26AE229E24A26
:10EBD000E229DA09DA4AE28BDA6ADA6BE28BE28B53
:10EBE000E28BE28BE2ACE2ABEACCDA8BDA8BEAEDD9
:10EBF000EB2DEB4EE32DEB2EE30DEB2DE2EDEB0DCC
:10EC0000E30DEB2EEB4EE30DE30DE30DE30DEB2EE9
:10EC1000E30DE30DEB0DE2EDEB0DEB0DEB2EEB2E2B
:10EC2000E30DEB2EE30DEB2EE30DEB2EEB2DEB2D99
:10EC3000EB0DEB2EEB2EEB4EEB2EEB4EEB2EEB2EED
:10EC4000E30DF36EEB4EEB4EEB2DEB0DEB2EEB0DE0
:10EC5000EB2EEB2DEB2DF2EDEA6AEA49E1C8E9C8AB
:10EC6000E9E8E1A7E1A7E187D987E1A7E1A7E9C83A
:10EC7000E1A7E1C7E1A7E1A7D987E1A7E9E8E9E8CA
:10EC8000EA08E1E8E1C8E9E8E1E8E9E8E1E8E1C843
:10EC9000E1A8E187E187E187D926D925D925D926B9
:10ECA000D926D926E188E20ACA2ADBF1F6DCC6BDFC
:10ECB0008D7A8DDC859B7D9B757B757B755B6D3A55
:10ECC000651A651A651A651A753A857B859B859A5A
:10ECD0007D9B7D9B7D9B7D9A7D9A7D9A7D9A7DBB58
:10ECE0007D9A7D7A7D7A7D7A7D7A7D7A755A759B5B
:10ECF0006D5A653A5CFA54B954D95CFA5CF9651AF4
:10ED00005CF95CF94CB84C984C9944984478447838
:10ED100044783C5844783C583C373C373C373416B0
:10ED2000341634162BD52BB52BB523B52395239547
:10ED300023751B5423752B7523742B7423742BB5E7
:10ED400033D52394235423532354237423742353FC
:10ED50001B331B131B3323532353235323532333BB
:10ED60001B1312D20A9112B112B112B112B112B127
:10ED700012D11AF21AF212B112700A0F020F09EF31
:10ED800009EE01AD018C018C016C018C016C016CF0
:10ED9000018C016C016C014CD9E8D1E8D1E8DA2989
:10EDA000D9E9D9E9DA09D9E9DA09E26AE249E229D5
:10EDB000E229E229DA29E26AE28BE28BDA2AE2AB83
:10EDC000DA4AE28BE2ABE2ABE2ACDA6BE2ABEAED61
:10EDD000E2CCE2EDEB2EEB4EE2EDE30DE30DE2EDE6
:10EDE000EB0DEB2EEB4EEB2EEB2EE30DEB2EEB2E85
:10EDF000E30DE32DE2EDE30DE2EDE30DE30DE30DB5
:10EE0000EB2DE30DE30DE30DE30DEB2EEB2EEB2EDF
:10EE1000EB0DEB0DE30DEB2EEB2EEB2EEB4EF36F2C
:10EE2000EB4EEB4EEB4EEB2EEB4EEB2DEB2EEB2E9B
:10EE3000EB2DEB2DEAECEAABE209E208E1A7E9E809
:10EE4000E1C7E1A7D986E1A7E187E1A7E1A7E187CB
:10EE5000E1A7E1C7D987E1C8E187E1A7E1C7E1C739
:10EE6000E9E8E1C8E9E8E9E8E9E8EA08E1C8E1C772
:10EE7000E187E187E187E187D925E146D925D906F0
:10EE8000D946D126D988D9E9DACDECB4F6DDBE9CD5
:10EE900095BB85BC859B7D7B757B757B755B6D5B51
:10EEA000653A651A653B651A755A857B859B7D9A1F
:10EEB0007D9A7D9A7D9B7D9A7D9B7D9A7D9A7D9A98
:10EEC0007D9A7D9A7D7A7D7A7D7A757A755A755AA2
:10EED0006D5A759B653B5CD954D95CF95CF9653A10
:10EEE0005D195CF954D94C984C9844783C58445876
:10EEF0004478447844583C573C573C3734373C3787
:10EF00003416341633F634162BB52BB523952395CA
:10EF100023751B541B341B13235423542374235471
:10EF2000237423532353233323332333235312F2E2
:10EF300012D112D112F21B1223132B5423331B13A1
:10EF40001AF21AF212D212B112B10A910A9112B146
:10EF500012B11AD11AF212B112700A2F020F0A0F4F
:10EF600009EE018D018C018C016C018C018C018CEE
:10EF7000018C016C016C016BD9E8D9E8DA09E26A0D
:10EF8000D9E8E209D9E9D9E9DA09E229EA6AE22904
:10EF9000E209E229E229E24AE26BE26BE24ADA2A7A
:10EFA000E26BEACCE28BE2CCE2CCDA8BE2ACEACCEC
:10EFB000E2CCE2CCE2EDE2ECE30DE30DE30DEB0E8F
:10EFC000EB2EEB0DEB2EEB2EEB2EEB0EEB2EEB4E9A
:10EFD000E32DEB2EE32DE32DE2EDE30EE30DE30D48
:10EFE000EB4EE30DEB2EE30DEB0DEB0DEB2DEB2ECE
:10EFF000EB0DEB2EEB2DEB2EEB4EEB4EF36FEB6EA2
:10F00000EB2EEB2EEB4EEB2EEB2DEB2EEB2EF32E11
:10F01000EB0DEAECEACCE229E229E1E8E1E8E9E8F3
:10F02000E1C7E1A7E186D986E187E1A7E187E1A70A
:10F03000E187E187E187E187E1A8E1A8E1C7E1C8CD
:10F04000E1C7E1C7E1E8E9E8E1C8E1E8E1C8E1A733
:10F05000E187E187E187E187D926D926E126D9260C
:10F06000D946D967D988E22ACA8CF536EEDDB65B77
:10F070008DBB85DC85BB7D9B757A755B755B7DBCC7
:10F080006D3B651A653A6519755A7D9B859B859A16
:10F090007D9B7D9B7D9B7D9B7D9A7D9A7D9A7D9AB4
:10F0A0007D9A7D9A7D7A7D7A7D7A755A6D5A6D3A10
:10F0B0006D3A6D7B653A651A5CF954D95D19653A0C
:10F0C0005CF95CF954B84CB94C994498445844588C
:10F0D0004458447844583C573C573C5744583C5754
:10F0E0003C1733F634163C372BB52BB523952395B7
:10F0F000237423741B131B132354235323542354AB
:10F10000235423542353235323532354235412F2BD
:10F1100012B112B112B112F21AF223532353235334
:10F120001AF21AF212D1129112B112911291129195
:10F1300012B11AD21AF212D112900A500A0F09EF24
:10F1400009CE018D016C018C016C016C016C018C8C
:10F15000016C014B016C014BD9C8D9E8D9E8DA2917
:10F16000DA09D9E9D9C8D9E9D9E9E229E249E22994
:10F17000E249E229DA09E229E24ADA29E26AE24AC4
:10F18000DA49E26AE28BEAACEAACDA6BE28BE28B58
:10F19000EAACE2ABE2CCE2CDEB2EEB2EEB4EEB2E6B
:10F1A000EB0DEB0DE30DEB2EE2EDE30DEB2DEB2D77
:10F1B000EB4EE30DE32DE32DEB4EE32EEB4EEB2E6A
:10F1C000EB4EEB2EEB2EEB4EEB2EEB2EEB0DEB4E38
:10F1D000EB2EEB4EF36EEB6EEB6EF38FEB4EEB4ED6
:10F1E000EB4EEB2EEB4EEB2EEB2EEB2EEB0DEB2D39
:10F1F000EAEDEACCE26AEA6AEA29EA4AEA29F2296D
:10F20000EA08E1A7E1C7E186E1A7E1A7E187E1A775
:10F21000D986E187E187E187E1A7E1C7E1C7E1C8D6
:10F22000E1C7E9C7E1C8E1E8E9C8E9E8E1A7E187A2
:10F23000E1A7E187E187E1A7D946D926E146D926AA
:10F24000E146D967D987D1E9CA6BECF5EEDDAE1B93
:10F250008DBB8DFC8DFC7D9B757B757B7D9B757B54
:10F260006D5B651A6D3A755B7D7B859B7D7A7D9ABA
:10F270007D9A7D9B7D9A7D9A7D9B7D9A7D9B7D9BD2
:10F280007D9B7D9B7D7A7D9B7D9A757A755A6D7A83
:10F290006D5A653A651A64F95CF95CF95D19653A6D
:10F2A0005CF95CF954D94C984C98447844784458AB
:10F2B0004458445844573C57447844783C373C378A
:10F2C000341733F633F634162BD52B9523952BB5FF
:10F2D00023751B541B1412F22354235323742374D9
:10F2E00023542354235323532353235423331B12D4
:10F2F00012D212D112B112F21B1223532B74231209
:10F3000012D212D212B1129112B112B11291129103
:10F3100012B11AD11AD112D112900A500A0F01EE6D
:10F3200001AD018D016C018C016C016C018C016CD3
:10F33000016C014B014B014BD9C8D9E8D9E8D9E898
:10F34000DA09D9E9E209E209D9E9DA09D9E8E209F1
:10F35000DA08E208E229DA29E229DA29E229DA09D7
:10F36000DA09DA09DA09E24AE22AE24AE26BE26BF6
:10F37000E28BE28BE28BE2CCE2CCEB0DEB0EE2ED2A
:10F38000EB2DE30DEB4EE30DEB0EE2EDE30DE30DA4
:10F39000E30DEB2EE2EDEB2EEB2EEB2EEB2EEB2E18
:10F3A000EB4EEB2DEB4EEB4EF36FF36FEB4EEB4E64
:10F3B000EB6EF36FEB6FEB8FF38FEB6EEB6EEB6E31
:10F3C000EB4EEB4EEB4EEB4EEB4EEB4EEB2DEB0DD7
:10F3D000EAACEA6AE24AEA6AF26AEA29EA09E1E898
:10F3E000EA09E1A7E9E8E1A7E1A7E1C7E1A7E18729
:10F3F000E187E187E1A7E1C7E1C8E9E8E1E8E1C821
:10F40000E1C7E1C7E9E8E9C8E1A7E9C8E187E1A701
:10F41000D967E187E1A7E187D946D925D925E14612
:10F42000E146D926D9A8E20ADA8BDBB1F6DDAE1BBC
:10F4300095DB85BC85BB7D7B755A755A757B757B65
:10F440006D7B6D3A651A6D3A755A7D7A859B859B01
:10F450007D9A7D9A7D7A7D7A7D9B7D9B7D7A7D9B51
:10F460007D9A7D9B7D9A7D9A7D9B7D7A6D5A6519EB
:10F4700065196519651964F95CF95CF95D19651917
:10F480005CD85CF954D94C984C984C784458445802
:10F49000447844784478447844983C3734173C376F
:10F4A0003C1733F633F63C1633D62BB52B952BB5DC
:10F4B00023741B541B131AF3233323542354235450
:10F4C00023542374233323532353235423741B3390
:10F4D0001AF212D112D112F21B1223332B731AF229
:10F4E00012B112D112B10A9012B112B1129112914D
:10F4F00012B112D11AF212D112910A500A5009EF28
:10F5000001AD018C018C016C016C016B016C016C13
:10F51000016C016B016B016BD9E8D9C8D9C8D9E975
:10F52000D1C8D1E8D9E8DA09E229D9E8E209E20943
:10F53000E208E229E229DA08E229DA09E209D9C770
:10F54000D9C8D9C8D9C8D1A7D1A8DA09E24AEA8B63
:10F55000EA8BDA4AEAACE2ACEAEDE2CCEB2EE2ED81
:10F56000E30DE30DE30DE30DE2EDEB0EEB2EEB2EE1
:10F57000EB2EE30DEB2DEB0DEB2DEB0DEB0DEB0D72
:10F58000EB2EE30DEB2EEB4EEB4EEB4EE32DEB4E65
:10F59000EB4EEB6EEB4EEB6EEB6EF36FEB4EEB4E1A
:10F5A000EB4EEB2EEB2DF34EEB2EF34EF30DE28BE9
:10F5B000EA6AEA6AF28AE208EA08E9E8EA08E9E8B7
:10F5C000E1C8E1C8E1A7D987E1A7E1A7E187E18721
:10F5D000E187E187E1A7E1C7E9E8E9E8E1C8E9E80F
:10F5E000E1A7E9C8E1C7E1C7E1A7E1A7E1C8E18771
:10F5F000D967E187E187E1A7D946D925D105E14659
:10F60000D926E9A8E9E9E1E9E28BC2EDEE5BBE5C4F
:10F6100095DB85BB85BB757A755A755B757B757B8C
:10F62000757B653A651A6D5A7D7A7D9A859A859AB9
:10F630007D9A7D9A7D7A7D9B7D7A7D7A7D9B7D9B6F
:10F640007D9A7D9A7D7A7D9A7D9B7D9B757A757A70
:10F650006D5A6539651965195CF95CF95CF96519CC
:10F660005CF95CF954B84C984C984C9844584478E0
:10F67000449944783C57447844783C573C373C584C
:10F680003C373C1733F633F62BD62BB52BB52BB5C1
:10F69000239523541B34233423342353237423749A
:10F6A00023542374233323332353235323531B33F0
:10F6B0001B121AF212D21B122312233223331AF115
:10F6C00012D112D212B10A9012B112B10A70129074
:10F6D00012B11AD112D112D112B10A700A2F01EE51
:10F6E00001AD018C016C016C016C016B014B018C53
:10F6F000016C016C016B016BD9E9D9C8D9E8D9E873
:10F70000D1A7D1C8D9C8E209D9E9D9C8D9E8E2094D
:10F71000D9E8E229E229DA08D9E8E229E1E8D9A71B
:10F72000D9C7E1E8D9A7D9A7D187D9A7D9E9E24AAA
:10F73000E26BE28BE28BE26BE28BE2ACEB0DEB0D6A
:10F74000EB2EE2ECEB0DEB0DE2EDEB0DEB0DEB0D2B
:10F75000E2EDEB0DE2EDEB0DEB2DEB0DE2EDEB0D44
:10F76000EB0EEB0EE30DEB2DEB2DE30DE30DE30EB6
:10F77000EB2DE32DEB2EE32DEB2EEB2EEB4EF36E6C
:10F78000EB2EEB0DEA8BEA8BEA6BEA6AEA6AEA6A2D
:10F79000F26AEA09E1A7E1A7D966E9E8E1C8E1C8A8
:10F7A000E1C8E1A7D987E187E9C8E1A7E1A7E1C7F7
:10F7B000E1A7E1C7E1A7E9C8E1A7E1C8E1C8E1A77E
:10F7C000E1C8E1C7E1C7E1C8E1A7E1A7E1A7E1C856
:10F7D000E187D967D987E187D967D926D905E16754
:10F7E000D926D926E187D988DA09CB0DF69BD6FD33
:10F7F00095DB859B7D7B757B757B755B757B755B11
:10F800006D5A6D3A65196D5A7D7A859B859A7D7A18
:10F810007D9B7D7A7D7A7D7A7D7A7D9B7D7A7D9BCD
:10F820007D7A7D7A7D7A7D9B7D9B7D7A7D9A757AC6
:10F830006D5A6519651964F95CF95CF95CF965192B
:10F840005CD85CD94C984C984C984C984478447847
:10F850004CB944984458447844983C573C373C371A
:10F860003C173C1733F633D633F62B952B952B9557
:10F8700023742354235423542B7423742374235448
:10F8800023542353235323542354237423542333C3
:10F8900023131AF212D11B122333231223331AF229
:10F8A00012D11AD212B10A9112B112910A900A70B1
:10F8B00012B11AD112D112B112B112700A0F01EEA7
:10F8C00001AD018C016C016B016C014B014B016CB2
:10F8D000016B016B016B014BE22AD1C8D9E8D9E871
:10F8E000D9E8D9E8D9E8D9E8D9E8E209E209E20992
:10F8F000D9E8E208E229E229E208E229E1E8D9E8C8
:10F90000E229E209D9A7D987D9A7D9A7D9A7E22996
:10F91000DA09EA6BEA6BE26BE26BE2ACEAEDE2EC8D
:10F92000EB0DEB0DE2EDE2EDE2EDE2EDE30DE2EDEC
:10F93000E30DE30DEB0DE30DEB2DE2EDE2EDE2ED7A
:10F94000EB0DEB0DE30DEB2EEB2EEB2EF34EEB2E32
:10F95000EB4EEB4EEB4EEB2EEB0DE2CCF34EEB0D04
:10F96000F2EDE24AD9E9E1E8E1E8D9C8EA09E1C7FC
:10F97000D986E186E187E166E187E1C7E1A7E1A7F2
:10F98000E187E1C7E187E1A7E9C7E1C7E1C7E9C7C7
:10F99000E1C7E9E8E1C7E1C7E1C7E9E8E1A7E1C8F4
:10F9A000E1C7E1A7E1C7E1C8E1A7E1A7E187D987FE
:10F9B000E187E187D987E187E167D925D925D9464C
:10F9C000E146D926E167D9A8DA09CB0DF69BD71D08
:10F9D0009E1B85BB7D7B757B757B7D9B757B757B5E
:10F9E0006D5A6D5A5CF96D5A7D7A859A859B859B17
:10F9F0007D9B7D7A7D7A7D7A7D7A7D9B7D7A7D7A0D
:10FA00007D7A7D7A7D7A7D9B7D9B7D7A7D9B757AE3
:10FA1000757A653A651965195CF95CF95CF95CF908
:10FA20005CF85CF954D94CB84C984C9944784C9893
:10FA30004CB94478447844784C783C373C373C3770
:10FA40003C373C37341633F62BD62B952B952BB5FC
:10FA50001B541B332354237423742374237423747F
:10FA600023532354235323532353235323531B132D
:10FA700023331B131AF21AF22312233223121AF120
:10FA800012D11AF212B10A9112B112B10A900A906F
:10FA900012B112D112D112B112B112700A2F0A2F63
:10FAA00009EE122E09CD016B016B014B014B016B6D
:10FAB000016B016B016B016BE209D1A8E229D9E866
:10FAC000DA08D9E8D9E8D9E8E209D9E8D9E8E1E8DB
:10FAD000D9E8E229E229E208E208E208EA29E1E8B5
:10FAE000E209E209D9A7D987E1C8D9A7D9A7E209CC
:10FAF000D9C8D9C8E24AE24AEA6BEA8BEACCEAAC56
:10FB0000EACCEACCEAEDEB2EE2EDEB0DEB0DEB0DE2
:10FB1000E2EDE2EDEB2EE30DEB2EE2EDEAEDEB0E86
:10FB2000EB0DF36FEB2DEB4EEB4EEB2EEB2EEB0DC7
:10FB3000EB2EEB2EEB2DEB2EEB0DF2EDF2CCF28B50
:10FB4000D9C8E1A7D946D967D966E187E1A7E18697
:10FB5000E186E186E187E187E187E9E8E1A7E187DE
:10FB6000E1A7E1C7E187E186E1C7E187E1C7E1C835
:10FB7000E1A7E1C8E1A7E1C8E1C8E1A7E1A7E1A7E2
:10FB8000E1C7E1C7E1C8E1C8E1A8E1A7E187D987FA
:10FB9000E187E187D966E187E187D926D105D925B3
:10FBA000D926D926D967D9C8E28BDBD0F69BDF1DD1
:10FBB000AE7C8DBB7D7A755A757B757B757B757B4D
:10FBC0006D5A6D5A5CF96D5A7D9B7D7A859A859B3D
:10FBD0007D9B7D9B7D7A7D7A7D7A7D9A7D7A7D7A0B
:10FBE0007D7A7D9A7D7A7D9A7D9A7D7A7D7A757A05
:10FBF000755A653A651965195CF95CF85CF95CF948
:10FC00005CD95CF954B94C984C984C9844784C9811
:10FC10004C9944584C784478445844373C373C37E6
:10FC20003C373C373C1633F62BD52BB52BB52BB5D3
:10FC30001B541B53235423742354235423542354FD
:10FC400023532333233323542353235323331B13AB
:10FC50001B131B131AF21B122312231223121B1243
:10FC600012D112D112900A9012B112B112910A90CF
:10FC700012B112B112D112B10A900A4F0A500A4FB2
:10FC80000A0E0A2E122E016C016B016B016B016BC7
:10FC9000016B014B014B016BDA09D9E8D1C7D9E8F7
:10FCA000DA09E229D9C8D9C8D9C8D9C8D9C8D9E880
:10FCB000D9E8E209D9E8E208DA08D9E8D9C8E1E8E0
:10FCC000E209D9E8D9C7D9A7D9C8D987D987E1C85E
:10FCD000D987D9A7D9E8E209E229E22ADA09DA09BB
:10FCE000E229EA6BEACCEAEDEAEDEAEDF30DF30D79
:10FCF000EACCEAECF30DEAEDEB0DEAECEAEDEAED25
:10FD0000EAEDEB0DEAEDEB0DEB0DEAEDEAECEACCFA
:10FD1000F30DF30DEAECEACCE26AE209D9A7D98740
:10FD2000D946D946D946D946E166E166E1A7E9A7B1
:10FD3000E186E187E187E187E187E1A7E1A8D9874B
:10FD4000E1A7E187E186E187E1A7E9C7E1A7E1C88B
:10FD5000E1A7E1C8E1C7E1C8E1C8E1A7E1A7E1A7E0
:10FD6000E1C7E1A7E1C8E1E8E1A8E1A7D987E18718
:10FD7000E187E187E187D967E166D105D105D10542
:10FD8000D926D926E1A7EA4AE2ECDBF0FEBBDF1D6B
:10FD9000C6DE8D9A7D7A757B757B6D7B757B757BF9
:10FDA0006D5A653A64F96D5A7D9B859B859A7D7A7B
:10FDB0007D9A7D7A7D7A7D7A7D7A7D9A7D7A7D7A4B
:10FDC0007D9A7D7A7D7A7D9A7D9A7D7A7D7A755A43
:10FDD0006D3A6519651965195CF95CF95CD85CF9CF
:10FDE0005CF95D1A54984CB94C98447844584C9935
:10FDF0004C984C784C784478445744573C373C37BF
:10FE000044573C373C1733F62BD52BB52BD52BB5A8
:10FE10001B541B531B5423741B541B342354237433
:10FE200023532353235323332333235323332333A2
:10FE30001B131B121B121B121AF2231223121B126A
:10FE400012B112B112900A9012B112910A900A9056
:10FE500012B112B10A900A900A900A4F0A4F0A7022
:10FE6000020E0A0E0A0E018C016C016B016B016B14
:10FE7000016B014B014B014BD9E9D9C8D1C8DA0953
:10FE8000E229DA09D9E8D9C8D9E8D9E8D9E8D9E81E
:10FE9000D9E8E209E209D9E8E229E229E1E8E20841
:10FEA000E209E1E8D9C7D9A7D9C8D9A7D987D9879D
:10FEB000E209D9C8EA29D187D9C8D9C8D987D98749
:10FEC000D146D967D167E1E9E209E209D9A7D1872B
:10FED000E1C8D9A8D9C8D9E8E229DA09E24AE28B0F
:10FEE000EAEDEAEDEACCF2ECF2ACEA8BEA4AE2099E
:10FEF000EA09D9A8D9A8D166D966D946D946D9463A
:10FF0000D926D946E166E167E167E1A7E187E187A4
:10FF1000E186E186E9C8E187E187E1A7E187E1A819
:10FF2000E1A7E166E187E9C7E9C7E1C7E1A7E1A782
:10FF3000E1A7E1A8E9E8E1C7E1A7E1C8E1A8E1C8D4
:10FF4000E1A7E1C8E1C8E1A7D967D987E187E187DF
:10FF5000E187E187E187D967E187D105D105D1053F
:10FF6000D925D946E1A7E229E2ECDBD0F69BDEFDFC
:10FF7000C6FE8D9A7D7A757B757B755B6D5A6D5A61
:10FF80006D5B6D3A65196D5A859B859A7D7A7D7A90
:10FF90007D7A7D9A7D7A7D9B7D7A7D7A7D7A7D7A68
:10FFA0007D9B7D7A757A7D9A7D7A7D7A7D9B755A67
:10FFB0006D5A651965196519651964F95CF95CF97B
:10FFC0005CF95D1954984CB94C99447844574C9954
:10FFD0004C994C784C984C98445744373C373C17D4
:10FFE0003C373C373C1633F62BB52BB52BB5237479
:10FFF0001B331B1323741B541B342374237423746B
:020000040801F1
:10000000235323742353235323532354235423333D
:1000100023331B131B121B1223121B1223121AF25F
:1000200012B112B10A900A90129112910A700A90BC
:1000300012B112B10A900A900A700A700A70127016
:100040000A4F09EE09EE01AD09ED018C018B016B40
:10005000014B016B014B014BDA09D1C8E229D9E808
:10006000E229E229D9C8D9C8D9E8D9E8DA08DA08F2
:10007000DA08E229E209DA09E229E229D9E8EA29DB
:10008000D9E8E1E8E208EA09E1E8D987D966D96662
:10009000D146D966D966D126D966D966D946D94618
:1000A000D926D105D105D946D946D126E187D92609
:1000B000D946D967D966E9E8D9A7E1E8EA2AEA4A40
:1000C000EA6BE22ADA09D9A8D9A7D146D966D1467E
:1000D000D966D946D926D926D945D946E166E166F9
:1000E000E166E166E187E166E1A7E187E187E1C7D3
:1000F000D966E1A7E187D986E1A8E187D987E187B9
:10010000E166E187E1A7E1A7E1C7E1C7E1C7E1C790
:10011000E1A7E1C7E9E8E1A7E1C7E1A7E1A7E1A815
:10012000E1C8E1A7E1A8E187D987D987E187E1871D
:10013000D967E1A7E187E187E186D925D105D925EE
:10014000D926D925E187E229DAACE452F69BDF1DF6
:10015000D71E95BA7D7A757B757B757B6D5A6D5A06
:100160006D5B653A6519755A859B857A7D7A7D7ACE
:100170007D7A7D7A7D7A7D9B7D7A7D9B7D7A7D7A85
:100180007D7A7D9B757A757A7D9B7D7A7D9B7D9B43
:100190006D5A6D3A6D3A6519651964F964F95CF93F
:1001A0005CD854D854984C984C98447844584CB9DE
:1001B0004C994C784C98447844573C373C373C3702
:1001C0003C373C373C1733D62BB52BB52BB52B958D
:1001D000235423542354239523742BB5237523745C
:1001E00023742374237423732353235323331B3324
:1001F00023331B131B121AF21AF2231223121AF1C1
:1002000012B112B10A900A900A9012900A700A90E4
:1002100012B112B112900A900A700A700A4F0A6F56
:100220000A2F01EE01ED09CE09EE09CD016B016B3C
:10023000014A014B014B014BDA29DA09D9E8D9E827
:10024000D9E8E229D1A7D9C8D9E8D9E8DA08DA0883
:10025000DA08DA09E229D9E8E209D9E8D9E8E22995
:10026000E208E208D9A7D166D987D966D946D987E5
:10027000D966D126D125D125D946D125D946D94609
:10028000D946D946D105D105D925D946D946D92649
:10029000D925D946D125E187D145D966D967D14637
:1002A000E1E8D987D146D987D966E1A7D946E18760
:1002B000D966E166D945E166D966E166E186D96627
:1002C000D946E166D986E1A7E1A7E1A7E187E18701
:1002D000E187E186E1A7E186E1A7D987D966D966FA
:1002E000E187E187E1A7E1A7E1A7E1A7E1A7E1C8ED
:1002F000E1A7E1A7E9E8E1A7E1A7E1A7E1A7E1C755
:10030000E1C8E1A7E1A8E187D986E1A7E187E18714
:10031000E187D986E187E187E166D925D905D90545
:10032000D905D926D946D987DAACEC93F6BBDEFDE0
:10033000D73E9DDA7D7A757B757B757B6D7B6D7A9B
:100340006D5A653A64F965197D9B7D7A7D7A7D7A6F
:100350007D7A7D7A7D9B7D9A7D9A7D9B7D7A7D7A63
:10036000757A757A757B7D7B7D7A7D7A7D9A7D9AAB
:100370006D5A6D3A653A651A651965195CF95CF94B
:100380005CF95CD94CB94C994C994458445754B9D0
:100390004CB94C984478447744573C373C173C3729
:1003A0003C373C37341633B52BB52BB52BD52394BE
:1003B00023531B131B3323951B542374237423745F
:1003C00023542353235323532353235323332333BC
:1003D00023331B121B131B121AF2231223121AF1BE
:1003E00012D112B112900A700A900A900A700A9003
:1003F00012B012B00A900A900A700A700A70127055
:100400000A4F020E0A0E122E120E018C014B014BE6
:10041000014B014A014B014ADA09DA09DA09D9E844
:10042000DA08E209D1A7D9E8D9E8D9E8D9E8DA08A1
:10043000D9E8DA08DA09D9E8D9E8D9E8D9E9E22926
:10044000D9E8D9C7D966D946D967D126D946D96658
:10045000D146D126D925D125D105D946D105D126D8
:10046000D126D966D105D105E166D925D946D10570
:10047000E166D925D0E5E166D925E187E166D92590
:10048000E9C8E187D966E166E186E1A7E187E1870E
:10049000E186E166E166E166E186E1A7E186E18762
:1004A000D966E166E1A7E1A7E187E187E187E1A7F6
:1004B000E187E187E187E186E1A7E187D966E1A7E6
:1004C000D986E187E1A7E1C7E9C8E187E1C8E1C8CA
:1004D000E1A7E9C8E1C7E1C7E1A7E1A7E1C7E1C832
:1004E000E1A7E187D987D966D986D987E187D96617
:1004F000D987E1A7D987E1A7D946D105D905D0E5A4
:10050000D8E5D8E5E146D146C9E9EC32F69BE71DCE
:10051000D73E9DDA859A759B757B757B759B6D7B48
:100520006D5A653A651964F97D7A7D7A7D7A7D7AAE
:100530007D7A7D7A7D9A7D7A7D7A7D7A7D7A755A0B
:10054000757A757A757B757A757A7D9A7D9A7D9BB9
:10055000757A6D5A6D3A651A651965195CF95CF919
:100560005CD854D84C984C984C99447844784CB901
:100570004CB94C7844784478445744573C173C175E
:100580003C373C3734162BD52B942BB52BD52BB5BC
:100590001B531B33131323951B742374237423548D
:1005A00023532353235323532353235323332333DB
:1005B00023331B121AF21AF21AF223121AF11AF149
:1005C00012D10A900A900A700A700A900A700A9072
:1005D000129012B00A900A900A6F0A4F0A6F0A70BE
:1005E0000A6F0A4F09EE018C016B014B014B014B65
:1005F000014A014A014A014ADA09DA09D9E8E2293D
:10060000DA08D9E8D1A7D9C8D9E8D9E8D9E8D9E82A
:10061000D1E8D9E8E209D9E8D9E9E22ADA09DA0920
:10062000D9E8D9C7D145D145E1A7D146D946D96640
:10063000D146D966D126D125D946D946D946D12623
:10064000D966E1A7D926D946D925D105D925D925F5
:10065000D946D946D925D945D946D946D966D96684
:10066000E1C8E187E9C8E187D966D946E166E18753
:10067000D966E187D966D946E187E1A7E1A7E18795
:10068000D966E187E187E187D967E187E187E1A75B
:10069000E187E1A7E166E166E167E166E187E1867E
:1006A000E1A7E1A7E1C8E1C7E1A7E1A7E1A7E1C8A8
:1006B000E1A7E1A7E1C7E1A7E1A7E1A7E9E8E1A791
:1006C000E187E187E187D986D967D967E187E18743
:1006D000E1A7D987E1C8E1A7E1A7D105D0E5D0E539
:1006E000D8E5D8E5E146D926D167C24AFE5AE6FDEB
:1006F000D71E9DDA857A7D7B759B757A6D5A6D7BE9
:100700006D5A6D5A65196D197D9B7D7A7D7A7D7A5A
:100710007D7A7D7B7D7A7D7A7D7A7D9A757A757A10
:10072000757A757A759B759B757A759A7D9B7D9A9E
:10073000757A757A6D3A6D3A651965195CF95CF9E7
:100740005CD85CD94C984C984C9944584C984C992E
:100750004C994C984C784478445844573C173C1674
:100760003C163C16341634162BB52BD52BB52374FA
:100770001B331B131B331B331B54237423742B7425
:1007800023542354235423542353235323532313F5
:1007900023331B331B121AF21B12231222F11AF1FC
:1007A0001AD10A900A900A700A900A901270127078
:1007B00012901290129012900A6F0A6F0A6F0A6FCD
:1007C0000A4F0A2E01AD016B016B014B014B014B2E
:1007D000014A012A014A014ADA09DA09DA29E22939
:1007E000E24AE229D9E8D9E8E1E8D9C7D9E8D9E865
:1007F000D9E8DA09D9C8D9E9DA09E229D9E8E22938
:10080000E1E8E1E8D166D986E1A7D125D145D166F5
:10081000D146D166D126D946D926D946D125D1058A
:10082000D966D966D126D105D105D925D926D9468B
:10083000D946D946D945D946D946D125D966E1A761
:10084000D987E1C8D966E187D966E187D966E187AA
:10085000E1A7D966E187E187E1A7E1A7E1A7E1A7E1
:10086000D966E187D966E187E1A8E1A7D967E18781
:10087000E187D966E186D966E187E187D966E1A794
:10088000E1A7E1A7E1C8E1C8E1A7E1A7E1A7E1A7E6
:10089000E1A7E1A8E1A7E1C7E187E1A7E187E18757
:1008A000E187D967E187D966E187E187E1A7E1A719
:1008B000E187E1A7E1C8E1C8E166D105D0E5D0C58F
:1008C000D0C5D8E5E126D926D146C1E9F619E6FD1D
:1008D000D6FE9DBA7D7A755A757B755A6D7B6D5AB9
:1008E0006D3A6D5A6519757A755A859A7D7A7D7A51
:1008F0007D7A7D7A7D9B7D9B7D7A7D7A757A757A0E
:10090000757A757A757A759B757A759B7D9B7D9ADC
:100910007D9B7D9B757A6D3A651965195CF95CF96B
:100920005CD85CD94C784C784C994C784C784C9885
:100930004C984C784C98447844373C373C163C16DD
:100940003C1634163C3733F62BB52BB52BB5237438
:1009500023741B331B5413131B5423742B952374C0
:100960002374235423332353233323332333233355
:100970001B131AF21AF21AF21AF2231222F11AF1C6
:100980001AF112B10A900A900A7012900A7012902D
:10099000129012901290126F126F0A4F0A4F126F3C
:1009A0000A4F0A0E01AC014B014B014B014A014AAF
:1009B000014A014A014A014ADA29DA09E229DA2917
:1009C000DA29D9E8D9E8D9C8D9C7D9C8E209D9E814
:1009D000DA08D1C7D1E8D1C8DA09DA09D9E9E209D8
:1009E000E1E8D9A7D146D986D966D125D966D146BD
:1009F000D9A7D146D966D946D105D105D125D1256A
:100A0000D126D125D125D104D104D104D125D105B8
:100A1000D105D945D946D145E187D987D9A7D9A7E5
:100A2000E1E8D9C8E1A7D987E1A7D987D986D986CE
:100A3000D987D987D987E1A7E1A7D987D966D967A7
:100A4000D966D986D966D986E1A7E1A7D966E187B3
:100A5000D966E187D946D946E186E166E186E18734
:100A6000E1A7E1C7E1A7E1C7E1A7E1A7E1A7E1A706
:100A7000E1C7E1C7E1A7E1A7E1A7E1A8E187E18735
:100A8000E187E187D986D966E187E187E1A7E1A718
:100A9000E1A7D9A7E1C8E1A7D926D0E5D0E5D0E400
:100AA000D8E5D0E5D906D906D926C1C8F5D8E6DCFF
:100AB000D6FE9DBA857A755A757A755A6D5A6D7BD0
:100AC0006D5A6D3A6519755A757A7D9A7D7A7D7A77
:100AD0007D7A7D7A7D9B7D9A7D7A7D7A757A757A2D
:100AE000757A757A757A757A759B759B7D9B7D7A1B
:100AF0007D9A7D7A7D7A753A6D19651964F95CF98C
:100B00005CB854B84C9844784C98447844784C98E5
:100B10004C984478445744573C373C373416341685
:100B20003C363C363C3633F633F633D52BB52354BE
:100B300023331B131B541B54131323542394237468
:100B40002374237423742353235323331B331B3302
:100B50001B121B121B121B121B121B121AF11AF171
:100B600012D112D10A900A900A700A900A700A7083
:100B70001270129012900A6F0A4F0A4F0A4F0A6FB2
:100B80000A0E01CD018C014B016B014B014B014A57
:100B9000012A014A012A014ADA09DA29DA09DA299D
:100BA000DA29D9E8D9E8D9E8D9E8D9C8D9E8D9C83B
:100BB000D9E8D1C8D1C8D9E9DA09D9E8D9E8D9E85A
:100BC000D9C8D966D166D966D146D166D966D987E2
:100BD000D146D987D125D966D125D105D946D12687
:100BE000D946D926D105D925D105D105D925D9454B
:100BF000D945D946D986D966E1C8D987E1A7D9A709
:100C0000D9C8E1C8D9A7D9A7D966D9A7D987D9A7FB
:100C1000D9A7D987D987D987D987D966E187D967ED
:100C2000D986D986D966D966E187E9E8D966E9C85F
:100C3000D966E187D946D946E186D966E1A7E1A719
:100C4000E1A7E1A7E1A7E1C7E1A7E1C7E1A7E1C704
:100C5000E1C7E1A7E1A7E187E1A8E187E1A7E166B4
:100C6000D966E1A7E187E187E187E187E1A7E1A70D
:100C7000E1C8E1A7E1C8D966D946D0E5D0E5D0C43E
:100C8000D0E4D0E5D905D926D926C1A8E4F4EEDC14
:100C9000D6FEA61B857A757B757B6D5A6D5A6D5B8A
:100CA0006D5A653A65196D3A755A7D7A7D7A7D7A05
:100CB0007D7A7D7A7D9A7D9A7D7A757A757A757A54
:100CC000757A757A757A757A757A757A757A7D7AA4
:100CD0007D7A7D9B7D9B757A6D3A64F9651964F91F
:100CE00054B854D94C984C784C9844784C984C98BB
:100CF0004C984437445744373C373416341633F64F
:100D000034163C363C3633F633D62BB52B7423746D
:100D100023541B331B341B341B131B3323542374E6
:100D200023742374237423532353235323532333D0
:100D30001B331B1223121AF21AF11AF123121AF2A0
:100D400012D112B112B10A900A7012700A701270A8
:100D500012700A7012900A4F126F0A4F0A6F124FE8
:100D60000A0E01CD018C016B016B014A012A014A77
:100D7000014A012A012A094AD1E8E229DA29E24A8C
:100D8000DA09D9E8D9E9D9E9E209D1A7D9E8D9E856
:100D9000D9E8D9E8D9E8D9E8D9E8DA09D9C8D9C869
:100DA000D9C8D166D146D946D987D146D946D94680
:100DB000D966D987D125D946D126D126D966D94633
:100DC000D125D946D105D105D105D105D105D125EA
:100DD000D966E1C8D986D9A7E1A7D9A7E1C8E1C8F2
:100DE000D9A7D9A7D9A7E1A7D987D986E1C8D9A713
:100DF000D987E1A7D987D987D987E187D966D986E5
:100E0000D966D966D966E187D966E187D966D946B8
:100E1000D946D946E166E166E186D966E187E1A770
:100E2000E1A7E1A7E1C7E1A7E1A7E1A7E1C7E1A742
:100E3000E1C8E1C8E1A7E1A7E1A7E1A7E187E18770
:100E4000D986E186E187D987D986E1A7E1C7E1C7DD
:100E5000D967E1A7D967D966D966D0E5D8E5D0E4E6
:100E6000D8E5D8E5D8E5D905D906C188D452EEBC75
:100E7000DEFEA5FB7D7A755A757B6D5A6D5A6D7BCA
:100E80006D5A651A6D5A6D5A755A7D7A7D7A7D9ABA
:100E90007D7A7D9B7D9B7D7A7D7A755A755A757BAF
:100EA000757A757A757B757B757A757A7D9B7D7B96
:100EB0007D9B7D9B7D7A7D9B757A6D19651964F9A3
:100EC00054B854B94C984C984C9944784C784C99F7
:100ED0004C793C373C173C373C1733F633F633F646
:100EE00034163C163C173C1633D62BB52B94237482
:100EF00023541B131B331B131B331B331B53235450
:100F0000237423742B742354235323331B331B1355
:100F10001B121B1223121AF21AF21AF2231222F2D5
:100F20001AF212B112910A500A7012700A701270FD
:100F3000127012701290126F124F124F0A4F124F0E
:100F40000A0E01CD09AC016B014B014A014B014A6C
:100F5000014A014A012A012ADA09E229E229E24A80
:100F6000DA09DA09DA09DA09D9E8D9E8D9E8D9E8F1
:100F7000D9E8D9C8D9C8DA09D9E8DA09D1A8D9C8CD
:100F8000E209D9C8D987D166E1C8D146D146D94648
:100F9000D966D966D126D146D966D125D946D1257B
:100FA000D125D966D105D145D125D946D966E1C724
:100FB000D987E1C8D986E1E8E1C8D987E1C8D9A7CE
:100FC000E9E9D9A7E1A7D987D9A7D987E1C8E1C7B6
:100FD000D987D9A7E1C7E1A7E1A7D987E187E18749
:100FE000E166E166E1A7D966D946D966D966E187A7
:100FF000D926E166E186E187E9A7E187E1A7E1A7D4
:10100000E1A7E1A7E1A7E1C7E187E187E1C7E1C780
:10101000E1A7E187E1A7E187E1A7E1A7E187E18710
:10102000E186E187D986E187E1A7E1C7E1C7D96613
:10103000E1A7D966D987D966E167D0E5D905D8E5B2
:10104000D0C5D8E5D8E5D905D106C9A8DC93EEBC52
:10105000DEFDA5FA857A757B755A6D5A6D5A6D7BE2
:101060006D5A6D3A755A6D3A75397D7A7D7A7D7A09
:101070007D7A7D7A7D9A7D9A7D7A755A755A755AF0
:10108000757A759B757A757B759B757A757A757AA5
:101090007D7A7D9B7D9A7D9B7D7A757A6D19651928
:1010A0005CD854B84C784C984C9844784C784C990F
:1010B0004C7833F634163C3733F633D62BD633D64A
:1010C00033D633F63C1633F633D52B952B95235474
:1010D00023331B331B331B341B541B332333235445
:1010E00023742B942B9423542354235323331B1204
:1010F0001B121B121B121B121AF2231223121AF2BA
:101100001AD112B112900A700A5012700A7012703D
:1011100012700A6F126F126F0A4F124F124F124F56
:1011200009EE01CD09CD014A014A012A014A012AED
:10113000012A012A012A012AD9E8DA08E209DA0992
:10114000D9E8D9E8E209E208D9C7E1E8D9A7D9C7BF
:10115000D9C7E1E8D9C8D9E8D9C8D1A7D9C8D9C869
:10116000E209D9C8E208E1E8D987D987D166D14632
:10117000D986D166D966D146D946D125D966D14618
:10118000D9A7D987D987EA09D966E1A7E1C7D9A73D
:10119000D987D987D987E1A7E1A7D9A7E1A7D9A797
:1011A000D987D987D987E1A7D987D987E1C8E1A7A6
:1011B000D987E1A7E1A7E1C8E1A7E1A7E187D9665F
:1011C000E187D986D966D946D946D966E166E1660E
:1011D000E187E166E9A7E187E1A7E1A7E1C7E9C700
:1011E000E1A7E1A7E1C7E1A7E1A7E1A7E1A7E9C777
:1011F000E1A7E187E187E187E1A7D986D986D9868A
:10120000D986E187D966E1A7E187E1A7E1C8E1E8EE
:10121000EA08D966D166D987D967D0E5D905D90555
:10122000D0E5D0E5D905D905D106C9E9DC93EEBCF6
:10123000DEFDAE1B7D7A757B6D5A6D5A6D5A6D5B06
:101240006D5B6D3A6D5A755A75597D7A7D7A7D7AE6
:101250007D7A757A7D9A7D7A7D7B757A755A755A15
:10126000757B757B757A757A757A757A757A757A04
:101270007D7A7D7A7D9A7D9A7D7A7DBB757A6519B6
:101280005CD854B84C9844784C984C984C984CB9CD
:101290004C983C163C17341633F633F633F633D6F7
:1012A00033F63C163C173C162BD52BB52B95235407
:1012B0001B341B131B331B3323541B331B3323746B
:1012C0002B7423742B9423532333233323331B1284
:1012D0001AF21B12231223121B121AF223121AF2F1
:1012E0001AD212B10A700A6F0A4F12700A6F0A6F8F
:1012F000126F126F0A6F126F0A6F0A4F0A4F0A2E8F
:1013000009EE01AD09AC016B014A014A014A014AEB
:10131000012A014A014A014AD9E8E209D9C8D9C8D3
:10132000D9E8D9E8D9C8D9E8E1E8D9C7D9C7D9A750
:10133000D9C7D9A7D9C8D9C8D9E8D9C8D9C8D9E887
:10134000D9E9D9C8D9C7D9C7D9C7E1E8D9C8D9A770
:10135000D9C8D9C7D9A7D987E1A7E1A7E1C8E1A72B
:10136000E1E8E1C8D9A7D9C7D986E1A7D9A7D98724
:10137000D987D9A7E1A7E1C8D987E1C8E1A7D9668C
:10138000E1A7D987D986E1A7D987D987E1A7D9A7C6
:10139000D9A7D9A7D987E1A7E187D967D966D9663F
:1013A000D966E187E187D966E187D966E187E18778
:1013B000E9C8E1A7E186E187E1C7E1A7E1C7E1C7A5
:1013C000E1C7E1A7E1C8E187E1A7E1A7E1C7E1A79C
:1013D000E187E1A7D966E1A7D986E1A7E1A7E1877F
:1013E000E187E187E1A7D986E187E1A7E1C8E1E8E4
:1013F000D9A7D966D966D987D967D126D105D905A4
:10140000D0E5D0E5D905D105D126C1E9ED36EEBC50
:10141000DEFDB65C857A757B6D5A6D5A6D5B6D5AD3
:101420006D5B6D5A6D5A753A755A7D7A7D7A7D7A03
:101430007D7A7D7A7D9B7D7A7D7A757A755A755A2B
:10144000755A757B757A757A757A757A757A757A43
:101450007D7A7D7A7D7A7D9A7D9A7D9B7D9B755A7A
:101460005CF954B8447844784C984C984C9854D9CA
:101470004C9833F63C373C3733F633F633F633D5F6
:1014800033F63C163C3733F62BD52BB52B9523740E
:1014900023541B331B131B331B331B331B332353AB
:1014A0002B9423742B74235423331B331B121B12D2
:1014B0001B12233223121B121AF11AF11B121B12D8
:1014C0001AD212B10A700A6F0A6F12700A6F0A6F8D
:1014D0000A6F0A6F126F126F0A4F124F0A2E0A0E0E
:1014E00001CD01CD09CC014A012A014A014A014A34
:1014F000014A014A014A012AD9C8D9E8D9E8D9E8FC
:10150000D9E8E209D9E8E209E1E8D9E8D9C7D9C8B8
:10151000E1E8E1C8D9A7E1E9D9C8D9C8D9C8D9C88B
:10152000DA08D9C8D9C7D9C7D9C8D9C8D9C8E1C86C
:10153000D9C8E209D9C8D9A7D9A7E1A8E1C8D9A7CC
:10154000E1C8E1E8D9A7E1E8E1A7D9A7E1C8E1C886
:10155000E1A7E1A7E1A7E1C7D9A7E1C7E1A7E18733
:10156000E1A7E1A7E186E1A7E187E187E187D96605
:10157000E187E1A7E187D967D966D966E187D967AD
:10158000E187E187E1A7E187E187E187E187E1A7DB
:10159000E1A7E1A7E1A7E1A7E1A7E187E1C8E1C8E9
:1015A000E1C8E1A7E1C8E1A7E1A7E1A7E1C7E1A799
:1015B000E1A7E187E187D967E1A7E187E187E187D3
:1015C000E187E187D986E1A7D987E1A7E1C8E9E802
:1015D000D966D946D966D967D966D946D925D105FC
:1015E000D105D905D105D146D187C22AED77E6DCF0
:1015F000DEFDAE3B859A757B755B6D5A6D5A6D5BF2
:10160000755A755B755A755A755A7D5A7D5A7D5A49
:101610007D7A757A7D9B7D7A7D9A757A757A755A11
:10162000757B755A757A757B757A757A757A757A60
:10163000757A7D7A7D9A7D9A7D9A7D9B7DBB7D9B17
:1016400064F95CB84C784C784C784C984C9854D9E8
:101650004C983C373C37341733F633D633F62BD51A
:1016600033F63C173BF63BF633D52BB52BB52B7435
:1016700023541B1323331B131B131B331B33235400
:10168000235423542354233323331B1223121B12BA
:101690002312231223121AF21AF11AF11AF11AF173
:1016A00012B112900A700A6F0A6F126F0A6F0A6FF6
:1016B000126F124F0A6F128F124F0A4F0A2E0A0E24
:1016C00009CE01CD09CD016B012A014A014A014A27
:1016D000012A012A014A012AD9E8DA08E209D9E8EF
:1016E000D9E8D9E8D9E8E1E9E1E8D9C7D9A7D9C764
:1016F000D9A7D9A7D9C8D9C8D9A7D9C8D9C8D9C845
:10170000D9C8D9E8D9E8D9C7D9C8D9C8E1E8D9C86A
:10171000D9C8D9C8D187D9A7D9C8D9A7D9A7D9A78E
:10172000E1A7D9A7D9A7E1C7E1C8D987E1C8D9A757
:10173000E1A7D9A7E1C7E1A7E1A7E1A7E187E18791
:10174000E187E1A7D986E187E187E187E187E18742
:10175000E1A7E1A7D967E187E187E187E187E18731
:10176000E1A7E1A7E1A7E1A7E1A7E1A7E1A7D98662
:10177000E1A7E1C8D987E1A7E1A7E1A7E1A7E1C80F
:10178000E1A7E1C8E1A7E1A7E1C8E1A7E1C7E1A7B7
:10179000D987E1A7E187D967D967D987E187E18749
:1017A000E1A7E187E187E1A7D987E1C8E1C8E1A81E
:1017B000D966D966D987D967D967D946D105D925D8
:1017C000D0E5D105D125D166DA09CA8BEDD8E6DCA2
:1017D000DEFDB65C857A7D7B757B755B6D3A6D3A17
:1017E000755A757B755A75396D3975597D597D599D
:1017F0007D7A7D7A7D7A757A7D7A757A755A755A91
:10180000755A755A757B757A757A757A757A757A9F
:10181000757A7D9A7D9A7D9A7D9A7D9A7D9A7D9B37
:1018200065195CB84C984C784C984C984C9854D9A5
:101830004C983C1734163417341633D62BD62BB5A8
:1018400033D633F63BF63C1633D633D52B9423747C
:101850002B7423131B331B131B341B341B332333F5
:101860002333233323332313233323331B121B123A
:101870002332231223121AF21AF123121AD11AB1A7
:1018800012B10A900A6F0A6F126F0A6F0A4F126F35
:101890000A6F124F0A6F126F124F0A4F0A2E0A0E6A
:1018A00001CD01CD09CD098C012A014A014A014A25
:1018B000012A012A014A012AD9E8D9E8E208D9C84F
:1018C000D9E8D9E8D9E8D9C8E208D1A7D9E8D9E850
:1018D000D9C8D9C8D9E8E209D9A7E1E8D9C8E1E966
:1018E000D9E8D9A7D9C8D9C8D9C8D9C8E1E8D9C7CA
:1018F000D9A7D9C8D9A7D9A7D9A7D9C7E1C8D9879E
:10190000D987E1C7E1C7E1C8E1E8E1A7E1C8D98724
:10191000D987D987D9A7E1A7D9A6D986D986D98663
:10192000E187E1A7E1A7E1A7E9C7E187E1A7E1A78F
:10193000E187E187E187E1A7E1A7D987E187E1A70F
:10194000E1A7E187E1A7E187E187E187E1A7E1A7D7
:10195000E1C7E1C7E1A7E1A7E1C8E1C8E1C7E1C884
:10196000E1C7E1C8D9A7E1A7E1A7E1A7E1A7E1871E
:10197000E1A7D987E187E187E187D986E187E1A7F8
:10198000E1A7E187E1A7E187E1A7E1A7E1C8D9667F
:10199000D946D966D987D967D966D946D105D90537
:1019A000D105D105D126D166DA29C2ABF65ADEDCE3
:1019B000DEFDBE9D857A7D7B755A755A6D3A6D3A0E
:1019C0006D3A757B755A75597539755A7D7A7D7A78
:1019D000757A757A7D7B757A7D7B755A755A755ADD
:1019E000755A755A757B755A755A755A757B757A1D
:1019F000757A759A757A7D9A7D7A7D9A7D9B7D9BA5
:101A000065195CD954D94C984C984C984C9854987A
:101A10004C9833F633F6341634162BD633D62B9532
:101A20002BD533D634163BF633D52B942B94237415
:101A300023541B131B331B331B131B131B33233365
:101A400023332333233323331B1223321B32233319
:101A50001B121B121B121B121AF21AD112B112B155
:101A600012B10A900A6F0A4F126F0A6F0A6F0A6F5B
:101A7000126F0A6F124F124F0A6F0A4E0A2E0A0E89
:101A800001CD01CD09CD016B014A014A012A014A6C
:101A9000014A0129012A0129E209D9E8DA08D9E82D
:101AA000DA08E209E209D9C8E208D9C8D9C8D9C810
:101AB000D9E8D9C8D1A7D9E8D9A7D9C8D9A8D9C848
:101AC000D9A7D9A7D1A7D9C8D9C8D9C8D9C7D9A79B
:101AD000D9C7D9C7D9A7D9A7E1E8D9C7E1C8D9C813
:101AE000D9A7D987D9A7E1A7D9A7E1C8E1C7D9A7BD
:101AF000E1A7D9A7E1A7D9A7E1A7E186E186E1A7F8
:101B0000E187E1A7E1A7E1A7D966E186E1C8E1A7FE
:101B1000E1A7D986E1A7E1A7E1A7E1C7E1C8E1A76D
:101B2000E1A7E1A7E1A7E1C8E1A7E1A7E1A7E1C734
:101B3000E1E8E9E8D9A7E1C8E1C7D9A7E1C8E1E848
:101B4000E1C8E1C8E1C7E1A7E1A7E1A7E1A7E1A7F3
:101B5000E1A7E1A7E187E187E1A7E186E1A7E1C786
:101B6000D986E1A7D987E1A7E1A7E1A7E1A7D966CF
:101B7000D966D967D967D967D946D945D905D9254D
:101B8000D905D125D146D1A8EAEDCB4EF67ADEFCB7
:101B9000D6FDB63B857A7D7A755A755A6D3A6D3A9F
:101BA0006D3A755A757A755A757A75597D7A7D7957
:101BB000755A757A757A7D7B7D7B755A755A755A1B
:101BC000755A755A757B757B755A755A757B757A1A
:101BD000757A757A757A7D9A7D7A7D9A7D9B755A2C
:101BE0006D195CD854B84CB84C984C984C984C77BC
:101BF00054B933F633D633F633F633F633D52BB543
:101C00002BB52BB534163C1633F62BB52B74237439
:101C1000235423331B131B331B131B331B3323335B
:101C20002333233323332313231223322333231267
:101C300023331B12231223121AF212B012B112B163
:101C400012900A900A6F0A4F0A6F0A6F0A6F0A6FA2
:101C50000A6F126F124F126F126F0A4E0A2E0A0E7F
:101C600001CD01CD09CD098B014A014A014A014A42
:101C7000014A0129014A0129D9E8D9E9D9E8D9E875
:101C8000D9C8E209D9E8D9C8D9C8D9C8D9C8D9C8E2
:101C9000E209E209D9C8D9C8D9A8D9C8D9A8D9C8E8
:101CA000D187D987D9C8D9A8D9C8D9E8D9A7D9C7D8
:101CB000D9A7D9A7D9A7D9C8E1E8D9A7E1C8D9A791
:101CC000E1C8D987D9A7D9A7E1C7E1A7E1A7D9A7D3
:101CD000E187E187E1C7E1A7E1A7E1A7E186E18725
:101CE000E1A7E1A7D9A7E1C7E9C7E1C7E1C7D9875C
:101CF000E1A7E1A8E1A7E1A7D987E1A7E1A7E1E88A
:101D0000E1A7E1C8E1C8E1A7E1C8E1A7D9A7E1C817
:101D1000E1C8E9E8D987E1C8D9A7E1E8E1C7E1A7C7
:101D2000E1A7D986E1A8E187E187E187E1C7E1C7BB
:101D3000D986E1A7E186E187E1A7E1A7E1A7E1A7CD
:101D4000D966E187D987E1A7D987E1A7D987D9667D
:101D5000D966D966D967D966D946D105D105D105E5
:101D6000D925D966C987EAEDD2CCD3F0F6BBDEFC23
:101D7000D71DAE3B859A7D7B755A755A6D1A653AAB
:101D80006D3A755B757A755A755A755A7D5A7D7AB2
:101D90007D7A7D7B757A7D7A757A755A755A755A12
:101DA000755A757A757A757A6D5A6D5A757A757B2A
:101DB000755A757A757A7D7A7D9A7D7A7D9B753AAA
:101DC0006D195CF954B94C784C984C984C774C7719
:101DD0004C783BF633D633F633D633D62BB52BB50A
:101DE00023942BB533F63C163C1633D52B942B7429
:101DF00023331B131B331B331B3323331B3323337B
:101E00002333235323332312231223332333231265
:101E10001B121B121AF222F21AD112B112B112B114
:101E20000A900A900A900A700A6F0A6F0A6F0A6F86
:101E3000126F1A900A6F124F126F0A2E0A0E0A0EB4
:101E400009ED01CD09CD018B014A014A014A014A40
:101E50000149014901290149D9E8DA09DA08DA0812
:101E6000E209D9E8D9E8D9E8D9E8D187D9C8D9C8E9
:101E7000E209D9C8D1A7D9C8D9C8D9C8D9C8D9C839
:101E8000D9A7D9A8D187D9A8D9C8D9C8D9C7D9E8D5
:101E9000D9A7D9C7D9C7D9A7D9C7D9C7E1C8D9A799
:101EA000D9A7D987E1A7D9A7E1C8D9A7D987E1A739
:101EB000D9A7D987E1A7E1C8D986D986E1A7E18763
:101EC000E187E1A7E1A7E9E8E1C7E1A7E1C7E1A769
:101ED000D9A7E1A7D987D987D987D987E1C7E1C829
:101EE000E1C7E1C8E1C7E1C8E1C8E1C8E1C7E1E88D
:101EF000E1C7E1C7D987E1C8E1C8E1A7E1A7D9A750
:101F0000E1A7E1A7E1A7E187E187E187E1A7E18711
:101F1000E187D966E186E186E1A7E1A7E1A7D98754
:101F2000E187E1A7E1A7E1A7E187D987D966D9666B
:101F3000D967D967D966D946D925D105D925D925F3
:101F4000D925C946C9C8F3CFD36EE514EEBBDEFC74
:101F5000CEFDA5DA857A755A755A757B6D3A6D3A5C
:101F60006D3A757B7D9B757A75597D5A7D597D5A81
:101F7000755A7D7A7D7A757A757A755A755A755A59
:101F8000753A757A757A757A755A757A757A757A39
:101F9000757A757A7D7A7D9A7D7A7D7A7D9B6D39A9
:101FA000651964F954B844784C984C784C784C983E
:101FB0004C783BF633D633F633D633D633D62BB5FF
:101FC00023942BB533F633F63C1633D52B94237478
:101FD00023541B121B331B331B131B332333233399
:101FE00023532353233323122312233323121AF2AE
:101FF00012B112B112B11AD11AF112D112B112905A
:1020000012900A900A900A700A6F0A4F0A6F0A6FBC
:10201000124F128F0A6F124F124F0A2F0A2E0A0EFA
:1020200009ED01CD09AC096B014A094A01290149B1
:102030000149012901290129D9C8D9E8D9E9DA08D2
:10204000D9E8DA08D9E8D9E8D9C8D9E8D9C8D9C8C7
:10205000E209D9C8D9A7D9A7D1A7E209D9E8D9E80F
:10206000D9E8D9A7D9C8D9C8D9A7D9A7D187D9A715
:10207000D9A7D9C7D987D9A7D9A7E1C8D9C7D9A717
:10208000D987D9A7D9A7D9A7D9A7D9A7D9A7D9A770
:10209000D9A7D9A7D9A7D9A7D986E1A7D966D986BB
:1020A000E1A7E1C8E1C7E1A7E1A7E1A7E1C7E1A78F
:1020B000E1A7D9A7D9A7E1C8E1A7E1C7E1E8E1C84D
:1020C000E1C7E1C8E1E8E1A7E1A7E1C8E1C8E1E8CB
:1020D000E1C7E1C7E1A7E1C8E1A7D9A7E1C7D9A74F
:1020E000E1A7E1C7E1A7E187E187E186E1A7D9861A
:1020F000E186D966E1A7E1A7E1A7D986E186E1A754
:10210000E1A7E1A7E1C7D9A7D987D987E187D9672F
:10211000D967E1A7D946D946D925D105D105D946F0
:10212000D926C946DA4AF3EFD3F0F618EEBBDEFC47
:10213000CEBD9DDA857A757A755A755B6D3A6D1AE2
:102140006D3A755A757B755A753975397D597D7A31
:10215000755A757A7D9B757A757A757A755A757A1E
:10216000755A757A757A757A6D5A755A755A757A7F
:10217000757A757A757A755A7D7A755A757A6D3968
:1021800064F954B854B84C984C984C784C784C78C6
:102190004C783BF633F633D62BD633D633D62BB525
:1021A00023942BB533D533F63C162B942B94237400
:1021B000235323331B131B331B331B331B33233397
:1021C0002333233323331B1223122312231212D15E
:1021D00012B1129012B112D11AF21AF112B012B059
:1021E0000A900A700A700A7012700A4F0A4F124F52
:1021F000124F1A90124F124F124F0A2E0A0E09ED6B
:1022000009ED09CD09AC096B014A094A094A01499E
:102210000149012901290129D9C8D9C8D9E9D9E831
:10222000DA08D9E8D9E8D9E8D9C8D9C8E229D1C8A3
:10223000D9E8D9E8D1A7D9C8D9C8D9E8D1A7D9C888
:10224000D1A7D1A7D9C8D187D9A7D9A7D1A7D9C78D
:10225000D186D9A7D987D9A7D9C7D9A7D987D9A7C7
:10226000D9A7D987D9C7D987D9A7D9A7D987D9A7AE
:10227000D987E1C8D9A7E1C8D9A7D9A7D987E1A744
:10228000E1C8E187D987D986E1A7D986D986D9A7B8
:10229000E1C7E1C7E1C8E1A7E1A7E1A7E1C7D9A785
:1022A000E9E8D9A7E1C8E187E1C8E1A7E1E8E1C829
:1022B000D9A7E1C7D9A7E1C8E1A7E1A7E1A7E1C78D
:1022C000E1A7D9A7E1A7D987E1A7D986D986D98679
:1022D000D986E1A7E187E187D986E186E186E187B2
:1022E000E1A7E1A7E1A7D9A7D987D987D966D96797
:1022F000D966D946D946D126D926D905D905D926B0
:10230000D105C946DA6AE3AED451F659EEDBDEFCFC
:10231000C6DD9DDA859A7D7B755A755A6D1A6D1AE0
:102320006D3A6D5A757B755A755975597559755A47
:10233000755A757A757A757A757A755A7559755AA6
:10234000755A755A757A755A6D5A6D5A6D39755A2E
:10235000755A757A757A757A7D7A757A7D7A755A35
:102360005CD854B854B84C984C984C78447844781D
:1023700044573C1633F62BD62BB633D63C172BB529
:102380002BB5239433D533D53C3733D52BB52374B4
:102390002B741B331B3323331B332353233323333C
:1023A0001B33233323331B121B1223121B121AF26B
:1023B00012B1129012B112B11AD11AF112D10A90BF
:1023C0000A900A90129012700A70126F124F0A4F00
:1023D000126F126F124F124F124F124F0A2E0A0E27
:1023E00009ED01CD09AC098B014A014A014A014AB4
:1023F0000149012901290129D187D9A8E209D9C8B0
:10240000E209D9C8D9E8D9E8D9C7D9C8D9E8D18665
:10241000D1A7D9C8D1A8D1A8D9C8D9E8D9C8D9C80D
:10242000D9A7D9A7D9A7D9A7D9A7D9C7D1A7D9A794
:10243000D187D9A7D987D987D9A7D187D9C7D9A70C
:10244000D986D987D987D9A7D987E1C7D987D98725
:10245000E1A7E1A7D9A7D9A7D9A7D9A7D9A7E1A764
:10246000E1A7E1A7D987D986D986E1A7D987E1C7AE
:10247000E1C8E1C8E1A7E1A7E1A7E1A7E1C7D9A7C2
:10248000E1E8E1C7D9A7D987E1A7E1A7E1C8E1A7BA
:10249000E1A7E1A7E187E187E1A7E1A7E1A7E1A73C
:1024A000E1A7E1A7D987D987D986E187E1A7D986AE
:1024B000D986D986E1A7E1A7D986E1A7E1A7E18777
:1024C000E186E1A7D987E1A7D966D966D967E16630
:1024D000D946D946D946D925D926D105D905D0E539
:1024E000D0E5D146DA29DB4DDCD3F69AE6DBDEFC1B
:1024F000CEDDA5FB857A7D7A755A6D5A6D3A6D3AB7
:102500006D3A6D3A755A755A755A75397539757AC5
:10251000755A757A757A757A757A757A755A755AA3
:10252000755A6D59755A755A6D396D5A755A755A6D
:10253000755A757A757A7D7A7D9A757A7D9B755A0A
:102540005CD854B854B854984C784C784C784C7843
:1025500044783C37341633D633D63C373C3733D601
:102560002BB52BB533B533D533F633B52B94237454
:102570002B952333233323331B131B1323331B3399
:102580002353233323331B13231323121B121AD277
:1025900012B1129112B112D11AD11AF112D10A90BC
:1025A0000A901290129012700A4F0A4F0A4F124F5F
:1025B000124F124F124F124F124F0A2F0A2E0A0EAD
:1025C00009ED01CD01AC098B014A014A012A014AFA
:1025D0000129012901290129D9A8D187D9C8D9E818
:1025E000D9E8D9C7D9E8D9C7D9E8DA08D9E8D9C725
:1025F000E208D1A7D9C8D9E9D9C8D9E8D9C8D9E852
:10260000D9E9D9C8D987D187D9C8D187D9A7D9A8B5
:10261000D166D9A7D186D987D9A7D9C7D9A7D9A72C
:10262000D9A7D9A7D987D987E1A7D9A7E1C7E1C792
:10263000D9A7E1A7E1E8E1C7D9A7E1C7D987D9A719
:10264000E1A7E1C8D9A7D987D987E1A7E1C8E1C83F
:10265000E1C8E1C8D987E1A7D987E1A7E1C7E1C708
:10266000E1C7D987E1A7D987E1A7E1A7E1A8E1A759
:10267000D987E1A7D986E1A7E1A7E186D987E187D4
:10268000E1A7D986E1A7E1A7D986D987D986E1A7AD
:10269000E187D987E187E187E187E187E186E18604
:1026A000E1A7E1A7D9A7D986D166D986D966E1661F
:1026B000D946D946D925D946D926D905D0E5D0C598
:1026C000D0C5D126D9E8DB4DE515EEBBE6DBD6FC5F
:1026D000CF1D9DDA857A7D9B755A6D3A6D3A6D3ABC
:1026E000651A6D3A755A755A755975397559755A0D
:1026F000755A757A757A7D9B755A755A757A757A99
:102700006D596D596D59757A6D596D59755A757A3E
:10271000757A755A757A7D7A7D7A7D7A7DBB6D3949
:102720005CB854D854B84CB84C984C784C78447831
:1027300044783C372BD62BD633F63C173C3733D670
:102740002BB52BB533D633D63BF633D52BB52B94DF
:102750002B941B3323331B331B331B121B331B33B1
:102760002333233323131AF2231323331AF212D100
:1027700012B11291129112D112D11AF112B00A9023
:102780000A900A700A6F0A6F126F0A4F0A4F0A4FB7
:10279000124F124F124F126F124F124E0A2E0A0E84
:1027A00009ED01CD01AC09AC016A014A014A014AB7
:1027B0000129012901290129D9A8D9A8D9C8D9E80D
:1027C000D9C7DA08D9C8D9C7D9C8D9E8D9E8D9E862
:1027D000D9E8D9C7D9C8D9C8D9C8D9E8D9C8D9C8B2
:1027E000D9C8D9A8D9C8D9A7D9A7D9A7D9A7D9A7A6
:1027F000D187D9A7D9A7D9A7D9C8D9A7D9A7D98700
:10280000D9A7D986D9A7D987D987D9A7D9A7D9A729
:10281000D9A7E1C8E1C8D9A7E1C7D9A7D9A7D9A73E
:10282000E1C8E1A7D9A7E1C8D9A7E1C7E1C7E1C8D5
:10283000E1C8E1C7D9A7E1C7E9E8E1C7E1C8E1A775
:10284000E1A7E1A7D986E1A7D987E1A7E187E187D9
:10285000D986E187D986E187E186D966D987D98784
:10286000E1A7D987E1A7E1A7D967D987D986E1A7E9
:10287000D986E1A7E1A7E187E1A7E187E187E187C1
:10288000E187E1A7D966D966D966E187D966D946D5
:10289000D946D926D925D946D925D905D0C4D0C5F8
:1028A000D0E5D105E1E8DB0CE535EEBBE6DBDEFC8F
:1028B000CEFDA5FB857A7D7A753A6D196D196D3A55
:1028C00065196D5A6D5A755A753975597539755A34
:1028D000755A757A757A7D7B755A755A757A757AD7
:1028E00075597559755A6D596D596D596D596D5A9E
:1028F000757A757A757A757A757A7D9A7D9A64F8A3
:1029000064F95CD954B854D94C984C984C784457D5
:1029100044783C1733D62BD62BD633F63C3733D6F8
:102920002BD52BB52BD533F633D633D52BB52B95ED
:102930002B941B331B331B331B331B131B332333CE
:10294000233323332333233323131B121AF21AF2B4
:1029500012B11291129112B112B112D112D10A9088
:102960000A900A900A6F0A6F126F124F124F124F9D
:10297000124F0A2E0A4F124F126F0A4E0A2E0A0EDB
:1029800009ED01CD09AC09AC016A016A01490129CF
:102990000129012901290129D9A8D9C8D9A7D9C74D
:1029A000D9E8D9E8D9C7D9C7D9E8D9E8E209D1A780
:1029B000E208D9C7D1A7D9E8D9C8D9C8D187D18762
:1029C000D987D9C8D187D9A7D9A7D9A7D9A7D9874E
:1029D000D186D187D987D166D9A7D187D166D9A722
:1029E000D166D987D987E1A7D9A7D9A7E1A7D98780
:1029F000D987D9A7E1A7D9A7D9A7D9A7D9A7D9A7EF
:102A0000D9A7D9A7D9A7D9A7D9A7D9A7E1C8E1C775
:102A1000E1C7E1A7E1A7E1C8E1E8E1E7E1A7D987DC
:102A2000D986E187E187E187D987E187E187E18777
:102A3000D966D966D966E187E187E187E187D987D9
:102A4000D986D987D967E1A7E187D966D987D98798
:102A5000E1A7E187D986D987E187E187D986E1A710
:102A6000D986D966D946D967D966D966D966E18645
:102A7000D946D926D925D925D105D0E5D0C4D0C489
:102A8000D0E5D105E1C8D28BE4F4F6BBE6DBDEFC91
:102A9000CEDD9DDA7D597D9B755A755A6D3A6D3A3A
:102AA0006D3A6D5A757A757A6D3975397539757AE9
:102AB000755A757A757A7D7B755A755A7559757A16
:102AC0007539755A755A6D596D596D596D5A755AD2
:102AD0006D59757A757A7D9A757A757A757A6519F0
:102AE0005CD85CD94CB844784C984C984C98445776
:102AF00044783C1733D62BD633D633F633F633D659
:102B00002BB52BD52BD5341633D533B52BB52BB5EB
:102B10002B741B331B331B131B331B121B331B3335
:102B20002333233323331B1223131B121AF21AF2FB
:102B300012B112D112B112911AD112B012B10A907F
:102B40000A700A70129012900A6F124F124F124FB1
:102B5000124F0A2F0A2E124F124F124E122E0A0E29
:102B60000A0D09CD09AC098B014A014A0149012925
:102B70000149012901290129D9A8D1A8D9C8D1879A
:102B8000D187D9A7D9A7D9C8D9C8D9C8E1E8D1A7C9
:102B9000D9C8D9E8D9C8E209D9C8E1E8D187D1872D
:102BA000D9A7D9A7D9C8D9C7D9A7D9A7D987D98724
:102BB000D9A7D987D9A7D166D187D146D186D98758
:102BC000D986D986D987D9A7D166D987D9A7D9A7D0
:102BD000D9A7E1C7E1A7D987D9A7E1A7D9A7E1A7D5
:102BE000E1C7E1A7D9A7E1A7E1C8D9A7E1A7E1A774
:102BF000E1A7D9A7E1A7E187E186D9A7E1A7E18706
:102C0000E187D967E187D966D986D986D966D98619
:102C1000D966E187D986E187E1A7D967E1A8D966B6
:102C2000E187D987D987D987D987D987D987E1E833
:102C3000D986E187E1A7D966D966D986E187D966C1
:102C4000D146D946D966D967D987D966D946D946F2
:102C5000D926D926D126D926D0E5D0E5D0C4D0E5CD
:102C6000D0E5D105D9A7D26AD431F69BE6BBD6DC34
:102C7000C6BC9DDA7D397D7A755A755A6D3A6D3AC2
:102C80006D3A6D5A757A757A753975397539755A1F
:102C9000755A755A755A7D9B755A755A755A755A73
:102CA000753A753A6D596D596D5A6D5A6D59755A17
:102CB0007559757A757A757A757A757A757A65192E
:102CC0005CD854D854B84C784C984C984C784457AD
:102CD00044583C3733F633F633F633D633F633D62F
:102CE00033D633D633D633F633F633F52BB52374D8
:102CF0002374233323331B331B331B131B131B334B
:102D00001B332333231223331B121AF21B121AF222
:102D100012D112D212B112911AB112B112B10A70BB
:102D20000A700A7012700A4F124F124F0A4F124F58
:102D3000124F124F124F124F124F122E0A0E0A0E3E
:102D40000A0E09CD09AC098B014A01490149014923
:102D50000129012901290129D1A8D187D9A8D9A7F9
:102D6000D167D166D9A7E1E8E1E8D9C8E1E8D9A7F8
:102D7000D9C7D1A7D9C8D9E9D9C8E1E9D9A8D9C84B
:102D8000D187D187D9A7D9C8D9A7D987D987D987D2
:102D9000D9A7D9C8D9A7D966D987D166D186D1860E
:102DA000D987D987D987D987D166D987D987E1A724
:102DB000D9A7E1C7D987D987E1A7D9A7E1C8D9A7FA
:102DC000D987D9A7E1C7D987D9A7D9A7E1A7E1A70B
:102DD000E1A7E1A7E187E1A7E186E186D986E1A73E
:102DE000D987D966D986D966D986E187E187D98618
:102DF000E187D986E187E187E1A7E187E187D966A5
:102E0000D967D987D987D987E1A7D9A7EA08E1C8BF
:102E1000D987E187D986D986D987D987D966D986CE
:102E2000D966D987D966D966D987D987D966D92687
:102E3000D946D926D926D946D105D905D0E5D0E538
:102E4000D0E5D925E1A7DA49C34EFE7AE6BBD6FD27
:102E5000AE1B9DFB7539755A7539755A6D3A6D3AC9
:102E60006D3A6D5A6D5A755A6D3975397539755A8D
:102E7000755A755A757A757A755A755A755A75599B
:102E80007539755A6D596D596D396D5A7559755A2F
:102E90007559757A757A757A755A757A65195CD827
:102EA0005CD85CD854B84C984C984C984C784457A3
:102EB0003C57341733F62BD633F633F633D633D6A6
:102EC0002BB52BD52BB533F63C1633D52BB52B9420
:102ED0002B7423331B331B331B331B131B13233361
:102EE000233323332312233323131B121AF21B120F
:102EF00012D112B11AD212B112D112B10A900A70C3
:102F000012900A700A501270126F124F124F124F25
:102F1000124F126F124F124F122E122E0A2F122F13
:102F20000A0E09CD09AC09AC016A01490149012920
:102F30000129012901290129D9C8D1A8D1A8D1A7DE
:102F4000D9C8D187D1A7D9C8D9E8D9E8D9E8D9A7AC
:102F5000D9C7D9C7D9A7D9C8D9A8E1E9D9A7D9A7C5
:102F6000D9A7D187D187D9A7D987D967D987D98751
:102F7000E1E8D987D9A7D966D186D186D166D1664D
:102F8000D186D166D166D166D986D166D986D987F0
:102F9000D987D9A7D986D987D987D9A7D9A7D9A7B2
:102FA000D9A7D9A7E1C8D987D987D987E1A7D98770
:102FB000D986E1A7E1A7E1A7E187E1A7E1A7D98742
:102FC000D987D987D987D986E187D987D986D986FC
:102FD000D986D967E187E187E187E187D986E187EB
:102FE000D987D966D987D987D987D9A7E1C8D9A779
:102FF000D986D966D966D967D986D966D966D96698
:10300000D166D986D966D986D987D987D986D14557
:10301000D946D946D946D125D105D105D0E5D0E547
:10302000D0E4D105E186D1E8BAABFE7AEEBBDF1D74
:10303000B67C8D9A7539755A755A753A6D3A6D3AEE
:103040006D3A6D3A755A6D5A6D5975397539755AAB
:10305000757A755A755A757A755A7559755A7559BA
:1030600075397539753975596D5A6D39753975599F
:10307000755A755A757A757A757A6D395CD85CD8D7
:103080005CD85CD954D8549854B84C984457445799
:103090003C3733F633F633F633F633F633F62BD6C6
:1030A0002BB52BB52BB533F63C1633F62BB52B745D
:1030B0002374235423331B3323541B131B131B333D
:1030C0002333233323331B121B121AF21AF21AF280
:1030D000231212D11AD11AD212B112B10A6F0A6F89
:1030E0000A700A5012901290126F0A4F0A6F124F14
:1030F000124F124F0A0E0A0E0A2E124F0A2E0A0EF5
:1031000009ED09CD09AC09AC014A012901290129C0
:103110000129012901290129D1C8D9E8D187D9C8B4
:10312000D9E9D1A7D9E8D1A7E1E8D9C8E208D9A758
:10313000D9C7D9C8D187D9C8D9A8D9C8D1A7D9C81A
:10314000D9C8D9C8D9C8D187D987D967D987D987E4
:10315000D166D166D987D166D9A7D166D187D16624
:10316000D9A7D166D166D166D166D986D986D986E6
:10317000D9A7D986D987D9A7D9A7D987E1C8D186B0
:10318000D9A7D9A7D9A7D9A7D987E1A7E1A7D9A74F
:10319000D987E187E1A7E1A7D987D987E1A7D987AF
:1031A000D987D9A6E186D986D986D987D986E187F4
:1031B000D987D987D987E187E187D966D986D98622
:1031C000D987D966D987D987D987E1A7D986D9661A
:1031D000D946D967D987D966D966D986D966D966D5
:1031E000D966D986D966E187D9A7D987E187D1463B
:1031F000D966D946D925D125D925D0E5D0E5D0E560
:10320000D0E5D105E166C9A7B209FDD8EEBBD6FD70
:103210009DDA857A7539755A7539753A6D3A6D3A10
:103220006D3A6D3A755A6D5A6D596D397539755AD1
:10323000755A755A755A755A755A755A755A755917
:1032400075397559755A75396D5A6D397539757A7B
:10325000755A757A755A755A757A6D395CD85CD815
:103260005CD95CD954D854984C774C78445744373F
:103270003C3733F633F633F633F633F633F62BD5E5
:103280002BD52BD52BB533F633F52BB52BB52B74AE
:103290002354235323541B331B331B131B1323337C
:1032A0002333233323331B121B121AF21AF21AF29E
:1032B00023121AF21AD11AD212B112D112900A6F35
:1032C0000A4F0A4F127012900A6F0A4F126F126F54
:1032D000126F124F0A0E0A0E122E122E0A0E09EE4D
:1032E00009ED09CD09AC09AC014A012901290129DF
:1032F0000129012901290129D1C8D1C8D9C8D1A8DA
:10330000D9C8D187D9C8D9C9D9A8D9C8E1C8D1875E
:10331000D9A8D9C8D9C8D9C8D9A8D9C8D9C8D9C8E5
:10332000D9C8D9E8D187D9C8D967D986D987D9A7C3
:10333000D987D967D987D987D987D966D986D967EF
:10334000D987D987D166D146D166D166D987D96761
:10335000D9C7D987D987D987D987D987E1A7D98705
:10336000D9A7D9A7D9A7D9A7D9A7D9A7E1C8D98754
:10337000E187E187E1A7E187D986E1A7D9A7D9A7A6
:10338000D986E1A7D986E187E1A7D966E1A7D96601
:10339000E166D966E166E187D966E187D986E1A76A
:1033A000E1A7D9A7E1A7E1A7E1A7D966E1A7D96776
:1033B000D967D987D9A7E1C8D946D946D966D96688
:1033C000D966D966D987D967D987D966D946D94602
:1033D000D966D966D125D926D925D105D0E5D0E53C
:1033E000D0E5D926E166D167B9C9DC32F69BD6FDB6
:1033F00095997D397539755A753A753A753A6D3AB8
:103400006D5A6D3A755A6D5A755A6D39753A753AE5
:10341000755A755A755A755A755A755A755A753955
:10342000755A755A6D596D396D396D397539755AC9
:103430007559755A757A755A755A757A64F95CD9E1
:103440005CD95CF954D854984C774C78445744373D
:103450003C373C1733F633F633F633D633D633B630
:103460002BB533B533D633D533F62BB52BB42B94DC
:10347000235423532354233323331AF22333233384
:10348000233323332313231323131B121AF223137F
:1034900023131AF21AD21AD112D11AD112900A6F2A
:1034A0000A6F12900A70129012700A4F124F124F48
:1034B000124F0A2E01ED01ED0A0E122E0A0E09EE30
:1034C00009ED09ED09AC09AC096A012A01290109D4
:1034D0000109012901290129494F20696D70756C85
:1034E000736500000835010800000020100000008E
:1034F000DC2800081835010810000020C80600006C
:10350000EC2800080000000010000000010000008E
:083510000024F400000000009B
:04000005080001D915
:00000001FF
